<?xml version="1.0" encoding="UTF-8"?>
<!--
*************************************************************************
* The contents of this file are subject to the Openbravo  Public  License
* Version  1.1  (the  "License"),  being   the  Mozilla   Public  License
* Version 1.1  with a permitted attribution clause; you may not  use this
* file except in compliance with the License. You  may  obtain  a copy of
* the License at http://www.openbravo.com/legal/license.html 
* Software distributed under the License  is  distributed  on  an "AS IS"
* basis, WITHOUT WARRANTY OF ANY KIND, either express or implied. See the
* License for the specific  language  governing  rights  and  limitations
* under the License. 
* The Original Code is Openbravo ERP. 
* The Initial Developer of the Original Code is Openbravo SLU 
* All portions are Copyright (C) 2001-2006 Openbravo SLU 
* All Rights Reserved. 
* Contributor(s):  ______________________________________.
************************************************************************
-->
<REPORT>
  <template file="ReportPricelist.fo"/>
  <structure name="structure1">
    <FIELD id="fieldValid" replaceCharacters="fo">valid</FIELD>
    <FIELD id="fieldVersionName" replaceCharacters="fo">versionName</FIELD>
    <FIELD id="fieldCategoryName" replaceCharacters="fo">categoryName</FIELD>
    <FIELD id="fieldProductName" replaceCharacters="fo">productName</FIELD>
    <FIELD id="fieldUomname" replaceCharacters="fo">uomname</FIELD>
    <FIELD id="fieldPricestd" format="priceInform">pricestd</FIELD>
	<SECTION id="sectionVersion" field="versionName"/>
    <SECTION id="sectionCategory" field="categoryName"/>
    <SECTION id="sectionDetail"/>
  </structure>
  <DISCARD id="discard"/>
</REPORT>
