<?xml version="1.0" encoding="UTF-8"?>
<data>
<!--F9ED8CAE54534AC4AB49B3F52C5243DD--><AD_CALLOUT>
<!--F9ED8CAE54534AC4AB49B3F52C5243DD-->  <AD_CALLOUT_ID><![CDATA[F9ED8CAE54534AC4AB49B3F52C5243DD]]></AD_CALLOUT_ID>
<!--F9ED8CAE54534AC4AB49B3F52C5243DD-->  <AD_CLIENT_ID><![CDATA[0]]></AD_CLIENT_ID>
<!--F9ED8CAE54534AC4AB49B3F52C5243DD-->  <AD_ORG_ID><![CDATA[0]]></AD_ORG_ID>
<!--F9ED8CAE54534AC4AB49B3F52C5243DD-->  <ISACTIVE><![CDATA[Y]]></ISACTIVE>
<!--F9ED8CAE54534AC4AB49B3F52C5243DD-->  <NAME><![CDATA[Work Order Asset Callout]]></NAME>
<!--F9ED8CAE54534AC4AB49B3F52C5243DD-->  <DESCRIPTION><![CDATA[field old location dan old cost center langsung diiisi otomatis ketika create new. jika old location dan/atau old cost center sudah ada isinya, maka field itu tidak akan di-update.]]></DESCRIPTION>
<!--F9ED8CAE54534AC4AB49B3F52C5243DD-->  <AD_MODULE_ID><![CDATA[5C40CF085DCA477AB9DA89559237F7EB]]></AD_MODULE_ID>
<!--F9ED8CAE54534AC4AB49B3F52C5243DD--></AD_CALLOUT>

</data>
