<?xml version="1.0" encoding="UTF-8"?>
<data>
<!--010AFF2629614DE69E35164B0713FE0E--><AD_ELEMENT>
<!--010AFF2629614DE69E35164B0713FE0E-->  <AD_ELEMENT_ID><![CDATA[010AFF2629614DE69E35164B0713FE0E]]></AD_ELEMENT_ID>
<!--010AFF2629614DE69E35164B0713FE0E-->  <AD_CLIENT_ID><![CDATA[0]]></AD_CLIENT_ID>
<!--010AFF2629614DE69E35164B0713FE0E-->  <AD_ORG_ID><![CDATA[0]]></AD_ORG_ID>
<!--010AFF2629614DE69E35164B0713FE0E-->  <ISACTIVE><![CDATA[Y]]></ISACTIVE>
<!--010AFF2629614DE69E35164B0713FE0E-->  <COLUMNNAME><![CDATA[EM_Cam_Isassetup]]></COLUMNNAME>
<!--010AFF2629614DE69E35164B0713FE0E-->  <NAME><![CDATA[Is Asset Up?]]></NAME>
<!--010AFF2629614DE69E35164B0713FE0E-->  <PRINTNAME><![CDATA[Is Asset Up?]]></PRINTNAME>
<!--010AFF2629614DE69E35164B0713FE0E-->  <AD_MODULE_ID><![CDATA[5C40CF085DCA477AB9DA89559237F7EB]]></AD_MODULE_ID>
<!--010AFF2629614DE69E35164B0713FE0E-->  <ISGLOSSARY><![CDATA[N]]></ISGLOSSARY>
<!--010AFF2629614DE69E35164B0713FE0E--></AD_ELEMENT>

<!--025A5A952A6D4593BDF8BE4894389A40--><AD_ELEMENT>
<!--025A5A952A6D4593BDF8BE4894389A40-->  <AD_ELEMENT_ID><![CDATA[025A5A952A6D4593BDF8BE4894389A40]]></AD_ELEMENT_ID>
<!--025A5A952A6D4593BDF8BE4894389A40-->  <AD_CLIENT_ID><![CDATA[0]]></AD_CLIENT_ID>
<!--025A5A952A6D4593BDF8BE4894389A40-->  <AD_ORG_ID><![CDATA[0]]></AD_ORG_ID>
<!--025A5A952A6D4593BDF8BE4894389A40-->  <ISACTIVE><![CDATA[Y]]></ISACTIVE>
<!--025A5A952A6D4593BDF8BE4894389A40-->  <COLUMNNAME><![CDATA[EM_Cam_Lifetodate]]></COLUMNNAME>
<!--025A5A952A6D4593BDF8BE4894389A40-->  <NAME><![CDATA[Life to Date]]></NAME>
<!--025A5A952A6D4593BDF8BE4894389A40-->  <PRINTNAME><![CDATA[Life to Date]]></PRINTNAME>
<!--025A5A952A6D4593BDF8BE4894389A40-->  <AD_MODULE_ID><![CDATA[5C40CF085DCA477AB9DA89559237F7EB]]></AD_MODULE_ID>
<!--025A5A952A6D4593BDF8BE4894389A40-->  <ISGLOSSARY><![CDATA[N]]></ISGLOSSARY>
<!--025A5A952A6D4593BDF8BE4894389A40--></AD_ELEMENT>

<!--098CDD7EE5AA45AF924A7DFBAF5AD530--><AD_ELEMENT>
<!--098CDD7EE5AA45AF924A7DFBAF5AD530-->  <AD_ELEMENT_ID><![CDATA[098CDD7EE5AA45AF924A7DFBAF5AD530]]></AD_ELEMENT_ID>
<!--098CDD7EE5AA45AF924A7DFBAF5AD530-->  <AD_CLIENT_ID><![CDATA[0]]></AD_CLIENT_ID>
<!--098CDD7EE5AA45AF924A7DFBAF5AD530-->  <AD_ORG_ID><![CDATA[0]]></AD_ORG_ID>
<!--098CDD7EE5AA45AF924A7DFBAF5AD530-->  <ISACTIVE><![CDATA[Y]]></ISACTIVE>
<!--098CDD7EE5AA45AF924A7DFBAF5AD530-->  <COLUMNNAME><![CDATA[CAM_Assetprintline_ID]]></COLUMNNAME>
<!--098CDD7EE5AA45AF924A7DFBAF5AD530-->  <NAME><![CDATA[Asset Print Line]]></NAME>
<!--098CDD7EE5AA45AF924A7DFBAF5AD530-->  <PRINTNAME><![CDATA[Asset Print Line]]></PRINTNAME>
<!--098CDD7EE5AA45AF924A7DFBAF5AD530-->  <AD_MODULE_ID><![CDATA[5C40CF085DCA477AB9DA89559237F7EB]]></AD_MODULE_ID>
<!--098CDD7EE5AA45AF924A7DFBAF5AD530-->  <ISGLOSSARY><![CDATA[N]]></ISGLOSSARY>
<!--098CDD7EE5AA45AF924A7DFBAF5AD530--></AD_ELEMENT>

<!--0A8168571226410B8393F81FEF3D3E61--><AD_ELEMENT>
<!--0A8168571226410B8393F81FEF3D3E61-->  <AD_ELEMENT_ID><![CDATA[0A8168571226410B8393F81FEF3D3E61]]></AD_ELEMENT_ID>
<!--0A8168571226410B8393F81FEF3D3E61-->  <AD_CLIENT_ID><![CDATA[0]]></AD_CLIENT_ID>
<!--0A8168571226410B8393F81FEF3D3E61-->  <AD_ORG_ID><![CDATA[0]]></AD_ORG_ID>
<!--0A8168571226410B8393F81FEF3D3E61-->  <ISACTIVE><![CDATA[Y]]></ISACTIVE>
<!--0A8168571226410B8393F81FEF3D3E61-->  <COLUMNNAME><![CDATA[EM_Cam_Purchaseorder_ID]]></COLUMNNAME>
<!--0A8168571226410B8393F81FEF3D3E61-->  <NAME><![CDATA[Purchase Order]]></NAME>
<!--0A8168571226410B8393F81FEF3D3E61-->  <PRINTNAME><![CDATA[Purchase Order]]></PRINTNAME>
<!--0A8168571226410B8393F81FEF3D3E61-->  <AD_MODULE_ID><![CDATA[5C40CF085DCA477AB9DA89559237F7EB]]></AD_MODULE_ID>
<!--0A8168571226410B8393F81FEF3D3E61-->  <ISGLOSSARY><![CDATA[N]]></ISGLOSSARY>
<!--0A8168571226410B8393F81FEF3D3E61--></AD_ELEMENT>

<!--0B601F3FC87B463EBCDEC9E7EF7C7BA8--><AD_ELEMENT>
<!--0B601F3FC87B463EBCDEC9E7EF7C7BA8-->  <AD_ELEMENT_ID><![CDATA[0B601F3FC87B463EBCDEC9E7EF7C7BA8]]></AD_ELEMENT_ID>
<!--0B601F3FC87B463EBCDEC9E7EF7C7BA8-->  <AD_CLIENT_ID><![CDATA[0]]></AD_CLIENT_ID>
<!--0B601F3FC87B463EBCDEC9E7EF7C7BA8-->  <AD_ORG_ID><![CDATA[0]]></AD_ORG_ID>
<!--0B601F3FC87B463EBCDEC9E7EF7C7BA8-->  <ISACTIVE><![CDATA[Y]]></ISACTIVE>
<!--0B601F3FC87B463EBCDEC9E7EF7C7BA8-->  <COLUMNNAME><![CDATA[em_cam_rotatingitem]]></COLUMNNAME>
<!--0B601F3FC87B463EBCDEC9E7EF7C7BA8-->  <NAME><![CDATA[Asset Rotating Item]]></NAME>
<!--0B601F3FC87B463EBCDEC9E7EF7C7BA8-->  <PRINTNAME><![CDATA[Asset Rotating Item]]></PRINTNAME>
<!--0B601F3FC87B463EBCDEC9E7EF7C7BA8-->  <AD_MODULE_ID><![CDATA[5C40CF085DCA477AB9DA89559237F7EB]]></AD_MODULE_ID>
<!--0B601F3FC87B463EBCDEC9E7EF7C7BA8-->  <ISGLOSSARY><![CDATA[N]]></ISGLOSSARY>
<!--0B601F3FC87B463EBCDEC9E7EF7C7BA8--></AD_ELEMENT>

<!--0E32C2FE2D1C4EF0B8BB34A0CDC9FCBA--><AD_ELEMENT>
<!--0E32C2FE2D1C4EF0B8BB34A0CDC9FCBA-->  <AD_ELEMENT_ID><![CDATA[0E32C2FE2D1C4EF0B8BB34A0CDC9FCBA]]></AD_ELEMENT_ID>
<!--0E32C2FE2D1C4EF0B8BB34A0CDC9FCBA-->  <AD_CLIENT_ID><![CDATA[0]]></AD_CLIENT_ID>
<!--0E32C2FE2D1C4EF0B8BB34A0CDC9FCBA-->  <AD_ORG_ID><![CDATA[0]]></AD_ORG_ID>
<!--0E32C2FE2D1C4EF0B8BB34A0CDC9FCBA-->  <ISACTIVE><![CDATA[Y]]></ISACTIVE>
<!--0E32C2FE2D1C4EF0B8BB34A0CDC9FCBA-->  <COLUMNNAME><![CDATA[em_cam_nextdue]]></COLUMNNAME>
<!--0E32C2FE2D1C4EF0B8BB34A0CDC9FCBA-->  <NAME><![CDATA[Next Due]]></NAME>
<!--0E32C2FE2D1C4EF0B8BB34A0CDC9FCBA-->  <PRINTNAME><![CDATA[Next Due]]></PRINTNAME>
<!--0E32C2FE2D1C4EF0B8BB34A0CDC9FCBA-->  <AD_MODULE_ID><![CDATA[5C40CF085DCA477AB9DA89559237F7EB]]></AD_MODULE_ID>
<!--0E32C2FE2D1C4EF0B8BB34A0CDC9FCBA-->  <ISGLOSSARY><![CDATA[N]]></ISGLOSSARY>
<!--0E32C2FE2D1C4EF0B8BB34A0CDC9FCBA--></AD_ELEMENT>

<!--1140BB0B2D694B1E8E1FE1C280FBA680--><AD_ELEMENT>
<!--1140BB0B2D694B1E8E1FE1C280FBA680-->  <AD_ELEMENT_ID><![CDATA[1140BB0B2D694B1E8E1FE1C280FBA680]]></AD_ELEMENT_ID>
<!--1140BB0B2D694B1E8E1FE1C280FBA680-->  <AD_CLIENT_ID><![CDATA[0]]></AD_CLIENT_ID>
<!--1140BB0B2D694B1E8E1FE1C280FBA680-->  <AD_ORG_ID><![CDATA[0]]></AD_ORG_ID>
<!--1140BB0B2D694B1E8E1FE1C280FBA680-->  <ISACTIVE><![CDATA[Y]]></ISACTIVE>
<!--1140BB0B2D694B1E8E1FE1C280FBA680-->  <COLUMNNAME><![CDATA[EM_Cam_Installdate]]></COLUMNNAME>
<!--1140BB0B2D694B1E8E1FE1C280FBA680-->  <NAME><![CDATA[Install Date]]></NAME>
<!--1140BB0B2D694B1E8E1FE1C280FBA680-->  <PRINTNAME><![CDATA[Install Date]]></PRINTNAME>
<!--1140BB0B2D694B1E8E1FE1C280FBA680-->  <AD_MODULE_ID><![CDATA[5C40CF085DCA477AB9DA89559237F7EB]]></AD_MODULE_ID>
<!--1140BB0B2D694B1E8E1FE1C280FBA680-->  <ISGLOSSARY><![CDATA[N]]></ISGLOSSARY>
<!--1140BB0B2D694B1E8E1FE1C280FBA680--></AD_ELEMENT>

<!--120C7444FB6747BB98A595B76DE506D8--><AD_ELEMENT>
<!--120C7444FB6747BB98A595B76DE506D8-->  <AD_ELEMENT_ID><![CDATA[120C7444FB6747BB98A595B76DE506D8]]></AD_ELEMENT_ID>
<!--120C7444FB6747BB98A595B76DE506D8-->  <AD_CLIENT_ID><![CDATA[0]]></AD_CLIENT_ID>
<!--120C7444FB6747BB98A595B76DE506D8-->  <AD_ORG_ID><![CDATA[0]]></AD_ORG_ID>
<!--120C7444FB6747BB98A595B76DE506D8-->  <ISACTIVE><![CDATA[Y]]></ISACTIVE>
<!--120C7444FB6747BB98A595B76DE506D8-->  <COLUMNNAME><![CDATA[CAM_Assetprint_ID]]></COLUMNNAME>
<!--120C7444FB6747BB98A595B76DE506D8-->  <NAME><![CDATA[Asset Print]]></NAME>
<!--120C7444FB6747BB98A595B76DE506D8-->  <PRINTNAME><![CDATA[Asset Print]]></PRINTNAME>
<!--120C7444FB6747BB98A595B76DE506D8-->  <AD_MODULE_ID><![CDATA[5C40CF085DCA477AB9DA89559237F7EB]]></AD_MODULE_ID>
<!--120C7444FB6747BB98A595B76DE506D8-->  <ISGLOSSARY><![CDATA[N]]></ISGLOSSARY>
<!--120C7444FB6747BB98A595B76DE506D8--></AD_ELEMENT>

<!--193C8F21B1244AB5A50C730F3211B961--><AD_ELEMENT>
<!--193C8F21B1244AB5A50C730F3211B961-->  <AD_ELEMENT_ID><![CDATA[193C8F21B1244AB5A50C730F3211B961]]></AD_ELEMENT_ID>
<!--193C8F21B1244AB5A50C730F3211B961-->  <AD_CLIENT_ID><![CDATA[0]]></AD_CLIENT_ID>
<!--193C8F21B1244AB5A50C730F3211B961-->  <AD_ORG_ID><![CDATA[0]]></AD_ORG_ID>
<!--193C8F21B1244AB5A50C730F3211B961-->  <ISACTIVE><![CDATA[Y]]></ISACTIVE>
<!--193C8F21B1244AB5A50C730F3211B961-->  <COLUMNNAME><![CDATA[PRINTERPORT]]></COLUMNNAME>
<!--193C8F21B1244AB5A50C730F3211B961-->  <NAME><![CDATA[Printer Port]]></NAME>
<!--193C8F21B1244AB5A50C730F3211B961-->  <PRINTNAME><![CDATA[Printer Port]]></PRINTNAME>
<!--193C8F21B1244AB5A50C730F3211B961-->  <AD_MODULE_ID><![CDATA[5C40CF085DCA477AB9DA89559237F7EB]]></AD_MODULE_ID>
<!--193C8F21B1244AB5A50C730F3211B961-->  <ISGLOSSARY><![CDATA[N]]></ISGLOSSARY>
<!--193C8F21B1244AB5A50C730F3211B961--></AD_ELEMENT>

<!--1B5CE081B4E74A219A0B240876C966EF--><AD_ELEMENT>
<!--1B5CE081B4E74A219A0B240876C966EF-->  <AD_ELEMENT_ID><![CDATA[1B5CE081B4E74A219A0B240876C966EF]]></AD_ELEMENT_ID>
<!--1B5CE081B4E74A219A0B240876C966EF-->  <AD_CLIENT_ID><![CDATA[0]]></AD_CLIENT_ID>
<!--1B5CE081B4E74A219A0B240876C966EF-->  <AD_ORG_ID><![CDATA[0]]></AD_ORG_ID>
<!--1B5CE081B4E74A219A0B240876C966EF-->  <ISACTIVE><![CDATA[Y]]></ISACTIVE>
<!--1B5CE081B4E74A219A0B240876C966EF-->  <COLUMNNAME><![CDATA[EM_Cam_Purchaseprice]]></COLUMNNAME>
<!--1B5CE081B4E74A219A0B240876C966EF-->  <NAME><![CDATA[Purchase Price]]></NAME>
<!--1B5CE081B4E74A219A0B240876C966EF-->  <PRINTNAME><![CDATA[Purchase Price]]></PRINTNAME>
<!--1B5CE081B4E74A219A0B240876C966EF-->  <AD_MODULE_ID><![CDATA[5C40CF085DCA477AB9DA89559237F7EB]]></AD_MODULE_ID>
<!--1B5CE081B4E74A219A0B240876C966EF-->  <ISGLOSSARY><![CDATA[N]]></ISGLOSSARY>
<!--1B5CE081B4E74A219A0B240876C966EF--></AD_ELEMENT>

<!--1BB638EF7F204F9B84912DD3D55E0953--><AD_ELEMENT>
<!--1BB638EF7F204F9B84912DD3D55E0953-->  <AD_ELEMENT_ID><![CDATA[1BB638EF7F204F9B84912DD3D55E0953]]></AD_ELEMENT_ID>
<!--1BB638EF7F204F9B84912DD3D55E0953-->  <AD_CLIENT_ID><![CDATA[0]]></AD_CLIENT_ID>
<!--1BB638EF7F204F9B84912DD3D55E0953-->  <AD_ORG_ID><![CDATA[0]]></AD_ORG_ID>
<!--1BB638EF7F204F9B84912DD3D55E0953-->  <ISACTIVE><![CDATA[Y]]></ISACTIVE>
<!--1BB638EF7F204F9B84912DD3D55E0953-->  <COLUMNNAME><![CDATA[EM_Cam_Totalcost]]></COLUMNNAME>
<!--1BB638EF7F204F9B84912DD3D55E0953-->  <NAME><![CDATA[Total Cost]]></NAME>
<!--1BB638EF7F204F9B84912DD3D55E0953-->  <PRINTNAME><![CDATA[Total Cost]]></PRINTNAME>
<!--1BB638EF7F204F9B84912DD3D55E0953-->  <AD_MODULE_ID><![CDATA[5C40CF085DCA477AB9DA89559237F7EB]]></AD_MODULE_ID>
<!--1BB638EF7F204F9B84912DD3D55E0953-->  <ISGLOSSARY><![CDATA[N]]></ISGLOSSARY>
<!--1BB638EF7F204F9B84912DD3D55E0953--></AD_ELEMENT>

<!--1F0DC3FDA3C042F0BD6518F13B595A80--><AD_ELEMENT>
<!--1F0DC3FDA3C042F0BD6518F13B595A80-->  <AD_ELEMENT_ID><![CDATA[1F0DC3FDA3C042F0BD6518F13B595A80]]></AD_ELEMENT_ID>
<!--1F0DC3FDA3C042F0BD6518F13B595A80-->  <AD_CLIENT_ID><![CDATA[0]]></AD_CLIENT_ID>
<!--1F0DC3FDA3C042F0BD6518F13B595A80-->  <AD_ORG_ID><![CDATA[0]]></AD_ORG_ID>
<!--1F0DC3FDA3C042F0BD6518F13B595A80-->  <ISACTIVE><![CDATA[Y]]></ISACTIVE>
<!--1F0DC3FDA3C042F0BD6518F13B595A80-->  <COLUMNNAME><![CDATA[EM_Cam_Lifespan]]></COLUMNNAME>
<!--1F0DC3FDA3C042F0BD6518F13B595A80-->  <NAME><![CDATA[Lifespan]]></NAME>
<!--1F0DC3FDA3C042F0BD6518F13B595A80-->  <PRINTNAME><![CDATA[Lifespan]]></PRINTNAME>
<!--1F0DC3FDA3C042F0BD6518F13B595A80-->  <AD_MODULE_ID><![CDATA[5C40CF085DCA477AB9DA89559237F7EB]]></AD_MODULE_ID>
<!--1F0DC3FDA3C042F0BD6518F13B595A80-->  <ISGLOSSARY><![CDATA[N]]></ISGLOSSARY>
<!--1F0DC3FDA3C042F0BD6518F13B595A80--></AD_ELEMENT>

<!--2021C0324B7E49BE8D4F9C44564C8311--><AD_ELEMENT>
<!--2021C0324B7E49BE8D4F9C44564C8311-->  <AD_ELEMENT_ID><![CDATA[2021C0324B7E49BE8D4F9C44564C8311]]></AD_ELEMENT_ID>
<!--2021C0324B7E49BE8D4F9C44564C8311-->  <AD_CLIENT_ID><![CDATA[0]]></AD_CLIENT_ID>
<!--2021C0324B7E49BE8D4F9C44564C8311-->  <AD_ORG_ID><![CDATA[0]]></AD_ORG_ID>
<!--2021C0324B7E49BE8D4F9C44564C8311-->  <ISACTIVE><![CDATA[Y]]></ISACTIVE>
<!--2021C0324B7E49BE8D4F9C44564C8311-->  <COLUMNNAME><![CDATA[EM_Cam_Replacementcost]]></COLUMNNAME>
<!--2021C0324B7E49BE8D4F9C44564C8311-->  <NAME><![CDATA[Replacement Cost]]></NAME>
<!--2021C0324B7E49BE8D4F9C44564C8311-->  <PRINTNAME><![CDATA[Replacement Cost]]></PRINTNAME>
<!--2021C0324B7E49BE8D4F9C44564C8311-->  <AD_MODULE_ID><![CDATA[5C40CF085DCA477AB9DA89559237F7EB]]></AD_MODULE_ID>
<!--2021C0324B7E49BE8D4F9C44564C8311-->  <ISGLOSSARY><![CDATA[N]]></ISGLOSSARY>
<!--2021C0324B7E49BE8D4F9C44564C8311--></AD_ELEMENT>

<!--2A5152C08C24477FBFAEAC3CAEEF12E8--><AD_ELEMENT>
<!--2A5152C08C24477FBFAEAC3CAEEF12E8-->  <AD_ELEMENT_ID><![CDATA[2A5152C08C24477FBFAEAC3CAEEF12E8]]></AD_ELEMENT_ID>
<!--2A5152C08C24477FBFAEAC3CAEEF12E8-->  <AD_CLIENT_ID><![CDATA[0]]></AD_CLIENT_ID>
<!--2A5152C08C24477FBFAEAC3CAEEF12E8-->  <AD_ORG_ID><![CDATA[0]]></AD_ORG_ID>
<!--2A5152C08C24477FBFAEAC3CAEEF12E8-->  <ISACTIVE><![CDATA[Y]]></ISACTIVE>
<!--2A5152C08C24477FBFAEAC3CAEEF12E8-->  <COLUMNNAME><![CDATA[em_cam_bookvalue]]></COLUMNNAME>
<!--2A5152C08C24477FBFAEAC3CAEEF12E8-->  <NAME><![CDATA[Book Value]]></NAME>
<!--2A5152C08C24477FBFAEAC3CAEEF12E8-->  <PRINTNAME><![CDATA[Book Value]]></PRINTNAME>
<!--2A5152C08C24477FBFAEAC3CAEEF12E8-->  <AD_MODULE_ID><![CDATA[5C40CF085DCA477AB9DA89559237F7EB]]></AD_MODULE_ID>
<!--2A5152C08C24477FBFAEAC3CAEEF12E8-->  <ISGLOSSARY><![CDATA[N]]></ISGLOSSARY>
<!--2A5152C08C24477FBFAEAC3CAEEF12E8--></AD_ELEMENT>

<!--2D3033D7FF35473ABF08FE6CD721A011--><AD_ELEMENT>
<!--2D3033D7FF35473ABF08FE6CD721A011-->  <AD_ELEMENT_ID><![CDATA[2D3033D7FF35473ABF08FE6CD721A011]]></AD_ELEMENT_ID>
<!--2D3033D7FF35473ABF08FE6CD721A011-->  <AD_CLIENT_ID><![CDATA[0]]></AD_CLIENT_ID>
<!--2D3033D7FF35473ABF08FE6CD721A011-->  <AD_ORG_ID><![CDATA[0]]></AD_ORG_ID>
<!--2D3033D7FF35473ABF08FE6CD721A011-->  <ISACTIVE><![CDATA[Y]]></ISACTIVE>
<!--2D3033D7FF35473ABF08FE6CD721A011-->  <COLUMNNAME><![CDATA[em_cam_rotatingitem_id]]></COLUMNNAME>
<!--2D3033D7FF35473ABF08FE6CD721A011-->  <NAME><![CDATA[Asset Rotating Item]]></NAME>
<!--2D3033D7FF35473ABF08FE6CD721A011-->  <PRINTNAME><![CDATA[Asset Rotating Item]]></PRINTNAME>
<!--2D3033D7FF35473ABF08FE6CD721A011-->  <AD_MODULE_ID><![CDATA[5C40CF085DCA477AB9DA89559237F7EB]]></AD_MODULE_ID>
<!--2D3033D7FF35473ABF08FE6CD721A011-->  <ISGLOSSARY><![CDATA[N]]></ISGLOSSARY>
<!--2D3033D7FF35473ABF08FE6CD721A011--></AD_ELEMENT>

<!--368B596AD1894DF89B5D52B6A8879C7D--><AD_ELEMENT>
<!--368B596AD1894DF89B5D52B6A8879C7D-->  <AD_ELEMENT_ID><![CDATA[368B596AD1894DF89B5D52B6A8879C7D]]></AD_ELEMENT_ID>
<!--368B596AD1894DF89B5D52B6A8879C7D-->  <AD_CLIENT_ID><![CDATA[0]]></AD_CLIENT_ID>
<!--368B596AD1894DF89B5D52B6A8879C7D-->  <AD_ORG_ID><![CDATA[0]]></AD_ORG_ID>
<!--368B596AD1894DF89B5D52B6A8879C7D-->  <ISACTIVE><![CDATA[Y]]></ISACTIVE>
<!--368B596AD1894DF89B5D52B6A8879C7D-->  <COLUMNNAME><![CDATA[em_cam_iscustodian]]></COLUMNNAME>
<!--368B596AD1894DF89B5D52B6A8879C7D-->  <NAME><![CDATA[Asset Custodian]]></NAME>
<!--368B596AD1894DF89B5D52B6A8879C7D-->  <PRINTNAME><![CDATA[Asset Custodian]]></PRINTNAME>
<!--368B596AD1894DF89B5D52B6A8879C7D-->  <AD_MODULE_ID><![CDATA[5C40CF085DCA477AB9DA89559237F7EB]]></AD_MODULE_ID>
<!--368B596AD1894DF89B5D52B6A8879C7D-->  <ISGLOSSARY><![CDATA[N]]></ISGLOSSARY>
<!--368B596AD1894DF89B5D52B6A8879C7D--></AD_ELEMENT>

<!--429CC539C6E44E6ABC07F5F4A755C0C9--><AD_ELEMENT>
<!--429CC539C6E44E6ABC07F5F4A755C0C9-->  <AD_ELEMENT_ID><![CDATA[429CC539C6E44E6ABC07F5F4A755C0C9]]></AD_ELEMENT_ID>
<!--429CC539C6E44E6ABC07F5F4A755C0C9-->  <AD_CLIENT_ID><![CDATA[0]]></AD_CLIENT_ID>
<!--429CC539C6E44E6ABC07F5F4A755C0C9-->  <AD_ORG_ID><![CDATA[0]]></AD_ORG_ID>
<!--429CC539C6E44E6ABC07F5F4A755C0C9-->  <ISACTIVE><![CDATA[Y]]></ISACTIVE>
<!--429CC539C6E44E6ABC07F5F4A755C0C9-->  <COLUMNNAME><![CDATA[CAM_Item_ID]]></COLUMNNAME>
<!--429CC539C6E44E6ABC07F5F4A755C0C9-->  <NAME><![CDATA[Asset Item]]></NAME>
<!--429CC539C6E44E6ABC07F5F4A755C0C9-->  <PRINTNAME><![CDATA[Asset Item]]></PRINTNAME>
<!--429CC539C6E44E6ABC07F5F4A755C0C9-->  <AD_MODULE_ID><![CDATA[5C40CF085DCA477AB9DA89559237F7EB]]></AD_MODULE_ID>
<!--429CC539C6E44E6ABC07F5F4A755C0C9-->  <ISGLOSSARY><![CDATA[N]]></ISGLOSSARY>
<!--429CC539C6E44E6ABC07F5F4A755C0C9--></AD_ELEMENT>

<!--4415017892E649E3ADBFE0CFB7CA2767--><AD_ELEMENT>
<!--4415017892E649E3ADBFE0CFB7CA2767-->  <AD_ELEMENT_ID><![CDATA[4415017892E649E3ADBFE0CFB7CA2767]]></AD_ELEMENT_ID>
<!--4415017892E649E3ADBFE0CFB7CA2767-->  <AD_CLIENT_ID><![CDATA[0]]></AD_CLIENT_ID>
<!--4415017892E649E3ADBFE0CFB7CA2767-->  <AD_ORG_ID><![CDATA[0]]></AD_ORG_ID>
<!--4415017892E649E3ADBFE0CFB7CA2767-->  <ISACTIVE><![CDATA[Y]]></ISACTIVE>
<!--4415017892E649E3ADBFE0CFB7CA2767-->  <COLUMNNAME><![CDATA[em_cam_frequencyamt]]></COLUMNNAME>
<!--4415017892E649E3ADBFE0CFB7CA2767-->  <NAME><![CDATA[Frequency Amount]]></NAME>
<!--4415017892E649E3ADBFE0CFB7CA2767-->  <PRINTNAME><![CDATA[Frequency Amount]]></PRINTNAME>
<!--4415017892E649E3ADBFE0CFB7CA2767-->  <AD_MODULE_ID><![CDATA[5C40CF085DCA477AB9DA89559237F7EB]]></AD_MODULE_ID>
<!--4415017892E649E3ADBFE0CFB7CA2767-->  <ISGLOSSARY><![CDATA[N]]></ISGLOSSARY>
<!--4415017892E649E3ADBFE0CFB7CA2767--></AD_ELEMENT>

<!--49FCCA54058A484CB1F9472D62C54867--><AD_ELEMENT>
<!--49FCCA54058A484CB1F9472D62C54867-->  <AD_ELEMENT_ID><![CDATA[49FCCA54058A484CB1F9472D62C54867]]></AD_ELEMENT_ID>
<!--49FCCA54058A484CB1F9472D62C54867-->  <AD_CLIENT_ID><![CDATA[0]]></AD_CLIENT_ID>
<!--49FCCA54058A484CB1F9472D62C54867-->  <AD_ORG_ID><![CDATA[0]]></AD_ORG_ID>
<!--49FCCA54058A484CB1F9472D62C54867-->  <ISACTIVE><![CDATA[Y]]></ISACTIVE>
<!--49FCCA54058A484CB1F9472D62C54867-->  <COLUMNNAME><![CDATA[em_cam_totaldowntime]]></COLUMNNAME>
<!--49FCCA54058A484CB1F9472D62C54867-->  <NAME><![CDATA[Total Downtime]]></NAME>
<!--49FCCA54058A484CB1F9472D62C54867-->  <PRINTNAME><![CDATA[Total Downtime]]></PRINTNAME>
<!--49FCCA54058A484CB1F9472D62C54867-->  <AD_MODULE_ID><![CDATA[5C40CF085DCA477AB9DA89559237F7EB]]></AD_MODULE_ID>
<!--49FCCA54058A484CB1F9472D62C54867-->  <ISGLOSSARY><![CDATA[N]]></ISGLOSSARY>
<!--49FCCA54058A484CB1F9472D62C54867--></AD_ELEMENT>

<!--4B53C3FE658A4B19B9C735FCB55592DD--><AD_ELEMENT>
<!--4B53C3FE658A4B19B9C735FCB55592DD-->  <AD_ELEMENT_ID><![CDATA[4B53C3FE658A4B19B9C735FCB55592DD]]></AD_ELEMENT_ID>
<!--4B53C3FE658A4B19B9C735FCB55592DD-->  <AD_CLIENT_ID><![CDATA[0]]></AD_CLIENT_ID>
<!--4B53C3FE658A4B19B9C735FCB55592DD-->  <AD_ORG_ID><![CDATA[0]]></AD_ORG_ID>
<!--4B53C3FE658A4B19B9C735FCB55592DD-->  <ISACTIVE><![CDATA[Y]]></ISACTIVE>
<!--4B53C3FE658A4B19B9C735FCB55592DD-->  <COLUMNNAME><![CDATA[CAM_Workorder_ID]]></COLUMNNAME>
<!--4B53C3FE658A4B19B9C735FCB55592DD-->  <NAME><![CDATA[Work Order]]></NAME>
<!--4B53C3FE658A4B19B9C735FCB55592DD-->  <PRINTNAME><![CDATA[Work Order]]></PRINTNAME>
<!--4B53C3FE658A4B19B9C735FCB55592DD-->  <AD_MODULE_ID><![CDATA[5C40CF085DCA477AB9DA89559237F7EB]]></AD_MODULE_ID>
<!--4B53C3FE658A4B19B9C735FCB55592DD-->  <ISGLOSSARY><![CDATA[N]]></ISGLOSSARY>
<!--4B53C3FE658A4B19B9C735FCB55592DD--></AD_ELEMENT>

<!--4E21D0E9FB9A46378585E3770382CA35--><AD_ELEMENT>
<!--4E21D0E9FB9A46378585E3770382CA35-->  <AD_ELEMENT_ID><![CDATA[4E21D0E9FB9A46378585E3770382CA35]]></AD_ELEMENT_ID>
<!--4E21D0E9FB9A46378585E3770382CA35-->  <AD_CLIENT_ID><![CDATA[0]]></AD_CLIENT_ID>
<!--4E21D0E9FB9A46378585E3770382CA35-->  <AD_ORG_ID><![CDATA[0]]></AD_ORG_ID>
<!--4E21D0E9FB9A46378585E3770382CA35-->  <ISACTIVE><![CDATA[Y]]></ISACTIVE>
<!--4E21D0E9FB9A46378585E3770382CA35-->  <COLUMNNAME><![CDATA[em_cam_isassettemplate]]></COLUMNNAME>
<!--4E21D0E9FB9A46378585E3770382CA35-->  <NAME><![CDATA[Is Asset Template]]></NAME>
<!--4E21D0E9FB9A46378585E3770382CA35-->  <PRINTNAME><![CDATA[Is Asset Template]]></PRINTNAME>
<!--4E21D0E9FB9A46378585E3770382CA35-->  <AD_MODULE_ID><![CDATA[5C40CF085DCA477AB9DA89559237F7EB]]></AD_MODULE_ID>
<!--4E21D0E9FB9A46378585E3770382CA35-->  <ISGLOSSARY><![CDATA[N]]></ISGLOSSARY>
<!--4E21D0E9FB9A46378585E3770382CA35--></AD_ELEMENT>

<!--50E73C6C97E743B9A02F248AA3EA9B42--><AD_ELEMENT>
<!--50E73C6C97E743B9A02F248AA3EA9B42-->  <AD_ELEMENT_ID><![CDATA[50E73C6C97E743B9A02F248AA3EA9B42]]></AD_ELEMENT_ID>
<!--50E73C6C97E743B9A02F248AA3EA9B42-->  <AD_CLIENT_ID><![CDATA[0]]></AD_CLIENT_ID>
<!--50E73C6C97E743B9A02F248AA3EA9B42-->  <AD_ORG_ID><![CDATA[0]]></AD_ORG_ID>
<!--50E73C6C97E743B9A02F248AA3EA9B42-->  <ISACTIVE><![CDATA[Y]]></ISACTIVE>
<!--50E73C6C97E743B9A02F248AA3EA9B42-->  <COLUMNNAME><![CDATA[EM_Cam_Yeartodatecost]]></COLUMNNAME>
<!--50E73C6C97E743B9A02F248AA3EA9B42-->  <NAME><![CDATA[Year to Date Cost]]></NAME>
<!--50E73C6C97E743B9A02F248AA3EA9B42-->  <PRINTNAME><![CDATA[Year to Date Cost]]></PRINTNAME>
<!--50E73C6C97E743B9A02F248AA3EA9B42-->  <AD_MODULE_ID><![CDATA[5C40CF085DCA477AB9DA89559237F7EB]]></AD_MODULE_ID>
<!--50E73C6C97E743B9A02F248AA3EA9B42-->  <ISGLOSSARY><![CDATA[N]]></ISGLOSSARY>
<!--50E73C6C97E743B9A02F248AA3EA9B42--></AD_ELEMENT>

<!--55C332C2C086453CB0EAB8E28216D351--><AD_ELEMENT>
<!--55C332C2C086453CB0EAB8E28216D351-->  <AD_ELEMENT_ID><![CDATA[55C332C2C086453CB0EAB8E28216D351]]></AD_ELEMENT_ID>
<!--55C332C2C086453CB0EAB8E28216D351-->  <AD_CLIENT_ID><![CDATA[0]]></AD_CLIENT_ID>
<!--55C332C2C086453CB0EAB8E28216D351-->  <AD_ORG_ID><![CDATA[0]]></AD_ORG_ID>
<!--55C332C2C086453CB0EAB8E28216D351-->  <ISACTIVE><![CDATA[Y]]></ISACTIVE>
<!--55C332C2C086453CB0EAB8E28216D351-->  <COLUMNNAME><![CDATA[cam_locationparent_id]]></COLUMNNAME>
<!--55C332C2C086453CB0EAB8E28216D351-->  <NAME><![CDATA[Parent Asset Location]]></NAME>
<!--55C332C2C086453CB0EAB8E28216D351-->  <PRINTNAME><![CDATA[Parent Asset Location]]></PRINTNAME>
<!--55C332C2C086453CB0EAB8E28216D351-->  <AD_MODULE_ID><![CDATA[5C40CF085DCA477AB9DA89559237F7EB]]></AD_MODULE_ID>
<!--55C332C2C086453CB0EAB8E28216D351-->  <ISGLOSSARY><![CDATA[N]]></ISGLOSSARY>
<!--55C332C2C086453CB0EAB8E28216D351--></AD_ELEMENT>

<!--58521E984F3346C79B8B70CAE7504C4A--><AD_ELEMENT>
<!--58521E984F3346C79B8B70CAE7504C4A-->  <AD_ELEMENT_ID><![CDATA[58521E984F3346C79B8B70CAE7504C4A]]></AD_ELEMENT_ID>
<!--58521E984F3346C79B8B70CAE7504C4A-->  <AD_CLIENT_ID><![CDATA[0]]></AD_CLIENT_ID>
<!--58521E984F3346C79B8B70CAE7504C4A-->  <AD_ORG_ID><![CDATA[0]]></AD_ORG_ID>
<!--58521E984F3346C79B8B70CAE7504C4A-->  <ISACTIVE><![CDATA[Y]]></ISACTIVE>
<!--58521E984F3346C79B8B70CAE7504C4A-->  <COLUMNNAME><![CDATA[EM_Cam_Budgetted]]></COLUMNNAME>
<!--58521E984F3346C79B8B70CAE7504C4A-->  <NAME><![CDATA[Budgeted]]></NAME>
<!--58521E984F3346C79B8B70CAE7504C4A-->  <PRINTNAME><![CDATA[Budgeted]]></PRINTNAME>
<!--58521E984F3346C79B8B70CAE7504C4A-->  <AD_MODULE_ID><![CDATA[5C40CF085DCA477AB9DA89559237F7EB]]></AD_MODULE_ID>
<!--58521E984F3346C79B8B70CAE7504C4A-->  <ISGLOSSARY><![CDATA[N]]></ISGLOSSARY>
<!--58521E984F3346C79B8B70CAE7504C4A--></AD_ELEMENT>

<!--74B695B591EB44D988AB2CB18AE224CA--><AD_ELEMENT>
<!--74B695B591EB44D988AB2CB18AE224CA-->  <AD_ELEMENT_ID><![CDATA[74B695B591EB44D988AB2CB18AE224CA]]></AD_ELEMENT_ID>
<!--74B695B591EB44D988AB2CB18AE224CA-->  <AD_CLIENT_ID><![CDATA[0]]></AD_CLIENT_ID>
<!--74B695B591EB44D988AB2CB18AE224CA-->  <AD_ORG_ID><![CDATA[0]]></AD_ORG_ID>
<!--74B695B591EB44D988AB2CB18AE224CA-->  <ISACTIVE><![CDATA[Y]]></ISACTIVE>
<!--74B695B591EB44D988AB2CB18AE224CA-->  <COLUMNNAME><![CDATA[CAM_Metergroupline_ID]]></COLUMNNAME>
<!--74B695B591EB44D988AB2CB18AE224CA-->  <NAME><![CDATA[Meter Group Line]]></NAME>
<!--74B695B591EB44D988AB2CB18AE224CA-->  <PRINTNAME><![CDATA[Meter Group Line]]></PRINTNAME>
<!--74B695B591EB44D988AB2CB18AE224CA-->  <AD_MODULE_ID><![CDATA[5C40CF085DCA477AB9DA89559237F7EB]]></AD_MODULE_ID>
<!--74B695B591EB44D988AB2CB18AE224CA-->  <ISGLOSSARY><![CDATA[N]]></ISGLOSSARY>
<!--74B695B591EB44D988AB2CB18AE224CA--></AD_ELEMENT>

<!--7FF31707944C4CA8ADE21E83CCB054CF--><AD_ELEMENT>
<!--7FF31707944C4CA8ADE21E83CCB054CF-->  <AD_ELEMENT_ID><![CDATA[7FF31707944C4CA8ADE21E83CCB054CF]]></AD_ELEMENT_ID>
<!--7FF31707944C4CA8ADE21E83CCB054CF-->  <AD_CLIENT_ID><![CDATA[0]]></AD_CLIENT_ID>
<!--7FF31707944C4CA8ADE21E83CCB054CF-->  <AD_ORG_ID><![CDATA[0]]></AD_ORG_ID>
<!--7FF31707944C4CA8ADE21E83CCB054CF-->  <ISACTIVE><![CDATA[Y]]></ISACTIVE>
<!--7FF31707944C4CA8ADE21E83CCB054CF-->  <COLUMNNAME><![CDATA[Isassetmovement]]></COLUMNNAME>
<!--7FF31707944C4CA8ADE21E83CCB054CF-->  <NAME><![CDATA[Is Asset Movement]]></NAME>
<!--7FF31707944C4CA8ADE21E83CCB054CF-->  <PRINTNAME><![CDATA[Is Asset Movement]]></PRINTNAME>
<!--7FF31707944C4CA8ADE21E83CCB054CF-->  <AD_MODULE_ID><![CDATA[5C40CF085DCA477AB9DA89559237F7EB]]></AD_MODULE_ID>
<!--7FF31707944C4CA8ADE21E83CCB054CF-->  <ISGLOSSARY><![CDATA[N]]></ISGLOSSARY>
<!--7FF31707944C4CA8ADE21E83CCB054CF--></AD_ELEMENT>

<!--8EBA61DDF3A54456A87C3DB812207C1E--><AD_ELEMENT>
<!--8EBA61DDF3A54456A87C3DB812207C1E-->  <AD_ELEMENT_ID><![CDATA[8EBA61DDF3A54456A87C3DB812207C1E]]></AD_ELEMENT_ID>
<!--8EBA61DDF3A54456A87C3DB812207C1E-->  <AD_CLIENT_ID><![CDATA[0]]></AD_CLIENT_ID>
<!--8EBA61DDF3A54456A87C3DB812207C1E-->  <AD_ORG_ID><![CDATA[0]]></AD_ORG_ID>
<!--8EBA61DDF3A54456A87C3DB812207C1E-->  <ISACTIVE><![CDATA[Y]]></ISACTIVE>
<!--8EBA61DDF3A54456A87C3DB812207C1E-->  <COLUMNNAME><![CDATA[em_cam_genericuser]]></COLUMNNAME>
<!--8EBA61DDF3A54456A87C3DB812207C1E-->  <NAME><![CDATA[Generic User]]></NAME>
<!--8EBA61DDF3A54456A87C3DB812207C1E-->  <PRINTNAME><![CDATA[Generic User]]></PRINTNAME>
<!--8EBA61DDF3A54456A87C3DB812207C1E-->  <AD_MODULE_ID><![CDATA[5C40CF085DCA477AB9DA89559237F7EB]]></AD_MODULE_ID>
<!--8EBA61DDF3A54456A87C3DB812207C1E-->  <ISGLOSSARY><![CDATA[N]]></ISGLOSSARY>
<!--8EBA61DDF3A54456A87C3DB812207C1E--></AD_ELEMENT>

<!--8FCCED66AAEF49ABB5956D15F25A86D5--><AD_ELEMENT>
<!--8FCCED66AAEF49ABB5956D15F25A86D5-->  <AD_ELEMENT_ID><![CDATA[8FCCED66AAEF49ABB5956D15F25A86D5]]></AD_ELEMENT_ID>
<!--8FCCED66AAEF49ABB5956D15F25A86D5-->  <AD_CLIENT_ID><![CDATA[0]]></AD_CLIENT_ID>
<!--8FCCED66AAEF49ABB5956D15F25A86D5-->  <AD_ORG_ID><![CDATA[0]]></AD_ORG_ID>
<!--8FCCED66AAEF49ABB5956D15F25A86D5-->  <ISACTIVE><![CDATA[Y]]></ISACTIVE>
<!--8FCCED66AAEF49ABB5956D15F25A86D5-->  <COLUMNNAME><![CDATA[printasset]]></COLUMNNAME>
<!--8FCCED66AAEF49ABB5956D15F25A86D5-->  <NAME><![CDATA[Print Asset]]></NAME>
<!--8FCCED66AAEF49ABB5956D15F25A86D5-->  <PRINTNAME><![CDATA[Print Asset]]></PRINTNAME>
<!--8FCCED66AAEF49ABB5956D15F25A86D5-->  <AD_MODULE_ID><![CDATA[5C40CF085DCA477AB9DA89559237F7EB]]></AD_MODULE_ID>
<!--8FCCED66AAEF49ABB5956D15F25A86D5-->  <ISGLOSSARY><![CDATA[N]]></ISGLOSSARY>
<!--8FCCED66AAEF49ABB5956D15F25A86D5--></AD_ELEMENT>

<!--983FCE128E3F4AD58A5190A3F96D41BB--><AD_ELEMENT>
<!--983FCE128E3F4AD58A5190A3F96D41BB-->  <AD_ELEMENT_ID><![CDATA[983FCE128E3F4AD58A5190A3F96D41BB]]></AD_ELEMENT_ID>
<!--983FCE128E3F4AD58A5190A3F96D41BB-->  <AD_CLIENT_ID><![CDATA[0]]></AD_CLIENT_ID>
<!--983FCE128E3F4AD58A5190A3F96D41BB-->  <AD_ORG_ID><![CDATA[0]]></AD_ORG_ID>
<!--983FCE128E3F4AD58A5190A3F96D41BB-->  <ISACTIVE><![CDATA[Y]]></ISACTIVE>
<!--983FCE128E3F4AD58A5190A3F96D41BB-->  <COLUMNNAME><![CDATA[CAM_Oldlocation_ID]]></COLUMNNAME>
<!--983FCE128E3F4AD58A5190A3F96D41BB-->  <NAME><![CDATA[Old Location]]></NAME>
<!--983FCE128E3F4AD58A5190A3F96D41BB-->  <PRINTNAME><![CDATA[Old Location]]></PRINTNAME>
<!--983FCE128E3F4AD58A5190A3F96D41BB-->  <AD_MODULE_ID><![CDATA[5C40CF085DCA477AB9DA89559237F7EB]]></AD_MODULE_ID>
<!--983FCE128E3F4AD58A5190A3F96D41BB-->  <ISGLOSSARY><![CDATA[N]]></ISGLOSSARY>
<!--983FCE128E3F4AD58A5190A3F96D41BB--></AD_ELEMENT>

<!--9D459CC0A14F41F3B6A3878143D12099--><AD_ELEMENT>
<!--9D459CC0A14F41F3B6A3878143D12099-->  <AD_ELEMENT_ID><![CDATA[9D459CC0A14F41F3B6A3878143D12099]]></AD_ELEMENT_ID>
<!--9D459CC0A14F41F3B6A3878143D12099-->  <AD_CLIENT_ID><![CDATA[0]]></AD_CLIENT_ID>
<!--9D459CC0A14F41F3B6A3878143D12099-->  <AD_ORG_ID><![CDATA[0]]></AD_ORG_ID>
<!--9D459CC0A14F41F3B6A3878143D12099-->  <ISACTIVE><![CDATA[Y]]></ISACTIVE>
<!--9D459CC0A14F41F3B6A3878143D12099-->  <COLUMNNAME><![CDATA[CAM_Wo_Worker_ID]]></COLUMNNAME>
<!--9D459CC0A14F41F3B6A3878143D12099-->  <NAME><![CDATA[Work Order Worker]]></NAME>
<!--9D459CC0A14F41F3B6A3878143D12099-->  <PRINTNAME><![CDATA[Work Order Worker]]></PRINTNAME>
<!--9D459CC0A14F41F3B6A3878143D12099-->  <AD_MODULE_ID><![CDATA[5C40CF085DCA477AB9DA89559237F7EB]]></AD_MODULE_ID>
<!--9D459CC0A14F41F3B6A3878143D12099-->  <ISGLOSSARY><![CDATA[N]]></ISGLOSSARY>
<!--9D459CC0A14F41F3B6A3878143D12099--></AD_ELEMENT>

<!--9E1C952620FF486A80C61093B00DD9A1--><AD_ELEMENT>
<!--9E1C952620FF486A80C61093B00DD9A1-->  <AD_ELEMENT_ID><![CDATA[9E1C952620FF486A80C61093B00DD9A1]]></AD_ELEMENT_ID>
<!--9E1C952620FF486A80C61093B00DD9A1-->  <AD_CLIENT_ID><![CDATA[0]]></AD_CLIENT_ID>
<!--9E1C952620FF486A80C61093B00DD9A1-->  <AD_ORG_ID><![CDATA[0]]></AD_ORG_ID>
<!--9E1C952620FF486A80C61093B00DD9A1-->  <ISACTIVE><![CDATA[Y]]></ISACTIVE>
<!--9E1C952620FF486A80C61093B00DD9A1-->  <COLUMNNAME><![CDATA[CAM_Metergroup_ID]]></COLUMNNAME>
<!--9E1C952620FF486A80C61093B00DD9A1-->  <NAME><![CDATA[Meter Group]]></NAME>
<!--9E1C952620FF486A80C61093B00DD9A1-->  <PRINTNAME><![CDATA[Meter Group]]></PRINTNAME>
<!--9E1C952620FF486A80C61093B00DD9A1-->  <AD_MODULE_ID><![CDATA[5C40CF085DCA477AB9DA89559237F7EB]]></AD_MODULE_ID>
<!--9E1C952620FF486A80C61093B00DD9A1-->  <ISGLOSSARY><![CDATA[N]]></ISGLOSSARY>
<!--9E1C952620FF486A80C61093B00DD9A1--></AD_ELEMENT>

<!--A30E96E7E50F4474803974F0C45373BA--><AD_ELEMENT>
<!--A30E96E7E50F4474803974F0C45373BA-->  <AD_ELEMENT_ID><![CDATA[A30E96E7E50F4474803974F0C45373BA]]></AD_ELEMENT_ID>
<!--A30E96E7E50F4474803974F0C45373BA-->  <AD_CLIENT_ID><![CDATA[0]]></AD_CLIENT_ID>
<!--A30E96E7E50F4474803974F0C45373BA-->  <AD_ORG_ID><![CDATA[0]]></AD_ORG_ID>
<!--A30E96E7E50F4474803974F0C45373BA-->  <ISACTIVE><![CDATA[Y]]></ISACTIVE>
<!--A30E96E7E50F4474803974F0C45373BA-->  <COLUMNNAME><![CDATA[CAM_Workorder_Group_ID]]></COLUMNNAME>
<!--A30E96E7E50F4474803974F0C45373BA-->  <NAME><![CDATA[Work Order Group]]></NAME>
<!--A30E96E7E50F4474803974F0C45373BA-->  <PRINTNAME><![CDATA[Work Order Group]]></PRINTNAME>
<!--A30E96E7E50F4474803974F0C45373BA-->  <AD_MODULE_ID><![CDATA[5C40CF085DCA477AB9DA89559237F7EB]]></AD_MODULE_ID>
<!--A30E96E7E50F4474803974F0C45373BA-->  <ISGLOSSARY><![CDATA[N]]></ISGLOSSARY>
<!--A30E96E7E50F4474803974F0C45373BA--></AD_ELEMENT>

<!--A458B74CF3F94AE893FCECD1CAC857AB--><AD_ELEMENT>
<!--A458B74CF3F94AE893FCECD1CAC857AB-->  <AD_ELEMENT_ID><![CDATA[A458B74CF3F94AE893FCECD1CAC857AB]]></AD_ELEMENT_ID>
<!--A458B74CF3F94AE893FCECD1CAC857AB-->  <AD_CLIENT_ID><![CDATA[0]]></AD_CLIENT_ID>
<!--A458B74CF3F94AE893FCECD1CAC857AB-->  <AD_ORG_ID><![CDATA[0]]></AD_ORG_ID>
<!--A458B74CF3F94AE893FCECD1CAC857AB-->  <ISACTIVE><![CDATA[Y]]></ISACTIVE>
<!--A458B74CF3F94AE893FCECD1CAC857AB-->  <COLUMNNAME><![CDATA[PRINTERADDRESS]]></COLUMNNAME>
<!--A458B74CF3F94AE893FCECD1CAC857AB-->  <NAME><![CDATA[Printer Address]]></NAME>
<!--A458B74CF3F94AE893FCECD1CAC857AB-->  <PRINTNAME><![CDATA[Printer Address]]></PRINTNAME>
<!--A458B74CF3F94AE893FCECD1CAC857AB-->  <AD_MODULE_ID><![CDATA[5C40CF085DCA477AB9DA89559237F7EB]]></AD_MODULE_ID>
<!--A458B74CF3F94AE893FCECD1CAC857AB-->  <ISGLOSSARY><![CDATA[N]]></ISGLOSSARY>
<!--A458B74CF3F94AE893FCECD1CAC857AB--></AD_ELEMENT>

<!--A6B1B47CC02D405590A27C122EFF1B89--><AD_ELEMENT>
<!--A6B1B47CC02D405590A27C122EFF1B89-->  <AD_ELEMENT_ID><![CDATA[A6B1B47CC02D405590A27C122EFF1B89]]></AD_ELEMENT_ID>
<!--A6B1B47CC02D405590A27C122EFF1B89-->  <AD_CLIENT_ID><![CDATA[0]]></AD_CLIENT_ID>
<!--A6B1B47CC02D405590A27C122EFF1B89-->  <AD_ORG_ID><![CDATA[0]]></AD_ORG_ID>
<!--A6B1B47CC02D405590A27C122EFF1B89-->  <ISACTIVE><![CDATA[Y]]></ISACTIVE>
<!--A6B1B47CC02D405590A27C122EFF1B89-->  <COLUMNNAME><![CDATA[em_cam_parent_id]]></COLUMNNAME>
<!--A6B1B47CC02D405590A27C122EFF1B89-->  <NAME><![CDATA[Parent Asset]]></NAME>
<!--A6B1B47CC02D405590A27C122EFF1B89-->  <PRINTNAME><![CDATA[Parent Asset]]></PRINTNAME>
<!--A6B1B47CC02D405590A27C122EFF1B89-->  <AD_MODULE_ID><![CDATA[5C40CF085DCA477AB9DA89559237F7EB]]></AD_MODULE_ID>
<!--A6B1B47CC02D405590A27C122EFF1B89-->  <ISGLOSSARY><![CDATA[N]]></ISGLOSSARY>
<!--A6B1B47CC02D405590A27C122EFF1B89--></AD_ELEMENT>

<!--A87562784A454D6B9DBB0E29876D025F--><AD_ELEMENT>
<!--A87562784A454D6B9DBB0E29876D025F-->  <AD_ELEMENT_ID><![CDATA[A87562784A454D6B9DBB0E29876D025F]]></AD_ELEMENT_ID>
<!--A87562784A454D6B9DBB0E29876D025F-->  <AD_CLIENT_ID><![CDATA[0]]></AD_CLIENT_ID>
<!--A87562784A454D6B9DBB0E29876D025F-->  <AD_ORG_ID><![CDATA[0]]></AD_ORG_ID>
<!--A87562784A454D6B9DBB0E29876D025F-->  <ISACTIVE><![CDATA[Y]]></ISACTIVE>
<!--A87562784A454D6B9DBB0E29876D025F-->  <COLUMNNAME><![CDATA[CAM_Workorder_Group_Parent_ID]]></COLUMNNAME>
<!--A87562784A454D6B9DBB0E29876D025F-->  <NAME><![CDATA[Work Order Group Parent]]></NAME>
<!--A87562784A454D6B9DBB0E29876D025F-->  <PRINTNAME><![CDATA[Work Order Group Parent]]></PRINTNAME>
<!--A87562784A454D6B9DBB0E29876D025F-->  <AD_MODULE_ID><![CDATA[5C40CF085DCA477AB9DA89559237F7EB]]></AD_MODULE_ID>
<!--A87562784A454D6B9DBB0E29876D025F-->  <ISGLOSSARY><![CDATA[N]]></ISGLOSSARY>
<!--A87562784A454D6B9DBB0E29876D025F--></AD_ELEMENT>

<!--AB065D5EC7D042A6AAE6B9F4EE10A938--><AD_ELEMENT>
<!--AB065D5EC7D042A6AAE6B9F4EE10A938-->  <AD_ELEMENT_ID><![CDATA[AB065D5EC7D042A6AAE6B9F4EE10A938]]></AD_ELEMENT_ID>
<!--AB065D5EC7D042A6AAE6B9F4EE10A938-->  <AD_CLIENT_ID><![CDATA[0]]></AD_CLIENT_ID>
<!--AB065D5EC7D042A6AAE6B9F4EE10A938-->  <AD_ORG_ID><![CDATA[0]]></AD_ORG_ID>
<!--AB065D5EC7D042A6AAE6B9F4EE10A938-->  <ISACTIVE><![CDATA[Y]]></ISACTIVE>
<!--AB065D5EC7D042A6AAE6B9F4EE10A938-->  <COLUMNNAME><![CDATA[em_cam_alertperiod]]></COLUMNNAME>
<!--AB065D5EC7D042A6AAE6B9F4EE10A938-->  <NAME><![CDATA[Alert Period]]></NAME>
<!--AB065D5EC7D042A6AAE6B9F4EE10A938-->  <PRINTNAME><![CDATA[Alert Period]]></PRINTNAME>
<!--AB065D5EC7D042A6AAE6B9F4EE10A938-->  <AD_MODULE_ID><![CDATA[5C40CF085DCA477AB9DA89559237F7EB]]></AD_MODULE_ID>
<!--AB065D5EC7D042A6AAE6B9F4EE10A938-->  <ISGLOSSARY><![CDATA[N]]></ISGLOSSARY>
<!--AB065D5EC7D042A6AAE6B9F4EE10A938--></AD_ELEMENT>

<!--AB567E3FAA8047A3AB780DD012741DCC--><AD_ELEMENT>
<!--AB567E3FAA8047A3AB780DD012741DCC-->  <AD_ELEMENT_ID><![CDATA[AB567E3FAA8047A3AB780DD012741DCC]]></AD_ELEMENT_ID>
<!--AB567E3FAA8047A3AB780DD012741DCC-->  <AD_CLIENT_ID><![CDATA[0]]></AD_CLIENT_ID>
<!--AB567E3FAA8047A3AB780DD012741DCC-->  <AD_ORG_ID><![CDATA[0]]></AD_ORG_ID>
<!--AB567E3FAA8047A3AB780DD012741DCC-->  <ISACTIVE><![CDATA[Y]]></ISACTIVE>
<!--AB567E3FAA8047A3AB780DD012741DCC-->  <COLUMNNAME><![CDATA[em_cam_metergroup_id]]></COLUMNNAME>
<!--AB567E3FAA8047A3AB780DD012741DCC-->  <NAME><![CDATA[Meter Group]]></NAME>
<!--AB567E3FAA8047A3AB780DD012741DCC-->  <PRINTNAME><![CDATA[Meter Group]]></PRINTNAME>
<!--AB567E3FAA8047A3AB780DD012741DCC-->  <AD_MODULE_ID><![CDATA[5C40CF085DCA477AB9DA89559237F7EB]]></AD_MODULE_ID>
<!--AB567E3FAA8047A3AB780DD012741DCC-->  <ISGLOSSARY><![CDATA[N]]></ISGLOSSARY>
<!--AB567E3FAA8047A3AB780DD012741DCC--></AD_ELEMENT>

<!--B198B9E702C742C8A3E95D5D68FEEC09--><AD_ELEMENT>
<!--B198B9E702C742C8A3E95D5D68FEEC09-->  <AD_ELEMENT_ID><![CDATA[B198B9E702C742C8A3E95D5D68FEEC09]]></AD_ELEMENT_ID>
<!--B198B9E702C742C8A3E95D5D68FEEC09-->  <AD_CLIENT_ID><![CDATA[0]]></AD_CLIENT_ID>
<!--B198B9E702C742C8A3E95D5D68FEEC09-->  <AD_ORG_ID><![CDATA[0]]></AD_ORG_ID>
<!--B198B9E702C742C8A3E95D5D68FEEC09-->  <ISACTIVE><![CDATA[Y]]></ISACTIVE>
<!--B198B9E702C742C8A3E95D5D68FEEC09-->  <COLUMNNAME><![CDATA[em_cam_location_id]]></COLUMNNAME>
<!--B198B9E702C742C8A3E95D5D68FEEC09-->  <NAME><![CDATA[Asset Location]]></NAME>
<!--B198B9E702C742C8A3E95D5D68FEEC09-->  <PRINTNAME><![CDATA[Asset Location]]></PRINTNAME>
<!--B198B9E702C742C8A3E95D5D68FEEC09-->  <AD_MODULE_ID><![CDATA[5C40CF085DCA477AB9DA89559237F7EB]]></AD_MODULE_ID>
<!--B198B9E702C742C8A3E95D5D68FEEC09-->  <ISGLOSSARY><![CDATA[N]]></ISGLOSSARY>
<!--B198B9E702C742C8A3E95D5D68FEEC09--></AD_ELEMENT>

<!--BDAF3CA50D574E6789EA81351924BE51--><AD_ELEMENT>
<!--BDAF3CA50D574E6789EA81351924BE51-->  <AD_ELEMENT_ID><![CDATA[BDAF3CA50D574E6789EA81351924BE51]]></AD_ELEMENT_ID>
<!--BDAF3CA50D574E6789EA81351924BE51-->  <AD_CLIENT_ID><![CDATA[0]]></AD_CLIENT_ID>
<!--BDAF3CA50D574E6789EA81351924BE51-->  <AD_ORG_ID><![CDATA[0]]></AD_ORG_ID>
<!--BDAF3CA50D574E6789EA81351924BE51-->  <ISACTIVE><![CDATA[Y]]></ISACTIVE>
<!--BDAF3CA50D574E6789EA81351924BE51-->  <COLUMNNAME><![CDATA[CAM_Workorderasset_ID]]></COLUMNNAME>
<!--BDAF3CA50D574E6789EA81351924BE51-->  <NAME><![CDATA[Work Order Asset]]></NAME>
<!--BDAF3CA50D574E6789EA81351924BE51-->  <PRINTNAME><![CDATA[Work Order Asset]]></PRINTNAME>
<!--BDAF3CA50D574E6789EA81351924BE51-->  <AD_MODULE_ID><![CDATA[5C40CF085DCA477AB9DA89559237F7EB]]></AD_MODULE_ID>
<!--BDAF3CA50D574E6789EA81351924BE51-->  <ISGLOSSARY><![CDATA[N]]></ISGLOSSARY>
<!--BDAF3CA50D574E6789EA81351924BE51--></AD_ELEMENT>

<!--C48E95A7B1FE4577B09544DF5A85D39E--><AD_ELEMENT>
<!--C48E95A7B1FE4577B09544DF5A85D39E-->  <AD_ELEMENT_ID><![CDATA[C48E95A7B1FE4577B09544DF5A85D39E]]></AD_ELEMENT_ID>
<!--C48E95A7B1FE4577B09544DF5A85D39E-->  <AD_CLIENT_ID><![CDATA[0]]></AD_CLIENT_ID>
<!--C48E95A7B1FE4577B09544DF5A85D39E-->  <AD_ORG_ID><![CDATA[0]]></AD_ORG_ID>
<!--C48E95A7B1FE4577B09544DF5A85D39E-->  <ISACTIVE><![CDATA[Y]]></ISACTIVE>
<!--C48E95A7B1FE4577B09544DF5A85D39E-->  <COLUMNNAME><![CDATA[EM_Cam_Manufacturer_ID]]></COLUMNNAME>
<!--C48E95A7B1FE4577B09544DF5A85D39E-->  <NAME><![CDATA[Manufacturer]]></NAME>
<!--C48E95A7B1FE4577B09544DF5A85D39E-->  <PRINTNAME><![CDATA[Manufacturer]]></PRINTNAME>
<!--C48E95A7B1FE4577B09544DF5A85D39E-->  <AD_MODULE_ID><![CDATA[5C40CF085DCA477AB9DA89559237F7EB]]></AD_MODULE_ID>
<!--C48E95A7B1FE4577B09544DF5A85D39E-->  <ISGLOSSARY><![CDATA[N]]></ISGLOSSARY>
<!--C48E95A7B1FE4577B09544DF5A85D39E--></AD_ELEMENT>

<!--D1A0C4FFB7FA4FDCBAB7448D4264A935--><AD_ELEMENT>
<!--D1A0C4FFB7FA4FDCBAB7448D4264A935-->  <AD_ELEMENT_ID><![CDATA[D1A0C4FFB7FA4FDCBAB7448D4264A935]]></AD_ELEMENT_ID>
<!--D1A0C4FFB7FA4FDCBAB7448D4264A935-->  <AD_CLIENT_ID><![CDATA[0]]></AD_CLIENT_ID>
<!--D1A0C4FFB7FA4FDCBAB7448D4264A935-->  <AD_ORG_ID><![CDATA[0]]></AD_ORG_ID>
<!--D1A0C4FFB7FA4FDCBAB7448D4264A935-->  <ISACTIVE><![CDATA[Y]]></ISACTIVE>
<!--D1A0C4FFB7FA4FDCBAB7448D4264A935-->  <COLUMNNAME><![CDATA[CAM_Location_ID]]></COLUMNNAME>
<!--D1A0C4FFB7FA4FDCBAB7448D4264A935-->  <NAME><![CDATA[Asset Location]]></NAME>
<!--D1A0C4FFB7FA4FDCBAB7448D4264A935-->  <PRINTNAME><![CDATA[Asset Location]]></PRINTNAME>
<!--D1A0C4FFB7FA4FDCBAB7448D4264A935-->  <AD_MODULE_ID><![CDATA[5C40CF085DCA477AB9DA89559237F7EB]]></AD_MODULE_ID>
<!--D1A0C4FFB7FA4FDCBAB7448D4264A935-->  <ISGLOSSARY><![CDATA[N]]></ISGLOSSARY>
<!--D1A0C4FFB7FA4FDCBAB7448D4264A935--></AD_ELEMENT>

<!--D36ECE343DDF4E549D8FA55363DB2F97--><AD_ELEMENT>
<!--D36ECE343DDF4E549D8FA55363DB2F97-->  <AD_ELEMENT_ID><![CDATA[D36ECE343DDF4E549D8FA55363DB2F97]]></AD_ELEMENT_ID>
<!--D36ECE343DDF4E549D8FA55363DB2F97-->  <AD_CLIENT_ID><![CDATA[0]]></AD_CLIENT_ID>
<!--D36ECE343DDF4E549D8FA55363DB2F97-->  <AD_ORG_ID><![CDATA[0]]></AD_ORG_ID>
<!--D36ECE343DDF4E549D8FA55363DB2F97-->  <ISACTIVE><![CDATA[Y]]></ISACTIVE>
<!--D36ECE343DDF4E549D8FA55363DB2F97-->  <COLUMNNAME><![CDATA[em_cam_primaryuser]]></COLUMNNAME>
<!--D36ECE343DDF4E549D8FA55363DB2F97-->  <NAME><![CDATA[Primary User]]></NAME>
<!--D36ECE343DDF4E549D8FA55363DB2F97-->  <PRINTNAME><![CDATA[Primary User]]></PRINTNAME>
<!--D36ECE343DDF4E549D8FA55363DB2F97-->  <AD_MODULE_ID><![CDATA[5C40CF085DCA477AB9DA89559237F7EB]]></AD_MODULE_ID>
<!--D36ECE343DDF4E549D8FA55363DB2F97-->  <ISGLOSSARY><![CDATA[N]]></ISGLOSSARY>
<!--D36ECE343DDF4E549D8FA55363DB2F97--></AD_ELEMENT>

<!--D65796C8812F4AF4804D1D1E882265BC--><AD_ELEMENT>
<!--D65796C8812F4AF4804D1D1E882265BC-->  <AD_ELEMENT_ID><![CDATA[D65796C8812F4AF4804D1D1E882265BC]]></AD_ELEMENT_ID>
<!--D65796C8812F4AF4804D1D1E882265BC-->  <AD_CLIENT_ID><![CDATA[0]]></AD_CLIENT_ID>
<!--D65796C8812F4AF4804D1D1E882265BC-->  <AD_ORG_ID><![CDATA[0]]></AD_ORG_ID>
<!--D65796C8812F4AF4804D1D1E882265BC-->  <ISACTIVE><![CDATA[Y]]></ISACTIVE>
<!--D65796C8812F4AF4804D1D1E882265BC-->  <COLUMNNAME><![CDATA[isassetopname]]></COLUMNNAME>
<!--D65796C8812F4AF4804D1D1E882265BC-->  <NAME><![CDATA[Is Asset Opname]]></NAME>
<!--D65796C8812F4AF4804D1D1E882265BC-->  <PRINTNAME><![CDATA[Is Asset Opname]]></PRINTNAME>
<!--D65796C8812F4AF4804D1D1E882265BC-->  <AD_MODULE_ID><![CDATA[5C40CF085DCA477AB9DA89559237F7EB]]></AD_MODULE_ID>
<!--D65796C8812F4AF4804D1D1E882265BC-->  <ISGLOSSARY><![CDATA[N]]></ISGLOSSARY>
<!--D65796C8812F4AF4804D1D1E882265BC--></AD_ELEMENT>

<!--DB79ACCDDD9D44FC82D6432C7E5A238C--><AD_ELEMENT>
<!--DB79ACCDDD9D44FC82D6432C7E5A238C-->  <AD_ELEMENT_ID><![CDATA[DB79ACCDDD9D44FC82D6432C7E5A238C]]></AD_ELEMENT_ID>
<!--DB79ACCDDD9D44FC82D6432C7E5A238C-->  <AD_CLIENT_ID><![CDATA[0]]></AD_CLIENT_ID>
<!--DB79ACCDDD9D44FC82D6432C7E5A238C-->  <AD_ORG_ID><![CDATA[0]]></AD_ORG_ID>
<!--DB79ACCDDD9D44FC82D6432C7E5A238C-->  <ISACTIVE><![CDATA[Y]]></ISACTIVE>
<!--DB79ACCDDD9D44FC82D6432C7E5A238C-->  <COLUMNNAME><![CDATA[em_cam_assettype]]></COLUMNNAME>
<!--DB79ACCDDD9D44FC82D6432C7E5A238C-->  <NAME><![CDATA[Asset Type]]></NAME>
<!--DB79ACCDDD9D44FC82D6432C7E5A238C-->  <PRINTNAME><![CDATA[Asset Type]]></PRINTNAME>
<!--DB79ACCDDD9D44FC82D6432C7E5A238C-->  <AD_MODULE_ID><![CDATA[5C40CF085DCA477AB9DA89559237F7EB]]></AD_MODULE_ID>
<!--DB79ACCDDD9D44FC82D6432C7E5A238C-->  <ISGLOSSARY><![CDATA[N]]></ISGLOSSARY>
<!--DB79ACCDDD9D44FC82D6432C7E5A238C--></AD_ELEMENT>

<!--E208B60125034F0CA8922562619C65A0--><AD_ELEMENT>
<!--E208B60125034F0CA8922562619C65A0-->  <AD_ELEMENT_ID><![CDATA[E208B60125034F0CA8922562619C65A0]]></AD_ELEMENT_ID>
<!--E208B60125034F0CA8922562619C65A0-->  <AD_CLIENT_ID><![CDATA[0]]></AD_CLIENT_ID>
<!--E208B60125034F0CA8922562619C65A0-->  <AD_ORG_ID><![CDATA[0]]></AD_ORG_ID>
<!--E208B60125034F0CA8922562619C65A0-->  <ISACTIVE><![CDATA[Y]]></ISACTIVE>
<!--E208B60125034F0CA8922562619C65A0-->  <COLUMNNAME><![CDATA[Metertype]]></COLUMNNAME>
<!--E208B60125034F0CA8922562619C65A0-->  <NAME><![CDATA[Meter Type]]></NAME>
<!--E208B60125034F0CA8922562619C65A0-->  <PRINTNAME><![CDATA[Meter Type]]></PRINTNAME>
<!--E208B60125034F0CA8922562619C65A0-->  <AD_MODULE_ID><![CDATA[5C40CF085DCA477AB9DA89559237F7EB]]></AD_MODULE_ID>
<!--E208B60125034F0CA8922562619C65A0-->  <ISGLOSSARY><![CDATA[N]]></ISGLOSSARY>
<!--E208B60125034F0CA8922562619C65A0--></AD_ELEMENT>

<!--ECEDDA6494754B0DB299B921996AB46F--><AD_ELEMENT>
<!--ECEDDA6494754B0DB299B921996AB46F-->  <AD_ELEMENT_ID><![CDATA[ECEDDA6494754B0DB299B921996AB46F]]></AD_ELEMENT_ID>
<!--ECEDDA6494754B0DB299B921996AB46F-->  <AD_CLIENT_ID><![CDATA[0]]></AD_CLIENT_ID>
<!--ECEDDA6494754B0DB299B921996AB46F-->  <AD_ORG_ID><![CDATA[0]]></AD_ORG_ID>
<!--ECEDDA6494754B0DB299B921996AB46F-->  <ISACTIVE><![CDATA[Y]]></ISACTIVE>
<!--ECEDDA6494754B0DB299B921996AB46F-->  <COLUMNNAME><![CDATA[CAM_Meter_ID]]></COLUMNNAME>
<!--ECEDDA6494754B0DB299B921996AB46F-->  <NAME><![CDATA[Meter]]></NAME>
<!--ECEDDA6494754B0DB299B921996AB46F-->  <PRINTNAME><![CDATA[Meter]]></PRINTNAME>
<!--ECEDDA6494754B0DB299B921996AB46F-->  <AD_MODULE_ID><![CDATA[5C40CF085DCA477AB9DA89559237F7EB]]></AD_MODULE_ID>
<!--ECEDDA6494754B0DB299B921996AB46F-->  <ISGLOSSARY><![CDATA[N]]></ISGLOSSARY>
<!--ECEDDA6494754B0DB299B921996AB46F--></AD_ELEMENT>

<!--F6E1152319D84B58872CF6EA8114DF1A--><AD_ELEMENT>
<!--F6E1152319D84B58872CF6EA8114DF1A-->  <AD_ELEMENT_ID><![CDATA[F6E1152319D84B58872CF6EA8114DF1A]]></AD_ELEMENT_ID>
<!--F6E1152319D84B58872CF6EA8114DF1A-->  <AD_CLIENT_ID><![CDATA[0]]></AD_CLIENT_ID>
<!--F6E1152319D84B58872CF6EA8114DF1A-->  <AD_ORG_ID><![CDATA[0]]></AD_ORG_ID>
<!--F6E1152319D84B58872CF6EA8114DF1A-->  <ISACTIVE><![CDATA[Y]]></ISACTIVE>
<!--F6E1152319D84B58872CF6EA8114DF1A-->  <COLUMNNAME><![CDATA[em_cam_custodian_id]]></COLUMNNAME>
<!--F6E1152319D84B58872CF6EA8114DF1A-->  <NAME><![CDATA[Asset Custodian]]></NAME>
<!--F6E1152319D84B58872CF6EA8114DF1A-->  <PRINTNAME><![CDATA[Asset Custodian]]></PRINTNAME>
<!--F6E1152319D84B58872CF6EA8114DF1A-->  <AD_MODULE_ID><![CDATA[5C40CF085DCA477AB9DA89559237F7EB]]></AD_MODULE_ID>
<!--F6E1152319D84B58872CF6EA8114DF1A-->  <ISGLOSSARY><![CDATA[N]]></ISGLOSSARY>
<!--F6E1152319D84B58872CF6EA8114DF1A--></AD_ELEMENT>

</data>
