<?xml version="1.0" encoding="UTF-8"?>
<data>
<!--1E556B86B03C47BA903FE54B33737D8E--><AD_FIELDGROUP>
<!--1E556B86B03C47BA903FE54B33737D8E-->  <AD_FIELDGROUP_ID><![CDATA[1E556B86B03C47BA903FE54B33737D8E]]></AD_FIELDGROUP_ID>
<!--1E556B86B03C47BA903FE54B33737D8E-->  <AD_CLIENT_ID><![CDATA[0]]></AD_CLIENT_ID>
<!--1E556B86B03C47BA903FE54B33737D8E-->  <AD_ORG_ID><![CDATA[0]]></AD_ORG_ID>
<!--1E556B86B03C47BA903FE54B33737D8E-->  <ISACTIVE><![CDATA[Y]]></ISACTIVE>
<!--1E556B86B03C47BA903FE54B33737D8E-->  <NAME><![CDATA[Downtime]]></NAME>
<!--1E556B86B03C47BA903FE54B33737D8E-->  <AD_MODULE_ID><![CDATA[5C40CF085DCA477AB9DA89559237F7EB]]></AD_MODULE_ID>
<!--1E556B86B03C47BA903FE54B33737D8E-->  <ISCOLLAPSED><![CDATA[Y]]></ISCOLLAPSED>
<!--1E556B86B03C47BA903FE54B33737D8E--></AD_FIELDGROUP>

<!--557BF4F3762C4F47931E78E1898F6A1D--><AD_FIELDGROUP>
<!--557BF4F3762C4F47931E78E1898F6A1D-->  <AD_FIELDGROUP_ID><![CDATA[557BF4F3762C4F47931E78E1898F6A1D]]></AD_FIELDGROUP_ID>
<!--557BF4F3762C4F47931E78E1898F6A1D-->  <AD_CLIENT_ID><![CDATA[0]]></AD_CLIENT_ID>
<!--557BF4F3762C4F47931E78E1898F6A1D-->  <AD_ORG_ID><![CDATA[0]]></AD_ORG_ID>
<!--557BF4F3762C4F47931E78E1898F6A1D-->  <ISACTIVE><![CDATA[Y]]></ISACTIVE>
<!--557BF4F3762C4F47931E78E1898F6A1D-->  <NAME><![CDATA[Depreciation]]></NAME>
<!--557BF4F3762C4F47931E78E1898F6A1D-->  <AD_MODULE_ID><![CDATA[5C40CF085DCA477AB9DA89559237F7EB]]></AD_MODULE_ID>
<!--557BF4F3762C4F47931E78E1898F6A1D-->  <ISCOLLAPSED><![CDATA[Y]]></ISCOLLAPSED>
<!--557BF4F3762C4F47931E78E1898F6A1D--></AD_FIELDGROUP>

<!--68218C0F15AF40E88BF5FBDC52E64B26--><AD_FIELDGROUP>
<!--68218C0F15AF40E88BF5FBDC52E64B26-->  <AD_FIELDGROUP_ID><![CDATA[68218C0F15AF40E88BF5FBDC52E64B26]]></AD_FIELDGROUP_ID>
<!--68218C0F15AF40E88BF5FBDC52E64B26-->  <AD_CLIENT_ID><![CDATA[0]]></AD_CLIENT_ID>
<!--68218C0F15AF40E88BF5FBDC52E64B26-->  <AD_ORG_ID><![CDATA[0]]></AD_ORG_ID>
<!--68218C0F15AF40E88BF5FBDC52E64B26-->  <ISACTIVE><![CDATA[Y]]></ISACTIVE>
<!--68218C0F15AF40E88BF5FBDC52E64B26-->  <NAME><![CDATA[Purchase Information]]></NAME>
<!--68218C0F15AF40E88BF5FBDC52E64B26-->  <AD_MODULE_ID><![CDATA[5C40CF085DCA477AB9DA89559237F7EB]]></AD_MODULE_ID>
<!--68218C0F15AF40E88BF5FBDC52E64B26-->  <ISCOLLAPSED><![CDATA[Y]]></ISCOLLAPSED>
<!--68218C0F15AF40E88BF5FBDC52E64B26--></AD_FIELDGROUP>

<!--CBC7F6413DBC42DB9895674C96F0FF41--><AD_FIELDGROUP>
<!--CBC7F6413DBC42DB9895674C96F0FF41-->  <AD_FIELDGROUP_ID><![CDATA[CBC7F6413DBC42DB9895674C96F0FF41]]></AD_FIELDGROUP_ID>
<!--CBC7F6413DBC42DB9895674C96F0FF41-->  <AD_CLIENT_ID><![CDATA[0]]></AD_CLIENT_ID>
<!--CBC7F6413DBC42DB9895674C96F0FF41-->  <AD_ORG_ID><![CDATA[0]]></AD_ORG_ID>
<!--CBC7F6413DBC42DB9895674C96F0FF41-->  <ISACTIVE><![CDATA[Y]]></ISACTIVE>
<!--CBC7F6413DBC42DB9895674C96F0FF41-->  <NAME><![CDATA[Cost]]></NAME>
<!--CBC7F6413DBC42DB9895674C96F0FF41-->  <AD_MODULE_ID><![CDATA[5C40CF085DCA477AB9DA89559237F7EB]]></AD_MODULE_ID>
<!--CBC7F6413DBC42DB9895674C96F0FF41-->  <ISCOLLAPSED><![CDATA[Y]]></ISCOLLAPSED>
<!--CBC7F6413DBC42DB9895674C96F0FF41--></AD_FIELDGROUP>

</data>
