<?xml version="1.0" encoding="UTF-8"?>
<data>
<!--06A6BB2708B146C09BF53FA90F8AAC20--><AD_MENU>
<!--06A6BB2708B146C09BF53FA90F8AAC20-->  <AD_MENU_ID><![CDATA[06A6BB2708B146C09BF53FA90F8AAC20]]></AD_MENU_ID>
<!--06A6BB2708B146C09BF53FA90F8AAC20-->  <AD_CLIENT_ID><![CDATA[0]]></AD_CLIENT_ID>
<!--06A6BB2708B146C09BF53FA90F8AAC20-->  <AD_ORG_ID><![CDATA[0]]></AD_ORG_ID>
<!--06A6BB2708B146C09BF53FA90F8AAC20-->  <ISACTIVE><![CDATA[Y]]></ISACTIVE>
<!--06A6BB2708B146C09BF53FA90F8AAC20-->  <NAME><![CDATA[Asset Location]]></NAME>
<!--06A6BB2708B146C09BF53FA90F8AAC20-->  <ISSUMMARY><![CDATA[N]]></ISSUMMARY>
<!--06A6BB2708B146C09BF53FA90F8AAC20-->  <ACTION><![CDATA[W]]></ACTION>
<!--06A6BB2708B146C09BF53FA90F8AAC20-->  <AD_WINDOW_ID><![CDATA[CA14B7BB5AA745049DBE91F4C91EA9B6]]></AD_WINDOW_ID>
<!--06A6BB2708B146C09BF53FA90F8AAC20-->  <AD_MODULE_ID><![CDATA[5C40CF085DCA477AB9DA89559237F7EB]]></AD_MODULE_ID>
<!--06A6BB2708B146C09BF53FA90F8AAC20-->  <OPENLINKINBROWSER><![CDATA[N]]></OPENLINKINBROWSER>
<!--06A6BB2708B146C09BF53FA90F8AAC20--></AD_MENU>

<!--097F7FDD40F047AE8DB29FC10BAA0734--><AD_MENU>
<!--097F7FDD40F047AE8DB29FC10BAA0734-->  <AD_MENU_ID><![CDATA[097F7FDD40F047AE8DB29FC10BAA0734]]></AD_MENU_ID>
<!--097F7FDD40F047AE8DB29FC10BAA0734-->  <AD_CLIENT_ID><![CDATA[0]]></AD_CLIENT_ID>
<!--097F7FDD40F047AE8DB29FC10BAA0734-->  <AD_ORG_ID><![CDATA[0]]></AD_ORG_ID>
<!--097F7FDD40F047AE8DB29FC10BAA0734-->  <ISACTIVE><![CDATA[Y]]></ISACTIVE>
<!--097F7FDD40F047AE8DB29FC10BAA0734-->  <NAME><![CDATA[Asset Print]]></NAME>
<!--097F7FDD40F047AE8DB29FC10BAA0734-->  <ISSUMMARY><![CDATA[N]]></ISSUMMARY>
<!--097F7FDD40F047AE8DB29FC10BAA0734-->  <ACTION><![CDATA[W]]></ACTION>
<!--097F7FDD40F047AE8DB29FC10BAA0734-->  <AD_WINDOW_ID><![CDATA[CEDD67DCA2064B54BD39C0CB14A51C7D]]></AD_WINDOW_ID>
<!--097F7FDD40F047AE8DB29FC10BAA0734-->  <AD_MODULE_ID><![CDATA[5C40CF085DCA477AB9DA89559237F7EB]]></AD_MODULE_ID>
<!--097F7FDD40F047AE8DB29FC10BAA0734-->  <OPENLINKINBROWSER><![CDATA[N]]></OPENLINKINBROWSER>
<!--097F7FDD40F047AE8DB29FC10BAA0734--></AD_MENU>

<!--35CF814692394CA1BB1DCA1361308F8B--><AD_MENU>
<!--35CF814692394CA1BB1DCA1361308F8B-->  <AD_MENU_ID><![CDATA[35CF814692394CA1BB1DCA1361308F8B]]></AD_MENU_ID>
<!--35CF814692394CA1BB1DCA1361308F8B-->  <AD_CLIENT_ID><![CDATA[0]]></AD_CLIENT_ID>
<!--35CF814692394CA1BB1DCA1361308F8B-->  <AD_ORG_ID><![CDATA[0]]></AD_ORG_ID>
<!--35CF814692394CA1BB1DCA1361308F8B-->  <ISACTIVE><![CDATA[Y]]></ISACTIVE>
<!--35CF814692394CA1BB1DCA1361308F8B-->  <NAME><![CDATA[Meter Group]]></NAME>
<!--35CF814692394CA1BB1DCA1361308F8B-->  <ISSUMMARY><![CDATA[N]]></ISSUMMARY>
<!--35CF814692394CA1BB1DCA1361308F8B-->  <ACTION><![CDATA[W]]></ACTION>
<!--35CF814692394CA1BB1DCA1361308F8B-->  <AD_WINDOW_ID><![CDATA[381F16FAEFF54FF2BEF7EAEE7D4549A8]]></AD_WINDOW_ID>
<!--35CF814692394CA1BB1DCA1361308F8B-->  <AD_MODULE_ID><![CDATA[5C40CF085DCA477AB9DA89559237F7EB]]></AD_MODULE_ID>
<!--35CF814692394CA1BB1DCA1361308F8B-->  <OPENLINKINBROWSER><![CDATA[N]]></OPENLINKINBROWSER>
<!--35CF814692394CA1BB1DCA1361308F8B--></AD_MENU>

<!--36782DF8D7864634AFEB6AFF9C04159B--><AD_MENU>
<!--36782DF8D7864634AFEB6AFF9C04159B-->  <AD_MENU_ID><![CDATA[36782DF8D7864634AFEB6AFF9C04159B]]></AD_MENU_ID>
<!--36782DF8D7864634AFEB6AFF9C04159B-->  <AD_CLIENT_ID><![CDATA[0]]></AD_CLIENT_ID>
<!--36782DF8D7864634AFEB6AFF9C04159B-->  <AD_ORG_ID><![CDATA[0]]></AD_ORG_ID>
<!--36782DF8D7864634AFEB6AFF9C04159B-->  <ISACTIVE><![CDATA[Y]]></ISACTIVE>
<!--36782DF8D7864634AFEB6AFF9C04159B-->  <NAME><![CDATA[Setup]]></NAME>
<!--36782DF8D7864634AFEB6AFF9C04159B-->  <ISSUMMARY><![CDATA[Y]]></ISSUMMARY>
<!--36782DF8D7864634AFEB6AFF9C04159B-->  <AD_MODULE_ID><![CDATA[5C40CF085DCA477AB9DA89559237F7EB]]></AD_MODULE_ID>
<!--36782DF8D7864634AFEB6AFF9C04159B-->  <OPENLINKINBROWSER><![CDATA[N]]></OPENLINKINBROWSER>
<!--36782DF8D7864634AFEB6AFF9C04159B--></AD_MENU>

<!--7E1F30715F704CA7A3A39822446BECB9--><AD_MENU>
<!--7E1F30715F704CA7A3A39822446BECB9-->  <AD_MENU_ID><![CDATA[7E1F30715F704CA7A3A39822446BECB9]]></AD_MENU_ID>
<!--7E1F30715F704CA7A3A39822446BECB9-->  <AD_CLIENT_ID><![CDATA[0]]></AD_CLIENT_ID>
<!--7E1F30715F704CA7A3A39822446BECB9-->  <AD_ORG_ID><![CDATA[0]]></AD_ORG_ID>
<!--7E1F30715F704CA7A3A39822446BECB9-->  <ISACTIVE><![CDATA[Y]]></ISACTIVE>
<!--7E1F30715F704CA7A3A39822446BECB9-->  <NAME><![CDATA[Work Order Group]]></NAME>
<!--7E1F30715F704CA7A3A39822446BECB9-->  <ISSUMMARY><![CDATA[N]]></ISSUMMARY>
<!--7E1F30715F704CA7A3A39822446BECB9-->  <ACTION><![CDATA[W]]></ACTION>
<!--7E1F30715F704CA7A3A39822446BECB9-->  <AD_WINDOW_ID><![CDATA[04FF26E125B64F50B729DF8F45A5C40C]]></AD_WINDOW_ID>
<!--7E1F30715F704CA7A3A39822446BECB9-->  <AD_MODULE_ID><![CDATA[5C40CF085DCA477AB9DA89559237F7EB]]></AD_MODULE_ID>
<!--7E1F30715F704CA7A3A39822446BECB9-->  <OPENLINKINBROWSER><![CDATA[N]]></OPENLINKINBROWSER>
<!--7E1F30715F704CA7A3A39822446BECB9--></AD_MENU>

<!--85276D77367A4E7A9EAF7BC44767FAF8--><AD_MENU>
<!--85276D77367A4E7A9EAF7BC44767FAF8-->  <AD_MENU_ID><![CDATA[85276D77367A4E7A9EAF7BC44767FAF8]]></AD_MENU_ID>
<!--85276D77367A4E7A9EAF7BC44767FAF8-->  <AD_CLIENT_ID><![CDATA[0]]></AD_CLIENT_ID>
<!--85276D77367A4E7A9EAF7BC44767FAF8-->  <AD_ORG_ID><![CDATA[0]]></AD_ORG_ID>
<!--85276D77367A4E7A9EAF7BC44767FAF8-->  <ISACTIVE><![CDATA[Y]]></ISACTIVE>
<!--85276D77367A4E7A9EAF7BC44767FAF8-->  <NAME><![CDATA[Work Order Report]]></NAME>
<!--85276D77367A4E7A9EAF7BC44767FAF8-->  <DESCRIPTION><![CDATA[Work Order Report]]></DESCRIPTION>
<!--85276D77367A4E7A9EAF7BC44767FAF8-->  <ISSUMMARY><![CDATA[N]]></ISSUMMARY>
<!--85276D77367A4E7A9EAF7BC44767FAF8-->  <ACTION><![CDATA[P]]></ACTION>
<!--85276D77367A4E7A9EAF7BC44767FAF8-->  <AD_PROCESS_ID><![CDATA[21178259304B46DF9EB234CCC094623E]]></AD_PROCESS_ID>
<!--85276D77367A4E7A9EAF7BC44767FAF8-->  <AD_MODULE_ID><![CDATA[5C40CF085DCA477AB9DA89559237F7EB]]></AD_MODULE_ID>
<!--85276D77367A4E7A9EAF7BC44767FAF8-->  <OPENLINKINBROWSER><![CDATA[N]]></OPENLINKINBROWSER>
<!--85276D77367A4E7A9EAF7BC44767FAF8--></AD_MENU>

<!--B8AE37AE43F843CBB96A4979417569B4--><AD_MENU>
<!--B8AE37AE43F843CBB96A4979417569B4-->  <AD_MENU_ID><![CDATA[B8AE37AE43F843CBB96A4979417569B4]]></AD_MENU_ID>
<!--B8AE37AE43F843CBB96A4979417569B4-->  <AD_CLIENT_ID><![CDATA[0]]></AD_CLIENT_ID>
<!--B8AE37AE43F843CBB96A4979417569B4-->  <AD_ORG_ID><![CDATA[0]]></AD_ORG_ID>
<!--B8AE37AE43F843CBB96A4979417569B4-->  <ISACTIVE><![CDATA[Y]]></ISACTIVE>
<!--B8AE37AE43F843CBB96A4979417569B4-->  <NAME><![CDATA[Meter]]></NAME>
<!--B8AE37AE43F843CBB96A4979417569B4-->  <ISSUMMARY><![CDATA[N]]></ISSUMMARY>
<!--B8AE37AE43F843CBB96A4979417569B4-->  <ACTION><![CDATA[W]]></ACTION>
<!--B8AE37AE43F843CBB96A4979417569B4-->  <AD_WINDOW_ID><![CDATA[91119A657A1F44D18FD23174E8C8D193]]></AD_WINDOW_ID>
<!--B8AE37AE43F843CBB96A4979417569B4-->  <AD_MODULE_ID><![CDATA[5C40CF085DCA477AB9DA89559237F7EB]]></AD_MODULE_ID>
<!--B8AE37AE43F843CBB96A4979417569B4-->  <OPENLINKINBROWSER><![CDATA[N]]></OPENLINKINBROWSER>
<!--B8AE37AE43F843CBB96A4979417569B4--></AD_MENU>

<!--E0468E5DD18E4797AD87AEC8B1D79DBD--><AD_MENU>
<!--E0468E5DD18E4797AD87AEC8B1D79DBD-->  <AD_MENU_ID><![CDATA[E0468E5DD18E4797AD87AEC8B1D79DBD]]></AD_MENU_ID>
<!--E0468E5DD18E4797AD87AEC8B1D79DBD-->  <AD_CLIENT_ID><![CDATA[0]]></AD_CLIENT_ID>
<!--E0468E5DD18E4797AD87AEC8B1D79DBD-->  <AD_ORG_ID><![CDATA[0]]></AD_ORG_ID>
<!--E0468E5DD18E4797AD87AEC8B1D79DBD-->  <ISACTIVE><![CDATA[Y]]></ISACTIVE>
<!--E0468E5DD18E4797AD87AEC8B1D79DBD-->  <NAME><![CDATA[Work Order]]></NAME>
<!--E0468E5DD18E4797AD87AEC8B1D79DBD-->  <ISSUMMARY><![CDATA[N]]></ISSUMMARY>
<!--E0468E5DD18E4797AD87AEC8B1D79DBD-->  <ACTION><![CDATA[W]]></ACTION>
<!--E0468E5DD18E4797AD87AEC8B1D79DBD-->  <AD_WINDOW_ID><![CDATA[3B44E6DBB1BF4E1E9C2AF77F45FD9615]]></AD_WINDOW_ID>
<!--E0468E5DD18E4797AD87AEC8B1D79DBD-->  <AD_MODULE_ID><![CDATA[5C40CF085DCA477AB9DA89559237F7EB]]></AD_MODULE_ID>
<!--E0468E5DD18E4797AD87AEC8B1D79DBD-->  <OPENLINKINBROWSER><![CDATA[N]]></OPENLINKINBROWSER>
<!--E0468E5DD18E4797AD87AEC8B1D79DBD--></AD_MENU>

<!--F2DB8D01CBDB45F18A66BC04DDD72153--><AD_MENU>
<!--F2DB8D01CBDB45F18A66BC04DDD72153-->  <AD_MENU_ID><![CDATA[F2DB8D01CBDB45F18A66BC04DDD72153]]></AD_MENU_ID>
<!--F2DB8D01CBDB45F18A66BC04DDD72153-->  <AD_CLIENT_ID><![CDATA[0]]></AD_CLIENT_ID>
<!--F2DB8D01CBDB45F18A66BC04DDD72153-->  <AD_ORG_ID><![CDATA[0]]></AD_ORG_ID>
<!--F2DB8D01CBDB45F18A66BC04DDD72153-->  <ISACTIVE><![CDATA[Y]]></ISACTIVE>
<!--F2DB8D01CBDB45F18A66BC04DDD72153-->  <NAME><![CDATA[Work Order Asset View]]></NAME>
<!--F2DB8D01CBDB45F18A66BC04DDD72153-->  <ISSUMMARY><![CDATA[N]]></ISSUMMARY>
<!--F2DB8D01CBDB45F18A66BC04DDD72153-->  <ACTION><![CDATA[W]]></ACTION>
<!--F2DB8D01CBDB45F18A66BC04DDD72153-->  <AD_WINDOW_ID><![CDATA[F168D35B32EC410CA9D1CA7204B3D32E]]></AD_WINDOW_ID>
<!--F2DB8D01CBDB45F18A66BC04DDD72153-->  <AD_MODULE_ID><![CDATA[5C40CF085DCA477AB9DA89559237F7EB]]></AD_MODULE_ID>
<!--F2DB8D01CBDB45F18A66BC04DDD72153-->  <OPENLINKINBROWSER><![CDATA[N]]></OPENLINKINBROWSER>
<!--F2DB8D01CBDB45F18A66BC04DDD72153--></AD_MENU>

</data>
