<?xml version="1.0" encoding="UTF-8"?>
<data>
<!--05037DFDB2BE43C081E179828B821A9C--><AD_MODULE_DEPENDENCY>
<!--05037DFDB2BE43C081E179828B821A9C-->  <AD_MODULE_DEPENDENCY_ID><![CDATA[05037DFDB2BE43C081E179828B821A9C]]></AD_MODULE_DEPENDENCY_ID>
<!--05037DFDB2BE43C081E179828B821A9C-->  <AD_CLIENT_ID><![CDATA[0]]></AD_CLIENT_ID>
<!--05037DFDB2BE43C081E179828B821A9C-->  <AD_ORG_ID><![CDATA[0]]></AD_ORG_ID>
<!--05037DFDB2BE43C081E179828B821A9C-->  <ISACTIVE><![CDATA[Y]]></ISACTIVE>
<!--05037DFDB2BE43C081E179828B821A9C-->  <AD_MODULE_ID><![CDATA[5C40CF085DCA477AB9DA89559237F7EB]]></AD_MODULE_ID>
<!--05037DFDB2BE43C081E179828B821A9C-->  <AD_DEPENDENT_MODULE_ID><![CDATA[93C60A4D594E491BB6274BCBF39713D8]]></AD_DEPENDENT_MODULE_ID>
<!--05037DFDB2BE43C081E179828B821A9C-->  <STARTVERSION><![CDATA[1.0.9]]></STARTVERSION>
<!--05037DFDB2BE43C081E179828B821A9C-->  <ISINCLUDED><![CDATA[N]]></ISINCLUDED>
<!--05037DFDB2BE43C081E179828B821A9C-->  <DEPENDANT_MODULE_NAME><![CDATA[Openbravo Wirabumi]]></DEPENDANT_MODULE_NAME>
<!--05037DFDB2BE43C081E179828B821A9C-->  <DEPENDENCY_ENFORCEMENT><![CDATA[MAJOR]]></DEPENDENCY_ENFORCEMENT>
<!--05037DFDB2BE43C081E179828B821A9C-->  <USER_EDITABLE_ENFORCEMENT><![CDATA[N]]></USER_EDITABLE_ENFORCEMENT>
<!--05037DFDB2BE43C081E179828B821A9C--></AD_MODULE_DEPENDENCY>

</data>
