<?xml version="1.0" encoding="UTF-8"?>
<data>
<!--03E598933D504611B15E0A4AA27CCD23--><AD_MODEL_OBJECT_MAPPING>
<!--03E598933D504611B15E0A4AA27CCD23-->  <AD_MODEL_OBJECT_MAPPING_ID><![CDATA[03E598933D504611B15E0A4AA27CCD23]]></AD_MODEL_OBJECT_MAPPING_ID>
<!--03E598933D504611B15E0A4AA27CCD23-->  <AD_CLIENT_ID><![CDATA[0]]></AD_CLIENT_ID>
<!--03E598933D504611B15E0A4AA27CCD23-->  <AD_ORG_ID><![CDATA[0]]></AD_ORG_ID>
<!--03E598933D504611B15E0A4AA27CCD23-->  <ISACTIVE><![CDATA[Y]]></ISACTIVE>
<!--03E598933D504611B15E0A4AA27CCD23-->  <AD_MODEL_OBJECT_ID><![CDATA[1783F35336EA409A9013217012C7A25A]]></AD_MODEL_OBJECT_ID>
<!--03E598933D504611B15E0A4AA27CCD23-->  <MAPPINGNAME><![CDATA[/org.wirabumi.cam.ad_callout/WorkOrderAssetCallout.html]]></MAPPINGNAME>
<!--03E598933D504611B15E0A4AA27CCD23-->  <ISDEFAULT><![CDATA[Y]]></ISDEFAULT>
<!--03E598933D504611B15E0A4AA27CCD23--></AD_MODEL_OBJECT_MAPPING>

</data>
