<?xml version="1.0" encoding="UTF-8"?>
<data>
<!--5C40CF085DCA477AB9DA89559237F7EB--><AD_MODULE>
<!--5C40CF085DCA477AB9DA89559237F7EB-->  <AD_MODULE_ID><![CDATA[5C40CF085DCA477AB9DA89559237F7EB]]></AD_MODULE_ID>
<!--5C40CF085DCA477AB9DA89559237F7EB-->  <AD_CLIENT_ID><![CDATA[0]]></AD_CLIENT_ID>
<!--5C40CF085DCA477AB9DA89559237F7EB-->  <AD_ORG_ID><![CDATA[0]]></AD_ORG_ID>
<!--5C40CF085DCA477AB9DA89559237F7EB-->  <ISACTIVE><![CDATA[Y]]></ISACTIVE>
<!--5C40CF085DCA477AB9DA89559237F7EB-->  <NAME><![CDATA[Enterprise Asset Management]]></NAME>
<!--5C40CF085DCA477AB9DA89559237F7EB-->  <VERSION><![CDATA[0.0.20]]></VERSION>
<!--5C40CF085DCA477AB9DA89559237F7EB-->  <DESCRIPTION><![CDATA[Enterprise asset management for Openbravo ERP]]></DESCRIPTION>
<!--5C40CF085DCA477AB9DA89559237F7EB-->  <URL><![CDATA[wirabumisoftware.com]]></URL>
<!--5C40CF085DCA477AB9DA89559237F7EB-->  <TYPE><![CDATA[M]]></TYPE>
<!--5C40CF085DCA477AB9DA89559237F7EB-->  <LICENSE><![CDATA[this module is distributed under GNU GPL v2]]></LICENSE>
<!--5C40CF085DCA477AB9DA89559237F7EB-->  <JAVAPACKAGE><![CDATA[org.wirabumi.cam]]></JAVAPACKAGE>
<!--5C40CF085DCA477AB9DA89559237F7EB-->  <LICENSETYPE><![CDATA[GPL2.0]]></LICENSETYPE>
<!--5C40CF085DCA477AB9DA89559237F7EB-->  <AUTHOR><![CDATA[Wirabumi Software]]></AUTHOR>
<!--5C40CF085DCA477AB9DA89559237F7EB-->  <ISTRANSLATIONREQUIRED><![CDATA[Y]]></ISTRANSLATIONREQUIRED>
<!--5C40CF085DCA477AB9DA89559237F7EB-->  <AD_LANGUAGE><![CDATA[en_US]]></AD_LANGUAGE>
<!--5C40CF085DCA477AB9DA89559237F7EB-->  <HASCHARTOFACCOUNTS><![CDATA[N]]></HASCHARTOFACCOUNTS>
<!--5C40CF085DCA477AB9DA89559237F7EB-->  <ISTRANSLATIONMODULE><![CDATA[N]]></ISTRANSLATIONMODULE>
<!--5C40CF085DCA477AB9DA89559237F7EB-->  <HASREFERENCEDATA><![CDATA[N]]></HASREFERENCEDATA>
<!--5C40CF085DCA477AB9DA89559237F7EB-->  <UPDATEINFO><![CDATA[please email me at zaien@wirabumisoftware.com]]></UPDATEINFO>
<!--5C40CF085DCA477AB9DA89559237F7EB-->  <ISCOMMERCIAL><![CDATA[N]]></ISCOMMERCIAL>
<!--5C40CF085DCA477AB9DA89559237F7EB-->  <ISTRIALALLOWED><![CDATA[N]]></ISTRIALALLOWED>
<!--5C40CF085DCA477AB9DA89559237F7EB--></AD_MODULE>

</data>
