<?xml version="1.0" encoding="UTF-8"?>
<data>
<!--1783F35336EA409A9013217012C7A25A--><AD_MODEL_OBJECT>
<!--1783F35336EA409A9013217012C7A25A-->  <AD_MODEL_OBJECT_ID><![CDATA[1783F35336EA409A9013217012C7A25A]]></AD_MODEL_OBJECT_ID>
<!--1783F35336EA409A9013217012C7A25A-->  <AD_CLIENT_ID><![CDATA[0]]></AD_CLIENT_ID>
<!--1783F35336EA409A9013217012C7A25A-->  <AD_ORG_ID><![CDATA[0]]></AD_ORG_ID>
<!--1783F35336EA409A9013217012C7A25A-->  <ISACTIVE><![CDATA[Y]]></ISACTIVE>
<!--1783F35336EA409A9013217012C7A25A-->  <ACTION><![CDATA[P]]></ACTION>
<!--1783F35336EA409A9013217012C7A25A-->  <CLASSNAME><![CDATA[org.wirabumi.cam.ad_callout.WorkOrderAssetCallout]]></CLASSNAME>
<!--1783F35336EA409A9013217012C7A25A-->  <ISDEFAULT><![CDATA[Y]]></ISDEFAULT>
<!--1783F35336EA409A9013217012C7A25A-->  <AD_CALLOUT_ID><![CDATA[F9ED8CAE54534AC4AB49B3F52C5243DD]]></AD_CALLOUT_ID>
<!--1783F35336EA409A9013217012C7A25A-->  <OBJECT_TYPE><![CDATA[S]]></OBJECT_TYPE>
<!--1783F35336EA409A9013217012C7A25A--></AD_MODEL_OBJECT>

<!--61C9A57737C5406A80EB92865FC60E15--><AD_MODEL_OBJECT>
<!--61C9A57737C5406A80EB92865FC60E15-->  <AD_MODEL_OBJECT_ID><![CDATA[61C9A57737C5406A80EB92865FC60E15]]></AD_MODEL_OBJECT_ID>
<!--61C9A57737C5406A80EB92865FC60E15-->  <AD_CLIENT_ID><![CDATA[0]]></AD_CLIENT_ID>
<!--61C9A57737C5406A80EB92865FC60E15-->  <AD_ORG_ID><![CDATA[0]]></AD_ORG_ID>
<!--61C9A57737C5406A80EB92865FC60E15-->  <ISACTIVE><![CDATA[Y]]></ISACTIVE>
<!--61C9A57737C5406A80EB92865FC60E15-->  <ACTION><![CDATA[P]]></ACTION>
<!--61C9A57737C5406A80EB92865FC60E15-->  <CLASSNAME><![CDATA[org.wirabumi.cam.process.PrintAssetBarcode]]></CLASSNAME>
<!--61C9A57737C5406A80EB92865FC60E15-->  <ISDEFAULT><![CDATA[Y]]></ISDEFAULT>
<!--61C9A57737C5406A80EB92865FC60E15-->  <AD_PROCESS_ID><![CDATA[E068B05336BC48459E3BF33241C67B04]]></AD_PROCESS_ID>
<!--61C9A57737C5406A80EB92865FC60E15-->  <OBJECT_TYPE><![CDATA[S]]></OBJECT_TYPE>
<!--61C9A57737C5406A80EB92865FC60E15--></AD_MODEL_OBJECT>

<!--6E4D6B4B1BA04DC68D8A45E57AEE33FF--><AD_MODEL_OBJECT>
<!--6E4D6B4B1BA04DC68D8A45E57AEE33FF-->  <AD_MODEL_OBJECT_ID><![CDATA[6E4D6B4B1BA04DC68D8A45E57AEE33FF]]></AD_MODEL_OBJECT_ID>
<!--6E4D6B4B1BA04DC68D8A45E57AEE33FF-->  <AD_CLIENT_ID><![CDATA[0]]></AD_CLIENT_ID>
<!--6E4D6B4B1BA04DC68D8A45E57AEE33FF-->  <AD_ORG_ID><![CDATA[0]]></AD_ORG_ID>
<!--6E4D6B4B1BA04DC68D8A45E57AEE33FF-->  <ISACTIVE><![CDATA[Y]]></ISACTIVE>
<!--6E4D6B4B1BA04DC68D8A45E57AEE33FF-->  <ACTION><![CDATA[P]]></ACTION>
<!--6E4D6B4B1BA04DC68D8A45E57AEE33FF-->  <CLASSNAME><![CDATA[org.wirabumi.cam.process.AssetLinearDepreciationMethodProcess]]></CLASSNAME>
<!--6E4D6B4B1BA04DC68D8A45E57AEE33FF-->  <ISDEFAULT><![CDATA[Y]]></ISDEFAULT>
<!--6E4D6B4B1BA04DC68D8A45E57AEE33FF-->  <AD_PROCESS_ID><![CDATA[8C6B905EDA8742A0ABF4092902D54090]]></AD_PROCESS_ID>
<!--6E4D6B4B1BA04DC68D8A45E57AEE33FF-->  <OBJECT_TYPE><![CDATA[S]]></OBJECT_TYPE>
<!--6E4D6B4B1BA04DC68D8A45E57AEE33FF--></AD_MODEL_OBJECT>

</data>
