<?xml version="1.0" encoding="UTF-8"?>
<data>
<!--0AED628444154FDD92B8B859F170E44C--><AD_MODULE_DBPREFIX>
<!--0AED628444154FDD92B8B859F170E44C-->  <AD_MODULE_DBPREFIX_ID><![CDATA[0AED628444154FDD92B8B859F170E44C]]></AD_MODULE_DBPREFIX_ID>
<!--0AED628444154FDD92B8B859F170E44C-->  <AD_CLIENT_ID><![CDATA[0]]></AD_CLIENT_ID>
<!--0AED628444154FDD92B8B859F170E44C-->  <AD_ORG_ID><![CDATA[0]]></AD_ORG_ID>
<!--0AED628444154FDD92B8B859F170E44C-->  <ISACTIVE><![CDATA[Y]]></ISACTIVE>
<!--0AED628444154FDD92B8B859F170E44C-->  <AD_MODULE_ID><![CDATA[5C40CF085DCA477AB9DA89559237F7EB]]></AD_MODULE_ID>
<!--0AED628444154FDD92B8B859F170E44C-->  <NAME><![CDATA[CAM]]></NAME>
<!--0AED628444154FDD92B8B859F170E44C--></AD_MODULE_DBPREFIX>

</data>
