<?xml version="1.0" encoding="UTF-8"?>
<data>
<!--088614827D1D4D77812CC631045088D1--><AD_PROCESS_PARA>
<!--088614827D1D4D77812CC631045088D1-->  <AD_PROCESS_PARA_ID><![CDATA[088614827D1D4D77812CC631045088D1]]></AD_PROCESS_PARA_ID>
<!--088614827D1D4D77812CC631045088D1-->  <AD_CLIENT_ID><![CDATA[0]]></AD_CLIENT_ID>
<!--088614827D1D4D77812CC631045088D1-->  <AD_ORG_ID><![CDATA[0]]></AD_ORG_ID>
<!--088614827D1D4D77812CC631045088D1-->  <ISACTIVE><![CDATA[Y]]></ISACTIVE>
<!--088614827D1D4D77812CC631045088D1-->  <NAME><![CDATA[Printer Port]]></NAME>
<!--088614827D1D4D77812CC631045088D1-->  <AD_PROCESS_ID><![CDATA[E068B05336BC48459E3BF33241C67B04]]></AD_PROCESS_ID>
<!--088614827D1D4D77812CC631045088D1-->  <SEQNO><![CDATA[20]]></SEQNO>
<!--088614827D1D4D77812CC631045088D1-->  <AD_REFERENCE_ID><![CDATA[10]]></AD_REFERENCE_ID>
<!--088614827D1D4D77812CC631045088D1-->  <COLUMNNAME><![CDATA[PRINTERPORT]]></COLUMNNAME>
<!--088614827D1D4D77812CC631045088D1-->  <ISCENTRALLYMAINTAINED><![CDATA[N]]></ISCENTRALLYMAINTAINED>
<!--088614827D1D4D77812CC631045088D1-->  <FIELDLENGTH><![CDATA[19]]></FIELDLENGTH>
<!--088614827D1D4D77812CC631045088D1-->  <ISMANDATORY><![CDATA[Y]]></ISMANDATORY>
<!--088614827D1D4D77812CC631045088D1-->  <ISRANGE><![CDATA[N]]></ISRANGE>
<!--088614827D1D4D77812CC631045088D1-->  <DEFAULTVALUE><![CDATA[@RAWTEXTPRINTERPORT@]]></DEFAULTVALUE>
<!--088614827D1D4D77812CC631045088D1-->  <AD_ELEMENT_ID><![CDATA[193C8F21B1244AB5A50C730F3211B961]]></AD_ELEMENT_ID>
<!--088614827D1D4D77812CC631045088D1--></AD_PROCESS_PARA>

<!--17C9F5EF2DBC4D37B8627E3FCFE877A4--><AD_PROCESS_PARA>
<!--17C9F5EF2DBC4D37B8627E3FCFE877A4-->  <AD_PROCESS_PARA_ID><![CDATA[17C9F5EF2DBC4D37B8627E3FCFE877A4]]></AD_PROCESS_PARA_ID>
<!--17C9F5EF2DBC4D37B8627E3FCFE877A4-->  <AD_CLIENT_ID><![CDATA[0]]></AD_CLIENT_ID>
<!--17C9F5EF2DBC4D37B8627E3FCFE877A4-->  <AD_ORG_ID><![CDATA[0]]></AD_ORG_ID>
<!--17C9F5EF2DBC4D37B8627E3FCFE877A4-->  <ISACTIVE><![CDATA[Y]]></ISACTIVE>
<!--17C9F5EF2DBC4D37B8627E3FCFE877A4-->  <NAME><![CDATA[Output type]]></NAME>
<!--17C9F5EF2DBC4D37B8627E3FCFE877A4-->  <HELP><![CDATA[Defines the output format type from the available list.]]></HELP>
<!--17C9F5EF2DBC4D37B8627E3FCFE877A4-->  <AD_PROCESS_ID><![CDATA[21178259304B46DF9EB234CCC094623E]]></AD_PROCESS_ID>
<!--17C9F5EF2DBC4D37B8627E3FCFE877A4-->  <SEQNO><![CDATA[30]]></SEQNO>
<!--17C9F5EF2DBC4D37B8627E3FCFE877A4-->  <AD_REFERENCE_ID><![CDATA[17]]></AD_REFERENCE_ID>
<!--17C9F5EF2DBC4D37B8627E3FCFE877A4-->  <AD_REFERENCE_VALUE_ID><![CDATA[800104]]></AD_REFERENCE_VALUE_ID>
<!--17C9F5EF2DBC4D37B8627E3FCFE877A4-->  <COLUMNNAME><![CDATA[outputType]]></COLUMNNAME>
<!--17C9F5EF2DBC4D37B8627E3FCFE877A4-->  <ISCENTRALLYMAINTAINED><![CDATA[Y]]></ISCENTRALLYMAINTAINED>
<!--17C9F5EF2DBC4D37B8627E3FCFE877A4-->  <FIELDLENGTH><![CDATA[60]]></FIELDLENGTH>
<!--17C9F5EF2DBC4D37B8627E3FCFE877A4-->  <ISMANDATORY><![CDATA[Y]]></ISMANDATORY>
<!--17C9F5EF2DBC4D37B8627E3FCFE877A4-->  <ISRANGE><![CDATA[N]]></ISRANGE>
<!--17C9F5EF2DBC4D37B8627E3FCFE877A4-->  <DEFAULTVALUE><![CDATA[pdf]]></DEFAULTVALUE>
<!--17C9F5EF2DBC4D37B8627E3FCFE877A4-->  <AD_ELEMENT_ID><![CDATA[800812]]></AD_ELEMENT_ID>
<!--17C9F5EF2DBC4D37B8627E3FCFE877A4--></AD_PROCESS_PARA>

<!--36A3B85E749541F5A1DE635AC418A050--><AD_PROCESS_PARA>
<!--36A3B85E749541F5A1DE635AC418A050-->  <AD_PROCESS_PARA_ID><![CDATA[36A3B85E749541F5A1DE635AC418A050]]></AD_PROCESS_PARA_ID>
<!--36A3B85E749541F5A1DE635AC418A050-->  <AD_CLIENT_ID><![CDATA[0]]></AD_CLIENT_ID>
<!--36A3B85E749541F5A1DE635AC418A050-->  <AD_ORG_ID><![CDATA[0]]></AD_ORG_ID>
<!--36A3B85E749541F5A1DE635AC418A050-->  <ISACTIVE><![CDATA[Y]]></ISACTIVE>
<!--36A3B85E749541F5A1DE635AC418A050-->  <NAME><![CDATA[Printer Address]]></NAME>
<!--36A3B85E749541F5A1DE635AC418A050-->  <AD_PROCESS_ID><![CDATA[E068B05336BC48459E3BF33241C67B04]]></AD_PROCESS_ID>
<!--36A3B85E749541F5A1DE635AC418A050-->  <SEQNO><![CDATA[10]]></SEQNO>
<!--36A3B85E749541F5A1DE635AC418A050-->  <AD_REFERENCE_ID><![CDATA[10]]></AD_REFERENCE_ID>
<!--36A3B85E749541F5A1DE635AC418A050-->  <COLUMNNAME><![CDATA[PRINTERADDRESS]]></COLUMNNAME>
<!--36A3B85E749541F5A1DE635AC418A050-->  <ISCENTRALLYMAINTAINED><![CDATA[N]]></ISCENTRALLYMAINTAINED>
<!--36A3B85E749541F5A1DE635AC418A050-->  <FIELDLENGTH><![CDATA[60]]></FIELDLENGTH>
<!--36A3B85E749541F5A1DE635AC418A050-->  <ISMANDATORY><![CDATA[Y]]></ISMANDATORY>
<!--36A3B85E749541F5A1DE635AC418A050-->  <ISRANGE><![CDATA[N]]></ISRANGE>
<!--36A3B85E749541F5A1DE635AC418A050-->  <DEFAULTVALUE><![CDATA[@RAWTEXTPRINTERADDRESS@]]></DEFAULTVALUE>
<!--36A3B85E749541F5A1DE635AC418A050-->  <AD_ELEMENT_ID><![CDATA[A458B74CF3F94AE893FCECD1CAC857AB]]></AD_ELEMENT_ID>
<!--36A3B85E749541F5A1DE635AC418A050--></AD_PROCESS_PARA>

<!--4E5D2A1ABD734A048C50B4E15E38F755--><AD_PROCESS_PARA>
<!--4E5D2A1ABD734A048C50B4E15E38F755-->  <AD_PROCESS_PARA_ID><![CDATA[4E5D2A1ABD734A048C50B4E15E38F755]]></AD_PROCESS_PARA_ID>
<!--4E5D2A1ABD734A048C50B4E15E38F755-->  <AD_CLIENT_ID><![CDATA[0]]></AD_CLIENT_ID>
<!--4E5D2A1ABD734A048C50B4E15E38F755-->  <AD_ORG_ID><![CDATA[0]]></AD_ORG_ID>
<!--4E5D2A1ABD734A048C50B4E15E38F755-->  <ISACTIVE><![CDATA[Y]]></ISACTIVE>
<!--4E5D2A1ABD734A048C50B4E15E38F755-->  <NAME><![CDATA[Ending Date]]></NAME>
<!--4E5D2A1ABD734A048C50B4E15E38F755-->  <DESCRIPTION><![CDATA[A parameter stating when a specified request will end.]]></DESCRIPTION>
<!--4E5D2A1ABD734A048C50B4E15E38F755-->  <HELP><![CDATA[The End Date indicates the last date in this range.]]></HELP>
<!--4E5D2A1ABD734A048C50B4E15E38F755-->  <AD_PROCESS_ID><![CDATA[21178259304B46DF9EB234CCC094623E]]></AD_PROCESS_ID>
<!--4E5D2A1ABD734A048C50B4E15E38F755-->  <SEQNO><![CDATA[20]]></SEQNO>
<!--4E5D2A1ABD734A048C50B4E15E38F755-->  <AD_REFERENCE_ID><![CDATA[15]]></AD_REFERENCE_ID>
<!--4E5D2A1ABD734A048C50B4E15E38F755-->  <COLUMNNAME><![CDATA[enddate]]></COLUMNNAME>
<!--4E5D2A1ABD734A048C50B4E15E38F755-->  <ISCENTRALLYMAINTAINED><![CDATA[Y]]></ISCENTRALLYMAINTAINED>
<!--4E5D2A1ABD734A048C50B4E15E38F755-->  <FIELDLENGTH><![CDATA[19]]></FIELDLENGTH>
<!--4E5D2A1ABD734A048C50B4E15E38F755-->  <ISMANDATORY><![CDATA[N]]></ISMANDATORY>
<!--4E5D2A1ABD734A048C50B4E15E38F755-->  <ISRANGE><![CDATA[N]]></ISRANGE>
<!--4E5D2A1ABD734A048C50B4E15E38F755-->  <AD_ELEMENT_ID><![CDATA[294]]></AD_ELEMENT_ID>
<!--4E5D2A1ABD734A048C50B4E15E38F755--></AD_PROCESS_PARA>

<!--9CCA0169E6844A659B0468A9D5F1529E--><AD_PROCESS_PARA>
<!--9CCA0169E6844A659B0468A9D5F1529E-->  <AD_PROCESS_PARA_ID><![CDATA[9CCA0169E6844A659B0468A9D5F1529E]]></AD_PROCESS_PARA_ID>
<!--9CCA0169E6844A659B0468A9D5F1529E-->  <AD_CLIENT_ID><![CDATA[0]]></AD_CLIENT_ID>
<!--9CCA0169E6844A659B0468A9D5F1529E-->  <AD_ORG_ID><![CDATA[0]]></AD_ORG_ID>
<!--9CCA0169E6844A659B0468A9D5F1529E-->  <ISACTIVE><![CDATA[Y]]></ISACTIVE>
<!--9CCA0169E6844A659B0468A9D5F1529E-->  <NAME><![CDATA[Starting Date]]></NAME>
<!--9CCA0169E6844A659B0468A9D5F1529E-->  <DESCRIPTION><![CDATA[A parameter stating when a specified request will begin.]]></DESCRIPTION>
<!--9CCA0169E6844A659B0468A9D5F1529E-->  <HELP><![CDATA[A parameter stating when a specified request will begin.]]></HELP>
<!--9CCA0169E6844A659B0468A9D5F1529E-->  <AD_PROCESS_ID><![CDATA[21178259304B46DF9EB234CCC094623E]]></AD_PROCESS_ID>
<!--9CCA0169E6844A659B0468A9D5F1529E-->  <SEQNO><![CDATA[10]]></SEQNO>
<!--9CCA0169E6844A659B0468A9D5F1529E-->  <AD_REFERENCE_ID><![CDATA[15]]></AD_REFERENCE_ID>
<!--9CCA0169E6844A659B0468A9D5F1529E-->  <COLUMNNAME><![CDATA[startdate]]></COLUMNNAME>
<!--9CCA0169E6844A659B0468A9D5F1529E-->  <ISCENTRALLYMAINTAINED><![CDATA[Y]]></ISCENTRALLYMAINTAINED>
<!--9CCA0169E6844A659B0468A9D5F1529E-->  <FIELDLENGTH><![CDATA[19]]></FIELDLENGTH>
<!--9CCA0169E6844A659B0468A9D5F1529E-->  <ISMANDATORY><![CDATA[N]]></ISMANDATORY>
<!--9CCA0169E6844A659B0468A9D5F1529E-->  <ISRANGE><![CDATA[N]]></ISRANGE>
<!--9CCA0169E6844A659B0468A9D5F1529E-->  <AD_ELEMENT_ID><![CDATA[574]]></AD_ELEMENT_ID>
<!--9CCA0169E6844A659B0468A9D5F1529E--></AD_PROCESS_PARA>

</data>
