<?xml version="1.0" encoding="UTF-8"?>
<data>
<!--88DDD6FB5B2F4EA2959F5F0671DFF99E--><AD_PACKAGE>
<!--88DDD6FB5B2F4EA2959F5F0671DFF99E-->  <AD_PACKAGE_ID><![CDATA[88DDD6FB5B2F4EA2959F5F0671DFF99E]]></AD_PACKAGE_ID>
<!--88DDD6FB5B2F4EA2959F5F0671DFF99E-->  <AD_CLIENT_ID><![CDATA[0]]></AD_CLIENT_ID>
<!--88DDD6FB5B2F4EA2959F5F0671DFF99E-->  <AD_ORG_ID><![CDATA[0]]></AD_ORG_ID>
<!--88DDD6FB5B2F4EA2959F5F0671DFF99E-->  <NAME><![CDATA[org.wirabumi.cam]]></NAME>
<!--88DDD6FB5B2F4EA2959F5F0671DFF99E-->  <JAVAPACKAGE><![CDATA[org.wirabumi.cam]]></JAVAPACKAGE>
<!--88DDD6FB5B2F4EA2959F5F0671DFF99E-->  <AD_MODULE_ID><![CDATA[5C40CF085DCA477AB9DA89559237F7EB]]></AD_MODULE_ID>
<!--88DDD6FB5B2F4EA2959F5F0671DFF99E-->  <ISACTIVE><![CDATA[Y]]></ISACTIVE>
<!--88DDD6FB5B2F4EA2959F5F0671DFF99E--></AD_PACKAGE>

</data>
