<?xml version="1.0" encoding="UTF-8"?>
<data>
<!--0BAE54275A0B4361AD6FBF95BC34C9D3--><AD_PREFERENCE>
<!--0BAE54275A0B4361AD6FBF95BC34C9D3-->  <AD_PREFERENCE_ID><![CDATA[0BAE54275A0B4361AD6FBF95BC34C9D3]]></AD_PREFERENCE_ID>
<!--0BAE54275A0B4361AD6FBF95BC34C9D3-->  <AD_CLIENT_ID><![CDATA[0]]></AD_CLIENT_ID>
<!--0BAE54275A0B4361AD6FBF95BC34C9D3-->  <AD_ORG_ID><![CDATA[0]]></AD_ORG_ID>
<!--0BAE54275A0B4361AD6FBF95BC34C9D3-->  <ISACTIVE><![CDATA[Y]]></ISACTIVE>
<!--0BAE54275A0B4361AD6FBF95BC34C9D3-->  <ATTRIBUTE><![CDATA[ADVANCED_ASSETS_MANAGEMENT]]></ATTRIBUTE>
<!--0BAE54275A0B4361AD6FBF95BC34C9D3-->  <VALUE><![CDATA[Y]]></VALUE>
<!--0BAE54275A0B4361AD6FBF95BC34C9D3-->  <ISPROPERTYLIST><![CDATA[N]]></ISPROPERTYLIST>
<!--0BAE54275A0B4361AD6FBF95BC34C9D3-->  <AD_MODULE_ID><![CDATA[5C40CF085DCA477AB9DA89559237F7EB]]></AD_MODULE_ID>
<!--0BAE54275A0B4361AD6FBF95BC34C9D3--></AD_PREFERENCE>

<!--B819F129AF674C76B277244E7A71FE5D--><AD_PREFERENCE>
<!--B819F129AF674C76B277244E7A71FE5D-->  <AD_PREFERENCE_ID><![CDATA[B819F129AF674C76B277244E7A71FE5D]]></AD_PREFERENCE_ID>
<!--B819F129AF674C76B277244E7A71FE5D-->  <AD_CLIENT_ID><![CDATA[0]]></AD_CLIENT_ID>
<!--B819F129AF674C76B277244E7A71FE5D-->  <AD_ORG_ID><![CDATA[0]]></AD_ORG_ID>
<!--B819F129AF674C76B277244E7A71FE5D-->  <ISACTIVE><![CDATA[Y]]></ISACTIVE>
<!--B819F129AF674C76B277244E7A71FE5D-->  <AD_WINDOW_ID><![CDATA[3B44E6DBB1BF4E1E9C2AF77F45FD9615]]></AD_WINDOW_ID>
<!--B819F129AF674C76B277244E7A71FE5D-->  <ATTRIBUTE><![CDATA[ForcedLinkWindowC_BPartner]]></ATTRIBUTE>
<!--B819F129AF674C76B277244E7A71FE5D-->  <VALUE><![CDATA[F6C2A66D5D7D42EAA324E2105C24BCEC]]></VALUE>
<!--B819F129AF674C76B277244E7A71FE5D-->  <ISPROPERTYLIST><![CDATA[N]]></ISPROPERTYLIST>
<!--B819F129AF674C76B277244E7A71FE5D-->  <AD_MODULE_ID><![CDATA[5C40CF085DCA477AB9DA89559237F7EB]]></AD_MODULE_ID>
<!--B819F129AF674C76B277244E7A71FE5D--></AD_PREFERENCE>

</data>
