<?xml version="1.0" encoding="UTF-8"?>
<data>
<!--21178259304B46DF9EB234CCC094623E--><AD_PROCESS>
<!--21178259304B46DF9EB234CCC094623E-->  <AD_PROCESS_ID><![CDATA[21178259304B46DF9EB234CCC094623E]]></AD_PROCESS_ID>
<!--21178259304B46DF9EB234CCC094623E-->  <AD_CLIENT_ID><![CDATA[0]]></AD_CLIENT_ID>
<!--21178259304B46DF9EB234CCC094623E-->  <AD_ORG_ID><![CDATA[0]]></AD_ORG_ID>
<!--21178259304B46DF9EB234CCC094623E-->  <ISACTIVE><![CDATA[Y]]></ISACTIVE>
<!--21178259304B46DF9EB234CCC094623E-->  <VALUE><![CDATA[Work Order Report]]></VALUE>
<!--21178259304B46DF9EB234CCC094623E-->  <NAME><![CDATA[Work Order Report]]></NAME>
<!--21178259304B46DF9EB234CCC094623E-->  <DESCRIPTION><![CDATA[Work Order Report]]></DESCRIPTION>
<!--21178259304B46DF9EB234CCC094623E-->  <HELP><![CDATA[Work Order Report]]></HELP>
<!--21178259304B46DF9EB234CCC094623E-->  <ACCESSLEVEL><![CDATA[3]]></ACCESSLEVEL>
<!--21178259304B46DF9EB234CCC094623E-->  <ISUSERSTARTABLE><![CDATA[N]]></ISUSERSTARTABLE>
<!--21178259304B46DF9EB234CCC094623E-->  <ISREPORT><![CDATA[N]]></ISREPORT>
<!--21178259304B46DF9EB234CCC094623E-->  <ISDIRECTPRINT><![CDATA[N]]></ISDIRECTPRINT>
<!--21178259304B46DF9EB234CCC094623E-->  <ISBACKGROUND><![CDATA[N]]></ISBACKGROUND>
<!--21178259304B46DF9EB234CCC094623E-->  <ISJASPER><![CDATA[Y]]></ISJASPER>
<!--21178259304B46DF9EB234CCC094623E-->  <JRNAME><![CDATA[@basedesign@/org/wirabumi/bprl/ad_report/laporanmaintenance.jrxml]]></JRNAME>
<!--21178259304B46DF9EB234CCC094623E-->  <ISEXTERNALSERVICE><![CDATA[N]]></ISEXTERNALSERVICE>
<!--21178259304B46DF9EB234CCC094623E-->  <AD_MODULE_ID><![CDATA[5C40CF085DCA477AB9DA89559237F7EB]]></AD_MODULE_ID>
<!--21178259304B46DF9EB234CCC094623E-->  <UIPATTERN><![CDATA[S]]></UIPATTERN>
<!--21178259304B46DF9EB234CCC094623E-->  <ISADVANCEDFEATURE><![CDATA[N]]></ISADVANCEDFEATURE>
<!--21178259304B46DF9EB234CCC094623E-->  <PREVENTCONCURRENT><![CDATA[N]]></PREVENTCONCURRENT>
<!--21178259304B46DF9EB234CCC094623E-->  <IS_EXPLICIT_ACCESS><![CDATA[N]]></IS_EXPLICIT_ACCESS>
<!--21178259304B46DF9EB234CCC094623E-->  <ISKILLABLE><![CDATA[N]]></ISKILLABLE>
<!--21178259304B46DF9EB234CCC094623E--></AD_PROCESS>

<!--8C6B905EDA8742A0ABF4092902D54090--><AD_PROCESS>
<!--8C6B905EDA8742A0ABF4092902D54090-->  <AD_PROCESS_ID><![CDATA[8C6B905EDA8742A0ABF4092902D54090]]></AD_PROCESS_ID>
<!--8C6B905EDA8742A0ABF4092902D54090-->  <AD_CLIENT_ID><![CDATA[0]]></AD_CLIENT_ID>
<!--8C6B905EDA8742A0ABF4092902D54090-->  <AD_ORG_ID><![CDATA[0]]></AD_ORG_ID>
<!--8C6B905EDA8742A0ABF4092902D54090-->  <ISACTIVE><![CDATA[Y]]></ISACTIVE>
<!--8C6B905EDA8742A0ABF4092902D54090-->  <VALUE><![CDATA[Generate Depreciation Plan (CAM)]]></VALUE>
<!--8C6B905EDA8742A0ABF4092902D54090-->  <NAME><![CDATA[Generate Depreciation Plan (CAM)]]></NAME>
<!--8C6B905EDA8742A0ABF4092902D54090-->  <DESCRIPTION><![CDATA[Generate Depreciation Plan (CAM)]]></DESCRIPTION>
<!--8C6B905EDA8742A0ABF4092902D54090-->  <HELP><![CDATA[Generate depreciation plan. This is improvement from standard core process, provided by CAM module.]]></HELP>
<!--8C6B905EDA8742A0ABF4092902D54090-->  <ACCESSLEVEL><![CDATA[1]]></ACCESSLEVEL>
<!--8C6B905EDA8742A0ABF4092902D54090-->  <ISUSERSTARTABLE><![CDATA[N]]></ISUSERSTARTABLE>
<!--8C6B905EDA8742A0ABF4092902D54090-->  <ISREPORT><![CDATA[N]]></ISREPORT>
<!--8C6B905EDA8742A0ABF4092902D54090-->  <ISDIRECTPRINT><![CDATA[N]]></ISDIRECTPRINT>
<!--8C6B905EDA8742A0ABF4092902D54090-->  <ISBACKGROUND><![CDATA[N]]></ISBACKGROUND>
<!--8C6B905EDA8742A0ABF4092902D54090-->  <ISJASPER><![CDATA[N]]></ISJASPER>
<!--8C6B905EDA8742A0ABF4092902D54090-->  <ISEXTERNALSERVICE><![CDATA[N]]></ISEXTERNALSERVICE>
<!--8C6B905EDA8742A0ABF4092902D54090-->  <AD_MODULE_ID><![CDATA[5C40CF085DCA477AB9DA89559237F7EB]]></AD_MODULE_ID>
<!--8C6B905EDA8742A0ABF4092902D54090-->  <UIPATTERN><![CDATA[S]]></UIPATTERN>
<!--8C6B905EDA8742A0ABF4092902D54090-->  <ISADVANCEDFEATURE><![CDATA[N]]></ISADVANCEDFEATURE>
<!--8C6B905EDA8742A0ABF4092902D54090-->  <PREVENTCONCURRENT><![CDATA[N]]></PREVENTCONCURRENT>
<!--8C6B905EDA8742A0ABF4092902D54090-->  <IS_EXPLICIT_ACCESS><![CDATA[N]]></IS_EXPLICIT_ACCESS>
<!--8C6B905EDA8742A0ABF4092902D54090-->  <ISKILLABLE><![CDATA[N]]></ISKILLABLE>
<!--8C6B905EDA8742A0ABF4092902D54090--></AD_PROCESS>

<!--930E6365B9034C539A87FF62E49FBA7E--><AD_PROCESS>
<!--930E6365B9034C539A87FF62E49FBA7E-->  <AD_PROCESS_ID><![CDATA[930E6365B9034C539A87FF62E49FBA7E]]></AD_PROCESS_ID>
<!--930E6365B9034C539A87FF62E49FBA7E-->  <AD_CLIENT_ID><![CDATA[0]]></AD_CLIENT_ID>
<!--930E6365B9034C539A87FF62E49FBA7E-->  <AD_ORG_ID><![CDATA[0]]></AD_ORG_ID>
<!--930E6365B9034C539A87FF62E49FBA7E-->  <ISACTIVE><![CDATA[Y]]></ISACTIVE>
<!--930E6365B9034C539A87FF62E49FBA7E-->  <VALUE><![CDATA[Generate WO from Maintenance Plan]]></VALUE>
<!--930E6365B9034C539A87FF62E49FBA7E-->  <NAME><![CDATA[Generate Work Order from Maintenance Plan]]></NAME>
<!--930E6365B9034C539A87FF62E49FBA7E-->  <DESCRIPTION><![CDATA[Generate Work Order from Maintenance Plan]]></DESCRIPTION>
<!--930E6365B9034C539A87FF62E49FBA7E-->  <HELP><![CDATA[update next due on maintenanance plan based on it's frequency, also generate work order when due date exceeded.]]></HELP>
<!--930E6365B9034C539A87FF62E49FBA7E-->  <ACCESSLEVEL><![CDATA[1]]></ACCESSLEVEL>
<!--930E6365B9034C539A87FF62E49FBA7E-->  <ISUSERSTARTABLE><![CDATA[N]]></ISUSERSTARTABLE>
<!--930E6365B9034C539A87FF62E49FBA7E-->  <ISREPORT><![CDATA[N]]></ISREPORT>
<!--930E6365B9034C539A87FF62E49FBA7E-->  <ISDIRECTPRINT><![CDATA[N]]></ISDIRECTPRINT>
<!--930E6365B9034C539A87FF62E49FBA7E-->  <CLASSNAME><![CDATA[org.wirabumi.cam.process.UpdateMaintenancePlanNextDue]]></CLASSNAME>
<!--930E6365B9034C539A87FF62E49FBA7E-->  <ISBACKGROUND><![CDATA[Y]]></ISBACKGROUND>
<!--930E6365B9034C539A87FF62E49FBA7E-->  <ISJASPER><![CDATA[N]]></ISJASPER>
<!--930E6365B9034C539A87FF62E49FBA7E-->  <ISEXTERNALSERVICE><![CDATA[N]]></ISEXTERNALSERVICE>
<!--930E6365B9034C539A87FF62E49FBA7E-->  <AD_MODULE_ID><![CDATA[5C40CF085DCA477AB9DA89559237F7EB]]></AD_MODULE_ID>
<!--930E6365B9034C539A87FF62E49FBA7E-->  <UIPATTERN><![CDATA[M]]></UIPATTERN>
<!--930E6365B9034C539A87FF62E49FBA7E-->  <ISADVANCEDFEATURE><![CDATA[N]]></ISADVANCEDFEATURE>
<!--930E6365B9034C539A87FF62E49FBA7E-->  <PREVENTCONCURRENT><![CDATA[N]]></PREVENTCONCURRENT>
<!--930E6365B9034C539A87FF62E49FBA7E-->  <IS_EXPLICIT_ACCESS><![CDATA[N]]></IS_EXPLICIT_ACCESS>
<!--930E6365B9034C539A87FF62E49FBA7E-->  <ISKILLABLE><![CDATA[N]]></ISKILLABLE>
<!--930E6365B9034C539A87FF62E49FBA7E--></AD_PROCESS>

<!--CF4EC9FA89F5412EB8FA6D9B6BDCA4FF--><AD_PROCESS>
<!--CF4EC9FA89F5412EB8FA6D9B6BDCA4FF-->  <AD_PROCESS_ID><![CDATA[CF4EC9FA89F5412EB8FA6D9B6BDCA4FF]]></AD_PROCESS_ID>
<!--CF4EC9FA89F5412EB8FA6D9B6BDCA4FF-->  <AD_CLIENT_ID><![CDATA[0]]></AD_CLIENT_ID>
<!--CF4EC9FA89F5412EB8FA6D9B6BDCA4FF-->  <AD_ORG_ID><![CDATA[0]]></AD_ORG_ID>
<!--CF4EC9FA89F5412EB8FA6D9B6BDCA4FF-->  <ISACTIVE><![CDATA[Y]]></ISACTIVE>
<!--CF4EC9FA89F5412EB8FA6D9B6BDCA4FF-->  <VALUE><![CDATA[Asset Life To Date]]></VALUE>
<!--CF4EC9FA89F5412EB8FA6D9B6BDCA4FF-->  <NAME><![CDATA[Asset Life To Date]]></NAME>
<!--CF4EC9FA89F5412EB8FA6D9B6BDCA4FF-->  <ACCESSLEVEL><![CDATA[7]]></ACCESSLEVEL>
<!--CF4EC9FA89F5412EB8FA6D9B6BDCA4FF-->  <ISUSERSTARTABLE><![CDATA[N]]></ISUSERSTARTABLE>
<!--CF4EC9FA89F5412EB8FA6D9B6BDCA4FF-->  <ISREPORT><![CDATA[N]]></ISREPORT>
<!--CF4EC9FA89F5412EB8FA6D9B6BDCA4FF-->  <ISDIRECTPRINT><![CDATA[N]]></ISDIRECTPRINT>
<!--CF4EC9FA89F5412EB8FA6D9B6BDCA4FF-->  <CLASSNAME><![CDATA[org.wirabumi.cam.process.AssetLifeToDateBackground]]></CLASSNAME>
<!--CF4EC9FA89F5412EB8FA6D9B6BDCA4FF-->  <ISBACKGROUND><![CDATA[Y]]></ISBACKGROUND>
<!--CF4EC9FA89F5412EB8FA6D9B6BDCA4FF-->  <ISJASPER><![CDATA[N]]></ISJASPER>
<!--CF4EC9FA89F5412EB8FA6D9B6BDCA4FF-->  <ISEXTERNALSERVICE><![CDATA[N]]></ISEXTERNALSERVICE>
<!--CF4EC9FA89F5412EB8FA6D9B6BDCA4FF-->  <AD_MODULE_ID><![CDATA[5C40CF085DCA477AB9DA89559237F7EB]]></AD_MODULE_ID>
<!--CF4EC9FA89F5412EB8FA6D9B6BDCA4FF-->  <UIPATTERN><![CDATA[M]]></UIPATTERN>
<!--CF4EC9FA89F5412EB8FA6D9B6BDCA4FF-->  <ISADVANCEDFEATURE><![CDATA[N]]></ISADVANCEDFEATURE>
<!--CF4EC9FA89F5412EB8FA6D9B6BDCA4FF-->  <PREVENTCONCURRENT><![CDATA[Y]]></PREVENTCONCURRENT>
<!--CF4EC9FA89F5412EB8FA6D9B6BDCA4FF-->  <IS_EXPLICIT_ACCESS><![CDATA[N]]></IS_EXPLICIT_ACCESS>
<!--CF4EC9FA89F5412EB8FA6D9B6BDCA4FF-->  <ISKILLABLE><![CDATA[N]]></ISKILLABLE>
<!--CF4EC9FA89F5412EB8FA6D9B6BDCA4FF--></AD_PROCESS>

<!--E068B05336BC48459E3BF33241C67B04--><AD_PROCESS>
<!--E068B05336BC48459E3BF33241C67B04-->  <AD_PROCESS_ID><![CDATA[E068B05336BC48459E3BF33241C67B04]]></AD_PROCESS_ID>
<!--E068B05336BC48459E3BF33241C67B04-->  <AD_CLIENT_ID><![CDATA[0]]></AD_CLIENT_ID>
<!--E068B05336BC48459E3BF33241C67B04-->  <AD_ORG_ID><![CDATA[0]]></AD_ORG_ID>
<!--E068B05336BC48459E3BF33241C67B04-->  <ISACTIVE><![CDATA[Y]]></ISACTIVE>
<!--E068B05336BC48459E3BF33241C67B04-->  <VALUE><![CDATA[PRINT ASSET]]></VALUE>
<!--E068B05336BC48459E3BF33241C67B04-->  <NAME><![CDATA[Print Asset]]></NAME>
<!--E068B05336BC48459E3BF33241C67B04-->  <DESCRIPTION><![CDATA[Print asset barcode from asset print window.]]></DESCRIPTION>
<!--E068B05336BC48459E3BF33241C67B04-->  <ACCESSLEVEL><![CDATA[1]]></ACCESSLEVEL>
<!--E068B05336BC48459E3BF33241C67B04-->  <ISUSERSTARTABLE><![CDATA[N]]></ISUSERSTARTABLE>
<!--E068B05336BC48459E3BF33241C67B04-->  <ISREPORT><![CDATA[N]]></ISREPORT>
<!--E068B05336BC48459E3BF33241C67B04-->  <ISDIRECTPRINT><![CDATA[N]]></ISDIRECTPRINT>
<!--E068B05336BC48459E3BF33241C67B04-->  <ISBACKGROUND><![CDATA[N]]></ISBACKGROUND>
<!--E068B05336BC48459E3BF33241C67B04-->  <ISJASPER><![CDATA[N]]></ISJASPER>
<!--E068B05336BC48459E3BF33241C67B04-->  <ISEXTERNALSERVICE><![CDATA[N]]></ISEXTERNALSERVICE>
<!--E068B05336BC48459E3BF33241C67B04-->  <AD_MODULE_ID><![CDATA[5C40CF085DCA477AB9DA89559237F7EB]]></AD_MODULE_ID>
<!--E068B05336BC48459E3BF33241C67B04-->  <UIPATTERN><![CDATA[S]]></UIPATTERN>
<!--E068B05336BC48459E3BF33241C67B04-->  <ISADVANCEDFEATURE><![CDATA[N]]></ISADVANCEDFEATURE>
<!--E068B05336BC48459E3BF33241C67B04-->  <PREVENTCONCURRENT><![CDATA[N]]></PREVENTCONCURRENT>
<!--E068B05336BC48459E3BF33241C67B04-->  <IS_EXPLICIT_ACCESS><![CDATA[N]]></IS_EXPLICIT_ACCESS>
<!--E068B05336BC48459E3BF33241C67B04-->  <ISKILLABLE><![CDATA[N]]></ISKILLABLE>
<!--E068B05336BC48459E3BF33241C67B04--></AD_PROCESS>

</data>
