<?xml version="1.0" encoding="UTF-8"?>
<data>
<!--02622907A9E74DDCA136F55EB4C6FEA9--><AD_REF_TREE_FIELD>
<!--02622907A9E74DDCA136F55EB4C6FEA9-->  <AD_REF_TREE_FIELD_ID><![CDATA[02622907A9E74DDCA136F55EB4C6FEA9]]></AD_REF_TREE_FIELD_ID>
<!--02622907A9E74DDCA136F55EB4C6FEA9-->  <AD_REF_TREE_ID><![CDATA[1A788C5B89934A2689ECE711BD5F4AA3]]></AD_REF_TREE_ID>
<!--02622907A9E74DDCA136F55EB4C6FEA9-->  <AD_CLIENT_ID><![CDATA[0]]></AD_CLIENT_ID>
<!--02622907A9E74DDCA136F55EB4C6FEA9-->  <AD_ORG_ID><![CDATA[0]]></AD_ORG_ID>
<!--02622907A9E74DDCA136F55EB4C6FEA9-->  <AD_MODULE_ID><![CDATA[5C40CF085DCA477AB9DA89559237F7EB]]></AD_MODULE_ID>
<!--02622907A9E74DDCA136F55EB4C6FEA9-->  <NAME><![CDATA[ID]]></NAME>
<!--02622907A9E74DDCA136F55EB4C6FEA9-->  <PROPERTY><![CDATA[id]]></PROPERTY>
<!--02622907A9E74DDCA136F55EB4C6FEA9-->  <ISCENTRALLYMAINTAINED><![CDATA[Y]]></ISCENTRALLYMAINTAINED>
<!--02622907A9E74DDCA136F55EB4C6FEA9-->  <SORT><![CDATA[N]]></SORT>
<!--02622907A9E74DDCA136F55EB4C6FEA9-->  <FILTER><![CDATA[N]]></FILTER>
<!--02622907A9E74DDCA136F55EB4C6FEA9-->  <SEARCHINSUGGESTIONBOX><![CDATA[N]]></SEARCHINSUGGESTIONBOX>
<!--02622907A9E74DDCA136F55EB4C6FEA9-->  <SHOWINGRID><![CDATA[N]]></SHOWINGRID>
<!--02622907A9E74DDCA136F55EB4C6FEA9-->  <SORTNO><![CDATA[0]]></SORTNO>
<!--02622907A9E74DDCA136F55EB4C6FEA9-->  <ISACTIVE><![CDATA[Y]]></ISACTIVE>
<!--02622907A9E74DDCA136F55EB4C6FEA9-->  <SHOWINPICKLIST><![CDATA[N]]></SHOWINPICKLIST>
<!--02622907A9E74DDCA136F55EB4C6FEA9--></AD_REF_TREE_FIELD>

<!--12C551C7A0AF47078777170CC5E4C06C--><AD_REF_TREE_FIELD>
<!--12C551C7A0AF47078777170CC5E4C06C-->  <AD_REF_TREE_FIELD_ID><![CDATA[12C551C7A0AF47078777170CC5E4C06C]]></AD_REF_TREE_FIELD_ID>
<!--12C551C7A0AF47078777170CC5E4C06C-->  <AD_REF_TREE_ID><![CDATA[7B206BC765E54DAA99C02442C30825F0]]></AD_REF_TREE_ID>
<!--12C551C7A0AF47078777170CC5E4C06C-->  <AD_CLIENT_ID><![CDATA[0]]></AD_CLIENT_ID>
<!--12C551C7A0AF47078777170CC5E4C06C-->  <AD_ORG_ID><![CDATA[0]]></AD_ORG_ID>
<!--12C551C7A0AF47078777170CC5E4C06C-->  <AD_MODULE_ID><![CDATA[5C40CF085DCA477AB9DA89559237F7EB]]></AD_MODULE_ID>
<!--12C551C7A0AF47078777170CC5E4C06C-->  <NAME><![CDATA[Name]]></NAME>
<!--12C551C7A0AF47078777170CC5E4C06C-->  <PROPERTY><![CDATA[name]]></PROPERTY>
<!--12C551C7A0AF47078777170CC5E4C06C-->  <ISCENTRALLYMAINTAINED><![CDATA[Y]]></ISCENTRALLYMAINTAINED>
<!--12C551C7A0AF47078777170CC5E4C06C-->  <SORT><![CDATA[N]]></SORT>
<!--12C551C7A0AF47078777170CC5E4C06C-->  <FILTER><![CDATA[N]]></FILTER>
<!--12C551C7A0AF47078777170CC5E4C06C-->  <SEARCHINSUGGESTIONBOX><![CDATA[Y]]></SEARCHINSUGGESTIONBOX>
<!--12C551C7A0AF47078777170CC5E4C06C-->  <SHOWINGRID><![CDATA[Y]]></SHOWINGRID>
<!--12C551C7A0AF47078777170CC5E4C06C-->  <SORTNO><![CDATA[0]]></SORTNO>
<!--12C551C7A0AF47078777170CC5E4C06C-->  <ISACTIVE><![CDATA[Y]]></ISACTIVE>
<!--12C551C7A0AF47078777170CC5E4C06C-->  <SHOWINPICKLIST><![CDATA[Y]]></SHOWINPICKLIST>
<!--12C551C7A0AF47078777170CC5E4C06C--></AD_REF_TREE_FIELD>

<!--2699790247354AB8AB6D36107686BDE3--><AD_REF_TREE_FIELD>
<!--2699790247354AB8AB6D36107686BDE3-->  <AD_REF_TREE_FIELD_ID><![CDATA[2699790247354AB8AB6D36107686BDE3]]></AD_REF_TREE_FIELD_ID>
<!--2699790247354AB8AB6D36107686BDE3-->  <AD_REF_TREE_ID><![CDATA[1A788C5B89934A2689ECE711BD5F4AA3]]></AD_REF_TREE_ID>
<!--2699790247354AB8AB6D36107686BDE3-->  <AD_CLIENT_ID><![CDATA[0]]></AD_CLIENT_ID>
<!--2699790247354AB8AB6D36107686BDE3-->  <AD_ORG_ID><![CDATA[0]]></AD_ORG_ID>
<!--2699790247354AB8AB6D36107686BDE3-->  <AD_MODULE_ID><![CDATA[5C40CF085DCA477AB9DA89559237F7EB]]></AD_MODULE_ID>
<!--2699790247354AB8AB6D36107686BDE3-->  <NAME><![CDATA[Name]]></NAME>
<!--2699790247354AB8AB6D36107686BDE3-->  <PROPERTY><![CDATA[name]]></PROPERTY>
<!--2699790247354AB8AB6D36107686BDE3-->  <ISCENTRALLYMAINTAINED><![CDATA[Y]]></ISCENTRALLYMAINTAINED>
<!--2699790247354AB8AB6D36107686BDE3-->  <SORT><![CDATA[Y]]></SORT>
<!--2699790247354AB8AB6D36107686BDE3-->  <FILTER><![CDATA[Y]]></FILTER>
<!--2699790247354AB8AB6D36107686BDE3-->  <SEARCHINSUGGESTIONBOX><![CDATA[Y]]></SEARCHINSUGGESTIONBOX>
<!--2699790247354AB8AB6D36107686BDE3-->  <SHOWINGRID><![CDATA[Y]]></SHOWINGRID>
<!--2699790247354AB8AB6D36107686BDE3-->  <SORTNO><![CDATA[0]]></SORTNO>
<!--2699790247354AB8AB6D36107686BDE3-->  <ISACTIVE><![CDATA[Y]]></ISACTIVE>
<!--2699790247354AB8AB6D36107686BDE3-->  <SHOWINPICKLIST><![CDATA[Y]]></SHOWINPICKLIST>
<!--2699790247354AB8AB6D36107686BDE3--></AD_REF_TREE_FIELD>

<!--535DD0FEA5684449B3FFDDE204B013B7--><AD_REF_TREE_FIELD>
<!--535DD0FEA5684449B3FFDDE204B013B7-->  <AD_REF_TREE_FIELD_ID><![CDATA[535DD0FEA5684449B3FFDDE204B013B7]]></AD_REF_TREE_FIELD_ID>
<!--535DD0FEA5684449B3FFDDE204B013B7-->  <AD_REF_TREE_ID><![CDATA[7B206BC765E54DAA99C02442C30825F0]]></AD_REF_TREE_ID>
<!--535DD0FEA5684449B3FFDDE204B013B7-->  <AD_CLIENT_ID><![CDATA[0]]></AD_CLIENT_ID>
<!--535DD0FEA5684449B3FFDDE204B013B7-->  <AD_ORG_ID><![CDATA[0]]></AD_ORG_ID>
<!--535DD0FEA5684449B3FFDDE204B013B7-->  <AD_MODULE_ID><![CDATA[5C40CF085DCA477AB9DA89559237F7EB]]></AD_MODULE_ID>
<!--535DD0FEA5684449B3FFDDE204B013B7-->  <NAME><![CDATA[ID]]></NAME>
<!--535DD0FEA5684449B3FFDDE204B013B7-->  <PROPERTY><![CDATA[id]]></PROPERTY>
<!--535DD0FEA5684449B3FFDDE204B013B7-->  <ISCENTRALLYMAINTAINED><![CDATA[Y]]></ISCENTRALLYMAINTAINED>
<!--535DD0FEA5684449B3FFDDE204B013B7-->  <SORT><![CDATA[N]]></SORT>
<!--535DD0FEA5684449B3FFDDE204B013B7-->  <FILTER><![CDATA[N]]></FILTER>
<!--535DD0FEA5684449B3FFDDE204B013B7-->  <SEARCHINSUGGESTIONBOX><![CDATA[N]]></SEARCHINSUGGESTIONBOX>
<!--535DD0FEA5684449B3FFDDE204B013B7-->  <SHOWINGRID><![CDATA[N]]></SHOWINGRID>
<!--535DD0FEA5684449B3FFDDE204B013B7-->  <SORTNO><![CDATA[0]]></SORTNO>
<!--535DD0FEA5684449B3FFDDE204B013B7-->  <ISACTIVE><![CDATA[Y]]></ISACTIVE>
<!--535DD0FEA5684449B3FFDDE204B013B7-->  <SHOWINPICKLIST><![CDATA[N]]></SHOWINPICKLIST>
<!--535DD0FEA5684449B3FFDDE204B013B7--></AD_REF_TREE_FIELD>

<!--89BA5556D59B45BE94BC95FD98B9616B--><AD_REF_TREE_FIELD>
<!--89BA5556D59B45BE94BC95FD98B9616B-->  <AD_REF_TREE_FIELD_ID><![CDATA[89BA5556D59B45BE94BC95FD98B9616B]]></AD_REF_TREE_FIELD_ID>
<!--89BA5556D59B45BE94BC95FD98B9616B-->  <AD_REF_TREE_ID><![CDATA[3C35886D989A4DC89BBEE036FFFE0F5B]]></AD_REF_TREE_ID>
<!--89BA5556D59B45BE94BC95FD98B9616B-->  <AD_CLIENT_ID><![CDATA[0]]></AD_CLIENT_ID>
<!--89BA5556D59B45BE94BC95FD98B9616B-->  <AD_ORG_ID><![CDATA[0]]></AD_ORG_ID>
<!--89BA5556D59B45BE94BC95FD98B9616B-->  <AD_MODULE_ID><![CDATA[5C40CF085DCA477AB9DA89559237F7EB]]></AD_MODULE_ID>
<!--89BA5556D59B45BE94BC95FD98B9616B-->  <NAME><![CDATA[Name]]></NAME>
<!--89BA5556D59B45BE94BC95FD98B9616B-->  <PROPERTY><![CDATA[name]]></PROPERTY>
<!--89BA5556D59B45BE94BC95FD98B9616B-->  <ISCENTRALLYMAINTAINED><![CDATA[Y]]></ISCENTRALLYMAINTAINED>
<!--89BA5556D59B45BE94BC95FD98B9616B-->  <SORT><![CDATA[Y]]></SORT>
<!--89BA5556D59B45BE94BC95FD98B9616B-->  <FILTER><![CDATA[Y]]></FILTER>
<!--89BA5556D59B45BE94BC95FD98B9616B-->  <SEARCHINSUGGESTIONBOX><![CDATA[Y]]></SEARCHINSUGGESTIONBOX>
<!--89BA5556D59B45BE94BC95FD98B9616B-->  <SHOWINGRID><![CDATA[Y]]></SHOWINGRID>
<!--89BA5556D59B45BE94BC95FD98B9616B-->  <SORTNO><![CDATA[0]]></SORTNO>
<!--89BA5556D59B45BE94BC95FD98B9616B-->  <ISACTIVE><![CDATA[Y]]></ISACTIVE>
<!--89BA5556D59B45BE94BC95FD98B9616B-->  <SHOWINPICKLIST><![CDATA[Y]]></SHOWINPICKLIST>
<!--89BA5556D59B45BE94BC95FD98B9616B--></AD_REF_TREE_FIELD>

<!--B08417DCB9F4479680E5444BD84FE137--><AD_REF_TREE_FIELD>
<!--B08417DCB9F4479680E5444BD84FE137-->  <AD_REF_TREE_FIELD_ID><![CDATA[B08417DCB9F4479680E5444BD84FE137]]></AD_REF_TREE_FIELD_ID>
<!--B08417DCB9F4479680E5444BD84FE137-->  <AD_REF_TREE_ID><![CDATA[3C35886D989A4DC89BBEE036FFFE0F5B]]></AD_REF_TREE_ID>
<!--B08417DCB9F4479680E5444BD84FE137-->  <AD_CLIENT_ID><![CDATA[0]]></AD_CLIENT_ID>
<!--B08417DCB9F4479680E5444BD84FE137-->  <AD_ORG_ID><![CDATA[0]]></AD_ORG_ID>
<!--B08417DCB9F4479680E5444BD84FE137-->  <AD_MODULE_ID><![CDATA[5C40CF085DCA477AB9DA89559237F7EB]]></AD_MODULE_ID>
<!--B08417DCB9F4479680E5444BD84FE137-->  <NAME><![CDATA[Search Key]]></NAME>
<!--B08417DCB9F4479680E5444BD84FE137-->  <PROPERTY><![CDATA[searchKey]]></PROPERTY>
<!--B08417DCB9F4479680E5444BD84FE137-->  <ISCENTRALLYMAINTAINED><![CDATA[Y]]></ISCENTRALLYMAINTAINED>
<!--B08417DCB9F4479680E5444BD84FE137-->  <SORT><![CDATA[Y]]></SORT>
<!--B08417DCB9F4479680E5444BD84FE137-->  <FILTER><![CDATA[Y]]></FILTER>
<!--B08417DCB9F4479680E5444BD84FE137-->  <SEARCHINSUGGESTIONBOX><![CDATA[N]]></SEARCHINSUGGESTIONBOX>
<!--B08417DCB9F4479680E5444BD84FE137-->  <SHOWINGRID><![CDATA[N]]></SHOWINGRID>
<!--B08417DCB9F4479680E5444BD84FE137-->  <SORTNO><![CDATA[0]]></SORTNO>
<!--B08417DCB9F4479680E5444BD84FE137-->  <ISACTIVE><![CDATA[Y]]></ISACTIVE>
<!--B08417DCB9F4479680E5444BD84FE137-->  <SHOWINPICKLIST><![CDATA[Y]]></SHOWINPICKLIST>
<!--B08417DCB9F4479680E5444BD84FE137--></AD_REF_TREE_FIELD>

<!--CAF11B89DE9A4A668C7E1D4C0DF44F9B--><AD_REF_TREE_FIELD>
<!--CAF11B89DE9A4A668C7E1D4C0DF44F9B-->  <AD_REF_TREE_FIELD_ID><![CDATA[CAF11B89DE9A4A668C7E1D4C0DF44F9B]]></AD_REF_TREE_FIELD_ID>
<!--CAF11B89DE9A4A668C7E1D4C0DF44F9B-->  <AD_REF_TREE_ID><![CDATA[3C35886D989A4DC89BBEE036FFFE0F5B]]></AD_REF_TREE_ID>
<!--CAF11B89DE9A4A668C7E1D4C0DF44F9B-->  <AD_CLIENT_ID><![CDATA[0]]></AD_CLIENT_ID>
<!--CAF11B89DE9A4A668C7E1D4C0DF44F9B-->  <AD_ORG_ID><![CDATA[0]]></AD_ORG_ID>
<!--CAF11B89DE9A4A668C7E1D4C0DF44F9B-->  <AD_MODULE_ID><![CDATA[5C40CF085DCA477AB9DA89559237F7EB]]></AD_MODULE_ID>
<!--CAF11B89DE9A4A668C7E1D4C0DF44F9B-->  <NAME><![CDATA[ID]]></NAME>
<!--CAF11B89DE9A4A668C7E1D4C0DF44F9B-->  <PROPERTY><![CDATA[id]]></PROPERTY>
<!--CAF11B89DE9A4A668C7E1D4C0DF44F9B-->  <ISCENTRALLYMAINTAINED><![CDATA[Y]]></ISCENTRALLYMAINTAINED>
<!--CAF11B89DE9A4A668C7E1D4C0DF44F9B-->  <SORT><![CDATA[N]]></SORT>
<!--CAF11B89DE9A4A668C7E1D4C0DF44F9B-->  <FILTER><![CDATA[N]]></FILTER>
<!--CAF11B89DE9A4A668C7E1D4C0DF44F9B-->  <SEARCHINSUGGESTIONBOX><![CDATA[N]]></SEARCHINSUGGESTIONBOX>
<!--CAF11B89DE9A4A668C7E1D4C0DF44F9B-->  <SHOWINGRID><![CDATA[N]]></SHOWINGRID>
<!--CAF11B89DE9A4A668C7E1D4C0DF44F9B-->  <SORTNO><![CDATA[0]]></SORTNO>
<!--CAF11B89DE9A4A668C7E1D4C0DF44F9B-->  <ISACTIVE><![CDATA[Y]]></ISACTIVE>
<!--CAF11B89DE9A4A668C7E1D4C0DF44F9B-->  <SHOWINPICKLIST><![CDATA[N]]></SHOWINPICKLIST>
<!--CAF11B89DE9A4A668C7E1D4C0DF44F9B--></AD_REF_TREE_FIELD>

</data>
