<?xml version="1.0" encoding="UTF-8"?>
<data>
<!--0428C0974D3A4D90A8E4B871B6F12525--><AD_REFERENCE>
<!--0428C0974D3A4D90A8E4B871B6F12525-->  <AD_REFERENCE_ID><![CDATA[0428C0974D3A4D90A8E4B871B6F12525]]></AD_REFERENCE_ID>
<!--0428C0974D3A4D90A8E4B871B6F12525-->  <AD_CLIENT_ID><![CDATA[0]]></AD_CLIENT_ID>
<!--0428C0974D3A4D90A8E4B871B6F12525-->  <AD_ORG_ID><![CDATA[0]]></AD_ORG_ID>
<!--0428C0974D3A4D90A8E4B871B6F12525-->  <ISACTIVE><![CDATA[Y]]></ISACTIVE>
<!--0428C0974D3A4D90A8E4B871B6F12525-->  <NAME><![CDATA[Asset Type]]></NAME>
<!--0428C0974D3A4D90A8E4B871B6F12525-->  <AD_MODULE_ID><![CDATA[5C40CF085DCA477AB9DA89559237F7EB]]></AD_MODULE_ID>
<!--0428C0974D3A4D90A8E4B871B6F12525-->  <ISBASEREFERENCE><![CDATA[N]]></ISBASEREFERENCE>
<!--0428C0974D3A4D90A8E4B871B6F12525-->  <PARENTREFERENCE_ID><![CDATA[17]]></PARENTREFERENCE_ID>
<!--0428C0974D3A4D90A8E4B871B6F12525-->  <ISVALUEDISPLAYED><![CDATA[N]]></ISVALUEDISPLAYED>
<!--0428C0974D3A4D90A8E4B871B6F12525--></AD_REFERENCE>

<!--1C05C5D099154FF5A30C057BBD5EC77B--><AD_REFERENCE>
<!--1C05C5D099154FF5A30C057BBD5EC77B-->  <AD_REFERENCE_ID><![CDATA[1C05C5D099154FF5A30C057BBD5EC77B]]></AD_REFERENCE_ID>
<!--1C05C5D099154FF5A30C057BBD5EC77B-->  <AD_CLIENT_ID><![CDATA[0]]></AD_CLIENT_ID>
<!--1C05C5D099154FF5A30C057BBD5EC77B-->  <AD_ORG_ID><![CDATA[0]]></AD_ORG_ID>
<!--1C05C5D099154FF5A30C057BBD5EC77B-->  <ISACTIVE><![CDATA[Y]]></ISACTIVE>
<!--1C05C5D099154FF5A30C057BBD5EC77B-->  <NAME><![CDATA[Asset Custodian]]></NAME>
<!--1C05C5D099154FF5A30C057BBD5EC77B-->  <AD_MODULE_ID><![CDATA[5C40CF085DCA477AB9DA89559237F7EB]]></AD_MODULE_ID>
<!--1C05C5D099154FF5A30C057BBD5EC77B-->  <ISBASEREFERENCE><![CDATA[N]]></ISBASEREFERENCE>
<!--1C05C5D099154FF5A30C057BBD5EC77B-->  <PARENTREFERENCE_ID><![CDATA[95E2A8B50A254B2AAE6774B8C2F28120]]></PARENTREFERENCE_ID>
<!--1C05C5D099154FF5A30C057BBD5EC77B-->  <ISVALUEDISPLAYED><![CDATA[N]]></ISVALUEDISPLAYED>
<!--1C05C5D099154FF5A30C057BBD5EC77B--></AD_REFERENCE>

<!--28B0A4E4E93F441B8C2AAB113740001D--><AD_REFERENCE>
<!--28B0A4E4E93F441B8C2AAB113740001D-->  <AD_REFERENCE_ID><![CDATA[28B0A4E4E93F441B8C2AAB113740001D]]></AD_REFERENCE_ID>
<!--28B0A4E4E93F441B8C2AAB113740001D-->  <AD_CLIENT_ID><![CDATA[0]]></AD_CLIENT_ID>
<!--28B0A4E4E93F441B8C2AAB113740001D-->  <AD_ORG_ID><![CDATA[0]]></AD_ORG_ID>
<!--28B0A4E4E93F441B8C2AAB113740001D-->  <ISACTIVE><![CDATA[Y]]></ISACTIVE>
<!--28B0A4E4E93F441B8C2AAB113740001D-->  <NAME><![CDATA[Meter Group]]></NAME>
<!--28B0A4E4E93F441B8C2AAB113740001D-->  <AD_MODULE_ID><![CDATA[5C40CF085DCA477AB9DA89559237F7EB]]></AD_MODULE_ID>
<!--28B0A4E4E93F441B8C2AAB113740001D-->  <ISBASEREFERENCE><![CDATA[N]]></ISBASEREFERENCE>
<!--28B0A4E4E93F441B8C2AAB113740001D-->  <PARENTREFERENCE_ID><![CDATA[95E2A8B50A254B2AAE6774B8C2F28120]]></PARENTREFERENCE_ID>
<!--28B0A4E4E93F441B8C2AAB113740001D-->  <ISVALUEDISPLAYED><![CDATA[N]]></ISVALUEDISPLAYED>
<!--28B0A4E4E93F441B8C2AAB113740001D--></AD_REFERENCE>

<!--321A75A5526147868C593FDC49DAE701--><AD_REFERENCE>
<!--321A75A5526147868C593FDC49DAE701-->  <AD_REFERENCE_ID><![CDATA[321A75A5526147868C593FDC49DAE701]]></AD_REFERENCE_ID>
<!--321A75A5526147868C593FDC49DAE701-->  <AD_CLIENT_ID><![CDATA[0]]></AD_CLIENT_ID>
<!--321A75A5526147868C593FDC49DAE701-->  <AD_ORG_ID><![CDATA[0]]></AD_ORG_ID>
<!--321A75A5526147868C593FDC49DAE701-->  <ISACTIVE><![CDATA[Y]]></ISACTIVE>
<!--321A75A5526147868C593FDC49DAE701-->  <NAME><![CDATA[Maintenance Task Tree Selector]]></NAME>
<!--321A75A5526147868C593FDC49DAE701-->  <AD_MODULE_ID><![CDATA[5C40CF085DCA477AB9DA89559237F7EB]]></AD_MODULE_ID>
<!--321A75A5526147868C593FDC49DAE701-->  <ISBASEREFERENCE><![CDATA[N]]></ISBASEREFERENCE>
<!--321A75A5526147868C593FDC49DAE701-->  <PARENTREFERENCE_ID><![CDATA[8C57A4A2E05F4261A1FADF47C30398AD]]></PARENTREFERENCE_ID>
<!--321A75A5526147868C593FDC49DAE701-->  <ISVALUEDISPLAYED><![CDATA[N]]></ISVALUEDISPLAYED>
<!--321A75A5526147868C593FDC49DAE701--></AD_REFERENCE>

<!--38F0C1F9866E4A569F2D63D9544C85A2--><AD_REFERENCE>
<!--38F0C1F9866E4A569F2D63D9544C85A2-->  <AD_REFERENCE_ID><![CDATA[38F0C1F9866E4A569F2D63D9544C85A2]]></AD_REFERENCE_ID>
<!--38F0C1F9866E4A569F2D63D9544C85A2-->  <AD_CLIENT_ID><![CDATA[0]]></AD_CLIENT_ID>
<!--38F0C1F9866E4A569F2D63D9544C85A2-->  <AD_ORG_ID><![CDATA[0]]></AD_ORG_ID>
<!--38F0C1F9866E4A569F2D63D9544C85A2-->  <ISACTIVE><![CDATA[Y]]></ISACTIVE>
<!--38F0C1F9866E4A569F2D63D9544C85A2-->  <NAME><![CDATA[Asset Cost Center Tree]]></NAME>
<!--38F0C1F9866E4A569F2D63D9544C85A2-->  <AD_MODULE_ID><![CDATA[5C40CF085DCA477AB9DA89559237F7EB]]></AD_MODULE_ID>
<!--38F0C1F9866E4A569F2D63D9544C85A2-->  <ISBASEREFERENCE><![CDATA[N]]></ISBASEREFERENCE>
<!--38F0C1F9866E4A569F2D63D9544C85A2-->  <PARENTREFERENCE_ID><![CDATA[8C57A4A2E05F4261A1FADF47C30398AD]]></PARENTREFERENCE_ID>
<!--38F0C1F9866E4A569F2D63D9544C85A2-->  <ISVALUEDISPLAYED><![CDATA[N]]></ISVALUEDISPLAYED>
<!--38F0C1F9866E4A569F2D63D9544C85A2--></AD_REFERENCE>

<!--78DD9EA16DAE4F3C8BEBC5C9BAAB7663--><AD_REFERENCE>
<!--78DD9EA16DAE4F3C8BEBC5C9BAAB7663-->  <AD_REFERENCE_ID><![CDATA[78DD9EA16DAE4F3C8BEBC5C9BAAB7663]]></AD_REFERENCE_ID>
<!--78DD9EA16DAE4F3C8BEBC5C9BAAB7663-->  <AD_CLIENT_ID><![CDATA[0]]></AD_CLIENT_ID>
<!--78DD9EA16DAE4F3C8BEBC5C9BAAB7663-->  <AD_ORG_ID><![CDATA[0]]></AD_ORG_ID>
<!--78DD9EA16DAE4F3C8BEBC5C9BAAB7663-->  <ISACTIVE><![CDATA[Y]]></ISACTIVE>
<!--78DD9EA16DAE4F3C8BEBC5C9BAAB7663-->  <NAME><![CDATA[Asset Location]]></NAME>
<!--78DD9EA16DAE4F3C8BEBC5C9BAAB7663-->  <AD_MODULE_ID><![CDATA[5C40CF085DCA477AB9DA89559237F7EB]]></AD_MODULE_ID>
<!--78DD9EA16DAE4F3C8BEBC5C9BAAB7663-->  <ISBASEREFERENCE><![CDATA[N]]></ISBASEREFERENCE>
<!--78DD9EA16DAE4F3C8BEBC5C9BAAB7663-->  <PARENTREFERENCE_ID><![CDATA[95E2A8B50A254B2AAE6774B8C2F28120]]></PARENTREFERENCE_ID>
<!--78DD9EA16DAE4F3C8BEBC5C9BAAB7663-->  <ISVALUEDISPLAYED><![CDATA[N]]></ISVALUEDISPLAYED>
<!--78DD9EA16DAE4F3C8BEBC5C9BAAB7663--></AD_REFERENCE>

<!--8120BCF3A82044CB9685EF9779A5A1D7--><AD_REFERENCE>
<!--8120BCF3A82044CB9685EF9779A5A1D7-->  <AD_REFERENCE_ID><![CDATA[8120BCF3A82044CB9685EF9779A5A1D7]]></AD_REFERENCE_ID>
<!--8120BCF3A82044CB9685EF9779A5A1D7-->  <AD_CLIENT_ID><![CDATA[0]]></AD_CLIENT_ID>
<!--8120BCF3A82044CB9685EF9779A5A1D7-->  <AD_ORG_ID><![CDATA[0]]></AD_ORG_ID>
<!--8120BCF3A82044CB9685EF9779A5A1D7-->  <ISACTIVE><![CDATA[Y]]></ISACTIVE>
<!--8120BCF3A82044CB9685EF9779A5A1D7-->  <NAME><![CDATA[Meter Type]]></NAME>
<!--8120BCF3A82044CB9685EF9779A5A1D7-->  <AD_MODULE_ID><![CDATA[5C40CF085DCA477AB9DA89559237F7EB]]></AD_MODULE_ID>
<!--8120BCF3A82044CB9685EF9779A5A1D7-->  <ISBASEREFERENCE><![CDATA[N]]></ISBASEREFERENCE>
<!--8120BCF3A82044CB9685EF9779A5A1D7-->  <PARENTREFERENCE_ID><![CDATA[17]]></PARENTREFERENCE_ID>
<!--8120BCF3A82044CB9685EF9779A5A1D7-->  <ISVALUEDISPLAYED><![CDATA[N]]></ISVALUEDISPLAYED>
<!--8120BCF3A82044CB9685EF9779A5A1D7--></AD_REFERENCE>

<!--A1EF4D3FC271427799171E749E6B4A46--><AD_REFERENCE>
<!--A1EF4D3FC271427799171E749E6B4A46-->  <AD_REFERENCE_ID><![CDATA[A1EF4D3FC271427799171E749E6B4A46]]></AD_REFERENCE_ID>
<!--A1EF4D3FC271427799171E749E6B4A46-->  <AD_CLIENT_ID><![CDATA[0]]></AD_CLIENT_ID>
<!--A1EF4D3FC271427799171E749E6B4A46-->  <AD_ORG_ID><![CDATA[0]]></AD_ORG_ID>
<!--A1EF4D3FC271427799171E749E6B4A46-->  <ISACTIVE><![CDATA[Y]]></ISACTIVE>
<!--A1EF4D3FC271427799171E749E6B4A46-->  <NAME><![CDATA[Asset Group]]></NAME>
<!--A1EF4D3FC271427799171E749E6B4A46-->  <AD_MODULE_ID><![CDATA[5C40CF085DCA477AB9DA89559237F7EB]]></AD_MODULE_ID>
<!--A1EF4D3FC271427799171E749E6B4A46-->  <ISBASEREFERENCE><![CDATA[N]]></ISBASEREFERENCE>
<!--A1EF4D3FC271427799171E749E6B4A46-->  <PARENTREFERENCE_ID><![CDATA[18]]></PARENTREFERENCE_ID>
<!--A1EF4D3FC271427799171E749E6B4A46-->  <ISVALUEDISPLAYED><![CDATA[N]]></ISVALUEDISPLAYED>
<!--A1EF4D3FC271427799171E749E6B4A46--></AD_REFERENCE>

<!--AD5086EE0766415DBD7361E0C51B3BBD--><AD_REFERENCE>
<!--AD5086EE0766415DBD7361E0C51B3BBD-->  <AD_REFERENCE_ID><![CDATA[AD5086EE0766415DBD7361E0C51B3BBD]]></AD_REFERENCE_ID>
<!--AD5086EE0766415DBD7361E0C51B3BBD-->  <AD_CLIENT_ID><![CDATA[0]]></AD_CLIENT_ID>
<!--AD5086EE0766415DBD7361E0C51B3BBD-->  <AD_ORG_ID><![CDATA[0]]></AD_ORG_ID>
<!--AD5086EE0766415DBD7361E0C51B3BBD-->  <ISACTIVE><![CDATA[Y]]></ISACTIVE>
<!--AD5086EE0766415DBD7361E0C51B3BBD-->  <NAME><![CDATA[Preventive Maintenance Frequency]]></NAME>
<!--AD5086EE0766415DBD7361E0C51B3BBD-->  <AD_MODULE_ID><![CDATA[5C40CF085DCA477AB9DA89559237F7EB]]></AD_MODULE_ID>
<!--AD5086EE0766415DBD7361E0C51B3BBD-->  <ISBASEREFERENCE><![CDATA[N]]></ISBASEREFERENCE>
<!--AD5086EE0766415DBD7361E0C51B3BBD-->  <PARENTREFERENCE_ID><![CDATA[17]]></PARENTREFERENCE_ID>
<!--AD5086EE0766415DBD7361E0C51B3BBD-->  <ISVALUEDISPLAYED><![CDATA[N]]></ISVALUEDISPLAYED>
<!--AD5086EE0766415DBD7361E0C51B3BBD--></AD_REFERENCE>

<!--D0C4A3745A93403AB84232D77A3E8819--><AD_REFERENCE>
<!--D0C4A3745A93403AB84232D77A3E8819-->  <AD_REFERENCE_ID><![CDATA[D0C4A3745A93403AB84232D77A3E8819]]></AD_REFERENCE_ID>
<!--D0C4A3745A93403AB84232D77A3E8819-->  <AD_CLIENT_ID><![CDATA[0]]></AD_CLIENT_ID>
<!--D0C4A3745A93403AB84232D77A3E8819-->  <AD_ORG_ID><![CDATA[0]]></AD_ORG_ID>
<!--D0C4A3745A93403AB84232D77A3E8819-->  <ISACTIVE><![CDATA[Y]]></ISACTIVE>
<!--D0C4A3745A93403AB84232D77A3E8819-->  <NAME><![CDATA[Work Order Selector]]></NAME>
<!--D0C4A3745A93403AB84232D77A3E8819-->  <AD_MODULE_ID><![CDATA[5C40CF085DCA477AB9DA89559237F7EB]]></AD_MODULE_ID>
<!--D0C4A3745A93403AB84232D77A3E8819-->  <ISBASEREFERENCE><![CDATA[N]]></ISBASEREFERENCE>
<!--D0C4A3745A93403AB84232D77A3E8819-->  <PARENTREFERENCE_ID><![CDATA[95E2A8B50A254B2AAE6774B8C2F28120]]></PARENTREFERENCE_ID>
<!--D0C4A3745A93403AB84232D77A3E8819-->  <ISVALUEDISPLAYED><![CDATA[N]]></ISVALUEDISPLAYED>
<!--D0C4A3745A93403AB84232D77A3E8819--></AD_REFERENCE>

<!--DED41A761F8A4D56A676F96B81B31EBD--><AD_REFERENCE>
<!--DED41A761F8A4D56A676F96B81B31EBD-->  <AD_REFERENCE_ID><![CDATA[DED41A761F8A4D56A676F96B81B31EBD]]></AD_REFERENCE_ID>
<!--DED41A761F8A4D56A676F96B81B31EBD-->  <AD_CLIENT_ID><![CDATA[0]]></AD_CLIENT_ID>
<!--DED41A761F8A4D56A676F96B81B31EBD-->  <AD_ORG_ID><![CDATA[0]]></AD_ORG_ID>
<!--DED41A761F8A4D56A676F96B81B31EBD-->  <ISACTIVE><![CDATA[Y]]></ISACTIVE>
<!--DED41A761F8A4D56A676F96B81B31EBD-->  <NAME><![CDATA[Work Order Group]]></NAME>
<!--DED41A761F8A4D56A676F96B81B31EBD-->  <AD_MODULE_ID><![CDATA[5C40CF085DCA477AB9DA89559237F7EB]]></AD_MODULE_ID>
<!--DED41A761F8A4D56A676F96B81B31EBD-->  <ISBASEREFERENCE><![CDATA[N]]></ISBASEREFERENCE>
<!--DED41A761F8A4D56A676F96B81B31EBD-->  <PARENTREFERENCE_ID><![CDATA[18]]></PARENTREFERENCE_ID>
<!--DED41A761F8A4D56A676F96B81B31EBD-->  <ISVALUEDISPLAYED><![CDATA[N]]></ISVALUEDISPLAYED>
<!--DED41A761F8A4D56A676F96B81B31EBD--></AD_REFERENCE>

<!--DF65EDAE76D04CB38BECB171EE38EE01--><AD_REFERENCE>
<!--DF65EDAE76D04CB38BECB171EE38EE01-->  <AD_REFERENCE_ID><![CDATA[DF65EDAE76D04CB38BECB171EE38EE01]]></AD_REFERENCE_ID>
<!--DF65EDAE76D04CB38BECB171EE38EE01-->  <AD_CLIENT_ID><![CDATA[0]]></AD_CLIENT_ID>
<!--DF65EDAE76D04CB38BECB171EE38EE01-->  <AD_ORG_ID><![CDATA[0]]></AD_ORG_ID>
<!--DF65EDAE76D04CB38BECB171EE38EE01-->  <ISACTIVE><![CDATA[Y]]></ISACTIVE>
<!--DF65EDAE76D04CB38BECB171EE38EE01-->  <NAME><![CDATA[Asset Rotating Item]]></NAME>
<!--DF65EDAE76D04CB38BECB171EE38EE01-->  <AD_MODULE_ID><![CDATA[5C40CF085DCA477AB9DA89559237F7EB]]></AD_MODULE_ID>
<!--DF65EDAE76D04CB38BECB171EE38EE01-->  <ISBASEREFERENCE><![CDATA[N]]></ISBASEREFERENCE>
<!--DF65EDAE76D04CB38BECB171EE38EE01-->  <PARENTREFERENCE_ID><![CDATA[95E2A8B50A254B2AAE6774B8C2F28120]]></PARENTREFERENCE_ID>
<!--DF65EDAE76D04CB38BECB171EE38EE01-->  <ISVALUEDISPLAYED><![CDATA[N]]></ISVALUEDISPLAYED>
<!--DF65EDAE76D04CB38BECB171EE38EE01--></AD_REFERENCE>

<!--FA2F636B034244E8B485DE6FD26D05AB--><AD_REFERENCE>
<!--FA2F636B034244E8B485DE6FD26D05AB-->  <AD_REFERENCE_ID><![CDATA[FA2F636B034244E8B485DE6FD26D05AB]]></AD_REFERENCE_ID>
<!--FA2F636B034244E8B485DE6FD26D05AB-->  <AD_CLIENT_ID><![CDATA[0]]></AD_CLIENT_ID>
<!--FA2F636B034244E8B485DE6FD26D05AB-->  <AD_ORG_ID><![CDATA[0]]></AD_ORG_ID>
<!--FA2F636B034244E8B485DE6FD26D05AB-->  <ISACTIVE><![CDATA[Y]]></ISACTIVE>
<!--FA2F636B034244E8B485DE6FD26D05AB-->  <NAME><![CDATA[Asset Group Tree]]></NAME>
<!--FA2F636B034244E8B485DE6FD26D05AB-->  <AD_MODULE_ID><![CDATA[5C40CF085DCA477AB9DA89559237F7EB]]></AD_MODULE_ID>
<!--FA2F636B034244E8B485DE6FD26D05AB-->  <ISBASEREFERENCE><![CDATA[N]]></ISBASEREFERENCE>
<!--FA2F636B034244E8B485DE6FD26D05AB-->  <PARENTREFERENCE_ID><![CDATA[8C57A4A2E05F4261A1FADF47C30398AD]]></PARENTREFERENCE_ID>
<!--FA2F636B034244E8B485DE6FD26D05AB-->  <ISVALUEDISPLAYED><![CDATA[N]]></ISVALUEDISPLAYED>
<!--FA2F636B034244E8B485DE6FD26D05AB--></AD_REFERENCE>

</data>
