<?xml version="1.0" encoding="UTF-8"?>
<data>
<!--A1EF4D3FC271427799171E749E6B4A46--><AD_REF_TABLE>
<!--A1EF4D3FC271427799171E749E6B4A46-->  <AD_REFERENCE_ID><![CDATA[A1EF4D3FC271427799171E749E6B4A46]]></AD_REFERENCE_ID>
<!--A1EF4D3FC271427799171E749E6B4A46-->  <AD_CLIENT_ID><![CDATA[0]]></AD_CLIENT_ID>
<!--A1EF4D3FC271427799171E749E6B4A46-->  <AD_ORG_ID><![CDATA[0]]></AD_ORG_ID>
<!--A1EF4D3FC271427799171E749E6B4A46-->  <ISACTIVE><![CDATA[Y]]></ISACTIVE>
<!--A1EF4D3FC271427799171E749E6B4A46-->  <AD_TABLE_ID><![CDATA[542]]></AD_TABLE_ID>
<!--A1EF4D3FC271427799171E749E6B4A46-->  <AD_KEY><![CDATA[8114]]></AD_KEY>
<!--A1EF4D3FC271427799171E749E6B4A46-->  <AD_DISPLAY><![CDATA[8105]]></AD_DISPLAY>
<!--A1EF4D3FC271427799171E749E6B4A46-->  <ISVALUEDISPLAYED><![CDATA[N]]></ISVALUEDISPLAYED>
<!--A1EF4D3FC271427799171E749E6B4A46--></AD_REF_TABLE>

<!--DED41A761F8A4D56A676F96B81B31EBD--><AD_REF_TABLE>
<!--DED41A761F8A4D56A676F96B81B31EBD-->  <AD_REFERENCE_ID><![CDATA[DED41A761F8A4D56A676F96B81B31EBD]]></AD_REFERENCE_ID>
<!--DED41A761F8A4D56A676F96B81B31EBD-->  <AD_CLIENT_ID><![CDATA[0]]></AD_CLIENT_ID>
<!--DED41A761F8A4D56A676F96B81B31EBD-->  <AD_ORG_ID><![CDATA[0]]></AD_ORG_ID>
<!--DED41A761F8A4D56A676F96B81B31EBD-->  <ISACTIVE><![CDATA[Y]]></ISACTIVE>
<!--DED41A761F8A4D56A676F96B81B31EBD-->  <AD_TABLE_ID><![CDATA[0AAB8DDDA4D5493A8962E7955D98D546]]></AD_TABLE_ID>
<!--DED41A761F8A4D56A676F96B81B31EBD-->  <AD_KEY><![CDATA[42419961E0F1414DA8C2598990E4D3D1]]></AD_KEY>
<!--DED41A761F8A4D56A676F96B81B31EBD-->  <AD_DISPLAY><![CDATA[173B64ABD5394A89B73DDF2E4D5C03FD]]></AD_DISPLAY>
<!--DED41A761F8A4D56A676F96B81B31EBD-->  <ISVALUEDISPLAYED><![CDATA[N]]></ISVALUEDISPLAYED>
<!--DED41A761F8A4D56A676F96B81B31EBD--></AD_REF_TABLE>

</data>
