<?xml version="1.0" encoding="UTF-8"?>
<data>
<!--0445E5EB7AEB4591836819045DCDB121--><AD_REF_LIST>
<!--0445E5EB7AEB4591836819045DCDB121-->  <AD_REF_LIST_ID><![CDATA[0445E5EB7AEB4591836819045DCDB121]]></AD_REF_LIST_ID>
<!--0445E5EB7AEB4591836819045DCDB121-->  <AD_CLIENT_ID><![CDATA[0]]></AD_CLIENT_ID>
<!--0445E5EB7AEB4591836819045DCDB121-->  <AD_ORG_ID><![CDATA[0]]></AD_ORG_ID>
<!--0445E5EB7AEB4591836819045DCDB121-->  <ISACTIVE><![CDATA[Y]]></ISACTIVE>
<!--0445E5EB7AEB4591836819045DCDB121-->  <VALUE><![CDATA[PLANT]]></VALUE>
<!--0445E5EB7AEB4591836819045DCDB121-->  <NAME><![CDATA[Plant]]></NAME>
<!--0445E5EB7AEB4591836819045DCDB121-->  <AD_REFERENCE_ID><![CDATA[0428C0974D3A4D90A8E4B871B6F12525]]></AD_REFERENCE_ID>
<!--0445E5EB7AEB4591836819045DCDB121-->  <AD_MODULE_ID><![CDATA[5C40CF085DCA477AB9DA89559237F7EB]]></AD_MODULE_ID>
<!--0445E5EB7AEB4591836819045DCDB121--></AD_REF_LIST>

<!--08548B2067DC4CDC92BE9FBAFC4D687B--><AD_REF_LIST>
<!--08548B2067DC4CDC92BE9FBAFC4D687B-->  <AD_REF_LIST_ID><![CDATA[08548B2067DC4CDC92BE9FBAFC4D687B]]></AD_REF_LIST_ID>
<!--08548B2067DC4CDC92BE9FBAFC4D687B-->  <AD_CLIENT_ID><![CDATA[0]]></AD_CLIENT_ID>
<!--08548B2067DC4CDC92BE9FBAFC4D687B-->  <AD_ORG_ID><![CDATA[0]]></AD_ORG_ID>
<!--08548B2067DC4CDC92BE9FBAFC4D687B-->  <ISACTIVE><![CDATA[Y]]></ISACTIVE>
<!--08548B2067DC4CDC92BE9FBAFC4D687B-->  <VALUE><![CDATA[FLEET]]></VALUE>
<!--08548B2067DC4CDC92BE9FBAFC4D687B-->  <NAME><![CDATA[Fleet]]></NAME>
<!--08548B2067DC4CDC92BE9FBAFC4D687B-->  <AD_REFERENCE_ID><![CDATA[0428C0974D3A4D90A8E4B871B6F12525]]></AD_REFERENCE_ID>
<!--08548B2067DC4CDC92BE9FBAFC4D687B-->  <AD_MODULE_ID><![CDATA[5C40CF085DCA477AB9DA89559237F7EB]]></AD_MODULE_ID>
<!--08548B2067DC4CDC92BE9FBAFC4D687B--></AD_REF_LIST>

<!--0C52EFB5684E4D8390F9332579A3E7A4--><AD_REF_LIST>
<!--0C52EFB5684E4D8390F9332579A3E7A4-->  <AD_REF_LIST_ID><![CDATA[0C52EFB5684E4D8390F9332579A3E7A4]]></AD_REF_LIST_ID>
<!--0C52EFB5684E4D8390F9332579A3E7A4-->  <AD_CLIENT_ID><![CDATA[0]]></AD_CLIENT_ID>
<!--0C52EFB5684E4D8390F9332579A3E7A4-->  <AD_ORG_ID><![CDATA[0]]></AD_ORG_ID>
<!--0C52EFB5684E4D8390F9332579A3E7A4-->  <ISACTIVE><![CDATA[Y]]></ISACTIVE>
<!--0C52EFB5684E4D8390F9332579A3E7A4-->  <VALUE><![CDATA[Property]]></VALUE>
<!--0C52EFB5684E4D8390F9332579A3E7A4-->  <NAME><![CDATA[Property]]></NAME>
<!--0C52EFB5684E4D8390F9332579A3E7A4-->  <AD_REFERENCE_ID><![CDATA[0428C0974D3A4D90A8E4B871B6F12525]]></AD_REFERENCE_ID>
<!--0C52EFB5684E4D8390F9332579A3E7A4-->  <AD_MODULE_ID><![CDATA[5C40CF085DCA477AB9DA89559237F7EB]]></AD_MODULE_ID>
<!--0C52EFB5684E4D8390F9332579A3E7A4--></AD_REF_LIST>

<!--1F223570ED5746A7990AC8146644C078--><AD_REF_LIST>
<!--1F223570ED5746A7990AC8146644C078-->  <AD_REF_LIST_ID><![CDATA[1F223570ED5746A7990AC8146644C078]]></AD_REF_LIST_ID>
<!--1F223570ED5746A7990AC8146644C078-->  <AD_CLIENT_ID><![CDATA[0]]></AD_CLIENT_ID>
<!--1F223570ED5746A7990AC8146644C078-->  <AD_ORG_ID><![CDATA[0]]></AD_ORG_ID>
<!--1F223570ED5746A7990AC8146644C078-->  <ISACTIVE><![CDATA[Y]]></ISACTIVE>
<!--1F223570ED5746A7990AC8146644C078-->  <VALUE><![CDATA[CONTINOUS]]></VALUE>
<!--1F223570ED5746A7990AC8146644C078-->  <NAME><![CDATA[Continous]]></NAME>
<!--1F223570ED5746A7990AC8146644C078-->  <AD_REFERENCE_ID><![CDATA[8120BCF3A82044CB9685EF9779A5A1D7]]></AD_REFERENCE_ID>
<!--1F223570ED5746A7990AC8146644C078-->  <AD_MODULE_ID><![CDATA[5C40CF085DCA477AB9DA89559237F7EB]]></AD_MODULE_ID>
<!--1F223570ED5746A7990AC8146644C078--></AD_REF_LIST>

<!--39BDAB46292541B289FAD4A73E065805--><AD_REF_LIST>
<!--39BDAB46292541B289FAD4A73E065805-->  <AD_REF_LIST_ID><![CDATA[39BDAB46292541B289FAD4A73E065805]]></AD_REF_LIST_ID>
<!--39BDAB46292541B289FAD4A73E065805-->  <AD_CLIENT_ID><![CDATA[0]]></AD_CLIENT_ID>
<!--39BDAB46292541B289FAD4A73E065805-->  <AD_ORG_ID><![CDATA[0]]></AD_ORG_ID>
<!--39BDAB46292541B289FAD4A73E065805-->  <ISACTIVE><![CDATA[Y]]></ISACTIVE>
<!--39BDAB46292541B289FAD4A73E065805-->  <VALUE><![CDATA[CAM_INSTORE]]></VALUE>
<!--39BDAB46292541B289FAD4A73E065805-->  <NAME><![CDATA[In Store]]></NAME>
<!--39BDAB46292541B289FAD4A73E065805-->  <AD_REFERENCE_ID><![CDATA[135]]></AD_REFERENCE_ID>
<!--39BDAB46292541B289FAD4A73E065805-->  <AD_MODULE_ID><![CDATA[5C40CF085DCA477AB9DA89559237F7EB]]></AD_MODULE_ID>
<!--39BDAB46292541B289FAD4A73E065805--></AD_REF_LIST>

<!--4285E8C8A9BB4A83B5A72CA3EAB43B0B--><AD_REF_LIST>
<!--4285E8C8A9BB4A83B5A72CA3EAB43B0B-->  <AD_REF_LIST_ID><![CDATA[4285E8C8A9BB4A83B5A72CA3EAB43B0B]]></AD_REF_LIST_ID>
<!--4285E8C8A9BB4A83B5A72CA3EAB43B0B-->  <AD_CLIENT_ID><![CDATA[0]]></AD_CLIENT_ID>
<!--4285E8C8A9BB4A83B5A72CA3EAB43B0B-->  <AD_ORG_ID><![CDATA[0]]></AD_ORG_ID>
<!--4285E8C8A9BB4A83B5A72CA3EAB43B0B-->  <ISACTIVE><![CDATA[Y]]></ISACTIVE>
<!--4285E8C8A9BB4A83B5A72CA3EAB43B0B-->  <VALUE><![CDATA[CAM_DISMANTLE]]></VALUE>
<!--4285E8C8A9BB4A83B5A72CA3EAB43B0B-->  <NAME><![CDATA[Dismantle]]></NAME>
<!--4285E8C8A9BB4A83B5A72CA3EAB43B0B-->  <AD_REFERENCE_ID><![CDATA[131]]></AD_REFERENCE_ID>
<!--4285E8C8A9BB4A83B5A72CA3EAB43B0B-->  <AD_MODULE_ID><![CDATA[5C40CF085DCA477AB9DA89559237F7EB]]></AD_MODULE_ID>
<!--4285E8C8A9BB4A83B5A72CA3EAB43B0B--></AD_REF_LIST>

<!--43A02F268CE1431DA6E074D3074827F4--><AD_REF_LIST>
<!--43A02F268CE1431DA6E074D3074827F4-->  <AD_REF_LIST_ID><![CDATA[43A02F268CE1431DA6E074D3074827F4]]></AD_REF_LIST_ID>
<!--43A02F268CE1431DA6E074D3074827F4-->  <AD_CLIENT_ID><![CDATA[0]]></AD_CLIENT_ID>
<!--43A02F268CE1431DA6E074D3074827F4-->  <AD_ORG_ID><![CDATA[0]]></AD_ORG_ID>
<!--43A02F268CE1431DA6E074D3074827F4-->  <ISACTIVE><![CDATA[Y]]></ISACTIVE>
<!--43A02F268CE1431DA6E074D3074827F4-->  <VALUE><![CDATA[CAM_DOUBLEDECLINING]]></VALUE>
<!--43A02F268CE1431DA6E074D3074827F4-->  <NAME><![CDATA[Double Declining]]></NAME>
<!--43A02F268CE1431DA6E074D3074827F4-->  <AD_REFERENCE_ID><![CDATA[800040]]></AD_REFERENCE_ID>
<!--43A02F268CE1431DA6E074D3074827F4-->  <AD_MODULE_ID><![CDATA[5C40CF085DCA477AB9DA89559237F7EB]]></AD_MODULE_ID>
<!--43A02F268CE1431DA6E074D3074827F4--></AD_REF_LIST>

<!--4EE02DB4875D4F48BC834F36AE49C38B--><AD_REF_LIST>
<!--4EE02DB4875D4F48BC834F36AE49C38B-->  <AD_REF_LIST_ID><![CDATA[4EE02DB4875D4F48BC834F36AE49C38B]]></AD_REF_LIST_ID>
<!--4EE02DB4875D4F48BC834F36AE49C38B-->  <AD_CLIENT_ID><![CDATA[0]]></AD_CLIENT_ID>
<!--4EE02DB4875D4F48BC834F36AE49C38B-->  <AD_ORG_ID><![CDATA[0]]></AD_ORG_ID>
<!--4EE02DB4875D4F48BC834F36AE49C38B-->  <ISACTIVE><![CDATA[Y]]></ISACTIVE>
<!--4EE02DB4875D4F48BC834F36AE49C38B-->  <VALUE><![CDATA[GAUGE]]></VALUE>
<!--4EE02DB4875D4F48BC834F36AE49C38B-->  <NAME><![CDATA[Gauge]]></NAME>
<!--4EE02DB4875D4F48BC834F36AE49C38B-->  <AD_REFERENCE_ID><![CDATA[8120BCF3A82044CB9685EF9779A5A1D7]]></AD_REFERENCE_ID>
<!--4EE02DB4875D4F48BC834F36AE49C38B-->  <AD_MODULE_ID><![CDATA[5C40CF085DCA477AB9DA89559237F7EB]]></AD_MODULE_ID>
<!--4EE02DB4875D4F48BC834F36AE49C38B--></AD_REF_LIST>

<!--55376B8C949A48C9B52718C7E420DEBA--><AD_REF_LIST>
<!--55376B8C949A48C9B52718C7E420DEBA-->  <AD_REF_LIST_ID><![CDATA[55376B8C949A48C9B52718C7E420DEBA]]></AD_REF_LIST_ID>
<!--55376B8C949A48C9B52718C7E420DEBA-->  <AD_CLIENT_ID><![CDATA[0]]></AD_CLIENT_ID>
<!--55376B8C949A48C9B52718C7E420DEBA-->  <AD_ORG_ID><![CDATA[0]]></AD_ORG_ID>
<!--55376B8C949A48C9B52718C7E420DEBA-->  <ISACTIVE><![CDATA[Y]]></ISACTIVE>
<!--55376B8C949A48C9B52718C7E420DEBA-->  <VALUE><![CDATA[1]]></VALUE>
<!--55376B8C949A48C9B52718C7E420DEBA-->  <NAME><![CDATA[Weekly]]></NAME>
<!--55376B8C949A48C9B52718C7E420DEBA-->  <AD_REFERENCE_ID><![CDATA[AD5086EE0766415DBD7361E0C51B3BBD]]></AD_REFERENCE_ID>
<!--55376B8C949A48C9B52718C7E420DEBA-->  <AD_MODULE_ID><![CDATA[5C40CF085DCA477AB9DA89559237F7EB]]></AD_MODULE_ID>
<!--55376B8C949A48C9B52718C7E420DEBA-->  <SEQNO><![CDATA[1]]></SEQNO>
<!--55376B8C949A48C9B52718C7E420DEBA--></AD_REF_LIST>

<!--63E0157F4B384222BDCF15E304F10ED4--><AD_REF_LIST>
<!--63E0157F4B384222BDCF15E304F10ED4-->  <AD_REF_LIST_ID><![CDATA[63E0157F4B384222BDCF15E304F10ED4]]></AD_REF_LIST_ID>
<!--63E0157F4B384222BDCF15E304F10ED4-->  <AD_CLIENT_ID><![CDATA[0]]></AD_CLIENT_ID>
<!--63E0157F4B384222BDCF15E304F10ED4-->  <AD_ORG_ID><![CDATA[0]]></AD_ORG_ID>
<!--63E0157F4B384222BDCF15E304F10ED4-->  <ISACTIVE><![CDATA[Y]]></ISACTIVE>
<!--63E0157F4B384222BDCF15E304F10ED4-->  <VALUE><![CDATA[PREPAYMENT]]></VALUE>
<!--63E0157F4B384222BDCF15E304F10ED4-->  <NAME><![CDATA[Prepayment]]></NAME>
<!--63E0157F4B384222BDCF15E304F10ED4-->  <AD_REFERENCE_ID><![CDATA[0428C0974D3A4D90A8E4B871B6F12525]]></AD_REFERENCE_ID>
<!--63E0157F4B384222BDCF15E304F10ED4-->  <AD_MODULE_ID><![CDATA[5C40CF085DCA477AB9DA89559237F7EB]]></AD_MODULE_ID>
<!--63E0157F4B384222BDCF15E304F10ED4--></AD_REF_LIST>

<!--63E958AF2424417EB40D741D011A1542--><AD_REF_LIST>
<!--63E958AF2424417EB40D741D011A1542-->  <AD_REF_LIST_ID><![CDATA[63E958AF2424417EB40D741D011A1542]]></AD_REF_LIST_ID>
<!--63E958AF2424417EB40D741D011A1542-->  <AD_CLIENT_ID><![CDATA[0]]></AD_CLIENT_ID>
<!--63E958AF2424417EB40D741D011A1542-->  <AD_ORG_ID><![CDATA[0]]></AD_ORG_ID>
<!--63E958AF2424417EB40D741D011A1542-->  <ISACTIVE><![CDATA[Y]]></ISACTIVE>
<!--63E958AF2424417EB40D741D011A1542-->  <VALUE><![CDATA[EQUIPMENT]]></VALUE>
<!--63E958AF2424417EB40D741D011A1542-->  <NAME><![CDATA[Equipment]]></NAME>
<!--63E958AF2424417EB40D741D011A1542-->  <AD_REFERENCE_ID><![CDATA[0428C0974D3A4D90A8E4B871B6F12525]]></AD_REFERENCE_ID>
<!--63E958AF2424417EB40D741D011A1542-->  <AD_MODULE_ID><![CDATA[5C40CF085DCA477AB9DA89559237F7EB]]></AD_MODULE_ID>
<!--63E958AF2424417EB40D741D011A1542--></AD_REF_LIST>

<!--764A10F8D7094F709B7908482001ED8E--><AD_REF_LIST>
<!--764A10F8D7094F709B7908482001ED8E-->  <AD_REF_LIST_ID><![CDATA[764A10F8D7094F709B7908482001ED8E]]></AD_REF_LIST_ID>
<!--764A10F8D7094F709B7908482001ED8E-->  <AD_CLIENT_ID><![CDATA[0]]></AD_CLIENT_ID>
<!--764A10F8D7094F709B7908482001ED8E-->  <AD_ORG_ID><![CDATA[0]]></AD_ORG_ID>
<!--764A10F8D7094F709B7908482001ED8E-->  <ISACTIVE><![CDATA[Y]]></ISACTIVE>
<!--764A10F8D7094F709B7908482001ED8E-->  <VALUE><![CDATA[CHARACTERISTIC]]></VALUE>
<!--764A10F8D7094F709B7908482001ED8E-->  <NAME><![CDATA[Characteristic]]></NAME>
<!--764A10F8D7094F709B7908482001ED8E-->  <AD_REFERENCE_ID><![CDATA[8120BCF3A82044CB9685EF9779A5A1D7]]></AD_REFERENCE_ID>
<!--764A10F8D7094F709B7908482001ED8E-->  <AD_MODULE_ID><![CDATA[5C40CF085DCA477AB9DA89559237F7EB]]></AD_MODULE_ID>
<!--764A10F8D7094F709B7908482001ED8E--></AD_REF_LIST>

<!--91B9DB12CD71446486225A3718348590--><AD_REF_LIST>
<!--91B9DB12CD71446486225A3718348590-->  <AD_REF_LIST_ID><![CDATA[91B9DB12CD71446486225A3718348590]]></AD_REF_LIST_ID>
<!--91B9DB12CD71446486225A3718348590-->  <AD_CLIENT_ID><![CDATA[0]]></AD_CLIENT_ID>
<!--91B9DB12CD71446486225A3718348590-->  <AD_ORG_ID><![CDATA[0]]></AD_ORG_ID>
<!--91B9DB12CD71446486225A3718348590-->  <ISACTIVE><![CDATA[Y]]></ISACTIVE>
<!--91B9DB12CD71446486225A3718348590-->  <VALUE><![CDATA[CAM_REPAIR]]></VALUE>
<!--91B9DB12CD71446486225A3718348590-->  <NAME><![CDATA[Repair]]></NAME>
<!--91B9DB12CD71446486225A3718348590-->  <AD_REFERENCE_ID><![CDATA[131]]></AD_REFERENCE_ID>
<!--91B9DB12CD71446486225A3718348590-->  <AD_MODULE_ID><![CDATA[5C40CF085DCA477AB9DA89559237F7EB]]></AD_MODULE_ID>
<!--91B9DB12CD71446486225A3718348590--></AD_REF_LIST>

<!--9A0350BD6A934C9E8FEE17370105FFE4--><AD_REF_LIST>
<!--9A0350BD6A934C9E8FEE17370105FFE4-->  <AD_REF_LIST_ID><![CDATA[9A0350BD6A934C9E8FEE17370105FFE4]]></AD_REF_LIST_ID>
<!--9A0350BD6A934C9E8FEE17370105FFE4-->  <AD_CLIENT_ID><![CDATA[0]]></AD_CLIENT_ID>
<!--9A0350BD6A934C9E8FEE17370105FFE4-->  <AD_ORG_ID><![CDATA[0]]></AD_ORG_ID>
<!--9A0350BD6A934C9E8FEE17370105FFE4-->  <ISACTIVE><![CDATA[Y]]></ISACTIVE>
<!--9A0350BD6A934C9E8FEE17370105FFE4-->  <VALUE><![CDATA[FA]]></VALUE>
<!--9A0350BD6A934C9E8FEE17370105FFE4-->  <NAME><![CDATA[Fixed Asset]]></NAME>
<!--9A0350BD6A934C9E8FEE17370105FFE4-->  <AD_REFERENCE_ID><![CDATA[0428C0974D3A4D90A8E4B871B6F12525]]></AD_REFERENCE_ID>
<!--9A0350BD6A934C9E8FEE17370105FFE4-->  <AD_MODULE_ID><![CDATA[5C40CF085DCA477AB9DA89559237F7EB]]></AD_MODULE_ID>
<!--9A0350BD6A934C9E8FEE17370105FFE4--></AD_REF_LIST>

<!--9C1582ECE95846018029664C53ED4518--><AD_REF_LIST>
<!--9C1582ECE95846018029664C53ED4518-->  <AD_REF_LIST_ID><![CDATA[9C1582ECE95846018029664C53ED4518]]></AD_REF_LIST_ID>
<!--9C1582ECE95846018029664C53ED4518-->  <AD_CLIENT_ID><![CDATA[0]]></AD_CLIENT_ID>
<!--9C1582ECE95846018029664C53ED4518-->  <AD_ORG_ID><![CDATA[0]]></AD_ORG_ID>
<!--9C1582ECE95846018029664C53ED4518-->  <ISACTIVE><![CDATA[Y]]></ISACTIVE>
<!--9C1582ECE95846018029664C53ED4518-->  <VALUE><![CDATA[CAM_REPAIR]]></VALUE>
<!--9C1582ECE95846018029664C53ED4518-->  <NAME><![CDATA[Repair]]></NAME>
<!--9C1582ECE95846018029664C53ED4518-->  <AD_REFERENCE_ID><![CDATA[135]]></AD_REFERENCE_ID>
<!--9C1582ECE95846018029664C53ED4518-->  <AD_MODULE_ID><![CDATA[5C40CF085DCA477AB9DA89559237F7EB]]></AD_MODULE_ID>
<!--9C1582ECE95846018029664C53ED4518--></AD_REF_LIST>

<!--B73D837B8D2B4A8286CDCEF212C30163--><AD_REF_LIST>
<!--B73D837B8D2B4A8286CDCEF212C30163-->  <AD_REF_LIST_ID><![CDATA[B73D837B8D2B4A8286CDCEF212C30163]]></AD_REF_LIST_ID>
<!--B73D837B8D2B4A8286CDCEF212C30163-->  <AD_CLIENT_ID><![CDATA[0]]></AD_CLIENT_ID>
<!--B73D837B8D2B4A8286CDCEF212C30163-->  <AD_ORG_ID><![CDATA[0]]></AD_ORG_ID>
<!--B73D837B8D2B4A8286CDCEF212C30163-->  <ISACTIVE><![CDATA[Y]]></ISACTIVE>
<!--B73D837B8D2B4A8286CDCEF212C30163-->  <VALUE><![CDATA[CAM_WO]]></VALUE>
<!--B73D837B8D2B4A8286CDCEF212C30163-->  <NAME><![CDATA[Work Order]]></NAME>
<!--B73D837B8D2B4A8286CDCEF212C30163-->  <AD_REFERENCE_ID><![CDATA[183]]></AD_REFERENCE_ID>
<!--B73D837B8D2B4A8286CDCEF212C30163-->  <AD_MODULE_ID><![CDATA[5C40CF085DCA477AB9DA89559237F7EB]]></AD_MODULE_ID>
<!--B73D837B8D2B4A8286CDCEF212C30163--></AD_REF_LIST>

<!--D31D02B8D7714DA18DFDA1156CAAC075--><AD_REF_LIST>
<!--D31D02B8D7714DA18DFDA1156CAAC075-->  <AD_REF_LIST_ID><![CDATA[D31D02B8D7714DA18DFDA1156CAAC075]]></AD_REF_LIST_ID>
<!--D31D02B8D7714DA18DFDA1156CAAC075-->  <AD_CLIENT_ID><![CDATA[0]]></AD_CLIENT_ID>
<!--D31D02B8D7714DA18DFDA1156CAAC075-->  <AD_ORG_ID><![CDATA[0]]></AD_ORG_ID>
<!--D31D02B8D7714DA18DFDA1156CAAC075-->  <ISACTIVE><![CDATA[Y]]></ISACTIVE>
<!--D31D02B8D7714DA18DFDA1156CAAC075-->  <VALUE><![CDATA[CAM_OPERATING]]></VALUE>
<!--D31D02B8D7714DA18DFDA1156CAAC075-->  <NAME><![CDATA[Operating]]></NAME>
<!--D31D02B8D7714DA18DFDA1156CAAC075-->  <AD_REFERENCE_ID><![CDATA[135]]></AD_REFERENCE_ID>
<!--D31D02B8D7714DA18DFDA1156CAAC075-->  <AD_MODULE_ID><![CDATA[5C40CF085DCA477AB9DA89559237F7EB]]></AD_MODULE_ID>
<!--D31D02B8D7714DA18DFDA1156CAAC075--></AD_REF_LIST>

<!--DA5F23EBAA1147609D4A0898AFD0F569--><AD_REF_LIST>
<!--DA5F23EBAA1147609D4A0898AFD0F569-->  <AD_REF_LIST_ID><![CDATA[DA5F23EBAA1147609D4A0898AFD0F569]]></AD_REF_LIST_ID>
<!--DA5F23EBAA1147609D4A0898AFD0F569-->  <AD_CLIENT_ID><![CDATA[0]]></AD_CLIENT_ID>
<!--DA5F23EBAA1147609D4A0898AFD0F569-->  <AD_ORG_ID><![CDATA[0]]></AD_ORG_ID>
<!--DA5F23EBAA1147609D4A0898AFD0F569-->  <ISACTIVE><![CDATA[Y]]></ISACTIVE>
<!--DA5F23EBAA1147609D4A0898AFD0F569-->  <VALUE><![CDATA[CAM_OPERATING]]></VALUE>
<!--DA5F23EBAA1147609D4A0898AFD0F569-->  <NAME><![CDATA[Operating]]></NAME>
<!--DA5F23EBAA1147609D4A0898AFD0F569-->  <AD_REFERENCE_ID><![CDATA[131]]></AD_REFERENCE_ID>
<!--DA5F23EBAA1147609D4A0898AFD0F569-->  <AD_MODULE_ID><![CDATA[5C40CF085DCA477AB9DA89559237F7EB]]></AD_MODULE_ID>
<!--DA5F23EBAA1147609D4A0898AFD0F569--></AD_REF_LIST>

<!--E8FCD1B88EF94AE4A8D9FF6AB2D550DF--><AD_REF_LIST>
<!--E8FCD1B88EF94AE4A8D9FF6AB2D550DF-->  <AD_REF_LIST_ID><![CDATA[E8FCD1B88EF94AE4A8D9FF6AB2D550DF]]></AD_REF_LIST_ID>
<!--E8FCD1B88EF94AE4A8D9FF6AB2D550DF-->  <AD_CLIENT_ID><![CDATA[0]]></AD_CLIENT_ID>
<!--E8FCD1B88EF94AE4A8D9FF6AB2D550DF-->  <AD_ORG_ID><![CDATA[0]]></AD_ORG_ID>
<!--E8FCD1B88EF94AE4A8D9FF6AB2D550DF-->  <ISACTIVE><![CDATA[Y]]></ISACTIVE>
<!--E8FCD1B88EF94AE4A8D9FF6AB2D550DF-->  <VALUE><![CDATA[CAM_INSTORE]]></VALUE>
<!--E8FCD1B88EF94AE4A8D9FF6AB2D550DF-->  <NAME><![CDATA[In Store]]></NAME>
<!--E8FCD1B88EF94AE4A8D9FF6AB2D550DF-->  <AD_REFERENCE_ID><![CDATA[131]]></AD_REFERENCE_ID>
<!--E8FCD1B88EF94AE4A8D9FF6AB2D550DF-->  <AD_MODULE_ID><![CDATA[5C40CF085DCA477AB9DA89559237F7EB]]></AD_MODULE_ID>
<!--E8FCD1B88EF94AE4A8D9FF6AB2D550DF--></AD_REF_LIST>

<!--EB7E8743D1AC4DC0B3EE059FA3FC7800--><AD_REF_LIST>
<!--EB7E8743D1AC4DC0B3EE059FA3FC7800-->  <AD_REF_LIST_ID><![CDATA[EB7E8743D1AC4DC0B3EE059FA3FC7800]]></AD_REF_LIST_ID>
<!--EB7E8743D1AC4DC0B3EE059FA3FC7800-->  <AD_CLIENT_ID><![CDATA[0]]></AD_CLIENT_ID>
<!--EB7E8743D1AC4DC0B3EE059FA3FC7800-->  <AD_ORG_ID><![CDATA[0]]></AD_ORG_ID>
<!--EB7E8743D1AC4DC0B3EE059FA3FC7800-->  <ISACTIVE><![CDATA[Y]]></ISACTIVE>
<!--EB7E8743D1AC4DC0B3EE059FA3FC7800-->  <VALUE><![CDATA[2]]></VALUE>
<!--EB7E8743D1AC4DC0B3EE059FA3FC7800-->  <NAME><![CDATA[Monthly]]></NAME>
<!--EB7E8743D1AC4DC0B3EE059FA3FC7800-->  <AD_REFERENCE_ID><![CDATA[AD5086EE0766415DBD7361E0C51B3BBD]]></AD_REFERENCE_ID>
<!--EB7E8743D1AC4DC0B3EE059FA3FC7800-->  <AD_MODULE_ID><![CDATA[5C40CF085DCA477AB9DA89559237F7EB]]></AD_MODULE_ID>
<!--EB7E8743D1AC4DC0B3EE059FA3FC7800-->  <SEQNO><![CDATA[2]]></SEQNO>
<!--EB7E8743D1AC4DC0B3EE059FA3FC7800--></AD_REF_LIST>

<!--F1A23F0AA0DF4036A9D31F815E69F742--><AD_REF_LIST>
<!--F1A23F0AA0DF4036A9D31F815E69F742-->  <AD_REF_LIST_ID><![CDATA[F1A23F0AA0DF4036A9D31F815E69F742]]></AD_REF_LIST_ID>
<!--F1A23F0AA0DF4036A9D31F815E69F742-->  <AD_CLIENT_ID><![CDATA[0]]></AD_CLIENT_ID>
<!--F1A23F0AA0DF4036A9D31F815E69F742-->  <AD_ORG_ID><![CDATA[0]]></AD_ORG_ID>
<!--F1A23F0AA0DF4036A9D31F815E69F742-->  <ISACTIVE><![CDATA[Y]]></ISACTIVE>
<!--F1A23F0AA0DF4036A9D31F815E69F742-->  <VALUE><![CDATA[CAM_DISMANTLE]]></VALUE>
<!--F1A23F0AA0DF4036A9D31F815E69F742-->  <NAME><![CDATA[Dismantle]]></NAME>
<!--F1A23F0AA0DF4036A9D31F815E69F742-->  <AD_REFERENCE_ID><![CDATA[135]]></AD_REFERENCE_ID>
<!--F1A23F0AA0DF4036A9D31F815E69F742-->  <AD_MODULE_ID><![CDATA[5C40CF085DCA477AB9DA89559237F7EB]]></AD_MODULE_ID>
<!--F1A23F0AA0DF4036A9D31F815E69F742--></AD_REF_LIST>

<!--F952E53CB5B84FAC88F22F299E9D96AD--><AD_REF_LIST>
<!--F952E53CB5B84FAC88F22F299E9D96AD-->  <AD_REF_LIST_ID><![CDATA[F952E53CB5B84FAC88F22F299E9D96AD]]></AD_REF_LIST_ID>
<!--F952E53CB5B84FAC88F22F299E9D96AD-->  <AD_CLIENT_ID><![CDATA[0]]></AD_CLIENT_ID>
<!--F952E53CB5B84FAC88F22F299E9D96AD-->  <AD_ORG_ID><![CDATA[0]]></AD_ORG_ID>
<!--F952E53CB5B84FAC88F22F299E9D96AD-->  <ISACTIVE><![CDATA[Y]]></ISACTIVE>
<!--F952E53CB5B84FAC88F22F299E9D96AD-->  <VALUE><![CDATA[3]]></VALUE>
<!--F952E53CB5B84FAC88F22F299E9D96AD-->  <NAME><![CDATA[Yearly]]></NAME>
<!--F952E53CB5B84FAC88F22F299E9D96AD-->  <AD_REFERENCE_ID><![CDATA[AD5086EE0766415DBD7361E0C51B3BBD]]></AD_REFERENCE_ID>
<!--F952E53CB5B84FAC88F22F299E9D96AD-->  <AD_MODULE_ID><![CDATA[5C40CF085DCA477AB9DA89559237F7EB]]></AD_MODULE_ID>
<!--F952E53CB5B84FAC88F22F299E9D96AD-->  <SEQNO><![CDATA[3]]></SEQNO>
<!--F952E53CB5B84FAC88F22F299E9D96AD--></AD_REF_LIST>

</data>
