<?xml version="1.0" encoding="UTF-8"?>
<data>
<!--1A788C5B89934A2689ECE711BD5F4AA3--><AD_REF_TREE>
<!--1A788C5B89934A2689ECE711BD5F4AA3-->  <AD_REF_TREE_ID><![CDATA[1A788C5B89934A2689ECE711BD5F4AA3]]></AD_REF_TREE_ID>
<!--1A788C5B89934A2689ECE711BD5F4AA3-->  <AD_CLIENT_ID><![CDATA[0]]></AD_CLIENT_ID>
<!--1A788C5B89934A2689ECE711BD5F4AA3-->  <AD_ORG_ID><![CDATA[0]]></AD_ORG_ID>
<!--1A788C5B89934A2689ECE711BD5F4AA3-->  <ISACTIVE><![CDATA[Y]]></ISACTIVE>
<!--1A788C5B89934A2689ECE711BD5F4AA3-->  <AD_REFERENCE_ID><![CDATA[321A75A5526147868C593FDC49DAE701]]></AD_REFERENCE_ID>
<!--1A788C5B89934A2689ECE711BD5F4AA3-->  <AD_TABLE_ID><![CDATA[800158]]></AD_TABLE_ID>
<!--1A788C5B89934A2689ECE711BD5F4AA3-->  <AD_TABLE_TREE_ID><![CDATA[71901475DF9E4BA6AA37059F74D5F19A]]></AD_TABLE_TREE_ID>
<!--1A788C5B89934A2689ECE711BD5F4AA3-->  <AD_MODULE_ID><![CDATA[5C40CF085DCA477AB9DA89559237F7EB]]></AD_MODULE_ID>
<!--1A788C5B89934A2689ECE711BD5F4AA3--></AD_REF_TREE>

<!--3C35886D989A4DC89BBEE036FFFE0F5B--><AD_REF_TREE>
<!--3C35886D989A4DC89BBEE036FFFE0F5B-->  <AD_REF_TREE_ID><![CDATA[3C35886D989A4DC89BBEE036FFFE0F5B]]></AD_REF_TREE_ID>
<!--3C35886D989A4DC89BBEE036FFFE0F5B-->  <AD_CLIENT_ID><![CDATA[0]]></AD_CLIENT_ID>
<!--3C35886D989A4DC89BBEE036FFFE0F5B-->  <AD_ORG_ID><![CDATA[0]]></AD_ORG_ID>
<!--3C35886D989A4DC89BBEE036FFFE0F5B-->  <ISACTIVE><![CDATA[Y]]></ISACTIVE>
<!--3C35886D989A4DC89BBEE036FFFE0F5B-->  <AD_REFERENCE_ID><![CDATA[38F0C1F9866E4A569F2D63D9544C85A2]]></AD_REFERENCE_ID>
<!--3C35886D989A4DC89BBEE036FFFE0F5B-->  <AD_TABLE_ID><![CDATA[9072A1C049584DB69E4F42AE20B5CB66]]></AD_TABLE_ID>
<!--3C35886D989A4DC89BBEE036FFFE0F5B-->  <VALUEFIELD_ID><![CDATA[CAF11B89DE9A4A668C7E1D4C0DF44F9B]]></VALUEFIELD_ID>
<!--3C35886D989A4DC89BBEE036FFFE0F5B-->  <DISPLAYFIELD_ID><![CDATA[89BA5556D59B45BE94BC95FD98B9616B]]></DISPLAYFIELD_ID>
<!--3C35886D989A4DC89BBEE036FFFE0F5B-->  <AD_TABLE_TREE_ID><![CDATA[A9D065378E2E4487B842A6D02BFEAA9B]]></AD_TABLE_TREE_ID>
<!--3C35886D989A4DC89BBEE036FFFE0F5B-->  <AD_MODULE_ID><![CDATA[5C40CF085DCA477AB9DA89559237F7EB]]></AD_MODULE_ID>
<!--3C35886D989A4DC89BBEE036FFFE0F5B--></AD_REF_TREE>

<!--7B206BC765E54DAA99C02442C30825F0--><AD_REF_TREE>
<!--7B206BC765E54DAA99C02442C30825F0-->  <AD_REF_TREE_ID><![CDATA[7B206BC765E54DAA99C02442C30825F0]]></AD_REF_TREE_ID>
<!--7B206BC765E54DAA99C02442C30825F0-->  <AD_CLIENT_ID><![CDATA[0]]></AD_CLIENT_ID>
<!--7B206BC765E54DAA99C02442C30825F0-->  <AD_ORG_ID><![CDATA[0]]></AD_ORG_ID>
<!--7B206BC765E54DAA99C02442C30825F0-->  <ISACTIVE><![CDATA[Y]]></ISACTIVE>
<!--7B206BC765E54DAA99C02442C30825F0-->  <AD_REFERENCE_ID><![CDATA[FA2F636B034244E8B485DE6FD26D05AB]]></AD_REFERENCE_ID>
<!--7B206BC765E54DAA99C02442C30825F0-->  <AD_TABLE_ID><![CDATA[542]]></AD_TABLE_ID>
<!--7B206BC765E54DAA99C02442C30825F0-->  <VALUEFIELD_ID><![CDATA[535DD0FEA5684449B3FFDDE204B013B7]]></VALUEFIELD_ID>
<!--7B206BC765E54DAA99C02442C30825F0-->  <DISPLAYFIELD_ID><![CDATA[12C551C7A0AF47078777170CC5E4C06C]]></DISPLAYFIELD_ID>
<!--7B206BC765E54DAA99C02442C30825F0-->  <AD_TABLE_TREE_ID><![CDATA[71A9BF3F29554D1A9E0B0893BB502A1B]]></AD_TABLE_TREE_ID>
<!--7B206BC765E54DAA99C02442C30825F0-->  <AD_MODULE_ID><![CDATA[5C40CF085DCA477AB9DA89559237F7EB]]></AD_MODULE_ID>
<!--7B206BC765E54DAA99C02442C30825F0--></AD_REF_TREE>

</data>
