<?xml version="1.0" encoding="UTF-8"?>
<data>
<!--0811B46EB1FB454D82C82AB059CAF2A0--><AD_TREENODE>
<!--0811B46EB1FB454D82C82AB059CAF2A0-->  <AD_TREENODE_ID><![CDATA[0811B46EB1FB454D82C82AB059CAF2A0]]></AD_TREENODE_ID>
<!--0811B46EB1FB454D82C82AB059CAF2A0-->  <AD_TREE_ID><![CDATA[10]]></AD_TREE_ID>
<!--0811B46EB1FB454D82C82AB059CAF2A0-->  <NODE_ID><![CDATA[097F7FDD40F047AE8DB29FC10BAA0734]]></NODE_ID>
<!--0811B46EB1FB454D82C82AB059CAF2A0-->  <AD_CLIENT_ID><![CDATA[0]]></AD_CLIENT_ID>
<!--0811B46EB1FB454D82C82AB059CAF2A0-->  <AD_ORG_ID><![CDATA[0]]></AD_ORG_ID>
<!--0811B46EB1FB454D82C82AB059CAF2A0-->  <ISACTIVE><![CDATA[Y]]></ISACTIVE>
<!--0811B46EB1FB454D82C82AB059CAF2A0-->  <PARENT_ID><![CDATA[345]]></PARENT_ID>
<!--0811B46EB1FB454D82C82AB059CAF2A0-->  <SEQNO><![CDATA[60]]></SEQNO>
<!--0811B46EB1FB454D82C82AB059CAF2A0--></AD_TREENODE>

<!--3D0462581E714C4E979B80B113D668B0--><AD_TREENODE>
<!--3D0462581E714C4E979B80B113D668B0-->  <AD_TREENODE_ID><![CDATA[3D0462581E714C4E979B80B113D668B0]]></AD_TREENODE_ID>
<!--3D0462581E714C4E979B80B113D668B0-->  <AD_TREE_ID><![CDATA[10]]></AD_TREE_ID>
<!--3D0462581E714C4E979B80B113D668B0-->  <NODE_ID><![CDATA[E0468E5DD18E4797AD87AEC8B1D79DBD]]></NODE_ID>
<!--3D0462581E714C4E979B80B113D668B0-->  <AD_CLIENT_ID><![CDATA[0]]></AD_CLIENT_ID>
<!--3D0462581E714C4E979B80B113D668B0-->  <AD_ORG_ID><![CDATA[0]]></AD_ORG_ID>
<!--3D0462581E714C4E979B80B113D668B0-->  <ISACTIVE><![CDATA[Y]]></ISACTIVE>
<!--3D0462581E714C4E979B80B113D668B0-->  <PARENT_ID><![CDATA[345]]></PARENT_ID>
<!--3D0462581E714C4E979B80B113D668B0-->  <SEQNO><![CDATA[10]]></SEQNO>
<!--3D0462581E714C4E979B80B113D668B0--></AD_TREENODE>

<!--4CF4F6D3C842441486583460EB5A1CE7--><AD_TREENODE>
<!--4CF4F6D3C842441486583460EB5A1CE7-->  <AD_TREENODE_ID><![CDATA[4CF4F6D3C842441486583460EB5A1CE7]]></AD_TREENODE_ID>
<!--4CF4F6D3C842441486583460EB5A1CE7-->  <AD_TREE_ID><![CDATA[10]]></AD_TREE_ID>
<!--4CF4F6D3C842441486583460EB5A1CE7-->  <NODE_ID><![CDATA[7E1F30715F704CA7A3A39822446BECB9]]></NODE_ID>
<!--4CF4F6D3C842441486583460EB5A1CE7-->  <AD_CLIENT_ID><![CDATA[0]]></AD_CLIENT_ID>
<!--4CF4F6D3C842441486583460EB5A1CE7-->  <AD_ORG_ID><![CDATA[0]]></AD_ORG_ID>
<!--4CF4F6D3C842441486583460EB5A1CE7-->  <ISACTIVE><![CDATA[Y]]></ISACTIVE>
<!--4CF4F6D3C842441486583460EB5A1CE7-->  <PARENT_ID><![CDATA[345]]></PARENT_ID>
<!--4CF4F6D3C842441486583460EB5A1CE7-->  <SEQNO><![CDATA[10]]></SEQNO>
<!--4CF4F6D3C842441486583460EB5A1CE7--></AD_TREENODE>

<!--72D843E1ABBB4BC18323C9A71CF9FA39--><AD_TREENODE>
<!--72D843E1ABBB4BC18323C9A71CF9FA39-->  <AD_TREENODE_ID><![CDATA[72D843E1ABBB4BC18323C9A71CF9FA39]]></AD_TREENODE_ID>
<!--72D843E1ABBB4BC18323C9A71CF9FA39-->  <AD_TREE_ID><![CDATA[10]]></AD_TREE_ID>
<!--72D843E1ABBB4BC18323C9A71CF9FA39-->  <NODE_ID><![CDATA[35CF814692394CA1BB1DCA1361308F8B]]></NODE_ID>
<!--72D843E1ABBB4BC18323C9A71CF9FA39-->  <AD_CLIENT_ID><![CDATA[0]]></AD_CLIENT_ID>
<!--72D843E1ABBB4BC18323C9A71CF9FA39-->  <AD_ORG_ID><![CDATA[0]]></AD_ORG_ID>
<!--72D843E1ABBB4BC18323C9A71CF9FA39-->  <ISACTIVE><![CDATA[Y]]></ISACTIVE>
<!--72D843E1ABBB4BC18323C9A71CF9FA39-->  <PARENT_ID><![CDATA[36782DF8D7864634AFEB6AFF9C04159B]]></PARENT_ID>
<!--72D843E1ABBB4BC18323C9A71CF9FA39-->  <SEQNO><![CDATA[10]]></SEQNO>
<!--72D843E1ABBB4BC18323C9A71CF9FA39--></AD_TREENODE>

<!--7DC57BD345794631A6E96D0E72168DAA--><AD_TREENODE>
<!--7DC57BD345794631A6E96D0E72168DAA-->  <AD_TREENODE_ID><![CDATA[7DC57BD345794631A6E96D0E72168DAA]]></AD_TREENODE_ID>
<!--7DC57BD345794631A6E96D0E72168DAA-->  <AD_TREE_ID><![CDATA[10]]></AD_TREE_ID>
<!--7DC57BD345794631A6E96D0E72168DAA-->  <NODE_ID><![CDATA[36782DF8D7864634AFEB6AFF9C04159B]]></NODE_ID>
<!--7DC57BD345794631A6E96D0E72168DAA-->  <AD_CLIENT_ID><![CDATA[0]]></AD_CLIENT_ID>
<!--7DC57BD345794631A6E96D0E72168DAA-->  <AD_ORG_ID><![CDATA[0]]></AD_ORG_ID>
<!--7DC57BD345794631A6E96D0E72168DAA-->  <ISACTIVE><![CDATA[Y]]></ISACTIVE>
<!--7DC57BD345794631A6E96D0E72168DAA-->  <PARENT_ID><![CDATA[345]]></PARENT_ID>
<!--7DC57BD345794631A6E96D0E72168DAA-->  <SEQNO><![CDATA[60]]></SEQNO>
<!--7DC57BD345794631A6E96D0E72168DAA--></AD_TREENODE>

<!--8D5168FADF67437ABE480BFE20EA4A72--><AD_TREENODE>
<!--8D5168FADF67437ABE480BFE20EA4A72-->  <AD_TREENODE_ID><![CDATA[8D5168FADF67437ABE480BFE20EA4A72]]></AD_TREENODE_ID>
<!--8D5168FADF67437ABE480BFE20EA4A72-->  <AD_TREE_ID><![CDATA[10]]></AD_TREE_ID>
<!--8D5168FADF67437ABE480BFE20EA4A72-->  <NODE_ID><![CDATA[06A6BB2708B146C09BF53FA90F8AAC20]]></NODE_ID>
<!--8D5168FADF67437ABE480BFE20EA4A72-->  <AD_CLIENT_ID><![CDATA[0]]></AD_CLIENT_ID>
<!--8D5168FADF67437ABE480BFE20EA4A72-->  <AD_ORG_ID><![CDATA[0]]></AD_ORG_ID>
<!--8D5168FADF67437ABE480BFE20EA4A72-->  <ISACTIVE><![CDATA[Y]]></ISACTIVE>
<!--8D5168FADF67437ABE480BFE20EA4A72-->  <PARENT_ID><![CDATA[36782DF8D7864634AFEB6AFF9C04159B]]></PARENT_ID>
<!--8D5168FADF67437ABE480BFE20EA4A72-->  <SEQNO><![CDATA[10]]></SEQNO>
<!--8D5168FADF67437ABE480BFE20EA4A72--></AD_TREENODE>

<!--90A83A2D50BE4046A0E5262406333975--><AD_TREENODE>
<!--90A83A2D50BE4046A0E5262406333975-->  <AD_TREENODE_ID><![CDATA[90A83A2D50BE4046A0E5262406333975]]></AD_TREENODE_ID>
<!--90A83A2D50BE4046A0E5262406333975-->  <AD_TREE_ID><![CDATA[10]]></AD_TREE_ID>
<!--90A83A2D50BE4046A0E5262406333975-->  <NODE_ID><![CDATA[85276D77367A4E7A9EAF7BC44767FAF8]]></NODE_ID>
<!--90A83A2D50BE4046A0E5262406333975-->  <AD_CLIENT_ID><![CDATA[0]]></AD_CLIENT_ID>
<!--90A83A2D50BE4046A0E5262406333975-->  <AD_ORG_ID><![CDATA[0]]></AD_ORG_ID>
<!--90A83A2D50BE4046A0E5262406333975-->  <ISACTIVE><![CDATA[Y]]></ISACTIVE>
<!--90A83A2D50BE4046A0E5262406333975-->  <PARENT_ID><![CDATA[800081]]></PARENT_ID>
<!--90A83A2D50BE4046A0E5262406333975-->  <SEQNO><![CDATA[10]]></SEQNO>
<!--90A83A2D50BE4046A0E5262406333975--></AD_TREENODE>

<!--B9D78CF8D0FA4D3AA59463BDFA28FE0B--><AD_TREENODE>
<!--B9D78CF8D0FA4D3AA59463BDFA28FE0B-->  <AD_TREENODE_ID><![CDATA[B9D78CF8D0FA4D3AA59463BDFA28FE0B]]></AD_TREENODE_ID>
<!--B9D78CF8D0FA4D3AA59463BDFA28FE0B-->  <AD_TREE_ID><![CDATA[10]]></AD_TREE_ID>
<!--B9D78CF8D0FA4D3AA59463BDFA28FE0B-->  <NODE_ID><![CDATA[F2DB8D01CBDB45F18A66BC04DDD72153]]></NODE_ID>
<!--B9D78CF8D0FA4D3AA59463BDFA28FE0B-->  <AD_CLIENT_ID><![CDATA[0]]></AD_CLIENT_ID>
<!--B9D78CF8D0FA4D3AA59463BDFA28FE0B-->  <AD_ORG_ID><![CDATA[0]]></AD_ORG_ID>
<!--B9D78CF8D0FA4D3AA59463BDFA28FE0B-->  <ISACTIVE><![CDATA[Y]]></ISACTIVE>
<!--B9D78CF8D0FA4D3AA59463BDFA28FE0B-->  <PARENT_ID><![CDATA[345]]></PARENT_ID>
<!--B9D78CF8D0FA4D3AA59463BDFA28FE0B-->  <SEQNO><![CDATA[60]]></SEQNO>
<!--B9D78CF8D0FA4D3AA59463BDFA28FE0B--></AD_TREENODE>

<!--E589F5143FAF4108B33BA32E11A9921C--><AD_TREENODE>
<!--E589F5143FAF4108B33BA32E11A9921C-->  <AD_TREENODE_ID><![CDATA[E589F5143FAF4108B33BA32E11A9921C]]></AD_TREENODE_ID>
<!--E589F5143FAF4108B33BA32E11A9921C-->  <AD_TREE_ID><![CDATA[10]]></AD_TREE_ID>
<!--E589F5143FAF4108B33BA32E11A9921C-->  <NODE_ID><![CDATA[B8AE37AE43F843CBB96A4979417569B4]]></NODE_ID>
<!--E589F5143FAF4108B33BA32E11A9921C-->  <AD_CLIENT_ID><![CDATA[0]]></AD_CLIENT_ID>
<!--E589F5143FAF4108B33BA32E11A9921C-->  <AD_ORG_ID><![CDATA[0]]></AD_ORG_ID>
<!--E589F5143FAF4108B33BA32E11A9921C-->  <ISACTIVE><![CDATA[Y]]></ISACTIVE>
<!--E589F5143FAF4108B33BA32E11A9921C-->  <PARENT_ID><![CDATA[36782DF8D7864634AFEB6AFF9C04159B]]></PARENT_ID>
<!--E589F5143FAF4108B33BA32E11A9921C-->  <SEQNO><![CDATA[20]]></SEQNO>
<!--E589F5143FAF4108B33BA32E11A9921C--></AD_TREENODE>

</data>
