<?xml version="1.0" encoding="UTF-8"?>
<data>
<!--03F6B06CC3F24E70B1B10EF896FF239B--><AD_TAB>
<!--03F6B06CC3F24E70B1B10EF896FF239B-->  <AD_TAB_ID><![CDATA[03F6B06CC3F24E70B1B10EF896FF239B]]></AD_TAB_ID>
<!--03F6B06CC3F24E70B1B10EF896FF239B-->  <AD_CLIENT_ID><![CDATA[0]]></AD_CLIENT_ID>
<!--03F6B06CC3F24E70B1B10EF896FF239B-->  <AD_ORG_ID><![CDATA[0]]></AD_ORG_ID>
<!--03F6B06CC3F24E70B1B10EF896FF239B-->  <ISACTIVE><![CDATA[Y]]></ISACTIVE>
<!--03F6B06CC3F24E70B1B10EF896FF239B-->  <NAME><![CDATA[Header]]></NAME>
<!--03F6B06CC3F24E70B1B10EF896FF239B-->  <AD_TABLE_ID><![CDATA[D9F4B9752F764F25B8B3F3C2E1366CD0]]></AD_TABLE_ID>
<!--03F6B06CC3F24E70B1B10EF896FF239B-->  <AD_WINDOW_ID><![CDATA[CEDD67DCA2064B54BD39C0CB14A51C7D]]></AD_WINDOW_ID>
<!--03F6B06CC3F24E70B1B10EF896FF239B-->  <SEQNO><![CDATA[10]]></SEQNO>
<!--03F6B06CC3F24E70B1B10EF896FF239B-->  <TABLEVEL><![CDATA[0]]></TABLEVEL>
<!--03F6B06CC3F24E70B1B10EF896FF239B-->  <ISSINGLEROW><![CDATA[N]]></ISSINGLEROW>
<!--03F6B06CC3F24E70B1B10EF896FF239B-->  <ISINFOTAB><![CDATA[N]]></ISINFOTAB>
<!--03F6B06CC3F24E70B1B10EF896FF239B-->  <ISTRANSLATIONTAB><![CDATA[N]]></ISTRANSLATIONTAB>
<!--03F6B06CC3F24E70B1B10EF896FF239B-->  <ISREADONLY><![CDATA[N]]></ISREADONLY>
<!--03F6B06CC3F24E70B1B10EF896FF239B-->  <HASTREE><![CDATA[N]]></HASTREE>
<!--03F6B06CC3F24E70B1B10EF896FF239B-->  <PROCESSING><![CDATA[N]]></PROCESSING>
<!--03F6B06CC3F24E70B1B10EF896FF239B-->  <IMPORTFIELDS><![CDATA[N]]></IMPORTFIELDS>
<!--03F6B06CC3F24E70B1B10EF896FF239B-->  <ISSORTTAB><![CDATA[N]]></ISSORTTAB>
<!--03F6B06CC3F24E70B1B10EF896FF239B-->  <AD_MODULE_ID><![CDATA[5C40CF085DCA477AB9DA89559237F7EB]]></AD_MODULE_ID>
<!--03F6B06CC3F24E70B1B10EF896FF239B-->  <UIPATTERN><![CDATA[STD]]></UIPATTERN>
<!--03F6B06CC3F24E70B1B10EF896FF239B-->  <SHOWPARENTBUTTONS><![CDATA[Y]]></SHOWPARENTBUTTONS>
<!--03F6B06CC3F24E70B1B10EF896FF239B-->  <DISABLE_PARENT_KEY_PROPERTY><![CDATA[N]]></DISABLE_PARENT_KEY_PROPERTY>
<!--03F6B06CC3F24E70B1B10EF896FF239B-->  <ISREADONLYTREE><![CDATA[N]]></ISREADONLYTREE>
<!--03F6B06CC3F24E70B1B10EF896FF239B-->  <ISSHOWTREENODEICONS><![CDATA[Y]]></ISSHOWTREENODEICONS>
<!--03F6B06CC3F24E70B1B10EF896FF239B-->  <EM_OBUIAPP_CAN_ADD><![CDATA[N]]></EM_OBUIAPP_CAN_ADD>
<!--03F6B06CC3F24E70B1B10EF896FF239B-->  <EM_OBUIAPP_CAN_DELETE><![CDATA[N]]></EM_OBUIAPP_CAN_DELETE>
<!--03F6B06CC3F24E70B1B10EF896FF239B-->  <EM_OBUIAPP_SHOW_SELECT><![CDATA[Y]]></EM_OBUIAPP_SHOW_SELECT>
<!--03F6B06CC3F24E70B1B10EF896FF239B--></AD_TAB>

<!--0EE9BCBB9D2144B0B2F4505C675D353B--><AD_TAB>
<!--0EE9BCBB9D2144B0B2F4505C675D353B-->  <AD_TAB_ID><![CDATA[0EE9BCBB9D2144B0B2F4505C675D353B]]></AD_TAB_ID>
<!--0EE9BCBB9D2144B0B2F4505C675D353B-->  <AD_CLIENT_ID><![CDATA[0]]></AD_CLIENT_ID>
<!--0EE9BCBB9D2144B0B2F4505C675D353B-->  <AD_ORG_ID><![CDATA[0]]></AD_ORG_ID>
<!--0EE9BCBB9D2144B0B2F4505C675D353B-->  <ISACTIVE><![CDATA[Y]]></ISACTIVE>
<!--0EE9BCBB9D2144B0B2F4505C675D353B-->  <NAME><![CDATA[Header]]></NAME>
<!--0EE9BCBB9D2144B0B2F4505C675D353B-->  <AD_TABLE_ID><![CDATA[4A8453DD931B47A28A54DAE66CB5F825]]></AD_TABLE_ID>
<!--0EE9BCBB9D2144B0B2F4505C675D353B-->  <AD_WINDOW_ID><![CDATA[381F16FAEFF54FF2BEF7EAEE7D4549A8]]></AD_WINDOW_ID>
<!--0EE9BCBB9D2144B0B2F4505C675D353B-->  <SEQNO><![CDATA[10]]></SEQNO>
<!--0EE9BCBB9D2144B0B2F4505C675D353B-->  <TABLEVEL><![CDATA[0]]></TABLEVEL>
<!--0EE9BCBB9D2144B0B2F4505C675D353B-->  <ISSINGLEROW><![CDATA[N]]></ISSINGLEROW>
<!--0EE9BCBB9D2144B0B2F4505C675D353B-->  <ISINFOTAB><![CDATA[N]]></ISINFOTAB>
<!--0EE9BCBB9D2144B0B2F4505C675D353B-->  <ISTRANSLATIONTAB><![CDATA[N]]></ISTRANSLATIONTAB>
<!--0EE9BCBB9D2144B0B2F4505C675D353B-->  <ISREADONLY><![CDATA[N]]></ISREADONLY>
<!--0EE9BCBB9D2144B0B2F4505C675D353B-->  <HASTREE><![CDATA[N]]></HASTREE>
<!--0EE9BCBB9D2144B0B2F4505C675D353B-->  <PROCESSING><![CDATA[N]]></PROCESSING>
<!--0EE9BCBB9D2144B0B2F4505C675D353B-->  <IMPORTFIELDS><![CDATA[N]]></IMPORTFIELDS>
<!--0EE9BCBB9D2144B0B2F4505C675D353B-->  <ISSORTTAB><![CDATA[N]]></ISSORTTAB>
<!--0EE9BCBB9D2144B0B2F4505C675D353B-->  <AD_MODULE_ID><![CDATA[5C40CF085DCA477AB9DA89559237F7EB]]></AD_MODULE_ID>
<!--0EE9BCBB9D2144B0B2F4505C675D353B-->  <UIPATTERN><![CDATA[STD]]></UIPATTERN>
<!--0EE9BCBB9D2144B0B2F4505C675D353B-->  <SHOWPARENTBUTTONS><![CDATA[Y]]></SHOWPARENTBUTTONS>
<!--0EE9BCBB9D2144B0B2F4505C675D353B-->  <DISABLE_PARENT_KEY_PROPERTY><![CDATA[N]]></DISABLE_PARENT_KEY_PROPERTY>
<!--0EE9BCBB9D2144B0B2F4505C675D353B-->  <ISREADONLYTREE><![CDATA[N]]></ISREADONLYTREE>
<!--0EE9BCBB9D2144B0B2F4505C675D353B-->  <ISSHOWTREENODEICONS><![CDATA[Y]]></ISSHOWTREENODEICONS>
<!--0EE9BCBB9D2144B0B2F4505C675D353B-->  <EM_OBUIAPP_CAN_ADD><![CDATA[N]]></EM_OBUIAPP_CAN_ADD>
<!--0EE9BCBB9D2144B0B2F4505C675D353B-->  <EM_OBUIAPP_CAN_DELETE><![CDATA[N]]></EM_OBUIAPP_CAN_DELETE>
<!--0EE9BCBB9D2144B0B2F4505C675D353B-->  <EM_OBUIAPP_SHOW_SELECT><![CDATA[Y]]></EM_OBUIAPP_SHOW_SELECT>
<!--0EE9BCBB9D2144B0B2F4505C675D353B--></AD_TAB>

<!--1400652ED7D44C14B8B164AC3396FBE6--><AD_TAB>
<!--1400652ED7D44C14B8B164AC3396FBE6-->  <AD_TAB_ID><![CDATA[1400652ED7D44C14B8B164AC3396FBE6]]></AD_TAB_ID>
<!--1400652ED7D44C14B8B164AC3396FBE6-->  <AD_CLIENT_ID><![CDATA[0]]></AD_CLIENT_ID>
<!--1400652ED7D44C14B8B164AC3396FBE6-->  <AD_ORG_ID><![CDATA[0]]></AD_ORG_ID>
<!--1400652ED7D44C14B8B164AC3396FBE6-->  <ISACTIVE><![CDATA[Y]]></ISACTIVE>
<!--1400652ED7D44C14B8B164AC3396FBE6-->  <NAME><![CDATA[Header]]></NAME>
<!--1400652ED7D44C14B8B164AC3396FBE6-->  <AD_TABLE_ID><![CDATA[0AAB8DDDA4D5493A8962E7955D98D546]]></AD_TABLE_ID>
<!--1400652ED7D44C14B8B164AC3396FBE6-->  <AD_WINDOW_ID><![CDATA[04FF26E125B64F50B729DF8F45A5C40C]]></AD_WINDOW_ID>
<!--1400652ED7D44C14B8B164AC3396FBE6-->  <SEQNO><![CDATA[10]]></SEQNO>
<!--1400652ED7D44C14B8B164AC3396FBE6-->  <TABLEVEL><![CDATA[0]]></TABLEVEL>
<!--1400652ED7D44C14B8B164AC3396FBE6-->  <ISSINGLEROW><![CDATA[N]]></ISSINGLEROW>
<!--1400652ED7D44C14B8B164AC3396FBE6-->  <ISINFOTAB><![CDATA[N]]></ISINFOTAB>
<!--1400652ED7D44C14B8B164AC3396FBE6-->  <ISTRANSLATIONTAB><![CDATA[N]]></ISTRANSLATIONTAB>
<!--1400652ED7D44C14B8B164AC3396FBE6-->  <ISREADONLY><![CDATA[N]]></ISREADONLY>
<!--1400652ED7D44C14B8B164AC3396FBE6-->  <HASTREE><![CDATA[N]]></HASTREE>
<!--1400652ED7D44C14B8B164AC3396FBE6-->  <PROCESSING><![CDATA[N]]></PROCESSING>
<!--1400652ED7D44C14B8B164AC3396FBE6-->  <IMPORTFIELDS><![CDATA[N]]></IMPORTFIELDS>
<!--1400652ED7D44C14B8B164AC3396FBE6-->  <ISSORTTAB><![CDATA[N]]></ISSORTTAB>
<!--1400652ED7D44C14B8B164AC3396FBE6-->  <AD_MODULE_ID><![CDATA[5C40CF085DCA477AB9DA89559237F7EB]]></AD_MODULE_ID>
<!--1400652ED7D44C14B8B164AC3396FBE6-->  <UIPATTERN><![CDATA[STD]]></UIPATTERN>
<!--1400652ED7D44C14B8B164AC3396FBE6-->  <SHOWPARENTBUTTONS><![CDATA[Y]]></SHOWPARENTBUTTONS>
<!--1400652ED7D44C14B8B164AC3396FBE6-->  <DISABLE_PARENT_KEY_PROPERTY><![CDATA[N]]></DISABLE_PARENT_KEY_PROPERTY>
<!--1400652ED7D44C14B8B164AC3396FBE6-->  <ISREADONLYTREE><![CDATA[N]]></ISREADONLYTREE>
<!--1400652ED7D44C14B8B164AC3396FBE6-->  <ISSHOWTREENODEICONS><![CDATA[Y]]></ISSHOWTREENODEICONS>
<!--1400652ED7D44C14B8B164AC3396FBE6-->  <EM_OBUIAPP_CAN_ADD><![CDATA[N]]></EM_OBUIAPP_CAN_ADD>
<!--1400652ED7D44C14B8B164AC3396FBE6-->  <EM_OBUIAPP_CAN_DELETE><![CDATA[N]]></EM_OBUIAPP_CAN_DELETE>
<!--1400652ED7D44C14B8B164AC3396FBE6-->  <EM_OBUIAPP_SHOW_SELECT><![CDATA[Y]]></EM_OBUIAPP_SHOW_SELECT>
<!--1400652ED7D44C14B8B164AC3396FBE6--></AD_TAB>

<!--262077AE913A4C9594ABBD4300C8F928--><AD_TAB>
<!--262077AE913A4C9594ABBD4300C8F928-->  <AD_TAB_ID><![CDATA[262077AE913A4C9594ABBD4300C8F928]]></AD_TAB_ID>
<!--262077AE913A4C9594ABBD4300C8F928-->  <AD_CLIENT_ID><![CDATA[0]]></AD_CLIENT_ID>
<!--262077AE913A4C9594ABBD4300C8F928-->  <AD_ORG_ID><![CDATA[0]]></AD_ORG_ID>
<!--262077AE913A4C9594ABBD4300C8F928-->  <ISACTIVE><![CDATA[Y]]></ISACTIVE>
<!--262077AE913A4C9594ABBD4300C8F928-->  <NAME><![CDATA[Header]]></NAME>
<!--262077AE913A4C9594ABBD4300C8F928-->  <AD_TABLE_ID><![CDATA[2241D2F310064BE0B8E3A1C5FEBB6D77]]></AD_TABLE_ID>
<!--262077AE913A4C9594ABBD4300C8F928-->  <AD_WINDOW_ID><![CDATA[CA14B7BB5AA745049DBE91F4C91EA9B6]]></AD_WINDOW_ID>
<!--262077AE913A4C9594ABBD4300C8F928-->  <SEQNO><![CDATA[10]]></SEQNO>
<!--262077AE913A4C9594ABBD4300C8F928-->  <TABLEVEL><![CDATA[0]]></TABLEVEL>
<!--262077AE913A4C9594ABBD4300C8F928-->  <ISSINGLEROW><![CDATA[N]]></ISSINGLEROW>
<!--262077AE913A4C9594ABBD4300C8F928-->  <ISINFOTAB><![CDATA[N]]></ISINFOTAB>
<!--262077AE913A4C9594ABBD4300C8F928-->  <ISTRANSLATIONTAB><![CDATA[N]]></ISTRANSLATIONTAB>
<!--262077AE913A4C9594ABBD4300C8F928-->  <ISREADONLY><![CDATA[N]]></ISREADONLY>
<!--262077AE913A4C9594ABBD4300C8F928-->  <HASTREE><![CDATA[Y]]></HASTREE>
<!--262077AE913A4C9594ABBD4300C8F928-->  <PROCESSING><![CDATA[N]]></PROCESSING>
<!--262077AE913A4C9594ABBD4300C8F928-->  <IMPORTFIELDS><![CDATA[N]]></IMPORTFIELDS>
<!--262077AE913A4C9594ABBD4300C8F928-->  <ISSORTTAB><![CDATA[N]]></ISSORTTAB>
<!--262077AE913A4C9594ABBD4300C8F928-->  <AD_MODULE_ID><![CDATA[5C40CF085DCA477AB9DA89559237F7EB]]></AD_MODULE_ID>
<!--262077AE913A4C9594ABBD4300C8F928-->  <UIPATTERN><![CDATA[STD]]></UIPATTERN>
<!--262077AE913A4C9594ABBD4300C8F928-->  <SHOWPARENTBUTTONS><![CDATA[Y]]></SHOWPARENTBUTTONS>
<!--262077AE913A4C9594ABBD4300C8F928-->  <AD_TABLE_TREE_ID><![CDATA[4AB11094E6124171BEDE96E9899AFA0E]]></AD_TABLE_TREE_ID>
<!--262077AE913A4C9594ABBD4300C8F928-->  <DISABLE_PARENT_KEY_PROPERTY><![CDATA[N]]></DISABLE_PARENT_KEY_PROPERTY>
<!--262077AE913A4C9594ABBD4300C8F928-->  <ISREADONLYTREE><![CDATA[N]]></ISREADONLYTREE>
<!--262077AE913A4C9594ABBD4300C8F928-->  <ISSHOWTREENODEICONS><![CDATA[Y]]></ISSHOWTREENODEICONS>
<!--262077AE913A4C9594ABBD4300C8F928-->  <EM_OBUIAPP_CAN_ADD><![CDATA[N]]></EM_OBUIAPP_CAN_ADD>
<!--262077AE913A4C9594ABBD4300C8F928-->  <EM_OBUIAPP_CAN_DELETE><![CDATA[N]]></EM_OBUIAPP_CAN_DELETE>
<!--262077AE913A4C9594ABBD4300C8F928-->  <EM_OBUIAPP_SHOW_SELECT><![CDATA[Y]]></EM_OBUIAPP_SHOW_SELECT>
<!--262077AE913A4C9594ABBD4300C8F928--></AD_TAB>

<!--31F9BE389A77420F9D1FE76BC5AEE265--><AD_TAB>
<!--31F9BE389A77420F9D1FE76BC5AEE265-->  <AD_TAB_ID><![CDATA[31F9BE389A77420F9D1FE76BC5AEE265]]></AD_TAB_ID>
<!--31F9BE389A77420F9D1FE76BC5AEE265-->  <AD_CLIENT_ID><![CDATA[0]]></AD_CLIENT_ID>
<!--31F9BE389A77420F9D1FE76BC5AEE265-->  <AD_ORG_ID><![CDATA[0]]></AD_ORG_ID>
<!--31F9BE389A77420F9D1FE76BC5AEE265-->  <ISACTIVE><![CDATA[Y]]></ISACTIVE>
<!--31F9BE389A77420F9D1FE76BC5AEE265-->  <NAME><![CDATA[Line]]></NAME>
<!--31F9BE389A77420F9D1FE76BC5AEE265-->  <AD_TABLE_ID><![CDATA[6C5F4F9525964B45BB2AB63E50015B2B]]></AD_TABLE_ID>
<!--31F9BE389A77420F9D1FE76BC5AEE265-->  <AD_WINDOW_ID><![CDATA[381F16FAEFF54FF2BEF7EAEE7D4549A8]]></AD_WINDOW_ID>
<!--31F9BE389A77420F9D1FE76BC5AEE265-->  <SEQNO><![CDATA[20]]></SEQNO>
<!--31F9BE389A77420F9D1FE76BC5AEE265-->  <TABLEVEL><![CDATA[1]]></TABLEVEL>
<!--31F9BE389A77420F9D1FE76BC5AEE265-->  <ISSINGLEROW><![CDATA[N]]></ISSINGLEROW>
<!--31F9BE389A77420F9D1FE76BC5AEE265-->  <ISINFOTAB><![CDATA[N]]></ISINFOTAB>
<!--31F9BE389A77420F9D1FE76BC5AEE265-->  <ISTRANSLATIONTAB><![CDATA[N]]></ISTRANSLATIONTAB>
<!--31F9BE389A77420F9D1FE76BC5AEE265-->  <ISREADONLY><![CDATA[N]]></ISREADONLY>
<!--31F9BE389A77420F9D1FE76BC5AEE265-->  <HASTREE><![CDATA[N]]></HASTREE>
<!--31F9BE389A77420F9D1FE76BC5AEE265-->  <PROCESSING><![CDATA[N]]></PROCESSING>
<!--31F9BE389A77420F9D1FE76BC5AEE265-->  <IMPORTFIELDS><![CDATA[N]]></IMPORTFIELDS>
<!--31F9BE389A77420F9D1FE76BC5AEE265-->  <ISSORTTAB><![CDATA[N]]></ISSORTTAB>
<!--31F9BE389A77420F9D1FE76BC5AEE265-->  <AD_MODULE_ID><![CDATA[5C40CF085DCA477AB9DA89559237F7EB]]></AD_MODULE_ID>
<!--31F9BE389A77420F9D1FE76BC5AEE265-->  <UIPATTERN><![CDATA[STD]]></UIPATTERN>
<!--31F9BE389A77420F9D1FE76BC5AEE265-->  <SHOWPARENTBUTTONS><![CDATA[Y]]></SHOWPARENTBUTTONS>
<!--31F9BE389A77420F9D1FE76BC5AEE265-->  <DISABLE_PARENT_KEY_PROPERTY><![CDATA[N]]></DISABLE_PARENT_KEY_PROPERTY>
<!--31F9BE389A77420F9D1FE76BC5AEE265-->  <ISREADONLYTREE><![CDATA[N]]></ISREADONLYTREE>
<!--31F9BE389A77420F9D1FE76BC5AEE265-->  <ISSHOWTREENODEICONS><![CDATA[Y]]></ISSHOWTREENODEICONS>
<!--31F9BE389A77420F9D1FE76BC5AEE265-->  <EM_OBUIAPP_CAN_ADD><![CDATA[N]]></EM_OBUIAPP_CAN_ADD>
<!--31F9BE389A77420F9D1FE76BC5AEE265-->  <EM_OBUIAPP_CAN_DELETE><![CDATA[N]]></EM_OBUIAPP_CAN_DELETE>
<!--31F9BE389A77420F9D1FE76BC5AEE265-->  <EM_OBUIAPP_SHOW_SELECT><![CDATA[Y]]></EM_OBUIAPP_SHOW_SELECT>
<!--31F9BE389A77420F9D1FE76BC5AEE265--></AD_TAB>

<!--5684E5B731DE41898711B55FEE5FA391--><AD_TAB>
<!--5684E5B731DE41898711B55FEE5FA391-->  <AD_TAB_ID><![CDATA[5684E5B731DE41898711B55FEE5FA391]]></AD_TAB_ID>
<!--5684E5B731DE41898711B55FEE5FA391-->  <AD_CLIENT_ID><![CDATA[0]]></AD_CLIENT_ID>
<!--5684E5B731DE41898711B55FEE5FA391-->  <AD_ORG_ID><![CDATA[0]]></AD_ORG_ID>
<!--5684E5B731DE41898711B55FEE5FA391-->  <ISACTIVE><![CDATA[Y]]></ISACTIVE>
<!--5684E5B731DE41898711B55FEE5FA391-->  <NAME><![CDATA[Internal Consumption]]></NAME>
<!--5684E5B731DE41898711B55FEE5FA391-->  <AD_TABLE_ID><![CDATA[800168]]></AD_TABLE_ID>
<!--5684E5B731DE41898711B55FEE5FA391-->  <AD_WINDOW_ID><![CDATA[3B44E6DBB1BF4E1E9C2AF77F45FD9615]]></AD_WINDOW_ID>
<!--5684E5B731DE41898711B55FEE5FA391-->  <SEQNO><![CDATA[40]]></SEQNO>
<!--5684E5B731DE41898711B55FEE5FA391-->  <TABLEVEL><![CDATA[1]]></TABLEVEL>
<!--5684E5B731DE41898711B55FEE5FA391-->  <ISSINGLEROW><![CDATA[N]]></ISSINGLEROW>
<!--5684E5B731DE41898711B55FEE5FA391-->  <ISINFOTAB><![CDATA[N]]></ISINFOTAB>
<!--5684E5B731DE41898711B55FEE5FA391-->  <ISTRANSLATIONTAB><![CDATA[N]]></ISTRANSLATIONTAB>
<!--5684E5B731DE41898711B55FEE5FA391-->  <ISREADONLY><![CDATA[N]]></ISREADONLY>
<!--5684E5B731DE41898711B55FEE5FA391-->  <HASTREE><![CDATA[N]]></HASTREE>
<!--5684E5B731DE41898711B55FEE5FA391-->  <PROCESSING><![CDATA[N]]></PROCESSING>
<!--5684E5B731DE41898711B55FEE5FA391-->  <IMPORTFIELDS><![CDATA[N]]></IMPORTFIELDS>
<!--5684E5B731DE41898711B55FEE5FA391-->  <ISSORTTAB><![CDATA[N]]></ISSORTTAB>
<!--5684E5B731DE41898711B55FEE5FA391-->  <AD_MODULE_ID><![CDATA[5C40CF085DCA477AB9DA89559237F7EB]]></AD_MODULE_ID>
<!--5684E5B731DE41898711B55FEE5FA391-->  <UIPATTERN><![CDATA[RO]]></UIPATTERN>
<!--5684E5B731DE41898711B55FEE5FA391-->  <SHOWPARENTBUTTONS><![CDATA[Y]]></SHOWPARENTBUTTONS>
<!--5684E5B731DE41898711B55FEE5FA391-->  <DISABLE_PARENT_KEY_PROPERTY><![CDATA[N]]></DISABLE_PARENT_KEY_PROPERTY>
<!--5684E5B731DE41898711B55FEE5FA391-->  <ISREADONLYTREE><![CDATA[N]]></ISREADONLYTREE>
<!--5684E5B731DE41898711B55FEE5FA391-->  <ISSHOWTREENODEICONS><![CDATA[Y]]></ISSHOWTREENODEICONS>
<!--5684E5B731DE41898711B55FEE5FA391-->  <EM_OBUIAPP_CAN_ADD><![CDATA[N]]></EM_OBUIAPP_CAN_ADD>
<!--5684E5B731DE41898711B55FEE5FA391-->  <EM_OBUIAPP_CAN_DELETE><![CDATA[N]]></EM_OBUIAPP_CAN_DELETE>
<!--5684E5B731DE41898711B55FEE5FA391-->  <EM_OBUIAPP_SHOW_SELECT><![CDATA[Y]]></EM_OBUIAPP_SHOW_SELECT>
<!--5684E5B731DE41898711B55FEE5FA391--></AD_TAB>

<!--75A68E1C1756446988012EF8B2B5F3E3--><AD_TAB>
<!--75A68E1C1756446988012EF8B2B5F3E3-->  <AD_TAB_ID><![CDATA[75A68E1C1756446988012EF8B2B5F3E3]]></AD_TAB_ID>
<!--75A68E1C1756446988012EF8B2B5F3E3-->  <AD_CLIENT_ID><![CDATA[0]]></AD_CLIENT_ID>
<!--75A68E1C1756446988012EF8B2B5F3E3-->  <AD_ORG_ID><![CDATA[0]]></AD_ORG_ID>
<!--75A68E1C1756446988012EF8B2B5F3E3-->  <ISACTIVE><![CDATA[Y]]></ISACTIVE>
<!--75A68E1C1756446988012EF8B2B5F3E3-->  <NAME><![CDATA[Lines]]></NAME>
<!--75A68E1C1756446988012EF8B2B5F3E3-->  <AD_TABLE_ID><![CDATA[7E39CEB63094469294072EB1F3D57E6F]]></AD_TABLE_ID>
<!--75A68E1C1756446988012EF8B2B5F3E3-->  <AD_WINDOW_ID><![CDATA[CEDD67DCA2064B54BD39C0CB14A51C7D]]></AD_WINDOW_ID>
<!--75A68E1C1756446988012EF8B2B5F3E3-->  <SEQNO><![CDATA[20]]></SEQNO>
<!--75A68E1C1756446988012EF8B2B5F3E3-->  <TABLEVEL><![CDATA[1]]></TABLEVEL>
<!--75A68E1C1756446988012EF8B2B5F3E3-->  <ISSINGLEROW><![CDATA[N]]></ISSINGLEROW>
<!--75A68E1C1756446988012EF8B2B5F3E3-->  <ISINFOTAB><![CDATA[N]]></ISINFOTAB>
<!--75A68E1C1756446988012EF8B2B5F3E3-->  <ISTRANSLATIONTAB><![CDATA[N]]></ISTRANSLATIONTAB>
<!--75A68E1C1756446988012EF8B2B5F3E3-->  <ISREADONLY><![CDATA[N]]></ISREADONLY>
<!--75A68E1C1756446988012EF8B2B5F3E3-->  <HASTREE><![CDATA[N]]></HASTREE>
<!--75A68E1C1756446988012EF8B2B5F3E3-->  <PROCESSING><![CDATA[N]]></PROCESSING>
<!--75A68E1C1756446988012EF8B2B5F3E3-->  <IMPORTFIELDS><![CDATA[N]]></IMPORTFIELDS>
<!--75A68E1C1756446988012EF8B2B5F3E3-->  <ISSORTTAB><![CDATA[N]]></ISSORTTAB>
<!--75A68E1C1756446988012EF8B2B5F3E3-->  <AD_MODULE_ID><![CDATA[5C40CF085DCA477AB9DA89559237F7EB]]></AD_MODULE_ID>
<!--75A68E1C1756446988012EF8B2B5F3E3-->  <UIPATTERN><![CDATA[STD]]></UIPATTERN>
<!--75A68E1C1756446988012EF8B2B5F3E3-->  <SHOWPARENTBUTTONS><![CDATA[Y]]></SHOWPARENTBUTTONS>
<!--75A68E1C1756446988012EF8B2B5F3E3-->  <DISABLE_PARENT_KEY_PROPERTY><![CDATA[N]]></DISABLE_PARENT_KEY_PROPERTY>
<!--75A68E1C1756446988012EF8B2B5F3E3-->  <ISREADONLYTREE><![CDATA[N]]></ISREADONLYTREE>
<!--75A68E1C1756446988012EF8B2B5F3E3-->  <ISSHOWTREENODEICONS><![CDATA[Y]]></ISSHOWTREENODEICONS>
<!--75A68E1C1756446988012EF8B2B5F3E3-->  <EM_OBUIAPP_CAN_ADD><![CDATA[N]]></EM_OBUIAPP_CAN_ADD>
<!--75A68E1C1756446988012EF8B2B5F3E3-->  <EM_OBUIAPP_CAN_DELETE><![CDATA[N]]></EM_OBUIAPP_CAN_DELETE>
<!--75A68E1C1756446988012EF8B2B5F3E3-->  <EM_OBUIAPP_SHOW_SELECT><![CDATA[Y]]></EM_OBUIAPP_SHOW_SELECT>
<!--75A68E1C1756446988012EF8B2B5F3E3--></AD_TAB>

<!--7E5D80E38B1247A5AC41E0B9D4CF3968--><AD_TAB>
<!--7E5D80E38B1247A5AC41E0B9D4CF3968-->  <AD_TAB_ID><![CDATA[7E5D80E38B1247A5AC41E0B9D4CF3968]]></AD_TAB_ID>
<!--7E5D80E38B1247A5AC41E0B9D4CF3968-->  <AD_CLIENT_ID><![CDATA[0]]></AD_CLIENT_ID>
<!--7E5D80E38B1247A5AC41E0B9D4CF3968-->  <AD_ORG_ID><![CDATA[0]]></AD_ORG_ID>
<!--7E5D80E38B1247A5AC41E0B9D4CF3968-->  <ISACTIVE><![CDATA[Y]]></ISACTIVE>
<!--7E5D80E38B1247A5AC41E0B9D4CF3968-->  <NAME><![CDATA[Asset]]></NAME>
<!--7E5D80E38B1247A5AC41E0B9D4CF3968-->  <AD_TABLE_ID><![CDATA[F8988B14C5CE4F76A54D4F9254DA1C69]]></AD_TABLE_ID>
<!--7E5D80E38B1247A5AC41E0B9D4CF3968-->  <AD_WINDOW_ID><![CDATA[F168D35B32EC410CA9D1CA7204B3D32E]]></AD_WINDOW_ID>
<!--7E5D80E38B1247A5AC41E0B9D4CF3968-->  <SEQNO><![CDATA[20]]></SEQNO>
<!--7E5D80E38B1247A5AC41E0B9D4CF3968-->  <TABLEVEL><![CDATA[0]]></TABLEVEL>
<!--7E5D80E38B1247A5AC41E0B9D4CF3968-->  <ISSINGLEROW><![CDATA[N]]></ISSINGLEROW>
<!--7E5D80E38B1247A5AC41E0B9D4CF3968-->  <ISINFOTAB><![CDATA[N]]></ISINFOTAB>
<!--7E5D80E38B1247A5AC41E0B9D4CF3968-->  <ISTRANSLATIONTAB><![CDATA[N]]></ISTRANSLATIONTAB>
<!--7E5D80E38B1247A5AC41E0B9D4CF3968-->  <ISREADONLY><![CDATA[N]]></ISREADONLY>
<!--7E5D80E38B1247A5AC41E0B9D4CF3968-->  <HASTREE><![CDATA[N]]></HASTREE>
<!--7E5D80E38B1247A5AC41E0B9D4CF3968-->  <PROCESSING><![CDATA[N]]></PROCESSING>
<!--7E5D80E38B1247A5AC41E0B9D4CF3968-->  <IMPORTFIELDS><![CDATA[N]]></IMPORTFIELDS>
<!--7E5D80E38B1247A5AC41E0B9D4CF3968-->  <ISSORTTAB><![CDATA[N]]></ISSORTTAB>
<!--7E5D80E38B1247A5AC41E0B9D4CF3968-->  <AD_MODULE_ID><![CDATA[5C40CF085DCA477AB9DA89559237F7EB]]></AD_MODULE_ID>
<!--7E5D80E38B1247A5AC41E0B9D4CF3968-->  <UIPATTERN><![CDATA[RO]]></UIPATTERN>
<!--7E5D80E38B1247A5AC41E0B9D4CF3968-->  <SHOWPARENTBUTTONS><![CDATA[Y]]></SHOWPARENTBUTTONS>
<!--7E5D80E38B1247A5AC41E0B9D4CF3968-->  <DISABLE_PARENT_KEY_PROPERTY><![CDATA[N]]></DISABLE_PARENT_KEY_PROPERTY>
<!--7E5D80E38B1247A5AC41E0B9D4CF3968-->  <ISREADONLYTREE><![CDATA[N]]></ISREADONLYTREE>
<!--7E5D80E38B1247A5AC41E0B9D4CF3968-->  <ISSHOWTREENODEICONS><![CDATA[Y]]></ISSHOWTREENODEICONS>
<!--7E5D80E38B1247A5AC41E0B9D4CF3968-->  <EM_OBUIAPP_CAN_ADD><![CDATA[N]]></EM_OBUIAPP_CAN_ADD>
<!--7E5D80E38B1247A5AC41E0B9D4CF3968-->  <EM_OBUIAPP_CAN_DELETE><![CDATA[N]]></EM_OBUIAPP_CAN_DELETE>
<!--7E5D80E38B1247A5AC41E0B9D4CF3968-->  <EM_OBUIAPP_SHOW_SELECT><![CDATA[Y]]></EM_OBUIAPP_SHOW_SELECT>
<!--7E5D80E38B1247A5AC41E0B9D4CF3968--></AD_TAB>

<!--847FDF2B4AE0416CAF54A7840F5B6F6A--><AD_TAB>
<!--847FDF2B4AE0416CAF54A7840F5B6F6A-->  <AD_TAB_ID><![CDATA[847FDF2B4AE0416CAF54A7840F5B6F6A]]></AD_TAB_ID>
<!--847FDF2B4AE0416CAF54A7840F5B6F6A-->  <AD_CLIENT_ID><![CDATA[0]]></AD_CLIENT_ID>
<!--847FDF2B4AE0416CAF54A7840F5B6F6A-->  <AD_ORG_ID><![CDATA[0]]></AD_ORG_ID>
<!--847FDF2B4AE0416CAF54A7840F5B6F6A-->  <ISACTIVE><![CDATA[Y]]></ISACTIVE>
<!--847FDF2B4AE0416CAF54A7840F5B6F6A-->  <NAME><![CDATA[Purchase Order]]></NAME>
<!--847FDF2B4AE0416CAF54A7840F5B6F6A-->  <AD_TABLE_ID><![CDATA[259]]></AD_TABLE_ID>
<!--847FDF2B4AE0416CAF54A7840F5B6F6A-->  <AD_WINDOW_ID><![CDATA[3B44E6DBB1BF4E1E9C2AF77F45FD9615]]></AD_WINDOW_ID>
<!--847FDF2B4AE0416CAF54A7840F5B6F6A-->  <SEQNO><![CDATA[50]]></SEQNO>
<!--847FDF2B4AE0416CAF54A7840F5B6F6A-->  <TABLEVEL><![CDATA[1]]></TABLEVEL>
<!--847FDF2B4AE0416CAF54A7840F5B6F6A-->  <ISSINGLEROW><![CDATA[N]]></ISSINGLEROW>
<!--847FDF2B4AE0416CAF54A7840F5B6F6A-->  <ISINFOTAB><![CDATA[N]]></ISINFOTAB>
<!--847FDF2B4AE0416CAF54A7840F5B6F6A-->  <ISTRANSLATIONTAB><![CDATA[N]]></ISTRANSLATIONTAB>
<!--847FDF2B4AE0416CAF54A7840F5B6F6A-->  <ISREADONLY><![CDATA[N]]></ISREADONLY>
<!--847FDF2B4AE0416CAF54A7840F5B6F6A-->  <HASTREE><![CDATA[N]]></HASTREE>
<!--847FDF2B4AE0416CAF54A7840F5B6F6A-->  <PROCESSING><![CDATA[N]]></PROCESSING>
<!--847FDF2B4AE0416CAF54A7840F5B6F6A-->  <IMPORTFIELDS><![CDATA[N]]></IMPORTFIELDS>
<!--847FDF2B4AE0416CAF54A7840F5B6F6A-->  <ISSORTTAB><![CDATA[N]]></ISSORTTAB>
<!--847FDF2B4AE0416CAF54A7840F5B6F6A-->  <AD_MODULE_ID><![CDATA[5C40CF085DCA477AB9DA89559237F7EB]]></AD_MODULE_ID>
<!--847FDF2B4AE0416CAF54A7840F5B6F6A-->  <UIPATTERN><![CDATA[RO]]></UIPATTERN>
<!--847FDF2B4AE0416CAF54A7840F5B6F6A-->  <SHOWPARENTBUTTONS><![CDATA[Y]]></SHOWPARENTBUTTONS>
<!--847FDF2B4AE0416CAF54A7840F5B6F6A-->  <DISABLE_PARENT_KEY_PROPERTY><![CDATA[N]]></DISABLE_PARENT_KEY_PROPERTY>
<!--847FDF2B4AE0416CAF54A7840F5B6F6A-->  <ISREADONLYTREE><![CDATA[N]]></ISREADONLYTREE>
<!--847FDF2B4AE0416CAF54A7840F5B6F6A-->  <ISSHOWTREENODEICONS><![CDATA[Y]]></ISSHOWTREENODEICONS>
<!--847FDF2B4AE0416CAF54A7840F5B6F6A-->  <EM_OBUIAPP_CAN_ADD><![CDATA[N]]></EM_OBUIAPP_CAN_ADD>
<!--847FDF2B4AE0416CAF54A7840F5B6F6A-->  <EM_OBUIAPP_CAN_DELETE><![CDATA[N]]></EM_OBUIAPP_CAN_DELETE>
<!--847FDF2B4AE0416CAF54A7840F5B6F6A-->  <EM_OBUIAPP_SHOW_SELECT><![CDATA[Y]]></EM_OBUIAPP_SHOW_SELECT>
<!--847FDF2B4AE0416CAF54A7840F5B6F6A--></AD_TAB>

<!--84E2C3C239B14A60BC54FA432A98A99A--><AD_TAB>
<!--84E2C3C239B14A60BC54FA432A98A99A-->  <AD_TAB_ID><![CDATA[84E2C3C239B14A60BC54FA432A98A99A]]></AD_TAB_ID>
<!--84E2C3C239B14A60BC54FA432A98A99A-->  <AD_CLIENT_ID><![CDATA[0]]></AD_CLIENT_ID>
<!--84E2C3C239B14A60BC54FA432A98A99A-->  <AD_ORG_ID><![CDATA[0]]></AD_ORG_ID>
<!--84E2C3C239B14A60BC54FA432A98A99A-->  <ISACTIVE><![CDATA[Y]]></ISACTIVE>
<!--84E2C3C239B14A60BC54FA432A98A99A-->  <NAME><![CDATA[Accounting]]></NAME>
<!--84E2C3C239B14A60BC54FA432A98A99A-->  <AD_TABLE_ID><![CDATA[270]]></AD_TABLE_ID>
<!--84E2C3C239B14A60BC54FA432A98A99A-->  <AD_WINDOW_ID><![CDATA[3B44E6DBB1BF4E1E9C2AF77F45FD9615]]></AD_WINDOW_ID>
<!--84E2C3C239B14A60BC54FA432A98A99A-->  <SEQNO><![CDATA[60]]></SEQNO>
<!--84E2C3C239B14A60BC54FA432A98A99A-->  <TABLEVEL><![CDATA[1]]></TABLEVEL>
<!--84E2C3C239B14A60BC54FA432A98A99A-->  <ISSINGLEROW><![CDATA[N]]></ISSINGLEROW>
<!--84E2C3C239B14A60BC54FA432A98A99A-->  <ISINFOTAB><![CDATA[N]]></ISINFOTAB>
<!--84E2C3C239B14A60BC54FA432A98A99A-->  <ISTRANSLATIONTAB><![CDATA[N]]></ISTRANSLATIONTAB>
<!--84E2C3C239B14A60BC54FA432A98A99A-->  <ISREADONLY><![CDATA[N]]></ISREADONLY>
<!--84E2C3C239B14A60BC54FA432A98A99A-->  <HASTREE><![CDATA[N]]></HASTREE>
<!--84E2C3C239B14A60BC54FA432A98A99A-->  <PROCESSING><![CDATA[N]]></PROCESSING>
<!--84E2C3C239B14A60BC54FA432A98A99A-->  <IMPORTFIELDS><![CDATA[N]]></IMPORTFIELDS>
<!--84E2C3C239B14A60BC54FA432A98A99A-->  <ISSORTTAB><![CDATA[N]]></ISSORTTAB>
<!--84E2C3C239B14A60BC54FA432A98A99A-->  <AD_MODULE_ID><![CDATA[5C40CF085DCA477AB9DA89559237F7EB]]></AD_MODULE_ID>
<!--84E2C3C239B14A60BC54FA432A98A99A-->  <UIPATTERN><![CDATA[SR]]></UIPATTERN>
<!--84E2C3C239B14A60BC54FA432A98A99A-->  <HQLWHERECLAUSE><![CDATA[e.table.id = 'FE049A25AE7D494EB143577E664AB48F' and e.recordID = @cam_workorder.id@]]></HQLWHERECLAUSE>
<!--84E2C3C239B14A60BC54FA432A98A99A-->  <SHOWPARENTBUTTONS><![CDATA[Y]]></SHOWPARENTBUTTONS>
<!--84E2C3C239B14A60BC54FA432A98A99A-->  <DISABLE_PARENT_KEY_PROPERTY><![CDATA[N]]></DISABLE_PARENT_KEY_PROPERTY>
<!--84E2C3C239B14A60BC54FA432A98A99A-->  <ISREADONLYTREE><![CDATA[N]]></ISREADONLYTREE>
<!--84E2C3C239B14A60BC54FA432A98A99A-->  <ISSHOWTREENODEICONS><![CDATA[Y]]></ISSHOWTREENODEICONS>
<!--84E2C3C239B14A60BC54FA432A98A99A-->  <EM_OBUIAPP_CAN_ADD><![CDATA[N]]></EM_OBUIAPP_CAN_ADD>
<!--84E2C3C239B14A60BC54FA432A98A99A-->  <EM_OBUIAPP_CAN_DELETE><![CDATA[N]]></EM_OBUIAPP_CAN_DELETE>
<!--84E2C3C239B14A60BC54FA432A98A99A-->  <EM_OBUIAPP_SHOW_SELECT><![CDATA[Y]]></EM_OBUIAPP_SHOW_SELECT>
<!--84E2C3C239B14A60BC54FA432A98A99A--></AD_TAB>

<!--A1122C36E2D44332A744C11991CB61DB--><AD_TAB>
<!--A1122C36E2D44332A744C11991CB61DB-->  <AD_TAB_ID><![CDATA[A1122C36E2D44332A744C11991CB61DB]]></AD_TAB_ID>
<!--A1122C36E2D44332A744C11991CB61DB-->  <AD_CLIENT_ID><![CDATA[0]]></AD_CLIENT_ID>
<!--A1122C36E2D44332A744C11991CB61DB-->  <AD_ORG_ID><![CDATA[0]]></AD_ORG_ID>
<!--A1122C36E2D44332A744C11991CB61DB-->  <ISACTIVE><![CDATA[Y]]></ISACTIVE>
<!--A1122C36E2D44332A744C11991CB61DB-->  <NAME><![CDATA[Item]]></NAME>
<!--A1122C36E2D44332A744C11991CB61DB-->  <AD_TABLE_ID><![CDATA[DC7B1BEE41094156B683F5EBA3D45A88]]></AD_TABLE_ID>
<!--A1122C36E2D44332A744C11991CB61DB-->  <AD_WINDOW_ID><![CDATA[800027]]></AD_WINDOW_ID>
<!--A1122C36E2D44332A744C11991CB61DB-->  <SEQNO><![CDATA[40]]></SEQNO>
<!--A1122C36E2D44332A744C11991CB61DB-->  <TABLEVEL><![CDATA[1]]></TABLEVEL>
<!--A1122C36E2D44332A744C11991CB61DB-->  <ISSINGLEROW><![CDATA[N]]></ISSINGLEROW>
<!--A1122C36E2D44332A744C11991CB61DB-->  <ISINFOTAB><![CDATA[N]]></ISINFOTAB>
<!--A1122C36E2D44332A744C11991CB61DB-->  <ISTRANSLATIONTAB><![CDATA[N]]></ISTRANSLATIONTAB>
<!--A1122C36E2D44332A744C11991CB61DB-->  <ISREADONLY><![CDATA[N]]></ISREADONLY>
<!--A1122C36E2D44332A744C11991CB61DB-->  <HASTREE><![CDATA[N]]></HASTREE>
<!--A1122C36E2D44332A744C11991CB61DB-->  <PROCESSING><![CDATA[N]]></PROCESSING>
<!--A1122C36E2D44332A744C11991CB61DB-->  <IMPORTFIELDS><![CDATA[N]]></IMPORTFIELDS>
<!--A1122C36E2D44332A744C11991CB61DB-->  <ISSORTTAB><![CDATA[N]]></ISSORTTAB>
<!--A1122C36E2D44332A744C11991CB61DB-->  <AD_MODULE_ID><![CDATA[5C40CF085DCA477AB9DA89559237F7EB]]></AD_MODULE_ID>
<!--A1122C36E2D44332A744C11991CB61DB-->  <UIPATTERN><![CDATA[STD]]></UIPATTERN>
<!--A1122C36E2D44332A744C11991CB61DB-->  <SHOWPARENTBUTTONS><![CDATA[Y]]></SHOWPARENTBUTTONS>
<!--A1122C36E2D44332A744C11991CB61DB-->  <DISABLE_PARENT_KEY_PROPERTY><![CDATA[N]]></DISABLE_PARENT_KEY_PROPERTY>
<!--A1122C36E2D44332A744C11991CB61DB-->  <ISREADONLYTREE><![CDATA[N]]></ISREADONLYTREE>
<!--A1122C36E2D44332A744C11991CB61DB-->  <ISSHOWTREENODEICONS><![CDATA[Y]]></ISSHOWTREENODEICONS>
<!--A1122C36E2D44332A744C11991CB61DB-->  <EM_OBUIAPP_CAN_ADD><![CDATA[N]]></EM_OBUIAPP_CAN_ADD>
<!--A1122C36E2D44332A744C11991CB61DB-->  <EM_OBUIAPP_CAN_DELETE><![CDATA[N]]></EM_OBUIAPP_CAN_DELETE>
<!--A1122C36E2D44332A744C11991CB61DB-->  <EM_OBUIAPP_SHOW_SELECT><![CDATA[Y]]></EM_OBUIAPP_SHOW_SELECT>
<!--A1122C36E2D44332A744C11991CB61DB--></AD_TAB>

<!--A1C23CBBBB4A488FA6B8A821F47ED244--><AD_TAB>
<!--A1C23CBBBB4A488FA6B8A821F47ED244-->  <AD_TAB_ID><![CDATA[A1C23CBBBB4A488FA6B8A821F47ED244]]></AD_TAB_ID>
<!--A1C23CBBBB4A488FA6B8A821F47ED244-->  <AD_CLIENT_ID><![CDATA[0]]></AD_CLIENT_ID>
<!--A1C23CBBBB4A488FA6B8A821F47ED244-->  <AD_ORG_ID><![CDATA[0]]></AD_ORG_ID>
<!--A1C23CBBBB4A488FA6B8A821F47ED244-->  <ISACTIVE><![CDATA[Y]]></ISACTIVE>
<!--A1C23CBBBB4A488FA6B8A821F47ED244-->  <NAME><![CDATA[Work Order]]></NAME>
<!--A1C23CBBBB4A488FA6B8A821F47ED244-->  <AD_TABLE_ID><![CDATA[F8988B14C5CE4F76A54D4F9254DA1C69]]></AD_TABLE_ID>
<!--A1C23CBBBB4A488FA6B8A821F47ED244-->  <AD_WINDOW_ID><![CDATA[800027]]></AD_WINDOW_ID>
<!--A1C23CBBBB4A488FA6B8A821F47ED244-->  <SEQNO><![CDATA[50]]></SEQNO>
<!--A1C23CBBBB4A488FA6B8A821F47ED244-->  <TABLEVEL><![CDATA[1]]></TABLEVEL>
<!--A1C23CBBBB4A488FA6B8A821F47ED244-->  <ISSINGLEROW><![CDATA[N]]></ISSINGLEROW>
<!--A1C23CBBBB4A488FA6B8A821F47ED244-->  <ISINFOTAB><![CDATA[N]]></ISINFOTAB>
<!--A1C23CBBBB4A488FA6B8A821F47ED244-->  <ISTRANSLATIONTAB><![CDATA[N]]></ISTRANSLATIONTAB>
<!--A1C23CBBBB4A488FA6B8A821F47ED244-->  <ISREADONLY><![CDATA[N]]></ISREADONLY>
<!--A1C23CBBBB4A488FA6B8A821F47ED244-->  <HASTREE><![CDATA[N]]></HASTREE>
<!--A1C23CBBBB4A488FA6B8A821F47ED244-->  <PROCESSING><![CDATA[N]]></PROCESSING>
<!--A1C23CBBBB4A488FA6B8A821F47ED244-->  <IMPORTFIELDS><![CDATA[N]]></IMPORTFIELDS>
<!--A1C23CBBBB4A488FA6B8A821F47ED244-->  <ISSORTTAB><![CDATA[N]]></ISSORTTAB>
<!--A1C23CBBBB4A488FA6B8A821F47ED244-->  <AD_MODULE_ID><![CDATA[5C40CF085DCA477AB9DA89559237F7EB]]></AD_MODULE_ID>
<!--A1C23CBBBB4A488FA6B8A821F47ED244-->  <UIPATTERN><![CDATA[RO]]></UIPATTERN>
<!--A1C23CBBBB4A488FA6B8A821F47ED244-->  <SHOWPARENTBUTTONS><![CDATA[Y]]></SHOWPARENTBUTTONS>
<!--A1C23CBBBB4A488FA6B8A821F47ED244-->  <DISABLE_PARENT_KEY_PROPERTY><![CDATA[N]]></DISABLE_PARENT_KEY_PROPERTY>
<!--A1C23CBBBB4A488FA6B8A821F47ED244-->  <ISREADONLYTREE><![CDATA[N]]></ISREADONLYTREE>
<!--A1C23CBBBB4A488FA6B8A821F47ED244-->  <ISSHOWTREENODEICONS><![CDATA[Y]]></ISSHOWTREENODEICONS>
<!--A1C23CBBBB4A488FA6B8A821F47ED244-->  <EM_OBUIAPP_CAN_ADD><![CDATA[N]]></EM_OBUIAPP_CAN_ADD>
<!--A1C23CBBBB4A488FA6B8A821F47ED244-->  <EM_OBUIAPP_CAN_DELETE><![CDATA[N]]></EM_OBUIAPP_CAN_DELETE>
<!--A1C23CBBBB4A488FA6B8A821F47ED244-->  <EM_OBUIAPP_SHOW_SELECT><![CDATA[Y]]></EM_OBUIAPP_SHOW_SELECT>
<!--A1C23CBBBB4A488FA6B8A821F47ED244--></AD_TAB>

<!--A95AEFE2E7A8417D9EC9BA9D43CF226E--><AD_TAB>
<!--A95AEFE2E7A8417D9EC9BA9D43CF226E-->  <AD_TAB_ID><![CDATA[A95AEFE2E7A8417D9EC9BA9D43CF226E]]></AD_TAB_ID>
<!--A95AEFE2E7A8417D9EC9BA9D43CF226E-->  <AD_CLIENT_ID><![CDATA[0]]></AD_CLIENT_ID>
<!--A95AEFE2E7A8417D9EC9BA9D43CF226E-->  <AD_ORG_ID><![CDATA[0]]></AD_ORG_ID>
<!--A95AEFE2E7A8417D9EC9BA9D43CF226E-->  <ISACTIVE><![CDATA[Y]]></ISACTIVE>
<!--A95AEFE2E7A8417D9EC9BA9D43CF226E-->  <NAME><![CDATA[Asset]]></NAME>
<!--A95AEFE2E7A8417D9EC9BA9D43CF226E-->  <AD_TABLE_ID><![CDATA[F8988B14C5CE4F76A54D4F9254DA1C69]]></AD_TABLE_ID>
<!--A95AEFE2E7A8417D9EC9BA9D43CF226E-->  <AD_WINDOW_ID><![CDATA[3B44E6DBB1BF4E1E9C2AF77F45FD9615]]></AD_WINDOW_ID>
<!--A95AEFE2E7A8417D9EC9BA9D43CF226E-->  <SEQNO><![CDATA[20]]></SEQNO>
<!--A95AEFE2E7A8417D9EC9BA9D43CF226E-->  <TABLEVEL><![CDATA[1]]></TABLEVEL>
<!--A95AEFE2E7A8417D9EC9BA9D43CF226E-->  <ISSINGLEROW><![CDATA[N]]></ISSINGLEROW>
<!--A95AEFE2E7A8417D9EC9BA9D43CF226E-->  <ISINFOTAB><![CDATA[N]]></ISINFOTAB>
<!--A95AEFE2E7A8417D9EC9BA9D43CF226E-->  <ISTRANSLATIONTAB><![CDATA[N]]></ISTRANSLATIONTAB>
<!--A95AEFE2E7A8417D9EC9BA9D43CF226E-->  <ISREADONLY><![CDATA[N]]></ISREADONLY>
<!--A95AEFE2E7A8417D9EC9BA9D43CF226E-->  <HASTREE><![CDATA[N]]></HASTREE>
<!--A95AEFE2E7A8417D9EC9BA9D43CF226E-->  <PROCESSING><![CDATA[N]]></PROCESSING>
<!--A95AEFE2E7A8417D9EC9BA9D43CF226E-->  <IMPORTFIELDS><![CDATA[N]]></IMPORTFIELDS>
<!--A95AEFE2E7A8417D9EC9BA9D43CF226E-->  <ISSORTTAB><![CDATA[N]]></ISSORTTAB>
<!--A95AEFE2E7A8417D9EC9BA9D43CF226E-->  <AD_MODULE_ID><![CDATA[5C40CF085DCA477AB9DA89559237F7EB]]></AD_MODULE_ID>
<!--A95AEFE2E7A8417D9EC9BA9D43CF226E-->  <UIPATTERN><![CDATA[STD]]></UIPATTERN>
<!--A95AEFE2E7A8417D9EC9BA9D43CF226E-->  <SHOWPARENTBUTTONS><![CDATA[Y]]></SHOWPARENTBUTTONS>
<!--A95AEFE2E7A8417D9EC9BA9D43CF226E-->  <DISABLE_PARENT_KEY_PROPERTY><![CDATA[N]]></DISABLE_PARENT_KEY_PROPERTY>
<!--A95AEFE2E7A8417D9EC9BA9D43CF226E-->  <ISREADONLYTREE><![CDATA[N]]></ISREADONLYTREE>
<!--A95AEFE2E7A8417D9EC9BA9D43CF226E-->  <ISSHOWTREENODEICONS><![CDATA[Y]]></ISSHOWTREENODEICONS>
<!--A95AEFE2E7A8417D9EC9BA9D43CF226E-->  <EM_OBUIAPP_CAN_ADD><![CDATA[N]]></EM_OBUIAPP_CAN_ADD>
<!--A95AEFE2E7A8417D9EC9BA9D43CF226E-->  <EM_OBUIAPP_CAN_DELETE><![CDATA[N]]></EM_OBUIAPP_CAN_DELETE>
<!--A95AEFE2E7A8417D9EC9BA9D43CF226E-->  <EM_OBUIAPP_SHOW_SELECT><![CDATA[Y]]></EM_OBUIAPP_SHOW_SELECT>
<!--A95AEFE2E7A8417D9EC9BA9D43CF226E--></AD_TAB>

<!--B774477F66834AE7B5418684DE1C9E40--><AD_TAB>
<!--B774477F66834AE7B5418684DE1C9E40-->  <AD_TAB_ID><![CDATA[B774477F66834AE7B5418684DE1C9E40]]></AD_TAB_ID>
<!--B774477F66834AE7B5418684DE1C9E40-->  <AD_CLIENT_ID><![CDATA[0]]></AD_CLIENT_ID>
<!--B774477F66834AE7B5418684DE1C9E40-->  <AD_ORG_ID><![CDATA[0]]></AD_ORG_ID>
<!--B774477F66834AE7B5418684DE1C9E40-->  <ISACTIVE><![CDATA[Y]]></ISACTIVE>
<!--B774477F66834AE7B5418684DE1C9E40-->  <NAME><![CDATA[Worker]]></NAME>
<!--B774477F66834AE7B5418684DE1C9E40-->  <AD_TABLE_ID><![CDATA[1054B7E1FF904535AEB8E4BCEF983FC6]]></AD_TABLE_ID>
<!--B774477F66834AE7B5418684DE1C9E40-->  <AD_WINDOW_ID><![CDATA[3B44E6DBB1BF4E1E9C2AF77F45FD9615]]></AD_WINDOW_ID>
<!--B774477F66834AE7B5418684DE1C9E40-->  <SEQNO><![CDATA[30]]></SEQNO>
<!--B774477F66834AE7B5418684DE1C9E40-->  <TABLEVEL><![CDATA[1]]></TABLEVEL>
<!--B774477F66834AE7B5418684DE1C9E40-->  <ISSINGLEROW><![CDATA[N]]></ISSINGLEROW>
<!--B774477F66834AE7B5418684DE1C9E40-->  <ISINFOTAB><![CDATA[N]]></ISINFOTAB>
<!--B774477F66834AE7B5418684DE1C9E40-->  <ISTRANSLATIONTAB><![CDATA[N]]></ISTRANSLATIONTAB>
<!--B774477F66834AE7B5418684DE1C9E40-->  <ISREADONLY><![CDATA[N]]></ISREADONLY>
<!--B774477F66834AE7B5418684DE1C9E40-->  <HASTREE><![CDATA[N]]></HASTREE>
<!--B774477F66834AE7B5418684DE1C9E40-->  <PROCESSING><![CDATA[N]]></PROCESSING>
<!--B774477F66834AE7B5418684DE1C9E40-->  <IMPORTFIELDS><![CDATA[N]]></IMPORTFIELDS>
<!--B774477F66834AE7B5418684DE1C9E40-->  <ISSORTTAB><![CDATA[N]]></ISSORTTAB>
<!--B774477F66834AE7B5418684DE1C9E40-->  <AD_MODULE_ID><![CDATA[5C40CF085DCA477AB9DA89559237F7EB]]></AD_MODULE_ID>
<!--B774477F66834AE7B5418684DE1C9E40-->  <UIPATTERN><![CDATA[STD]]></UIPATTERN>
<!--B774477F66834AE7B5418684DE1C9E40-->  <SHOWPARENTBUTTONS><![CDATA[Y]]></SHOWPARENTBUTTONS>
<!--B774477F66834AE7B5418684DE1C9E40-->  <DISABLE_PARENT_KEY_PROPERTY><![CDATA[N]]></DISABLE_PARENT_KEY_PROPERTY>
<!--B774477F66834AE7B5418684DE1C9E40-->  <ISREADONLYTREE><![CDATA[N]]></ISREADONLYTREE>
<!--B774477F66834AE7B5418684DE1C9E40-->  <ISSHOWTREENODEICONS><![CDATA[Y]]></ISSHOWTREENODEICONS>
<!--B774477F66834AE7B5418684DE1C9E40-->  <EM_OBUIAPP_CAN_ADD><![CDATA[N]]></EM_OBUIAPP_CAN_ADD>
<!--B774477F66834AE7B5418684DE1C9E40-->  <EM_OBUIAPP_CAN_DELETE><![CDATA[N]]></EM_OBUIAPP_CAN_DELETE>
<!--B774477F66834AE7B5418684DE1C9E40-->  <EM_OBUIAPP_SHOW_SELECT><![CDATA[Y]]></EM_OBUIAPP_SHOW_SELECT>
<!--B774477F66834AE7B5418684DE1C9E40--></AD_TAB>

<!--D0070F9EAAB7406BBE6176EE2EE452AD--><AD_TAB>
<!--D0070F9EAAB7406BBE6176EE2EE452AD-->  <AD_TAB_ID><![CDATA[D0070F9EAAB7406BBE6176EE2EE452AD]]></AD_TAB_ID>
<!--D0070F9EAAB7406BBE6176EE2EE452AD-->  <AD_CLIENT_ID><![CDATA[0]]></AD_CLIENT_ID>
<!--D0070F9EAAB7406BBE6176EE2EE452AD-->  <AD_ORG_ID><![CDATA[0]]></AD_ORG_ID>
<!--D0070F9EAAB7406BBE6176EE2EE452AD-->  <ISACTIVE><![CDATA[Y]]></ISACTIVE>
<!--D0070F9EAAB7406BBE6176EE2EE452AD-->  <NAME><![CDATA[Header]]></NAME>
<!--D0070F9EAAB7406BBE6176EE2EE452AD-->  <AD_TABLE_ID><![CDATA[7BF10ED3E6644C1AAD446F547F30477C]]></AD_TABLE_ID>
<!--D0070F9EAAB7406BBE6176EE2EE452AD-->  <AD_WINDOW_ID><![CDATA[91119A657A1F44D18FD23174E8C8D193]]></AD_WINDOW_ID>
<!--D0070F9EAAB7406BBE6176EE2EE452AD-->  <SEQNO><![CDATA[10]]></SEQNO>
<!--D0070F9EAAB7406BBE6176EE2EE452AD-->  <TABLEVEL><![CDATA[0]]></TABLEVEL>
<!--D0070F9EAAB7406BBE6176EE2EE452AD-->  <ISSINGLEROW><![CDATA[N]]></ISSINGLEROW>
<!--D0070F9EAAB7406BBE6176EE2EE452AD-->  <ISINFOTAB><![CDATA[N]]></ISINFOTAB>
<!--D0070F9EAAB7406BBE6176EE2EE452AD-->  <ISTRANSLATIONTAB><![CDATA[N]]></ISTRANSLATIONTAB>
<!--D0070F9EAAB7406BBE6176EE2EE452AD-->  <ISREADONLY><![CDATA[N]]></ISREADONLY>
<!--D0070F9EAAB7406BBE6176EE2EE452AD-->  <HASTREE><![CDATA[N]]></HASTREE>
<!--D0070F9EAAB7406BBE6176EE2EE452AD-->  <PROCESSING><![CDATA[N]]></PROCESSING>
<!--D0070F9EAAB7406BBE6176EE2EE452AD-->  <IMPORTFIELDS><![CDATA[N]]></IMPORTFIELDS>
<!--D0070F9EAAB7406BBE6176EE2EE452AD-->  <ISSORTTAB><![CDATA[N]]></ISSORTTAB>
<!--D0070F9EAAB7406BBE6176EE2EE452AD-->  <AD_MODULE_ID><![CDATA[5C40CF085DCA477AB9DA89559237F7EB]]></AD_MODULE_ID>
<!--D0070F9EAAB7406BBE6176EE2EE452AD-->  <UIPATTERN><![CDATA[STD]]></UIPATTERN>
<!--D0070F9EAAB7406BBE6176EE2EE452AD-->  <SHOWPARENTBUTTONS><![CDATA[Y]]></SHOWPARENTBUTTONS>
<!--D0070F9EAAB7406BBE6176EE2EE452AD-->  <DISABLE_PARENT_KEY_PROPERTY><![CDATA[N]]></DISABLE_PARENT_KEY_PROPERTY>
<!--D0070F9EAAB7406BBE6176EE2EE452AD-->  <ISREADONLYTREE><![CDATA[N]]></ISREADONLYTREE>
<!--D0070F9EAAB7406BBE6176EE2EE452AD-->  <ISSHOWTREENODEICONS><![CDATA[Y]]></ISSHOWTREENODEICONS>
<!--D0070F9EAAB7406BBE6176EE2EE452AD-->  <EM_OBUIAPP_CAN_ADD><![CDATA[N]]></EM_OBUIAPP_CAN_ADD>
<!--D0070F9EAAB7406BBE6176EE2EE452AD-->  <EM_OBUIAPP_CAN_DELETE><![CDATA[N]]></EM_OBUIAPP_CAN_DELETE>
<!--D0070F9EAAB7406BBE6176EE2EE452AD-->  <EM_OBUIAPP_SHOW_SELECT><![CDATA[Y]]></EM_OBUIAPP_SHOW_SELECT>
<!--D0070F9EAAB7406BBE6176EE2EE452AD--></AD_TAB>

<!--FC422C267D06455A8C94FDD4D86F3858--><AD_TAB>
<!--FC422C267D06455A8C94FDD4D86F3858-->  <AD_TAB_ID><![CDATA[FC422C267D06455A8C94FDD4D86F3858]]></AD_TAB_ID>
<!--FC422C267D06455A8C94FDD4D86F3858-->  <AD_CLIENT_ID><![CDATA[0]]></AD_CLIENT_ID>
<!--FC422C267D06455A8C94FDD4D86F3858-->  <AD_ORG_ID><![CDATA[0]]></AD_ORG_ID>
<!--FC422C267D06455A8C94FDD4D86F3858-->  <ISACTIVE><![CDATA[Y]]></ISACTIVE>
<!--FC422C267D06455A8C94FDD4D86F3858-->  <NAME><![CDATA[Header]]></NAME>
<!--FC422C267D06455A8C94FDD4D86F3858-->  <AD_TABLE_ID><![CDATA[FE049A25AE7D494EB143577E664AB48F]]></AD_TABLE_ID>
<!--FC422C267D06455A8C94FDD4D86F3858-->  <AD_WINDOW_ID><![CDATA[3B44E6DBB1BF4E1E9C2AF77F45FD9615]]></AD_WINDOW_ID>
<!--FC422C267D06455A8C94FDD4D86F3858-->  <SEQNO><![CDATA[10]]></SEQNO>
<!--FC422C267D06455A8C94FDD4D86F3858-->  <TABLEVEL><![CDATA[0]]></TABLEVEL>
<!--FC422C267D06455A8C94FDD4D86F3858-->  <ISSINGLEROW><![CDATA[N]]></ISSINGLEROW>
<!--FC422C267D06455A8C94FDD4D86F3858-->  <ISINFOTAB><![CDATA[N]]></ISINFOTAB>
<!--FC422C267D06455A8C94FDD4D86F3858-->  <ISTRANSLATIONTAB><![CDATA[N]]></ISTRANSLATIONTAB>
<!--FC422C267D06455A8C94FDD4D86F3858-->  <ISREADONLY><![CDATA[N]]></ISREADONLY>
<!--FC422C267D06455A8C94FDD4D86F3858-->  <HASTREE><![CDATA[N]]></HASTREE>
<!--FC422C267D06455A8C94FDD4D86F3858-->  <PROCESSING><![CDATA[N]]></PROCESSING>
<!--FC422C267D06455A8C94FDD4D86F3858-->  <IMPORTFIELDS><![CDATA[N]]></IMPORTFIELDS>
<!--FC422C267D06455A8C94FDD4D86F3858-->  <ISSORTTAB><![CDATA[N]]></ISSORTTAB>
<!--FC422C267D06455A8C94FDD4D86F3858-->  <AD_MODULE_ID><![CDATA[5C40CF085DCA477AB9DA89559237F7EB]]></AD_MODULE_ID>
<!--FC422C267D06455A8C94FDD4D86F3858-->  <UIPATTERN><![CDATA[STD]]></UIPATTERN>
<!--FC422C267D06455A8C94FDD4D86F3858-->  <SHOWPARENTBUTTONS><![CDATA[Y]]></SHOWPARENTBUTTONS>
<!--FC422C267D06455A8C94FDD4D86F3858-->  <DISABLE_PARENT_KEY_PROPERTY><![CDATA[N]]></DISABLE_PARENT_KEY_PROPERTY>
<!--FC422C267D06455A8C94FDD4D86F3858-->  <ISREADONLYTREE><![CDATA[N]]></ISREADONLYTREE>
<!--FC422C267D06455A8C94FDD4D86F3858-->  <ISSHOWTREENODEICONS><![CDATA[Y]]></ISSHOWTREENODEICONS>
<!--FC422C267D06455A8C94FDD4D86F3858-->  <EM_OBUIAPP_CAN_ADD><![CDATA[N]]></EM_OBUIAPP_CAN_ADD>
<!--FC422C267D06455A8C94FDD4D86F3858-->  <EM_OBUIAPP_CAN_DELETE><![CDATA[N]]></EM_OBUIAPP_CAN_DELETE>
<!--FC422C267D06455A8C94FDD4D86F3858-->  <EM_OBUIAPP_SHOW_SELECT><![CDATA[Y]]></EM_OBUIAPP_SHOW_SELECT>
<!--FC422C267D06455A8C94FDD4D86F3858--></AD_TAB>

</data>
