<?xml version="1.0" encoding="UTF-8"?>
<data>
<!--0AAB8DDDA4D5493A8962E7955D98D546--><AD_TABLE>
<!--0AAB8DDDA4D5493A8962E7955D98D546-->  <AD_TABLE_ID><![CDATA[0AAB8DDDA4D5493A8962E7955D98D546]]></AD_TABLE_ID>
<!--0AAB8DDDA4D5493A8962E7955D98D546-->  <AD_CLIENT_ID><![CDATA[0]]></AD_CLIENT_ID>
<!--0AAB8DDDA4D5493A8962E7955D98D546-->  <AD_ORG_ID><![CDATA[0]]></AD_ORG_ID>
<!--0AAB8DDDA4D5493A8962E7955D98D546-->  <ISACTIVE><![CDATA[Y]]></ISACTIVE>
<!--0AAB8DDDA4D5493A8962E7955D98D546-->  <NAME><![CDATA[cam_workorder_group]]></NAME>
<!--0AAB8DDDA4D5493A8962E7955D98D546-->  <TABLENAME><![CDATA[cam_workorder_group]]></TABLENAME>
<!--0AAB8DDDA4D5493A8962E7955D98D546-->  <CLASSNAME><![CDATA[WorkOrderGroup]]></CLASSNAME>
<!--0AAB8DDDA4D5493A8962E7955D98D546-->  <ISVIEW><![CDATA[N]]></ISVIEW>
<!--0AAB8DDDA4D5493A8962E7955D98D546-->  <ACCESSLEVEL><![CDATA[3]]></ACCESSLEVEL>
<!--0AAB8DDDA4D5493A8962E7955D98D546-->  <ISSECURITYENABLED><![CDATA[N]]></ISSECURITYENABLED>
<!--0AAB8DDDA4D5493A8962E7955D98D546-->  <ISDELETEABLE><![CDATA[Y]]></ISDELETEABLE>
<!--0AAB8DDDA4D5493A8962E7955D98D546-->  <ISHIGHVOLUME><![CDATA[N]]></ISHIGHVOLUME>
<!--0AAB8DDDA4D5493A8962E7955D98D546-->  <IMPORTTABLE><![CDATA[N]]></IMPORTTABLE>
<!--0AAB8DDDA4D5493A8962E7955D98D546-->  <ISCHANGELOG><![CDATA[N]]></ISCHANGELOG>
<!--0AAB8DDDA4D5493A8962E7955D98D546-->  <ISDEFAULTACCT><![CDATA[N]]></ISDEFAULTACCT>
<!--0AAB8DDDA4D5493A8962E7955D98D546-->  <DEVELOPMENTSTATUS><![CDATA[RE]]></DEVELOPMENTSTATUS>
<!--0AAB8DDDA4D5493A8962E7955D98D546-->  <AD_PACKAGE_ID><![CDATA[88DDD6FB5B2F4EA2959F5F0671DFF99E]]></AD_PACKAGE_ID>
<!--0AAB8DDDA4D5493A8962E7955D98D546-->  <DATAORIGINTYPE><![CDATA[Table]]></DATAORIGINTYPE>
<!--0AAB8DDDA4D5493A8962E7955D98D546-->  <ISTREE><![CDATA[N]]></ISTREE>
<!--0AAB8DDDA4D5493A8962E7955D98D546-->  <EM_SR_ISINVENTORY><![CDATA[N]]></EM_SR_ISINVENTORY>
<!--0AAB8DDDA4D5493A8962E7955D98D546--></AD_TABLE>

<!--1054B7E1FF904535AEB8E4BCEF983FC6--><AD_TABLE>
<!--1054B7E1FF904535AEB8E4BCEF983FC6-->  <AD_TABLE_ID><![CDATA[1054B7E1FF904535AEB8E4BCEF983FC6]]></AD_TABLE_ID>
<!--1054B7E1FF904535AEB8E4BCEF983FC6-->  <AD_CLIENT_ID><![CDATA[0]]></AD_CLIENT_ID>
<!--1054B7E1FF904535AEB8E4BCEF983FC6-->  <AD_ORG_ID><![CDATA[0]]></AD_ORG_ID>
<!--1054B7E1FF904535AEB8E4BCEF983FC6-->  <ISACTIVE><![CDATA[Y]]></ISACTIVE>
<!--1054B7E1FF904535AEB8E4BCEF983FC6-->  <NAME><![CDATA[cam_wo_worker]]></NAME>
<!--1054B7E1FF904535AEB8E4BCEF983FC6-->  <TABLENAME><![CDATA[cam_wo_worker]]></TABLENAME>
<!--1054B7E1FF904535AEB8E4BCEF983FC6-->  <CLASSNAME><![CDATA[WorkOrderWorker]]></CLASSNAME>
<!--1054B7E1FF904535AEB8E4BCEF983FC6-->  <ISVIEW><![CDATA[N]]></ISVIEW>
<!--1054B7E1FF904535AEB8E4BCEF983FC6-->  <ACCESSLEVEL><![CDATA[3]]></ACCESSLEVEL>
<!--1054B7E1FF904535AEB8E4BCEF983FC6-->  <AD_WINDOW_ID><![CDATA[3B44E6DBB1BF4E1E9C2AF77F45FD9615]]></AD_WINDOW_ID>
<!--1054B7E1FF904535AEB8E4BCEF983FC6-->  <ISSECURITYENABLED><![CDATA[N]]></ISSECURITYENABLED>
<!--1054B7E1FF904535AEB8E4BCEF983FC6-->  <ISDELETEABLE><![CDATA[Y]]></ISDELETEABLE>
<!--1054B7E1FF904535AEB8E4BCEF983FC6-->  <ISHIGHVOLUME><![CDATA[N]]></ISHIGHVOLUME>
<!--1054B7E1FF904535AEB8E4BCEF983FC6-->  <IMPORTTABLE><![CDATA[N]]></IMPORTTABLE>
<!--1054B7E1FF904535AEB8E4BCEF983FC6-->  <ISCHANGELOG><![CDATA[N]]></ISCHANGELOG>
<!--1054B7E1FF904535AEB8E4BCEF983FC6-->  <ISDEFAULTACCT><![CDATA[N]]></ISDEFAULTACCT>
<!--1054B7E1FF904535AEB8E4BCEF983FC6-->  <DEVELOPMENTSTATUS><![CDATA[RE]]></DEVELOPMENTSTATUS>
<!--1054B7E1FF904535AEB8E4BCEF983FC6-->  <AD_PACKAGE_ID><![CDATA[88DDD6FB5B2F4EA2959F5F0671DFF99E]]></AD_PACKAGE_ID>
<!--1054B7E1FF904535AEB8E4BCEF983FC6-->  <DATAORIGINTYPE><![CDATA[Table]]></DATAORIGINTYPE>
<!--1054B7E1FF904535AEB8E4BCEF983FC6-->  <ISTREE><![CDATA[N]]></ISTREE>
<!--1054B7E1FF904535AEB8E4BCEF983FC6-->  <EM_SR_ISINVENTORY><![CDATA[N]]></EM_SR_ISINVENTORY>
<!--1054B7E1FF904535AEB8E4BCEF983FC6--></AD_TABLE>

<!--2241D2F310064BE0B8E3A1C5FEBB6D77--><AD_TABLE>
<!--2241D2F310064BE0B8E3A1C5FEBB6D77-->  <AD_TABLE_ID><![CDATA[2241D2F310064BE0B8E3A1C5FEBB6D77]]></AD_TABLE_ID>
<!--2241D2F310064BE0B8E3A1C5FEBB6D77-->  <AD_CLIENT_ID><![CDATA[0]]></AD_CLIENT_ID>
<!--2241D2F310064BE0B8E3A1C5FEBB6D77-->  <AD_ORG_ID><![CDATA[0]]></AD_ORG_ID>
<!--2241D2F310064BE0B8E3A1C5FEBB6D77-->  <ISACTIVE><![CDATA[Y]]></ISACTIVE>
<!--2241D2F310064BE0B8E3A1C5FEBB6D77-->  <NAME><![CDATA[cam_location]]></NAME>
<!--2241D2F310064BE0B8E3A1C5FEBB6D77-->  <DESCRIPTION><![CDATA[Asset location master data]]></DESCRIPTION>
<!--2241D2F310064BE0B8E3A1C5FEBB6D77-->  <TABLENAME><![CDATA[cam_location]]></TABLENAME>
<!--2241D2F310064BE0B8E3A1C5FEBB6D77-->  <CLASSNAME><![CDATA[Location]]></CLASSNAME>
<!--2241D2F310064BE0B8E3A1C5FEBB6D77-->  <ISVIEW><![CDATA[N]]></ISVIEW>
<!--2241D2F310064BE0B8E3A1C5FEBB6D77-->  <ACCESSLEVEL><![CDATA[3]]></ACCESSLEVEL>
<!--2241D2F310064BE0B8E3A1C5FEBB6D77-->  <AD_WINDOW_ID><![CDATA[CA14B7BB5AA745049DBE91F4C91EA9B6]]></AD_WINDOW_ID>
<!--2241D2F310064BE0B8E3A1C5FEBB6D77-->  <ISSECURITYENABLED><![CDATA[N]]></ISSECURITYENABLED>
<!--2241D2F310064BE0B8E3A1C5FEBB6D77-->  <ISDELETEABLE><![CDATA[Y]]></ISDELETEABLE>
<!--2241D2F310064BE0B8E3A1C5FEBB6D77-->  <ISHIGHVOLUME><![CDATA[N]]></ISHIGHVOLUME>
<!--2241D2F310064BE0B8E3A1C5FEBB6D77-->  <IMPORTTABLE><![CDATA[N]]></IMPORTTABLE>
<!--2241D2F310064BE0B8E3A1C5FEBB6D77-->  <ISCHANGELOG><![CDATA[N]]></ISCHANGELOG>
<!--2241D2F310064BE0B8E3A1C5FEBB6D77-->  <ISDEFAULTACCT><![CDATA[N]]></ISDEFAULTACCT>
<!--2241D2F310064BE0B8E3A1C5FEBB6D77-->  <DEVELOPMENTSTATUS><![CDATA[RE]]></DEVELOPMENTSTATUS>
<!--2241D2F310064BE0B8E3A1C5FEBB6D77-->  <AD_PACKAGE_ID><![CDATA[88DDD6FB5B2F4EA2959F5F0671DFF99E]]></AD_PACKAGE_ID>
<!--2241D2F310064BE0B8E3A1C5FEBB6D77-->  <DATAORIGINTYPE><![CDATA[Table]]></DATAORIGINTYPE>
<!--2241D2F310064BE0B8E3A1C5FEBB6D77-->  <ISTREE><![CDATA[Y]]></ISTREE>
<!--2241D2F310064BE0B8E3A1C5FEBB6D77-->  <EM_SR_ISINVENTORY><![CDATA[N]]></EM_SR_ISINVENTORY>
<!--2241D2F310064BE0B8E3A1C5FEBB6D77--></AD_TABLE>

<!--4A8453DD931B47A28A54DAE66CB5F825--><AD_TABLE>
<!--4A8453DD931B47A28A54DAE66CB5F825-->  <AD_TABLE_ID><![CDATA[4A8453DD931B47A28A54DAE66CB5F825]]></AD_TABLE_ID>
<!--4A8453DD931B47A28A54DAE66CB5F825-->  <AD_CLIENT_ID><![CDATA[0]]></AD_CLIENT_ID>
<!--4A8453DD931B47A28A54DAE66CB5F825-->  <AD_ORG_ID><![CDATA[0]]></AD_ORG_ID>
<!--4A8453DD931B47A28A54DAE66CB5F825-->  <ISACTIVE><![CDATA[Y]]></ISACTIVE>
<!--4A8453DD931B47A28A54DAE66CB5F825-->  <NAME><![CDATA[cam_metergroup]]></NAME>
<!--4A8453DD931B47A28A54DAE66CB5F825-->  <TABLENAME><![CDATA[cam_metergroup]]></TABLENAME>
<!--4A8453DD931B47A28A54DAE66CB5F825-->  <CLASSNAME><![CDATA[MeterGroup]]></CLASSNAME>
<!--4A8453DD931B47A28A54DAE66CB5F825-->  <ISVIEW><![CDATA[N]]></ISVIEW>
<!--4A8453DD931B47A28A54DAE66CB5F825-->  <ACCESSLEVEL><![CDATA[3]]></ACCESSLEVEL>
<!--4A8453DD931B47A28A54DAE66CB5F825-->  <AD_WINDOW_ID><![CDATA[381F16FAEFF54FF2BEF7EAEE7D4549A8]]></AD_WINDOW_ID>
<!--4A8453DD931B47A28A54DAE66CB5F825-->  <ISSECURITYENABLED><![CDATA[N]]></ISSECURITYENABLED>
<!--4A8453DD931B47A28A54DAE66CB5F825-->  <ISDELETEABLE><![CDATA[Y]]></ISDELETEABLE>
<!--4A8453DD931B47A28A54DAE66CB5F825-->  <ISHIGHVOLUME><![CDATA[N]]></ISHIGHVOLUME>
<!--4A8453DD931B47A28A54DAE66CB5F825-->  <IMPORTTABLE><![CDATA[N]]></IMPORTTABLE>
<!--4A8453DD931B47A28A54DAE66CB5F825-->  <ISCHANGELOG><![CDATA[N]]></ISCHANGELOG>
<!--4A8453DD931B47A28A54DAE66CB5F825-->  <ISDEFAULTACCT><![CDATA[N]]></ISDEFAULTACCT>
<!--4A8453DD931B47A28A54DAE66CB5F825-->  <DEVELOPMENTSTATUS><![CDATA[RE]]></DEVELOPMENTSTATUS>
<!--4A8453DD931B47A28A54DAE66CB5F825-->  <AD_PACKAGE_ID><![CDATA[88DDD6FB5B2F4EA2959F5F0671DFF99E]]></AD_PACKAGE_ID>
<!--4A8453DD931B47A28A54DAE66CB5F825-->  <DATAORIGINTYPE><![CDATA[Table]]></DATAORIGINTYPE>
<!--4A8453DD931B47A28A54DAE66CB5F825-->  <ISTREE><![CDATA[N]]></ISTREE>
<!--4A8453DD931B47A28A54DAE66CB5F825-->  <EM_SR_ISINVENTORY><![CDATA[N]]></EM_SR_ISINVENTORY>
<!--4A8453DD931B47A28A54DAE66CB5F825--></AD_TABLE>

<!--6C5F4F9525964B45BB2AB63E50015B2B--><AD_TABLE>
<!--6C5F4F9525964B45BB2AB63E50015B2B-->  <AD_TABLE_ID><![CDATA[6C5F4F9525964B45BB2AB63E50015B2B]]></AD_TABLE_ID>
<!--6C5F4F9525964B45BB2AB63E50015B2B-->  <AD_CLIENT_ID><![CDATA[0]]></AD_CLIENT_ID>
<!--6C5F4F9525964B45BB2AB63E50015B2B-->  <AD_ORG_ID><![CDATA[0]]></AD_ORG_ID>
<!--6C5F4F9525964B45BB2AB63E50015B2B-->  <ISACTIVE><![CDATA[Y]]></ISACTIVE>
<!--6C5F4F9525964B45BB2AB63E50015B2B-->  <NAME><![CDATA[cam_metergroupline]]></NAME>
<!--6C5F4F9525964B45BB2AB63E50015B2B-->  <TABLENAME><![CDATA[cam_metergroupline]]></TABLENAME>
<!--6C5F4F9525964B45BB2AB63E50015B2B-->  <CLASSNAME><![CDATA[MeterGroupLine]]></CLASSNAME>
<!--6C5F4F9525964B45BB2AB63E50015B2B-->  <ISVIEW><![CDATA[N]]></ISVIEW>
<!--6C5F4F9525964B45BB2AB63E50015B2B-->  <ACCESSLEVEL><![CDATA[3]]></ACCESSLEVEL>
<!--6C5F4F9525964B45BB2AB63E50015B2B-->  <AD_WINDOW_ID><![CDATA[381F16FAEFF54FF2BEF7EAEE7D4549A8]]></AD_WINDOW_ID>
<!--6C5F4F9525964B45BB2AB63E50015B2B-->  <ISSECURITYENABLED><![CDATA[N]]></ISSECURITYENABLED>
<!--6C5F4F9525964B45BB2AB63E50015B2B-->  <ISDELETEABLE><![CDATA[Y]]></ISDELETEABLE>
<!--6C5F4F9525964B45BB2AB63E50015B2B-->  <ISHIGHVOLUME><![CDATA[N]]></ISHIGHVOLUME>
<!--6C5F4F9525964B45BB2AB63E50015B2B-->  <IMPORTTABLE><![CDATA[N]]></IMPORTTABLE>
<!--6C5F4F9525964B45BB2AB63E50015B2B-->  <ISCHANGELOG><![CDATA[N]]></ISCHANGELOG>
<!--6C5F4F9525964B45BB2AB63E50015B2B-->  <ISDEFAULTACCT><![CDATA[N]]></ISDEFAULTACCT>
<!--6C5F4F9525964B45BB2AB63E50015B2B-->  <DEVELOPMENTSTATUS><![CDATA[RE]]></DEVELOPMENTSTATUS>
<!--6C5F4F9525964B45BB2AB63E50015B2B-->  <AD_PACKAGE_ID><![CDATA[88DDD6FB5B2F4EA2959F5F0671DFF99E]]></AD_PACKAGE_ID>
<!--6C5F4F9525964B45BB2AB63E50015B2B-->  <DATAORIGINTYPE><![CDATA[Table]]></DATAORIGINTYPE>
<!--6C5F4F9525964B45BB2AB63E50015B2B-->  <ISTREE><![CDATA[N]]></ISTREE>
<!--6C5F4F9525964B45BB2AB63E50015B2B-->  <EM_SR_ISINVENTORY><![CDATA[N]]></EM_SR_ISINVENTORY>
<!--6C5F4F9525964B45BB2AB63E50015B2B--></AD_TABLE>

<!--7BF10ED3E6644C1AAD446F547F30477C--><AD_TABLE>
<!--7BF10ED3E6644C1AAD446F547F30477C-->  <AD_TABLE_ID><![CDATA[7BF10ED3E6644C1AAD446F547F30477C]]></AD_TABLE_ID>
<!--7BF10ED3E6644C1AAD446F547F30477C-->  <AD_CLIENT_ID><![CDATA[0]]></AD_CLIENT_ID>
<!--7BF10ED3E6644C1AAD446F547F30477C-->  <AD_ORG_ID><![CDATA[0]]></AD_ORG_ID>
<!--7BF10ED3E6644C1AAD446F547F30477C-->  <ISACTIVE><![CDATA[Y]]></ISACTIVE>
<!--7BF10ED3E6644C1AAD446F547F30477C-->  <NAME><![CDATA[cam_meter]]></NAME>
<!--7BF10ED3E6644C1AAD446F547F30477C-->  <DESCRIPTION><![CDATA[Asset Meter master data]]></DESCRIPTION>
<!--7BF10ED3E6644C1AAD446F547F30477C-->  <TABLENAME><![CDATA[cam_meter]]></TABLENAME>
<!--7BF10ED3E6644C1AAD446F547F30477C-->  <CLASSNAME><![CDATA[Meter]]></CLASSNAME>
<!--7BF10ED3E6644C1AAD446F547F30477C-->  <ISVIEW><![CDATA[N]]></ISVIEW>
<!--7BF10ED3E6644C1AAD446F547F30477C-->  <ACCESSLEVEL><![CDATA[3]]></ACCESSLEVEL>
<!--7BF10ED3E6644C1AAD446F547F30477C-->  <AD_WINDOW_ID><![CDATA[91119A657A1F44D18FD23174E8C8D193]]></AD_WINDOW_ID>
<!--7BF10ED3E6644C1AAD446F547F30477C-->  <ISSECURITYENABLED><![CDATA[N]]></ISSECURITYENABLED>
<!--7BF10ED3E6644C1AAD446F547F30477C-->  <ISDELETEABLE><![CDATA[Y]]></ISDELETEABLE>
<!--7BF10ED3E6644C1AAD446F547F30477C-->  <ISHIGHVOLUME><![CDATA[N]]></ISHIGHVOLUME>
<!--7BF10ED3E6644C1AAD446F547F30477C-->  <IMPORTTABLE><![CDATA[N]]></IMPORTTABLE>
<!--7BF10ED3E6644C1AAD446F547F30477C-->  <ISCHANGELOG><![CDATA[N]]></ISCHANGELOG>
<!--7BF10ED3E6644C1AAD446F547F30477C-->  <ISDEFAULTACCT><![CDATA[N]]></ISDEFAULTACCT>
<!--7BF10ED3E6644C1AAD446F547F30477C-->  <DEVELOPMENTSTATUS><![CDATA[RE]]></DEVELOPMENTSTATUS>
<!--7BF10ED3E6644C1AAD446F547F30477C-->  <AD_PACKAGE_ID><![CDATA[88DDD6FB5B2F4EA2959F5F0671DFF99E]]></AD_PACKAGE_ID>
<!--7BF10ED3E6644C1AAD446F547F30477C-->  <DATAORIGINTYPE><![CDATA[Table]]></DATAORIGINTYPE>
<!--7BF10ED3E6644C1AAD446F547F30477C-->  <ISTREE><![CDATA[N]]></ISTREE>
<!--7BF10ED3E6644C1AAD446F547F30477C-->  <EM_SR_ISINVENTORY><![CDATA[N]]></EM_SR_ISINVENTORY>
<!--7BF10ED3E6644C1AAD446F547F30477C--></AD_TABLE>

<!--7E39CEB63094469294072EB1F3D57E6F--><AD_TABLE>
<!--7E39CEB63094469294072EB1F3D57E6F-->  <AD_TABLE_ID><![CDATA[7E39CEB63094469294072EB1F3D57E6F]]></AD_TABLE_ID>
<!--7E39CEB63094469294072EB1F3D57E6F-->  <AD_CLIENT_ID><![CDATA[0]]></AD_CLIENT_ID>
<!--7E39CEB63094469294072EB1F3D57E6F-->  <AD_ORG_ID><![CDATA[0]]></AD_ORG_ID>
<!--7E39CEB63094469294072EB1F3D57E6F-->  <ISACTIVE><![CDATA[Y]]></ISACTIVE>
<!--7E39CEB63094469294072EB1F3D57E6F-->  <NAME><![CDATA[cam_assetprintline]]></NAME>
<!--7E39CEB63094469294072EB1F3D57E6F-->  <TABLENAME><![CDATA[cam_assetprintline]]></TABLENAME>
<!--7E39CEB63094469294072EB1F3D57E6F-->  <CLASSNAME><![CDATA[AssetPrintLine]]></CLASSNAME>
<!--7E39CEB63094469294072EB1F3D57E6F-->  <ISVIEW><![CDATA[N]]></ISVIEW>
<!--7E39CEB63094469294072EB1F3D57E6F-->  <ACCESSLEVEL><![CDATA[1]]></ACCESSLEVEL>
<!--7E39CEB63094469294072EB1F3D57E6F-->  <ISSECURITYENABLED><![CDATA[N]]></ISSECURITYENABLED>
<!--7E39CEB63094469294072EB1F3D57E6F-->  <ISDELETEABLE><![CDATA[Y]]></ISDELETEABLE>
<!--7E39CEB63094469294072EB1F3D57E6F-->  <ISHIGHVOLUME><![CDATA[N]]></ISHIGHVOLUME>
<!--7E39CEB63094469294072EB1F3D57E6F-->  <IMPORTTABLE><![CDATA[N]]></IMPORTTABLE>
<!--7E39CEB63094469294072EB1F3D57E6F-->  <ISCHANGELOG><![CDATA[N]]></ISCHANGELOG>
<!--7E39CEB63094469294072EB1F3D57E6F-->  <ISDEFAULTACCT><![CDATA[N]]></ISDEFAULTACCT>
<!--7E39CEB63094469294072EB1F3D57E6F-->  <DEVELOPMENTSTATUS><![CDATA[RE]]></DEVELOPMENTSTATUS>
<!--7E39CEB63094469294072EB1F3D57E6F-->  <AD_PACKAGE_ID><![CDATA[88DDD6FB5B2F4EA2959F5F0671DFF99E]]></AD_PACKAGE_ID>
<!--7E39CEB63094469294072EB1F3D57E6F-->  <DATAORIGINTYPE><![CDATA[Table]]></DATAORIGINTYPE>
<!--7E39CEB63094469294072EB1F3D57E6F-->  <ISTREE><![CDATA[N]]></ISTREE>
<!--7E39CEB63094469294072EB1F3D57E6F-->  <EM_SR_ISINVENTORY><![CDATA[N]]></EM_SR_ISINVENTORY>
<!--7E39CEB63094469294072EB1F3D57E6F--></AD_TABLE>

<!--D9F4B9752F764F25B8B3F3C2E1366CD0--><AD_TABLE>
<!--D9F4B9752F764F25B8B3F3C2E1366CD0-->  <AD_TABLE_ID><![CDATA[D9F4B9752F764F25B8B3F3C2E1366CD0]]></AD_TABLE_ID>
<!--D9F4B9752F764F25B8B3F3C2E1366CD0-->  <AD_CLIENT_ID><![CDATA[0]]></AD_CLIENT_ID>
<!--D9F4B9752F764F25B8B3F3C2E1366CD0-->  <AD_ORG_ID><![CDATA[0]]></AD_ORG_ID>
<!--D9F4B9752F764F25B8B3F3C2E1366CD0-->  <ISACTIVE><![CDATA[Y]]></ISACTIVE>
<!--D9F4B9752F764F25B8B3F3C2E1366CD0-->  <NAME><![CDATA[cam_assetprint]]></NAME>
<!--D9F4B9752F764F25B8B3F3C2E1366CD0-->  <TABLENAME><![CDATA[cam_assetprint]]></TABLENAME>
<!--D9F4B9752F764F25B8B3F3C2E1366CD0-->  <CLASSNAME><![CDATA[AssetPrint]]></CLASSNAME>
<!--D9F4B9752F764F25B8B3F3C2E1366CD0-->  <ISVIEW><![CDATA[N]]></ISVIEW>
<!--D9F4B9752F764F25B8B3F3C2E1366CD0-->  <ACCESSLEVEL><![CDATA[1]]></ACCESSLEVEL>
<!--D9F4B9752F764F25B8B3F3C2E1366CD0-->  <ISSECURITYENABLED><![CDATA[N]]></ISSECURITYENABLED>
<!--D9F4B9752F764F25B8B3F3C2E1366CD0-->  <ISDELETEABLE><![CDATA[Y]]></ISDELETEABLE>
<!--D9F4B9752F764F25B8B3F3C2E1366CD0-->  <ISHIGHVOLUME><![CDATA[N]]></ISHIGHVOLUME>
<!--D9F4B9752F764F25B8B3F3C2E1366CD0-->  <IMPORTTABLE><![CDATA[N]]></IMPORTTABLE>
<!--D9F4B9752F764F25B8B3F3C2E1366CD0-->  <ISCHANGELOG><![CDATA[N]]></ISCHANGELOG>
<!--D9F4B9752F764F25B8B3F3C2E1366CD0-->  <ISDEFAULTACCT><![CDATA[N]]></ISDEFAULTACCT>
<!--D9F4B9752F764F25B8B3F3C2E1366CD0-->  <DEVELOPMENTSTATUS><![CDATA[RE]]></DEVELOPMENTSTATUS>
<!--D9F4B9752F764F25B8B3F3C2E1366CD0-->  <AD_PACKAGE_ID><![CDATA[88DDD6FB5B2F4EA2959F5F0671DFF99E]]></AD_PACKAGE_ID>
<!--D9F4B9752F764F25B8B3F3C2E1366CD0-->  <DATAORIGINTYPE><![CDATA[Table]]></DATAORIGINTYPE>
<!--D9F4B9752F764F25B8B3F3C2E1366CD0-->  <ISTREE><![CDATA[N]]></ISTREE>
<!--D9F4B9752F764F25B8B3F3C2E1366CD0-->  <EM_SR_ISINVENTORY><![CDATA[N]]></EM_SR_ISINVENTORY>
<!--D9F4B9752F764F25B8B3F3C2E1366CD0--></AD_TABLE>

<!--DC7B1BEE41094156B683F5EBA3D45A88--><AD_TABLE>
<!--DC7B1BEE41094156B683F5EBA3D45A88-->  <AD_TABLE_ID><![CDATA[DC7B1BEE41094156B683F5EBA3D45A88]]></AD_TABLE_ID>
<!--DC7B1BEE41094156B683F5EBA3D45A88-->  <AD_CLIENT_ID><![CDATA[0]]></AD_CLIENT_ID>
<!--DC7B1BEE41094156B683F5EBA3D45A88-->  <AD_ORG_ID><![CDATA[0]]></AD_ORG_ID>
<!--DC7B1BEE41094156B683F5EBA3D45A88-->  <ISACTIVE><![CDATA[Y]]></ISACTIVE>
<!--DC7B1BEE41094156B683F5EBA3D45A88-->  <NAME><![CDATA[cam_item]]></NAME>
<!--DC7B1BEE41094156B683F5EBA3D45A88-->  <TABLENAME><![CDATA[cam_item]]></TABLENAME>
<!--DC7B1BEE41094156B683F5EBA3D45A88-->  <CLASSNAME><![CDATA[AssetItem]]></CLASSNAME>
<!--DC7B1BEE41094156B683F5EBA3D45A88-->  <ISVIEW><![CDATA[N]]></ISVIEW>
<!--DC7B1BEE41094156B683F5EBA3D45A88-->  <ACCESSLEVEL><![CDATA[3]]></ACCESSLEVEL>
<!--DC7B1BEE41094156B683F5EBA3D45A88-->  <AD_WINDOW_ID><![CDATA[800027]]></AD_WINDOW_ID>
<!--DC7B1BEE41094156B683F5EBA3D45A88-->  <ISSECURITYENABLED><![CDATA[N]]></ISSECURITYENABLED>
<!--DC7B1BEE41094156B683F5EBA3D45A88-->  <ISDELETEABLE><![CDATA[Y]]></ISDELETEABLE>
<!--DC7B1BEE41094156B683F5EBA3D45A88-->  <ISHIGHVOLUME><![CDATA[N]]></ISHIGHVOLUME>
<!--DC7B1BEE41094156B683F5EBA3D45A88-->  <IMPORTTABLE><![CDATA[N]]></IMPORTTABLE>
<!--DC7B1BEE41094156B683F5EBA3D45A88-->  <ISCHANGELOG><![CDATA[N]]></ISCHANGELOG>
<!--DC7B1BEE41094156B683F5EBA3D45A88-->  <ISDEFAULTACCT><![CDATA[N]]></ISDEFAULTACCT>
<!--DC7B1BEE41094156B683F5EBA3D45A88-->  <DEVELOPMENTSTATUS><![CDATA[RE]]></DEVELOPMENTSTATUS>
<!--DC7B1BEE41094156B683F5EBA3D45A88-->  <AD_PACKAGE_ID><![CDATA[88DDD6FB5B2F4EA2959F5F0671DFF99E]]></AD_PACKAGE_ID>
<!--DC7B1BEE41094156B683F5EBA3D45A88-->  <DATAORIGINTYPE><![CDATA[Table]]></DATAORIGINTYPE>
<!--DC7B1BEE41094156B683F5EBA3D45A88-->  <ISTREE><![CDATA[N]]></ISTREE>
<!--DC7B1BEE41094156B683F5EBA3D45A88-->  <EM_SR_ISINVENTORY><![CDATA[N]]></EM_SR_ISINVENTORY>
<!--DC7B1BEE41094156B683F5EBA3D45A88--></AD_TABLE>

<!--F8988B14C5CE4F76A54D4F9254DA1C69--><AD_TABLE>
<!--F8988B14C5CE4F76A54D4F9254DA1C69-->  <AD_TABLE_ID><![CDATA[F8988B14C5CE4F76A54D4F9254DA1C69]]></AD_TABLE_ID>
<!--F8988B14C5CE4F76A54D4F9254DA1C69-->  <AD_CLIENT_ID><![CDATA[0]]></AD_CLIENT_ID>
<!--F8988B14C5CE4F76A54D4F9254DA1C69-->  <AD_ORG_ID><![CDATA[0]]></AD_ORG_ID>
<!--F8988B14C5CE4F76A54D4F9254DA1C69-->  <ISACTIVE><![CDATA[Y]]></ISACTIVE>
<!--F8988B14C5CE4F76A54D4F9254DA1C69-->  <NAME><![CDATA[cam_workorderasset]]></NAME>
<!--F8988B14C5CE4F76A54D4F9254DA1C69-->  <TABLENAME><![CDATA[cam_workorderasset]]></TABLENAME>
<!--F8988B14C5CE4F76A54D4F9254DA1C69-->  <CLASSNAME><![CDATA[WorkOrderAsset]]></CLASSNAME>
<!--F8988B14C5CE4F76A54D4F9254DA1C69-->  <ISVIEW><![CDATA[N]]></ISVIEW>
<!--F8988B14C5CE4F76A54D4F9254DA1C69-->  <ACCESSLEVEL><![CDATA[3]]></ACCESSLEVEL>
<!--F8988B14C5CE4F76A54D4F9254DA1C69-->  <AD_WINDOW_ID><![CDATA[3B44E6DBB1BF4E1E9C2AF77F45FD9615]]></AD_WINDOW_ID>
<!--F8988B14C5CE4F76A54D4F9254DA1C69-->  <ISSECURITYENABLED><![CDATA[N]]></ISSECURITYENABLED>
<!--F8988B14C5CE4F76A54D4F9254DA1C69-->  <ISDELETEABLE><![CDATA[Y]]></ISDELETEABLE>
<!--F8988B14C5CE4F76A54D4F9254DA1C69-->  <ISHIGHVOLUME><![CDATA[N]]></ISHIGHVOLUME>
<!--F8988B14C5CE4F76A54D4F9254DA1C69-->  <IMPORTTABLE><![CDATA[N]]></IMPORTTABLE>
<!--F8988B14C5CE4F76A54D4F9254DA1C69-->  <ISCHANGELOG><![CDATA[N]]></ISCHANGELOG>
<!--F8988B14C5CE4F76A54D4F9254DA1C69-->  <ISDEFAULTACCT><![CDATA[N]]></ISDEFAULTACCT>
<!--F8988B14C5CE4F76A54D4F9254DA1C69-->  <DEVELOPMENTSTATUS><![CDATA[RE]]></DEVELOPMENTSTATUS>
<!--F8988B14C5CE4F76A54D4F9254DA1C69-->  <AD_PACKAGE_ID><![CDATA[88DDD6FB5B2F4EA2959F5F0671DFF99E]]></AD_PACKAGE_ID>
<!--F8988B14C5CE4F76A54D4F9254DA1C69-->  <DATAORIGINTYPE><![CDATA[Table]]></DATAORIGINTYPE>
<!--F8988B14C5CE4F76A54D4F9254DA1C69-->  <ISTREE><![CDATA[N]]></ISTREE>
<!--F8988B14C5CE4F76A54D4F9254DA1C69-->  <EM_SR_ISINVENTORY><![CDATA[N]]></EM_SR_ISINVENTORY>
<!--F8988B14C5CE4F76A54D4F9254DA1C69--></AD_TABLE>

<!--FE049A25AE7D494EB143577E664AB48F--><AD_TABLE>
<!--FE049A25AE7D494EB143577E664AB48F-->  <AD_TABLE_ID><![CDATA[FE049A25AE7D494EB143577E664AB48F]]></AD_TABLE_ID>
<!--FE049A25AE7D494EB143577E664AB48F-->  <AD_CLIENT_ID><![CDATA[0]]></AD_CLIENT_ID>
<!--FE049A25AE7D494EB143577E664AB48F-->  <AD_ORG_ID><![CDATA[0]]></AD_ORG_ID>
<!--FE049A25AE7D494EB143577E664AB48F-->  <ISACTIVE><![CDATA[Y]]></ISACTIVE>
<!--FE049A25AE7D494EB143577E664AB48F-->  <NAME><![CDATA[cam_workorder]]></NAME>
<!--FE049A25AE7D494EB143577E664AB48F-->  <TABLENAME><![CDATA[cam_workorder]]></TABLENAME>
<!--FE049A25AE7D494EB143577E664AB48F-->  <CLASSNAME><![CDATA[WorkOrder]]></CLASSNAME>
<!--FE049A25AE7D494EB143577E664AB48F-->  <ISVIEW><![CDATA[N]]></ISVIEW>
<!--FE049A25AE7D494EB143577E664AB48F-->  <ACCESSLEVEL><![CDATA[3]]></ACCESSLEVEL>
<!--FE049A25AE7D494EB143577E664AB48F-->  <AD_WINDOW_ID><![CDATA[3B44E6DBB1BF4E1E9C2AF77F45FD9615]]></AD_WINDOW_ID>
<!--FE049A25AE7D494EB143577E664AB48F-->  <ISSECURITYENABLED><![CDATA[N]]></ISSECURITYENABLED>
<!--FE049A25AE7D494EB143577E664AB48F-->  <ISDELETEABLE><![CDATA[Y]]></ISDELETEABLE>
<!--FE049A25AE7D494EB143577E664AB48F-->  <ISHIGHVOLUME><![CDATA[N]]></ISHIGHVOLUME>
<!--FE049A25AE7D494EB143577E664AB48F-->  <IMPORTTABLE><![CDATA[N]]></IMPORTTABLE>
<!--FE049A25AE7D494EB143577E664AB48F-->  <ISCHANGELOG><![CDATA[N]]></ISCHANGELOG>
<!--FE049A25AE7D494EB143577E664AB48F-->  <ISDEFAULTACCT><![CDATA[N]]></ISDEFAULTACCT>
<!--FE049A25AE7D494EB143577E664AB48F-->  <DEVELOPMENTSTATUS><![CDATA[RE]]></DEVELOPMENTSTATUS>
<!--FE049A25AE7D494EB143577E664AB48F-->  <AD_PACKAGE_ID><![CDATA[88DDD6FB5B2F4EA2959F5F0671DFF99E]]></AD_PACKAGE_ID>
<!--FE049A25AE7D494EB143577E664AB48F-->  <ACCTDATE_COLUMN_ID><![CDATA[8395CEBF2DA646EAA63514EB4104ED6F]]></ACCTDATE_COLUMN_ID>
<!--FE049A25AE7D494EB143577E664AB48F-->  <ACCTCLASSNAME><![CDATA[org.wirabumi.cam.process.DocWorkOrder]]></ACCTCLASSNAME>
<!--FE049A25AE7D494EB143577E664AB48F-->  <DATAORIGINTYPE><![CDATA[Table]]></DATAORIGINTYPE>
<!--FE049A25AE7D494EB143577E664AB48F-->  <ISTREE><![CDATA[N]]></ISTREE>
<!--FE049A25AE7D494EB143577E664AB48F-->  <EM_SR_ISINVENTORY><![CDATA[N]]></EM_SR_ISINVENTORY>
<!--FE049A25AE7D494EB143577E664AB48F--></AD_TABLE>

</data>
