<?xml version="1.0" encoding="UTF-8"?>
<data>
<!--4AB11094E6124171BEDE96E9899AFA0E--><AD_TABLE_TREE>
<!--4AB11094E6124171BEDE96E9899AFA0E-->  <AD_TABLE_TREE_ID><![CDATA[4AB11094E6124171BEDE96E9899AFA0E]]></AD_TABLE_TREE_ID>
<!--4AB11094E6124171BEDE96E9899AFA0E-->  <AD_CLIENT_ID><![CDATA[0]]></AD_CLIENT_ID>
<!--4AB11094E6124171BEDE96E9899AFA0E-->  <AD_ORG_ID><![CDATA[0]]></AD_ORG_ID>
<!--4AB11094E6124171BEDE96E9899AFA0E-->  <ISACTIVE><![CDATA[Y]]></ISACTIVE>
<!--4AB11094E6124171BEDE96E9899AFA0E-->  <AD_TABLE_ID><![CDATA[2241D2F310064BE0B8E3A1C5FEBB6D77]]></AD_TABLE_ID>
<!--4AB11094E6124171BEDE96E9899AFA0E-->  <LINKTOPARENTCOLUMN><![CDATA[9E6A5A2C430D43ADA1BF124DE7098EBD]]></LINKTOPARENTCOLUMN>
<!--4AB11094E6124171BEDE96E9899AFA0E-->  <NODEIDCOLUMN><![CDATA[697BC571E46D40729F08DEA2ECD5E7E1]]></NODEIDCOLUMN>
<!--4AB11094E6124171BEDE96E9899AFA0E-->  <HASMULTIPARENTNODES><![CDATA[N]]></HASMULTIPARENTNODES>
<!--4AB11094E6124171BEDE96E9899AFA0E-->  <AD_MODULE_ID><![CDATA[5C40CF085DCA477AB9DA89559237F7EB]]></AD_MODULE_ID>
<!--4AB11094E6124171BEDE96E9899AFA0E-->  <APPLYWHERECLAUSETOCHILDNODES><![CDATA[Y]]></APPLYWHERECLAUSETOCHILDNODES>
<!--4AB11094E6124171BEDE96E9899AFA0E-->  <NAME><![CDATA[Asset Location Tree]]></NAME>
<!--4AB11094E6124171BEDE96E9899AFA0E-->  <ISPARENTSELECTIONALLOWED><![CDATA[Y]]></ISPARENTSELECTIONALLOWED>
<!--4AB11094E6124171BEDE96E9899AFA0E-->  <ISORDERED><![CDATA[N]]></ISORDERED>
<!--4AB11094E6124171BEDE96E9899AFA0E-->  <TREESTRUCTURE><![CDATA[LinkToParent]]></TREESTRUCTURE>
<!--4AB11094E6124171BEDE96E9899AFA0E-->  <ISHANDLENODESMANUALLY><![CDATA[N]]></ISHANDLENODESMANUALLY>
<!--4AB11094E6124171BEDE96E9899AFA0E-->  <ISMAINTREE><![CDATA[Y]]></ISMAINTREE>
<!--4AB11094E6124171BEDE96E9899AFA0E-->  <NODEDELETIONPOLICY><![CDATA[RCN]]></NODEDELETIONPOLICY>
<!--4AB11094E6124171BEDE96E9899AFA0E--></AD_TABLE_TREE>

<!--71901475DF9E4BA6AA37059F74D5F19A--><AD_TABLE_TREE>
<!--71901475DF9E4BA6AA37059F74D5F19A-->  <AD_TABLE_TREE_ID><![CDATA[71901475DF9E4BA6AA37059F74D5F19A]]></AD_TABLE_TREE_ID>
<!--71901475DF9E4BA6AA37059F74D5F19A-->  <AD_CLIENT_ID><![CDATA[0]]></AD_CLIENT_ID>
<!--71901475DF9E4BA6AA37059F74D5F19A-->  <AD_ORG_ID><![CDATA[0]]></AD_ORG_ID>
<!--71901475DF9E4BA6AA37059F74D5F19A-->  <ISACTIVE><![CDATA[Y]]></ISACTIVE>
<!--71901475DF9E4BA6AA37059F74D5F19A-->  <AD_TABLE_ID><![CDATA[800158]]></AD_TABLE_ID>
<!--71901475DF9E4BA6AA37059F74D5F19A-->  <LINKTOPARENTCOLUMN><![CDATA[4BA41F668C354AC2B79965A13A9B5F1F]]></LINKTOPARENTCOLUMN>
<!--71901475DF9E4BA6AA37059F74D5F19A-->  <NODEIDCOLUMN><![CDATA[802583]]></NODEIDCOLUMN>
<!--71901475DF9E4BA6AA37059F74D5F19A-->  <HASMULTIPARENTNODES><![CDATA[N]]></HASMULTIPARENTNODES>
<!--71901475DF9E4BA6AA37059F74D5F19A-->  <AD_MODULE_ID><![CDATA[5C40CF085DCA477AB9DA89559237F7EB]]></AD_MODULE_ID>
<!--71901475DF9E4BA6AA37059F74D5F19A-->  <APPLYWHERECLAUSETOCHILDNODES><![CDATA[Y]]></APPLYWHERECLAUSETOCHILDNODES>
<!--71901475DF9E4BA6AA37059F74D5F19A-->  <NAME><![CDATA[Maintenance Task Tree]]></NAME>
<!--71901475DF9E4BA6AA37059F74D5F19A-->  <ISPARENTSELECTIONALLOWED><![CDATA[Y]]></ISPARENTSELECTIONALLOWED>
<!--71901475DF9E4BA6AA37059F74D5F19A-->  <ISORDERED><![CDATA[N]]></ISORDERED>
<!--71901475DF9E4BA6AA37059F74D5F19A-->  <TREESTRUCTURE><![CDATA[LinkToParent]]></TREESTRUCTURE>
<!--71901475DF9E4BA6AA37059F74D5F19A-->  <ISHANDLENODESMANUALLY><![CDATA[N]]></ISHANDLENODESMANUALLY>
<!--71901475DF9E4BA6AA37059F74D5F19A-->  <ISMAINTREE><![CDATA[Y]]></ISMAINTREE>
<!--71901475DF9E4BA6AA37059F74D5F19A-->  <NODEDELETIONPOLICY><![CDATA[DNAIHC]]></NODEDELETIONPOLICY>
<!--71901475DF9E4BA6AA37059F74D5F19A--></AD_TABLE_TREE>

<!--71A9BF3F29554D1A9E0B0893BB502A1B--><AD_TABLE_TREE>
<!--71A9BF3F29554D1A9E0B0893BB502A1B-->  <AD_TABLE_TREE_ID><![CDATA[71A9BF3F29554D1A9E0B0893BB502A1B]]></AD_TABLE_TREE_ID>
<!--71A9BF3F29554D1A9E0B0893BB502A1B-->  <AD_CLIENT_ID><![CDATA[0]]></AD_CLIENT_ID>
<!--71A9BF3F29554D1A9E0B0893BB502A1B-->  <AD_ORG_ID><![CDATA[0]]></AD_ORG_ID>
<!--71A9BF3F29554D1A9E0B0893BB502A1B-->  <ISACTIVE><![CDATA[Y]]></ISACTIVE>
<!--71A9BF3F29554D1A9E0B0893BB502A1B-->  <AD_TABLE_ID><![CDATA[542]]></AD_TABLE_ID>
<!--71A9BF3F29554D1A9E0B0893BB502A1B-->  <LINKTOPARENTCOLUMN><![CDATA[D16B6BC515D0426BB4539DE47421949B]]></LINKTOPARENTCOLUMN>
<!--71A9BF3F29554D1A9E0B0893BB502A1B-->  <NODEIDCOLUMN><![CDATA[8114]]></NODEIDCOLUMN>
<!--71A9BF3F29554D1A9E0B0893BB502A1B-->  <HASMULTIPARENTNODES><![CDATA[N]]></HASMULTIPARENTNODES>
<!--71A9BF3F29554D1A9E0B0893BB502A1B-->  <AD_MODULE_ID><![CDATA[5C40CF085DCA477AB9DA89559237F7EB]]></AD_MODULE_ID>
<!--71A9BF3F29554D1A9E0B0893BB502A1B-->  <APPLYWHERECLAUSETOCHILDNODES><![CDATA[Y]]></APPLYWHERECLAUSETOCHILDNODES>
<!--71A9BF3F29554D1A9E0B0893BB502A1B-->  <NAME><![CDATA[Asset Group Tree]]></NAME>
<!--71A9BF3F29554D1A9E0B0893BB502A1B-->  <ISPARENTSELECTIONALLOWED><![CDATA[Y]]></ISPARENTSELECTIONALLOWED>
<!--71A9BF3F29554D1A9E0B0893BB502A1B-->  <ISORDERED><![CDATA[N]]></ISORDERED>
<!--71A9BF3F29554D1A9E0B0893BB502A1B-->  <TREESTRUCTURE><![CDATA[LinkToParent]]></TREESTRUCTURE>
<!--71A9BF3F29554D1A9E0B0893BB502A1B-->  <ISHANDLENODESMANUALLY><![CDATA[N]]></ISHANDLENODESMANUALLY>
<!--71A9BF3F29554D1A9E0B0893BB502A1B-->  <ISMAINTREE><![CDATA[Y]]></ISMAINTREE>
<!--71A9BF3F29554D1A9E0B0893BB502A1B-->  <NODEDELETIONPOLICY><![CDATA[DNAIHC]]></NODEDELETIONPOLICY>
<!--71A9BF3F29554D1A9E0B0893BB502A1B--></AD_TABLE_TREE>

</data>
