<?xml version="1.0" encoding="UTF-8"?>
<data>
<!--04FF26E125B64F50B729DF8F45A5C40C--><AD_WINDOW>
<!--04FF26E125B64F50B729DF8F45A5C40C-->  <AD_WINDOW_ID><![CDATA[04FF26E125B64F50B729DF8F45A5C40C]]></AD_WINDOW_ID>
<!--04FF26E125B64F50B729DF8F45A5C40C-->  <AD_CLIENT_ID><![CDATA[0]]></AD_CLIENT_ID>
<!--04FF26E125B64F50B729DF8F45A5C40C-->  <AD_ORG_ID><![CDATA[0]]></AD_ORG_ID>
<!--04FF26E125B64F50B729DF8F45A5C40C-->  <ISACTIVE><![CDATA[Y]]></ISACTIVE>
<!--04FF26E125B64F50B729DF8F45A5C40C-->  <NAME><![CDATA[Work Order Group]]></NAME>
<!--04FF26E125B64F50B729DF8F45A5C40C-->  <WINDOWTYPE><![CDATA[M]]></WINDOWTYPE>
<!--04FF26E125B64F50B729DF8F45A5C40C-->  <ISSOTRX><![CDATA[Y]]></ISSOTRX>
<!--04FF26E125B64F50B729DF8F45A5C40C-->  <PROCESSING><![CDATA[N]]></PROCESSING>
<!--04FF26E125B64F50B729DF8F45A5C40C-->  <ISDEFAULT><![CDATA[N]]></ISDEFAULT>
<!--04FF26E125B64F50B729DF8F45A5C40C-->  <AD_MODULE_ID><![CDATA[5C40CF085DCA477AB9DA89559237F7EB]]></AD_MODULE_ID>
<!--04FF26E125B64F50B729DF8F45A5C40C-->  <ISTHREADSAFE><![CDATA[N]]></ISTHREADSAFE>
<!--04FF26E125B64F50B729DF8F45A5C40C-->  <ISADVANCEDFEATURE><![CDATA[N]]></ISADVANCEDFEATURE>
<!--04FF26E125B64F50B729DF8F45A5C40C--></AD_WINDOW>

<!--381F16FAEFF54FF2BEF7EAEE7D4549A8--><AD_WINDOW>
<!--381F16FAEFF54FF2BEF7EAEE7D4549A8-->  <AD_WINDOW_ID><![CDATA[381F16FAEFF54FF2BEF7EAEE7D4549A8]]></AD_WINDOW_ID>
<!--381F16FAEFF54FF2BEF7EAEE7D4549A8-->  <AD_CLIENT_ID><![CDATA[0]]></AD_CLIENT_ID>
<!--381F16FAEFF54FF2BEF7EAEE7D4549A8-->  <AD_ORG_ID><![CDATA[0]]></AD_ORG_ID>
<!--381F16FAEFF54FF2BEF7EAEE7D4549A8-->  <ISACTIVE><![CDATA[Y]]></ISACTIVE>
<!--381F16FAEFF54FF2BEF7EAEE7D4549A8-->  <NAME><![CDATA[Meter Group]]></NAME>
<!--381F16FAEFF54FF2BEF7EAEE7D4549A8-->  <WINDOWTYPE><![CDATA[M]]></WINDOWTYPE>
<!--381F16FAEFF54FF2BEF7EAEE7D4549A8-->  <ISSOTRX><![CDATA[Y]]></ISSOTRX>
<!--381F16FAEFF54FF2BEF7EAEE7D4549A8-->  <PROCESSING><![CDATA[N]]></PROCESSING>
<!--381F16FAEFF54FF2BEF7EAEE7D4549A8-->  <ISDEFAULT><![CDATA[N]]></ISDEFAULT>
<!--381F16FAEFF54FF2BEF7EAEE7D4549A8-->  <AD_MODULE_ID><![CDATA[5C40CF085DCA477AB9DA89559237F7EB]]></AD_MODULE_ID>
<!--381F16FAEFF54FF2BEF7EAEE7D4549A8-->  <ISTHREADSAFE><![CDATA[N]]></ISTHREADSAFE>
<!--381F16FAEFF54FF2BEF7EAEE7D4549A8-->  <ISADVANCEDFEATURE><![CDATA[N]]></ISADVANCEDFEATURE>
<!--381F16FAEFF54FF2BEF7EAEE7D4549A8--></AD_WINDOW>

<!--3B44E6DBB1BF4E1E9C2AF77F45FD9615--><AD_WINDOW>
<!--3B44E6DBB1BF4E1E9C2AF77F45FD9615-->  <AD_WINDOW_ID><![CDATA[3B44E6DBB1BF4E1E9C2AF77F45FD9615]]></AD_WINDOW_ID>
<!--3B44E6DBB1BF4E1E9C2AF77F45FD9615-->  <AD_CLIENT_ID><![CDATA[0]]></AD_CLIENT_ID>
<!--3B44E6DBB1BF4E1E9C2AF77F45FD9615-->  <AD_ORG_ID><![CDATA[0]]></AD_ORG_ID>
<!--3B44E6DBB1BF4E1E9C2AF77F45FD9615-->  <ISACTIVE><![CDATA[Y]]></ISACTIVE>
<!--3B44E6DBB1BF4E1E9C2AF77F45FD9615-->  <NAME><![CDATA[Work Order]]></NAME>
<!--3B44E6DBB1BF4E1E9C2AF77F45FD9615-->  <WINDOWTYPE><![CDATA[T]]></WINDOWTYPE>
<!--3B44E6DBB1BF4E1E9C2AF77F45FD9615-->  <ISSOTRX><![CDATA[Y]]></ISSOTRX>
<!--3B44E6DBB1BF4E1E9C2AF77F45FD9615-->  <PROCESSING><![CDATA[N]]></PROCESSING>
<!--3B44E6DBB1BF4E1E9C2AF77F45FD9615-->  <ISDEFAULT><![CDATA[N]]></ISDEFAULT>
<!--3B44E6DBB1BF4E1E9C2AF77F45FD9615-->  <AD_MODULE_ID><![CDATA[5C40CF085DCA477AB9DA89559237F7EB]]></AD_MODULE_ID>
<!--3B44E6DBB1BF4E1E9C2AF77F45FD9615-->  <ISTHREADSAFE><![CDATA[N]]></ISTHREADSAFE>
<!--3B44E6DBB1BF4E1E9C2AF77F45FD9615-->  <ISADVANCEDFEATURE><![CDATA[N]]></ISADVANCEDFEATURE>
<!--3B44E6DBB1BF4E1E9C2AF77F45FD9615--></AD_WINDOW>

<!--91119A657A1F44D18FD23174E8C8D193--><AD_WINDOW>
<!--91119A657A1F44D18FD23174E8C8D193-->  <AD_WINDOW_ID><![CDATA[91119A657A1F44D18FD23174E8C8D193]]></AD_WINDOW_ID>
<!--91119A657A1F44D18FD23174E8C8D193-->  <AD_CLIENT_ID><![CDATA[0]]></AD_CLIENT_ID>
<!--91119A657A1F44D18FD23174E8C8D193-->  <AD_ORG_ID><![CDATA[0]]></AD_ORG_ID>
<!--91119A657A1F44D18FD23174E8C8D193-->  <ISACTIVE><![CDATA[Y]]></ISACTIVE>
<!--91119A657A1F44D18FD23174E8C8D193-->  <NAME><![CDATA[Meter]]></NAME>
<!--91119A657A1F44D18FD23174E8C8D193-->  <WINDOWTYPE><![CDATA[M]]></WINDOWTYPE>
<!--91119A657A1F44D18FD23174E8C8D193-->  <ISSOTRX><![CDATA[Y]]></ISSOTRX>
<!--91119A657A1F44D18FD23174E8C8D193-->  <PROCESSING><![CDATA[N]]></PROCESSING>
<!--91119A657A1F44D18FD23174E8C8D193-->  <ISDEFAULT><![CDATA[N]]></ISDEFAULT>
<!--91119A657A1F44D18FD23174E8C8D193-->  <AD_MODULE_ID><![CDATA[5C40CF085DCA477AB9DA89559237F7EB]]></AD_MODULE_ID>
<!--91119A657A1F44D18FD23174E8C8D193-->  <ISTHREADSAFE><![CDATA[N]]></ISTHREADSAFE>
<!--91119A657A1F44D18FD23174E8C8D193-->  <ISADVANCEDFEATURE><![CDATA[N]]></ISADVANCEDFEATURE>
<!--91119A657A1F44D18FD23174E8C8D193--></AD_WINDOW>

<!--CA14B7BB5AA745049DBE91F4C91EA9B6--><AD_WINDOW>
<!--CA14B7BB5AA745049DBE91F4C91EA9B6-->  <AD_WINDOW_ID><![CDATA[CA14B7BB5AA745049DBE91F4C91EA9B6]]></AD_WINDOW_ID>
<!--CA14B7BB5AA745049DBE91F4C91EA9B6-->  <AD_CLIENT_ID><![CDATA[0]]></AD_CLIENT_ID>
<!--CA14B7BB5AA745049DBE91F4C91EA9B6-->  <AD_ORG_ID><![CDATA[0]]></AD_ORG_ID>
<!--CA14B7BB5AA745049DBE91F4C91EA9B6-->  <ISACTIVE><![CDATA[Y]]></ISACTIVE>
<!--CA14B7BB5AA745049DBE91F4C91EA9B6-->  <NAME><![CDATA[Asset Location]]></NAME>
<!--CA14B7BB5AA745049DBE91F4C91EA9B6-->  <WINDOWTYPE><![CDATA[M]]></WINDOWTYPE>
<!--CA14B7BB5AA745049DBE91F4C91EA9B6-->  <ISSOTRX><![CDATA[Y]]></ISSOTRX>
<!--CA14B7BB5AA745049DBE91F4C91EA9B6-->  <PROCESSING><![CDATA[N]]></PROCESSING>
<!--CA14B7BB5AA745049DBE91F4C91EA9B6-->  <ISDEFAULT><![CDATA[N]]></ISDEFAULT>
<!--CA14B7BB5AA745049DBE91F4C91EA9B6-->  <AD_MODULE_ID><![CDATA[5C40CF085DCA477AB9DA89559237F7EB]]></AD_MODULE_ID>
<!--CA14B7BB5AA745049DBE91F4C91EA9B6-->  <ISTHREADSAFE><![CDATA[N]]></ISTHREADSAFE>
<!--CA14B7BB5AA745049DBE91F4C91EA9B6-->  <ISADVANCEDFEATURE><![CDATA[N]]></ISADVANCEDFEATURE>
<!--CA14B7BB5AA745049DBE91F4C91EA9B6--></AD_WINDOW>

<!--CEDD67DCA2064B54BD39C0CB14A51C7D--><AD_WINDOW>
<!--CEDD67DCA2064B54BD39C0CB14A51C7D-->  <AD_WINDOW_ID><![CDATA[CEDD67DCA2064B54BD39C0CB14A51C7D]]></AD_WINDOW_ID>
<!--CEDD67DCA2064B54BD39C0CB14A51C7D-->  <AD_CLIENT_ID><![CDATA[0]]></AD_CLIENT_ID>
<!--CEDD67DCA2064B54BD39C0CB14A51C7D-->  <AD_ORG_ID><![CDATA[0]]></AD_ORG_ID>
<!--CEDD67DCA2064B54BD39C0CB14A51C7D-->  <ISACTIVE><![CDATA[Y]]></ISACTIVE>
<!--CEDD67DCA2064B54BD39C0CB14A51C7D-->  <NAME><![CDATA[Asset Print]]></NAME>
<!--CEDD67DCA2064B54BD39C0CB14A51C7D-->  <WINDOWTYPE><![CDATA[M]]></WINDOWTYPE>
<!--CEDD67DCA2064B54BD39C0CB14A51C7D-->  <ISSOTRX><![CDATA[Y]]></ISSOTRX>
<!--CEDD67DCA2064B54BD39C0CB14A51C7D-->  <PROCESSING><![CDATA[N]]></PROCESSING>
<!--CEDD67DCA2064B54BD39C0CB14A51C7D-->  <ISDEFAULT><![CDATA[N]]></ISDEFAULT>
<!--CEDD67DCA2064B54BD39C0CB14A51C7D-->  <AD_MODULE_ID><![CDATA[5C40CF085DCA477AB9DA89559237F7EB]]></AD_MODULE_ID>
<!--CEDD67DCA2064B54BD39C0CB14A51C7D-->  <ISTHREADSAFE><![CDATA[N]]></ISTHREADSAFE>
<!--CEDD67DCA2064B54BD39C0CB14A51C7D-->  <ISADVANCEDFEATURE><![CDATA[N]]></ISADVANCEDFEATURE>
<!--CEDD67DCA2064B54BD39C0CB14A51C7D--></AD_WINDOW>

<!--F168D35B32EC410CA9D1CA7204B3D32E--><AD_WINDOW>
<!--F168D35B32EC410CA9D1CA7204B3D32E-->  <AD_WINDOW_ID><![CDATA[F168D35B32EC410CA9D1CA7204B3D32E]]></AD_WINDOW_ID>
<!--F168D35B32EC410CA9D1CA7204B3D32E-->  <AD_CLIENT_ID><![CDATA[0]]></AD_CLIENT_ID>
<!--F168D35B32EC410CA9D1CA7204B3D32E-->  <AD_ORG_ID><![CDATA[0]]></AD_ORG_ID>
<!--F168D35B32EC410CA9D1CA7204B3D32E-->  <ISACTIVE><![CDATA[Y]]></ISACTIVE>
<!--F168D35B32EC410CA9D1CA7204B3D32E-->  <NAME><![CDATA[Work Order Asset View]]></NAME>
<!--F168D35B32EC410CA9D1CA7204B3D32E-->  <WINDOWTYPE><![CDATA[M]]></WINDOWTYPE>
<!--F168D35B32EC410CA9D1CA7204B3D32E-->  <ISSOTRX><![CDATA[Y]]></ISSOTRX>
<!--F168D35B32EC410CA9D1CA7204B3D32E-->  <PROCESSING><![CDATA[N]]></PROCESSING>
<!--F168D35B32EC410CA9D1CA7204B3D32E-->  <ISDEFAULT><![CDATA[N]]></ISDEFAULT>
<!--F168D35B32EC410CA9D1CA7204B3D32E-->  <AD_MODULE_ID><![CDATA[5C40CF085DCA477AB9DA89559237F7EB]]></AD_MODULE_ID>
<!--F168D35B32EC410CA9D1CA7204B3D32E-->  <ISTHREADSAFE><![CDATA[N]]></ISTHREADSAFE>
<!--F168D35B32EC410CA9D1CA7204B3D32E-->  <ISADVANCEDFEATURE><![CDATA[N]]></ISADVANCEDFEATURE>
<!--F168D35B32EC410CA9D1CA7204B3D32E--></AD_WINDOW>

</data>
