<?xml version="1.0" encoding="UTF-8"?>
<data>
<!--01E1E2F3EC834939B2625181E4CBF8B3--><OBUISEL_SELECTOR_FIELD>
<!--01E1E2F3EC834939B2625181E4CBF8B3-->  <OBUISEL_SELECTOR_FIELD_ID><![CDATA[01E1E2F3EC834939B2625181E4CBF8B3]]></OBUISEL_SELECTOR_FIELD_ID>
<!--01E1E2F3EC834939B2625181E4CBF8B3-->  <OBUISEL_SELECTOR_ID><![CDATA[578F38D6F3A74937AB171D973D7D624C]]></OBUISEL_SELECTOR_ID>
<!--01E1E2F3EC834939B2625181E4CBF8B3-->  <AD_CLIENT_ID><![CDATA[0]]></AD_CLIENT_ID>
<!--01E1E2F3EC834939B2625181E4CBF8B3-->  <AD_ORG_ID><![CDATA[0]]></AD_ORG_ID>
<!--01E1E2F3EC834939B2625181E4CBF8B3-->  <AD_MODULE_ID><![CDATA[5C40CF085DCA477AB9DA89559237F7EB]]></AD_MODULE_ID>
<!--01E1E2F3EC834939B2625181E4CBF8B3-->  <AD_COLUMN_ID><![CDATA[34C4778B27584265B687C0C31FD2D981]]></AD_COLUMN_ID>
<!--01E1E2F3EC834939B2625181E4CBF8B3-->  <NAME><![CDATA[Search Key]]></NAME>
<!--01E1E2F3EC834939B2625181E4CBF8B3-->  <DESCRIPTION><![CDATA[A fast method for finding a particular record.]]></DESCRIPTION>
<!--01E1E2F3EC834939B2625181E4CBF8B3-->  <HELP><![CDATA[A search key allows for a fast method of finding a particular record. If you leave the search key empty, the system automatically creates a numeric number originating from a document sequence defined in the  "Document Sequence" window. The sequence naming convention follows a rule "DocumentNo_TableName", where TableName is the actual name of the database table (e.g. C_Order).

Usually, company's internal identifiers for various records (products, customers, etc) are stored here.]]></HELP>
<!--01E1E2F3EC834939B2625181E4CBF8B3-->  <PROPERTY><![CDATA[searchKey]]></PROPERTY>
<!--01E1E2F3EC834939B2625181E4CBF8B3-->  <ISCENTRALLYMAINTAINED><![CDATA[Y]]></ISCENTRALLYMAINTAINED>
<!--01E1E2F3EC834939B2625181E4CBF8B3-->  <SORT><![CDATA[Y]]></SORT>
<!--01E1E2F3EC834939B2625181E4CBF8B3-->  <FILTER><![CDATA[Y]]></FILTER>
<!--01E1E2F3EC834939B2625181E4CBF8B3-->  <SEARCHINSUGGESTIONBOX><![CDATA[N]]></SEARCHINSUGGESTIONBOX>
<!--01E1E2F3EC834939B2625181E4CBF8B3-->  <SHOWINGRID><![CDATA[Y]]></SHOWINGRID>
<!--01E1E2F3EC834939B2625181E4CBF8B3-->  <SORTNO><![CDATA[1]]></SORTNO>
<!--01E1E2F3EC834939B2625181E4CBF8B3-->  <ISACTIVE><![CDATA[Y]]></ISACTIVE>
<!--01E1E2F3EC834939B2625181E4CBF8B3-->  <ISOUTFIELD><![CDATA[N]]></ISOUTFIELD>
<!--01E1E2F3EC834939B2625181E4CBF8B3-->  <SHOWINPICKLIST><![CDATA[N]]></SHOWINPICKLIST>
<!--01E1E2F3EC834939B2625181E4CBF8B3--></OBUISEL_SELECTOR_FIELD>

<!--111DA5C76705447BA3E890A15B5A047B--><OBUISEL_SELECTOR_FIELD>
<!--111DA5C76705447BA3E890A15B5A047B-->  <OBUISEL_SELECTOR_FIELD_ID><![CDATA[111DA5C76705447BA3E890A15B5A047B]]></OBUISEL_SELECTOR_FIELD_ID>
<!--111DA5C76705447BA3E890A15B5A047B-->  <OBUISEL_SELECTOR_ID><![CDATA[E65052A724B3451CA643A0CC355CEA40]]></OBUISEL_SELECTOR_ID>
<!--111DA5C76705447BA3E890A15B5A047B-->  <AD_CLIENT_ID><![CDATA[0]]></AD_CLIENT_ID>
<!--111DA5C76705447BA3E890A15B5A047B-->  <AD_ORG_ID><![CDATA[0]]></AD_ORG_ID>
<!--111DA5C76705447BA3E890A15B5A047B-->  <AD_MODULE_ID><![CDATA[5C40CF085DCA477AB9DA89559237F7EB]]></AD_MODULE_ID>
<!--111DA5C76705447BA3E890A15B5A047B-->  <AD_COLUMN_ID><![CDATA[8051]]></AD_COLUMN_ID>
<!--111DA5C76705447BA3E890A15B5A047B-->  <NAME><![CDATA[Asset Category]]></NAME>
<!--111DA5C76705447BA3E890A15B5A047B-->  <DESCRIPTION><![CDATA[A classification of assets based on similar characteristics.]]></DESCRIPTION>
<!--111DA5C76705447BA3E890A15B5A047B-->  <HELP><![CDATA[The group of assets determines default accounts.  If an asset group is selected in the product category, assets are created when delivering the asset.]]></HELP>
<!--111DA5C76705447BA3E890A15B5A047B-->  <PROPERTY><![CDATA[assetCategory]]></PROPERTY>
<!--111DA5C76705447BA3E890A15B5A047B-->  <ISCENTRALLYMAINTAINED><![CDATA[Y]]></ISCENTRALLYMAINTAINED>
<!--111DA5C76705447BA3E890A15B5A047B-->  <SORT><![CDATA[Y]]></SORT>
<!--111DA5C76705447BA3E890A15B5A047B-->  <FILTER><![CDATA[Y]]></FILTER>
<!--111DA5C76705447BA3E890A15B5A047B-->  <SEARCHINSUGGESTIONBOX><![CDATA[N]]></SEARCHINSUGGESTIONBOX>
<!--111DA5C76705447BA3E890A15B5A047B-->  <SHOWINGRID><![CDATA[Y]]></SHOWINGRID>
<!--111DA5C76705447BA3E890A15B5A047B-->  <SORTNO><![CDATA[5]]></SORTNO>
<!--111DA5C76705447BA3E890A15B5A047B-->  <ISACTIVE><![CDATA[Y]]></ISACTIVE>
<!--111DA5C76705447BA3E890A15B5A047B-->  <ISOUTFIELD><![CDATA[N]]></ISOUTFIELD>
<!--111DA5C76705447BA3E890A15B5A047B-->  <SHOWINPICKLIST><![CDATA[N]]></SHOWINPICKLIST>
<!--111DA5C76705447BA3E890A15B5A047B--></OBUISEL_SELECTOR_FIELD>

<!--122EA55F6FF64054ADCCEC0E313F2E90--><OBUISEL_SELECTOR_FIELD>
<!--122EA55F6FF64054ADCCEC0E313F2E90-->  <OBUISEL_SELECTOR_FIELD_ID><![CDATA[122EA55F6FF64054ADCCEC0E313F2E90]]></OBUISEL_SELECTOR_FIELD_ID>
<!--122EA55F6FF64054ADCCEC0E313F2E90-->  <OBUISEL_SELECTOR_ID><![CDATA[578F38D6F3A74937AB171D973D7D624C]]></OBUISEL_SELECTOR_ID>
<!--122EA55F6FF64054ADCCEC0E313F2E90-->  <AD_CLIENT_ID><![CDATA[0]]></AD_CLIENT_ID>
<!--122EA55F6FF64054ADCCEC0E313F2E90-->  <AD_ORG_ID><![CDATA[0]]></AD_ORG_ID>
<!--122EA55F6FF64054ADCCEC0E313F2E90-->  <AD_MODULE_ID><![CDATA[5C40CF085DCA477AB9DA89559237F7EB]]></AD_MODULE_ID>
<!--122EA55F6FF64054ADCCEC0E313F2E90-->  <AD_COLUMN_ID><![CDATA[70103E31A14540E09BE0F9F65DED75B3]]></AD_COLUMN_ID>
<!--122EA55F6FF64054ADCCEC0E313F2E90-->  <NAME><![CDATA[Name]]></NAME>
<!--122EA55F6FF64054ADCCEC0E313F2E90-->  <DESCRIPTION><![CDATA[A non-unique identifier for a record/document often used as a search tool.]]></DESCRIPTION>
<!--122EA55F6FF64054ADCCEC0E313F2E90-->  <HELP><![CDATA[A more descriptive identifier (that does need to be unique) of a record/document that is used as a default search option along with the search key (that is unique and mostly shorter). It is up to 60 characters in length.]]></HELP>
<!--122EA55F6FF64054ADCCEC0E313F2E90-->  <PROPERTY><![CDATA[name]]></PROPERTY>
<!--122EA55F6FF64054ADCCEC0E313F2E90-->  <ISCENTRALLYMAINTAINED><![CDATA[Y]]></ISCENTRALLYMAINTAINED>
<!--122EA55F6FF64054ADCCEC0E313F2E90-->  <SORT><![CDATA[Y]]></SORT>
<!--122EA55F6FF64054ADCCEC0E313F2E90-->  <FILTER><![CDATA[Y]]></FILTER>
<!--122EA55F6FF64054ADCCEC0E313F2E90-->  <SEARCHINSUGGESTIONBOX><![CDATA[N]]></SEARCHINSUGGESTIONBOX>
<!--122EA55F6FF64054ADCCEC0E313F2E90-->  <SHOWINGRID><![CDATA[Y]]></SHOWINGRID>
<!--122EA55F6FF64054ADCCEC0E313F2E90-->  <SORTNO><![CDATA[2]]></SORTNO>
<!--122EA55F6FF64054ADCCEC0E313F2E90-->  <ISACTIVE><![CDATA[Y]]></ISACTIVE>
<!--122EA55F6FF64054ADCCEC0E313F2E90-->  <ISOUTFIELD><![CDATA[N]]></ISOUTFIELD>
<!--122EA55F6FF64054ADCCEC0E313F2E90-->  <SHOWINPICKLIST><![CDATA[N]]></SHOWINPICKLIST>
<!--122EA55F6FF64054ADCCEC0E313F2E90--></OBUISEL_SELECTOR_FIELD>

<!--292AD0C0B8F64156A6AE569F9A758691--><OBUISEL_SELECTOR_FIELD>
<!--292AD0C0B8F64156A6AE569F9A758691-->  <OBUISEL_SELECTOR_FIELD_ID><![CDATA[292AD0C0B8F64156A6AE569F9A758691]]></OBUISEL_SELECTOR_FIELD_ID>
<!--292AD0C0B8F64156A6AE569F9A758691-->  <OBUISEL_SELECTOR_ID><![CDATA[33783207E55B481180545398B9B22407]]></OBUISEL_SELECTOR_ID>
<!--292AD0C0B8F64156A6AE569F9A758691-->  <AD_CLIENT_ID><![CDATA[0]]></AD_CLIENT_ID>
<!--292AD0C0B8F64156A6AE569F9A758691-->  <AD_ORG_ID><![CDATA[0]]></AD_ORG_ID>
<!--292AD0C0B8F64156A6AE569F9A758691-->  <AD_MODULE_ID><![CDATA[5C40CF085DCA477AB9DA89559237F7EB]]></AD_MODULE_ID>
<!--292AD0C0B8F64156A6AE569F9A758691-->  <AD_COLUMN_ID><![CDATA[51743DF1EF4442C39E184AB9E9A1A11A]]></AD_COLUMN_ID>
<!--292AD0C0B8F64156A6AE569F9A758691-->  <NAME><![CDATA[Description]]></NAME>
<!--292AD0C0B8F64156A6AE569F9A758691-->  <DESCRIPTION><![CDATA[A space to write additional related information.]]></DESCRIPTION>
<!--292AD0C0B8F64156A6AE569F9A758691-->  <HELP><![CDATA[A description is limited to 255 characters.]]></HELP>
<!--292AD0C0B8F64156A6AE569F9A758691-->  <PROPERTY><![CDATA[description]]></PROPERTY>
<!--292AD0C0B8F64156A6AE569F9A758691-->  <ISCENTRALLYMAINTAINED><![CDATA[Y]]></ISCENTRALLYMAINTAINED>
<!--292AD0C0B8F64156A6AE569F9A758691-->  <SORT><![CDATA[Y]]></SORT>
<!--292AD0C0B8F64156A6AE569F9A758691-->  <FILTER><![CDATA[Y]]></FILTER>
<!--292AD0C0B8F64156A6AE569F9A758691-->  <SEARCHINSUGGESTIONBOX><![CDATA[Y]]></SEARCHINSUGGESTIONBOX>
<!--292AD0C0B8F64156A6AE569F9A758691-->  <SHOWINGRID><![CDATA[Y]]></SHOWINGRID>
<!--292AD0C0B8F64156A6AE569F9A758691-->  <SORTNO><![CDATA[30]]></SORTNO>
<!--292AD0C0B8F64156A6AE569F9A758691-->  <ISACTIVE><![CDATA[Y]]></ISACTIVE>
<!--292AD0C0B8F64156A6AE569F9A758691-->  <ISOUTFIELD><![CDATA[N]]></ISOUTFIELD>
<!--292AD0C0B8F64156A6AE569F9A758691-->  <SHOWINPICKLIST><![CDATA[Y]]></SHOWINPICKLIST>
<!--292AD0C0B8F64156A6AE569F9A758691--></OBUISEL_SELECTOR_FIELD>

<!--3542D0E8163241B28EFE5E6E78DC21B9--><OBUISEL_SELECTOR_FIELD>
<!--3542D0E8163241B28EFE5E6E78DC21B9-->  <OBUISEL_SELECTOR_FIELD_ID><![CDATA[3542D0E8163241B28EFE5E6E78DC21B9]]></OBUISEL_SELECTOR_FIELD_ID>
<!--3542D0E8163241B28EFE5E6E78DC21B9-->  <OBUISEL_SELECTOR_ID><![CDATA[292E650CB56F44779A3F0C2DB9FBF9EA]]></OBUISEL_SELECTOR_ID>
<!--3542D0E8163241B28EFE5E6E78DC21B9-->  <AD_CLIENT_ID><![CDATA[0]]></AD_CLIENT_ID>
<!--3542D0E8163241B28EFE5E6E78DC21B9-->  <AD_ORG_ID><![CDATA[0]]></AD_ORG_ID>
<!--3542D0E8163241B28EFE5E6E78DC21B9-->  <AD_MODULE_ID><![CDATA[5C40CF085DCA477AB9DA89559237F7EB]]></AD_MODULE_ID>
<!--3542D0E8163241B28EFE5E6E78DC21B9-->  <AD_COLUMN_ID><![CDATA[1410]]></AD_COLUMN_ID>
<!--3542D0E8163241B28EFE5E6E78DC21B9-->  <NAME><![CDATA[Name]]></NAME>
<!--3542D0E8163241B28EFE5E6E78DC21B9-->  <DESCRIPTION><![CDATA[A non-unique identifier for a record/document often used as a search tool.]]></DESCRIPTION>
<!--3542D0E8163241B28EFE5E6E78DC21B9-->  <HELP><![CDATA[A more descriptive identifier (that does need to be unique) of a record/document that is used as a default search option along with the search key (that is unique and mostly shorter). It is up to 60 characters in length.]]></HELP>
<!--3542D0E8163241B28EFE5E6E78DC21B9-->  <PROPERTY><![CDATA[name]]></PROPERTY>
<!--3542D0E8163241B28EFE5E6E78DC21B9-->  <ISCENTRALLYMAINTAINED><![CDATA[Y]]></ISCENTRALLYMAINTAINED>
<!--3542D0E8163241B28EFE5E6E78DC21B9-->  <SORT><![CDATA[Y]]></SORT>
<!--3542D0E8163241B28EFE5E6E78DC21B9-->  <FILTER><![CDATA[Y]]></FILTER>
<!--3542D0E8163241B28EFE5E6E78DC21B9-->  <SEARCHINSUGGESTIONBOX><![CDATA[N]]></SEARCHINSUGGESTIONBOX>
<!--3542D0E8163241B28EFE5E6E78DC21B9-->  <SHOWINGRID><![CDATA[Y]]></SHOWINGRID>
<!--3542D0E8163241B28EFE5E6E78DC21B9-->  <SORTNO><![CDATA[2]]></SORTNO>
<!--3542D0E8163241B28EFE5E6E78DC21B9-->  <ISACTIVE><![CDATA[Y]]></ISACTIVE>
<!--3542D0E8163241B28EFE5E6E78DC21B9-->  <ISOUTFIELD><![CDATA[N]]></ISOUTFIELD>
<!--3542D0E8163241B28EFE5E6E78DC21B9-->  <SHOWINPICKLIST><![CDATA[N]]></SHOWINPICKLIST>
<!--3542D0E8163241B28EFE5E6E78DC21B9--></OBUISEL_SELECTOR_FIELD>

<!--4241106D5E4C4C15B6A9A0F8A28EA1D1--><OBUISEL_SELECTOR_FIELD>
<!--4241106D5E4C4C15B6A9A0F8A28EA1D1-->  <OBUISEL_SELECTOR_FIELD_ID><![CDATA[4241106D5E4C4C15B6A9A0F8A28EA1D1]]></OBUISEL_SELECTOR_FIELD_ID>
<!--4241106D5E4C4C15B6A9A0F8A28EA1D1-->  <OBUISEL_SELECTOR_ID><![CDATA[0E80A8813EAA4E78B9EDF720C94D840E]]></OBUISEL_SELECTOR_ID>
<!--4241106D5E4C4C15B6A9A0F8A28EA1D1-->  <AD_CLIENT_ID><![CDATA[0]]></AD_CLIENT_ID>
<!--4241106D5E4C4C15B6A9A0F8A28EA1D1-->  <AD_ORG_ID><![CDATA[0]]></AD_ORG_ID>
<!--4241106D5E4C4C15B6A9A0F8A28EA1D1-->  <AD_MODULE_ID><![CDATA[5C40CF085DCA477AB9DA89559237F7EB]]></AD_MODULE_ID>
<!--4241106D5E4C4C15B6A9A0F8A28EA1D1-->  <AD_COLUMN_ID><![CDATA[4940]]></AD_COLUMN_ID>
<!--4241106D5E4C4C15B6A9A0F8A28EA1D1-->  <NAME><![CDATA[Business Partner Category]]></NAME>
<!--4241106D5E4C4C15B6A9A0F8A28EA1D1-->  <DESCRIPTION><![CDATA[A classification of business partners based on defined similarities.]]></DESCRIPTION>
<!--4241106D5E4C4C15B6A9A0F8A28EA1D1-->  <HELP><![CDATA[A way of grouping business partners together for classification and reporting purposes. Provides a method of defining certain defaults to be used when opening new business partners.]]></HELP>
<!--4241106D5E4C4C15B6A9A0F8A28EA1D1-->  <PROPERTY><![CDATA[businessPartnerCategory]]></PROPERTY>
<!--4241106D5E4C4C15B6A9A0F8A28EA1D1-->  <ISCENTRALLYMAINTAINED><![CDATA[Y]]></ISCENTRALLYMAINTAINED>
<!--4241106D5E4C4C15B6A9A0F8A28EA1D1-->  <SORT><![CDATA[Y]]></SORT>
<!--4241106D5E4C4C15B6A9A0F8A28EA1D1-->  <FILTER><![CDATA[Y]]></FILTER>
<!--4241106D5E4C4C15B6A9A0F8A28EA1D1-->  <SEARCHINSUGGESTIONBOX><![CDATA[N]]></SEARCHINSUGGESTIONBOX>
<!--4241106D5E4C4C15B6A9A0F8A28EA1D1-->  <SHOWINGRID><![CDATA[Y]]></SHOWINGRID>
<!--4241106D5E4C4C15B6A9A0F8A28EA1D1-->  <SORTNO><![CDATA[3]]></SORTNO>
<!--4241106D5E4C4C15B6A9A0F8A28EA1D1-->  <ISACTIVE><![CDATA[Y]]></ISACTIVE>
<!--4241106D5E4C4C15B6A9A0F8A28EA1D1-->  <ISOUTFIELD><![CDATA[N]]></ISOUTFIELD>
<!--4241106D5E4C4C15B6A9A0F8A28EA1D1-->  <SHOWINPICKLIST><![CDATA[N]]></SHOWINPICKLIST>
<!--4241106D5E4C4C15B6A9A0F8A28EA1D1--></OBUISEL_SELECTOR_FIELD>

<!--42E60D3F54904DB894E2463BD5BBE50F--><OBUISEL_SELECTOR_FIELD>
<!--42E60D3F54904DB894E2463BD5BBE50F-->  <OBUISEL_SELECTOR_FIELD_ID><![CDATA[42E60D3F54904DB894E2463BD5BBE50F]]></OBUISEL_SELECTOR_FIELD_ID>
<!--42E60D3F54904DB894E2463BD5BBE50F-->  <OBUISEL_SELECTOR_ID><![CDATA[0E80A8813EAA4E78B9EDF720C94D840E]]></OBUISEL_SELECTOR_ID>
<!--42E60D3F54904DB894E2463BD5BBE50F-->  <AD_CLIENT_ID><![CDATA[0]]></AD_CLIENT_ID>
<!--42E60D3F54904DB894E2463BD5BBE50F-->  <AD_ORG_ID><![CDATA[0]]></AD_ORG_ID>
<!--42E60D3F54904DB894E2463BD5BBE50F-->  <AD_MODULE_ID><![CDATA[5C40CF085DCA477AB9DA89559237F7EB]]></AD_MODULE_ID>
<!--42E60D3F54904DB894E2463BD5BBE50F-->  <AD_COLUMN_ID><![CDATA[2901]]></AD_COLUMN_ID>
<!--42E60D3F54904DB894E2463BD5BBE50F-->  <NAME><![CDATA[Search Key]]></NAME>
<!--42E60D3F54904DB894E2463BD5BBE50F-->  <DESCRIPTION><![CDATA[A fast method for finding a particular record.]]></DESCRIPTION>
<!--42E60D3F54904DB894E2463BD5BBE50F-->  <HELP><![CDATA[A search key allows for a fast method of finding a particular record. If you leave the search key empty, the system automatically creates a numeric number originating from a document sequence defined in the  "Document Sequence" window. The sequence naming convention follows a rule "DocumentNo_TableName", where TableName is the actual name of the database table (e.g. C_Order).

Usually, company's internal identifiers for various records (products, customers, etc) are stored here.]]></HELP>
<!--42E60D3F54904DB894E2463BD5BBE50F-->  <PROPERTY><![CDATA[searchKey]]></PROPERTY>
<!--42E60D3F54904DB894E2463BD5BBE50F-->  <ISCENTRALLYMAINTAINED><![CDATA[Y]]></ISCENTRALLYMAINTAINED>
<!--42E60D3F54904DB894E2463BD5BBE50F-->  <SORT><![CDATA[Y]]></SORT>
<!--42E60D3F54904DB894E2463BD5BBE50F-->  <FILTER><![CDATA[Y]]></FILTER>
<!--42E60D3F54904DB894E2463BD5BBE50F-->  <SEARCHINSUGGESTIONBOX><![CDATA[N]]></SEARCHINSUGGESTIONBOX>
<!--42E60D3F54904DB894E2463BD5BBE50F-->  <SHOWINGRID><![CDATA[Y]]></SHOWINGRID>
<!--42E60D3F54904DB894E2463BD5BBE50F-->  <SORTNO><![CDATA[1]]></SORTNO>
<!--42E60D3F54904DB894E2463BD5BBE50F-->  <ISACTIVE><![CDATA[Y]]></ISACTIVE>
<!--42E60D3F54904DB894E2463BD5BBE50F-->  <ISOUTFIELD><![CDATA[N]]></ISOUTFIELD>
<!--42E60D3F54904DB894E2463BD5BBE50F-->  <SHOWINPICKLIST><![CDATA[N]]></SHOWINPICKLIST>
<!--42E60D3F54904DB894E2463BD5BBE50F--></OBUISEL_SELECTOR_FIELD>

<!--4D9B28580A1A4C248B9DD38EE26ED93C--><OBUISEL_SELECTOR_FIELD>
<!--4D9B28580A1A4C248B9DD38EE26ED93C-->  <OBUISEL_SELECTOR_FIELD_ID><![CDATA[4D9B28580A1A4C248B9DD38EE26ED93C]]></OBUISEL_SELECTOR_FIELD_ID>
<!--4D9B28580A1A4C248B9DD38EE26ED93C-->  <OBUISEL_SELECTOR_ID><![CDATA[37CC685BEF0241B6BF5587521CD244E0]]></OBUISEL_SELECTOR_ID>
<!--4D9B28580A1A4C248B9DD38EE26ED93C-->  <AD_CLIENT_ID><![CDATA[0]]></AD_CLIENT_ID>
<!--4D9B28580A1A4C248B9DD38EE26ED93C-->  <AD_ORG_ID><![CDATA[0]]></AD_ORG_ID>
<!--4D9B28580A1A4C248B9DD38EE26ED93C-->  <AD_MODULE_ID><![CDATA[5C40CF085DCA477AB9DA89559237F7EB]]></AD_MODULE_ID>
<!--4D9B28580A1A4C248B9DD38EE26ED93C-->  <AD_COLUMN_ID><![CDATA[2D20DE52E120442AAAAF0C2F59E1126A]]></AD_COLUMN_ID>
<!--4D9B28580A1A4C248B9DD38EE26ED93C-->  <NAME><![CDATA[Name]]></NAME>
<!--4D9B28580A1A4C248B9DD38EE26ED93C-->  <DESCRIPTION><![CDATA[A non-unique identifier for a record/document often used as a search tool.]]></DESCRIPTION>
<!--4D9B28580A1A4C248B9DD38EE26ED93C-->  <HELP><![CDATA[A more descriptive identifier (that does need to be unique) of a record/document that is used as a default search option along with the search key (that is unique and mostly shorter). It is up to 60 characters in length.]]></HELP>
<!--4D9B28580A1A4C248B9DD38EE26ED93C-->  <PROPERTY><![CDATA[name]]></PROPERTY>
<!--4D9B28580A1A4C248B9DD38EE26ED93C-->  <ISCENTRALLYMAINTAINED><![CDATA[Y]]></ISCENTRALLYMAINTAINED>
<!--4D9B28580A1A4C248B9DD38EE26ED93C-->  <SORT><![CDATA[Y]]></SORT>
<!--4D9B28580A1A4C248B9DD38EE26ED93C-->  <FILTER><![CDATA[Y]]></FILTER>
<!--4D9B28580A1A4C248B9DD38EE26ED93C-->  <SEARCHINSUGGESTIONBOX><![CDATA[N]]></SEARCHINSUGGESTIONBOX>
<!--4D9B28580A1A4C248B9DD38EE26ED93C-->  <SHOWINGRID><![CDATA[Y]]></SHOWINGRID>
<!--4D9B28580A1A4C248B9DD38EE26ED93C-->  <SORTNO><![CDATA[1]]></SORTNO>
<!--4D9B28580A1A4C248B9DD38EE26ED93C-->  <ISACTIVE><![CDATA[Y]]></ISACTIVE>
<!--4D9B28580A1A4C248B9DD38EE26ED93C-->  <ISOUTFIELD><![CDATA[N]]></ISOUTFIELD>
<!--4D9B28580A1A4C248B9DD38EE26ED93C-->  <SHOWINPICKLIST><![CDATA[N]]></SHOWINPICKLIST>
<!--4D9B28580A1A4C248B9DD38EE26ED93C--></OBUISEL_SELECTOR_FIELD>

<!--4E4C9A2DB5DC4BDB95BA2BA80FFCF3FD--><OBUISEL_SELECTOR_FIELD>
<!--4E4C9A2DB5DC4BDB95BA2BA80FFCF3FD-->  <OBUISEL_SELECTOR_FIELD_ID><![CDATA[4E4C9A2DB5DC4BDB95BA2BA80FFCF3FD]]></OBUISEL_SELECTOR_FIELD_ID>
<!--4E4C9A2DB5DC4BDB95BA2BA80FFCF3FD-->  <OBUISEL_SELECTOR_ID><![CDATA[292E650CB56F44779A3F0C2DB9FBF9EA]]></OBUISEL_SELECTOR_ID>
<!--4E4C9A2DB5DC4BDB95BA2BA80FFCF3FD-->  <AD_CLIENT_ID><![CDATA[0]]></AD_CLIENT_ID>
<!--4E4C9A2DB5DC4BDB95BA2BA80FFCF3FD-->  <AD_ORG_ID><![CDATA[0]]></AD_ORG_ID>
<!--4E4C9A2DB5DC4BDB95BA2BA80FFCF3FD-->  <AD_MODULE_ID><![CDATA[5C40CF085DCA477AB9DA89559237F7EB]]></AD_MODULE_ID>
<!--4E4C9A2DB5DC4BDB95BA2BA80FFCF3FD-->  <AD_COLUMN_ID><![CDATA[2011]]></AD_COLUMN_ID>
<!--4E4C9A2DB5DC4BDB95BA2BA80FFCF3FD-->  <NAME><![CDATA[Search Key]]></NAME>
<!--4E4C9A2DB5DC4BDB95BA2BA80FFCF3FD-->  <DESCRIPTION><![CDATA[A fast method for finding a particular record.]]></DESCRIPTION>
<!--4E4C9A2DB5DC4BDB95BA2BA80FFCF3FD-->  <HELP><![CDATA[A search key allows for a fast method of finding a particular record. If you leave the search key empty, the system automatically creates a numeric number originating from a document sequence defined in the  "Document Sequence" window. The sequence naming convention follows a rule "DocumentNo_TableName", where TableName is the actual name of the database table (e.g. C_Order).

Usually, company's internal identifiers for various records (products, customers, etc) are stored here.]]></HELP>
<!--4E4C9A2DB5DC4BDB95BA2BA80FFCF3FD-->  <PROPERTY><![CDATA[searchKey]]></PROPERTY>
<!--4E4C9A2DB5DC4BDB95BA2BA80FFCF3FD-->  <ISCENTRALLYMAINTAINED><![CDATA[Y]]></ISCENTRALLYMAINTAINED>
<!--4E4C9A2DB5DC4BDB95BA2BA80FFCF3FD-->  <SORT><![CDATA[Y]]></SORT>
<!--4E4C9A2DB5DC4BDB95BA2BA80FFCF3FD-->  <FILTER><![CDATA[Y]]></FILTER>
<!--4E4C9A2DB5DC4BDB95BA2BA80FFCF3FD-->  <SEARCHINSUGGESTIONBOX><![CDATA[N]]></SEARCHINSUGGESTIONBOX>
<!--4E4C9A2DB5DC4BDB95BA2BA80FFCF3FD-->  <SHOWINGRID><![CDATA[Y]]></SHOWINGRID>
<!--4E4C9A2DB5DC4BDB95BA2BA80FFCF3FD-->  <SORTNO><![CDATA[1]]></SORTNO>
<!--4E4C9A2DB5DC4BDB95BA2BA80FFCF3FD-->  <ISACTIVE><![CDATA[Y]]></ISACTIVE>
<!--4E4C9A2DB5DC4BDB95BA2BA80FFCF3FD-->  <ISOUTFIELD><![CDATA[N]]></ISOUTFIELD>
<!--4E4C9A2DB5DC4BDB95BA2BA80FFCF3FD-->  <SHOWINPICKLIST><![CDATA[N]]></SHOWINPICKLIST>
<!--4E4C9A2DB5DC4BDB95BA2BA80FFCF3FD--></OBUISEL_SELECTOR_FIELD>

<!--A5CF76EA7A4E4DE39FD01824CC9A153C--><OBUISEL_SELECTOR_FIELD>
<!--A5CF76EA7A4E4DE39FD01824CC9A153C-->  <OBUISEL_SELECTOR_FIELD_ID><![CDATA[A5CF76EA7A4E4DE39FD01824CC9A153C]]></OBUISEL_SELECTOR_FIELD_ID>
<!--A5CF76EA7A4E4DE39FD01824CC9A153C-->  <OBUISEL_SELECTOR_ID><![CDATA[37CC685BEF0241B6BF5587521CD244E0]]></OBUISEL_SELECTOR_ID>
<!--A5CF76EA7A4E4DE39FD01824CC9A153C-->  <AD_CLIENT_ID><![CDATA[0]]></AD_CLIENT_ID>
<!--A5CF76EA7A4E4DE39FD01824CC9A153C-->  <AD_ORG_ID><![CDATA[0]]></AD_ORG_ID>
<!--A5CF76EA7A4E4DE39FD01824CC9A153C-->  <AD_MODULE_ID><![CDATA[5C40CF085DCA477AB9DA89559237F7EB]]></AD_MODULE_ID>
<!--A5CF76EA7A4E4DE39FD01824CC9A153C-->  <AD_COLUMN_ID><![CDATA[30EA76A761754FF29DD6082249864585]]></AD_COLUMN_ID>
<!--A5CF76EA7A4E4DE39FD01824CC9A153C-->  <NAME><![CDATA[Search Key]]></NAME>
<!--A5CF76EA7A4E4DE39FD01824CC9A153C-->  <DESCRIPTION><![CDATA[A fast method for finding a particular record.]]></DESCRIPTION>
<!--A5CF76EA7A4E4DE39FD01824CC9A153C-->  <HELP><![CDATA[A search key allows for a fast method of finding a particular record. If you leave the search key empty, the system automatically creates a numeric number originating from a document sequence defined in the  "Document Sequence" window. The sequence naming convention follows a rule "DocumentNo_TableName", where TableName is the actual name of the database table (e.g. C_Order).

Usually, company's internal identifiers for various records (products, customers, etc) are stored here.]]></HELP>
<!--A5CF76EA7A4E4DE39FD01824CC9A153C-->  <PROPERTY><![CDATA[searchKey]]></PROPERTY>
<!--A5CF76EA7A4E4DE39FD01824CC9A153C-->  <ISCENTRALLYMAINTAINED><![CDATA[Y]]></ISCENTRALLYMAINTAINED>
<!--A5CF76EA7A4E4DE39FD01824CC9A153C-->  <SORT><![CDATA[Y]]></SORT>
<!--A5CF76EA7A4E4DE39FD01824CC9A153C-->  <FILTER><![CDATA[Y]]></FILTER>
<!--A5CF76EA7A4E4DE39FD01824CC9A153C-->  <SEARCHINSUGGESTIONBOX><![CDATA[N]]></SEARCHINSUGGESTIONBOX>
<!--A5CF76EA7A4E4DE39FD01824CC9A153C-->  <SHOWINGRID><![CDATA[Y]]></SHOWINGRID>
<!--A5CF76EA7A4E4DE39FD01824CC9A153C-->  <SORTNO><![CDATA[1]]></SORTNO>
<!--A5CF76EA7A4E4DE39FD01824CC9A153C-->  <ISACTIVE><![CDATA[Y]]></ISACTIVE>
<!--A5CF76EA7A4E4DE39FD01824CC9A153C-->  <ISOUTFIELD><![CDATA[N]]></ISOUTFIELD>
<!--A5CF76EA7A4E4DE39FD01824CC9A153C-->  <SHOWINPICKLIST><![CDATA[N]]></SHOWINPICKLIST>
<!--A5CF76EA7A4E4DE39FD01824CC9A153C--></OBUISEL_SELECTOR_FIELD>

<!--C8256EFB446143F79212F748268B9DF7--><OBUISEL_SELECTOR_FIELD>
<!--C8256EFB446143F79212F748268B9DF7-->  <OBUISEL_SELECTOR_FIELD_ID><![CDATA[C8256EFB446143F79212F748268B9DF7]]></OBUISEL_SELECTOR_FIELD_ID>
<!--C8256EFB446143F79212F748268B9DF7-->  <OBUISEL_SELECTOR_ID><![CDATA[E65052A724B3451CA643A0CC355CEA40]]></OBUISEL_SELECTOR_ID>
<!--C8256EFB446143F79212F748268B9DF7-->  <AD_CLIENT_ID><![CDATA[0]]></AD_CLIENT_ID>
<!--C8256EFB446143F79212F748268B9DF7-->  <AD_ORG_ID><![CDATA[0]]></AD_ORG_ID>
<!--C8256EFB446143F79212F748268B9DF7-->  <AD_MODULE_ID><![CDATA[5C40CF085DCA477AB9DA89559237F7EB]]></AD_MODULE_ID>
<!--C8256EFB446143F79212F748268B9DF7-->  <AD_COLUMN_ID><![CDATA[72B48A3EF4F44340A5974BA0D530D0A3]]></AD_COLUMN_ID>
<!--C8256EFB446143F79212F748268B9DF7-->  <NAME><![CDATA[Cost Center]]></NAME>
<!--C8256EFB446143F79212F748268B9DF7-->  <DESCRIPTION><![CDATA[Division that adds to the cost of an organization]]></DESCRIPTION>
<!--C8256EFB446143F79212F748268B9DF7-->  <HELP><![CDATA[Division that adds to the cost of an organization. Internal structure for cost allocation.]]></HELP>
<!--C8256EFB446143F79212F748268B9DF7-->  <PROPERTY><![CDATA[camCostcenter]]></PROPERTY>
<!--C8256EFB446143F79212F748268B9DF7-->  <ISCENTRALLYMAINTAINED><![CDATA[Y]]></ISCENTRALLYMAINTAINED>
<!--C8256EFB446143F79212F748268B9DF7-->  <SORT><![CDATA[Y]]></SORT>
<!--C8256EFB446143F79212F748268B9DF7-->  <FILTER><![CDATA[Y]]></FILTER>
<!--C8256EFB446143F79212F748268B9DF7-->  <SEARCHINSUGGESTIONBOX><![CDATA[N]]></SEARCHINSUGGESTIONBOX>
<!--C8256EFB446143F79212F748268B9DF7-->  <SHOWINGRID><![CDATA[Y]]></SHOWINGRID>
<!--C8256EFB446143F79212F748268B9DF7-->  <SORTNO><![CDATA[3]]></SORTNO>
<!--C8256EFB446143F79212F748268B9DF7-->  <ISACTIVE><![CDATA[Y]]></ISACTIVE>
<!--C8256EFB446143F79212F748268B9DF7-->  <ISOUTFIELD><![CDATA[N]]></ISOUTFIELD>
<!--C8256EFB446143F79212F748268B9DF7-->  <SHOWINPICKLIST><![CDATA[N]]></SHOWINPICKLIST>
<!--C8256EFB446143F79212F748268B9DF7--></OBUISEL_SELECTOR_FIELD>

<!--D3DC3377D58E4ADF9871096D8CD34C92--><OBUISEL_SELECTOR_FIELD>
<!--D3DC3377D58E4ADF9871096D8CD34C92-->  <OBUISEL_SELECTOR_FIELD_ID><![CDATA[D3DC3377D58E4ADF9871096D8CD34C92]]></OBUISEL_SELECTOR_FIELD_ID>
<!--D3DC3377D58E4ADF9871096D8CD34C92-->  <OBUISEL_SELECTOR_ID><![CDATA[292E650CB56F44779A3F0C2DB9FBF9EA]]></OBUISEL_SELECTOR_ID>
<!--D3DC3377D58E4ADF9871096D8CD34C92-->  <AD_CLIENT_ID><![CDATA[0]]></AD_CLIENT_ID>
<!--D3DC3377D58E4ADF9871096D8CD34C92-->  <AD_ORG_ID><![CDATA[0]]></AD_ORG_ID>
<!--D3DC3377D58E4ADF9871096D8CD34C92-->  <AD_MODULE_ID><![CDATA[5C40CF085DCA477AB9DA89559237F7EB]]></AD_MODULE_ID>
<!--D3DC3377D58E4ADF9871096D8CD34C92-->  <AD_COLUMN_ID><![CDATA[2012]]></AD_COLUMN_ID>
<!--D3DC3377D58E4ADF9871096D8CD34C92-->  <NAME><![CDATA[Product Category]]></NAME>
<!--D3DC3377D58E4ADF9871096D8CD34C92-->  <DESCRIPTION><![CDATA[A classification of items based on similar characteristics or attributes.]]></DESCRIPTION>
<!--D3DC3377D58E4ADF9871096D8CD34C92-->  <HELP><![CDATA[Identifies the category which this product belongs to.  Product categories are used for pricing.]]></HELP>
<!--D3DC3377D58E4ADF9871096D8CD34C92-->  <PROPERTY><![CDATA[productCategory]]></PROPERTY>
<!--D3DC3377D58E4ADF9871096D8CD34C92-->  <ISCENTRALLYMAINTAINED><![CDATA[Y]]></ISCENTRALLYMAINTAINED>
<!--D3DC3377D58E4ADF9871096D8CD34C92-->  <SORT><![CDATA[Y]]></SORT>
<!--D3DC3377D58E4ADF9871096D8CD34C92-->  <FILTER><![CDATA[Y]]></FILTER>
<!--D3DC3377D58E4ADF9871096D8CD34C92-->  <SEARCHINSUGGESTIONBOX><![CDATA[N]]></SEARCHINSUGGESTIONBOX>
<!--D3DC3377D58E4ADF9871096D8CD34C92-->  <SHOWINGRID><![CDATA[Y]]></SHOWINGRID>
<!--D3DC3377D58E4ADF9871096D8CD34C92-->  <SORTNO><![CDATA[3]]></SORTNO>
<!--D3DC3377D58E4ADF9871096D8CD34C92-->  <ISACTIVE><![CDATA[Y]]></ISACTIVE>
<!--D3DC3377D58E4ADF9871096D8CD34C92-->  <ISOUTFIELD><![CDATA[N]]></ISOUTFIELD>
<!--D3DC3377D58E4ADF9871096D8CD34C92-->  <SHOWINPICKLIST><![CDATA[N]]></SHOWINPICKLIST>
<!--D3DC3377D58E4ADF9871096D8CD34C92--></OBUISEL_SELECTOR_FIELD>

<!--DCBBCFBF89464F658A7DC59F352693AF--><OBUISEL_SELECTOR_FIELD>
<!--DCBBCFBF89464F658A7DC59F352693AF-->  <OBUISEL_SELECTOR_FIELD_ID><![CDATA[DCBBCFBF89464F658A7DC59F352693AF]]></OBUISEL_SELECTOR_FIELD_ID>
<!--DCBBCFBF89464F658A7DC59F352693AF-->  <OBUISEL_SELECTOR_ID><![CDATA[33783207E55B481180545398B9B22407]]></OBUISEL_SELECTOR_ID>
<!--DCBBCFBF89464F658A7DC59F352693AF-->  <AD_CLIENT_ID><![CDATA[0]]></AD_CLIENT_ID>
<!--DCBBCFBF89464F658A7DC59F352693AF-->  <AD_ORG_ID><![CDATA[0]]></AD_ORG_ID>
<!--DCBBCFBF89464F658A7DC59F352693AF-->  <AD_MODULE_ID><![CDATA[5C40CF085DCA477AB9DA89559237F7EB]]></AD_MODULE_ID>
<!--DCBBCFBF89464F658A7DC59F352693AF-->  <AD_COLUMN_ID><![CDATA[56ADA8051F7042C186CDA9B70157925D]]></AD_COLUMN_ID>
<!--DCBBCFBF89464F658A7DC59F352693AF-->  <NAME><![CDATA[Document No.]]></NAME>
<!--DCBBCFBF89464F658A7DC59F352693AF-->  <DESCRIPTION><![CDATA[An often automatically generated identifier for all documents.]]></DESCRIPTION>
<!--DCBBCFBF89464F658A7DC59F352693AF-->  <HELP><![CDATA[The document number is usually automatically generated by the system and determined by the document type of the document. If the document is not saved, the preliminary number is displayed in "<>". If the document type of your document has no automatic document sequence defined, the field will be empty when creating a new document. This is for documents which usually have an external number (like vendor invoice).  If you leave the field empty, the system will generate a document number for you. The document sequence used for this fallback number is defined in the "Document Sequence" window with the name "DocumentNo_<TableName>", where TableName is the actual name of the table inside the database (e.g. C_Order).]]></HELP>
<!--DCBBCFBF89464F658A7DC59F352693AF-->  <PROPERTY><![CDATA[documentNo]]></PROPERTY>
<!--DCBBCFBF89464F658A7DC59F352693AF-->  <ISCENTRALLYMAINTAINED><![CDATA[Y]]></ISCENTRALLYMAINTAINED>
<!--DCBBCFBF89464F658A7DC59F352693AF-->  <SORT><![CDATA[Y]]></SORT>
<!--DCBBCFBF89464F658A7DC59F352693AF-->  <FILTER><![CDATA[Y]]></FILTER>
<!--DCBBCFBF89464F658A7DC59F352693AF-->  <SEARCHINSUGGESTIONBOX><![CDATA[Y]]></SEARCHINSUGGESTIONBOX>
<!--DCBBCFBF89464F658A7DC59F352693AF-->  <SHOWINGRID><![CDATA[Y]]></SHOWINGRID>
<!--DCBBCFBF89464F658A7DC59F352693AF-->  <SORTNO><![CDATA[10]]></SORTNO>
<!--DCBBCFBF89464F658A7DC59F352693AF-->  <ISACTIVE><![CDATA[Y]]></ISACTIVE>
<!--DCBBCFBF89464F658A7DC59F352693AF-->  <ISOUTFIELD><![CDATA[N]]></ISOUTFIELD>
<!--DCBBCFBF89464F658A7DC59F352693AF-->  <SHOWINPICKLIST><![CDATA[Y]]></SHOWINPICKLIST>
<!--DCBBCFBF89464F658A7DC59F352693AF--></OBUISEL_SELECTOR_FIELD>

<!--E4465C11F2894798BE0545DBF09D0635--><OBUISEL_SELECTOR_FIELD>
<!--E4465C11F2894798BE0545DBF09D0635-->  <OBUISEL_SELECTOR_FIELD_ID><![CDATA[E4465C11F2894798BE0545DBF09D0635]]></OBUISEL_SELECTOR_FIELD_ID>
<!--E4465C11F2894798BE0545DBF09D0635-->  <OBUISEL_SELECTOR_ID><![CDATA[33783207E55B481180545398B9B22407]]></OBUISEL_SELECTOR_ID>
<!--E4465C11F2894798BE0545DBF09D0635-->  <AD_CLIENT_ID><![CDATA[0]]></AD_CLIENT_ID>
<!--E4465C11F2894798BE0545DBF09D0635-->  <AD_ORG_ID><![CDATA[0]]></AD_ORG_ID>
<!--E4465C11F2894798BE0545DBF09D0635-->  <AD_MODULE_ID><![CDATA[5C40CF085DCA477AB9DA89559237F7EB]]></AD_MODULE_ID>
<!--E4465C11F2894798BE0545DBF09D0635-->  <AD_COLUMN_ID><![CDATA[8395CEBF2DA646EAA63514EB4104ED6F]]></AD_COLUMN_ID>
<!--E4465C11F2894798BE0545DBF09D0635-->  <NAME><![CDATA[Starting Date]]></NAME>
<!--E4465C11F2894798BE0545DBF09D0635-->  <DESCRIPTION><![CDATA[A parameter stating when a specified request will begin.]]></DESCRIPTION>
<!--E4465C11F2894798BE0545DBF09D0635-->  <HELP><![CDATA[A parameter stating when a specified request will begin.]]></HELP>
<!--E4465C11F2894798BE0545DBF09D0635-->  <PROPERTY><![CDATA[startingDate]]></PROPERTY>
<!--E4465C11F2894798BE0545DBF09D0635-->  <ISCENTRALLYMAINTAINED><![CDATA[Y]]></ISCENTRALLYMAINTAINED>
<!--E4465C11F2894798BE0545DBF09D0635-->  <SORT><![CDATA[Y]]></SORT>
<!--E4465C11F2894798BE0545DBF09D0635-->  <FILTER><![CDATA[Y]]></FILTER>
<!--E4465C11F2894798BE0545DBF09D0635-->  <SEARCHINSUGGESTIONBOX><![CDATA[N]]></SEARCHINSUGGESTIONBOX>
<!--E4465C11F2894798BE0545DBF09D0635-->  <SHOWINGRID><![CDATA[Y]]></SHOWINGRID>
<!--E4465C11F2894798BE0545DBF09D0635-->  <SORTNO><![CDATA[20]]></SORTNO>
<!--E4465C11F2894798BE0545DBF09D0635-->  <ISACTIVE><![CDATA[Y]]></ISACTIVE>
<!--E4465C11F2894798BE0545DBF09D0635-->  <ISOUTFIELD><![CDATA[N]]></ISOUTFIELD>
<!--E4465C11F2894798BE0545DBF09D0635-->  <SHOWINPICKLIST><![CDATA[Y]]></SHOWINPICKLIST>
<!--E4465C11F2894798BE0545DBF09D0635--></OBUISEL_SELECTOR_FIELD>

<!--F14E8545B88843BFB7BE5AD5D48A36DD--><OBUISEL_SELECTOR_FIELD>
<!--F14E8545B88843BFB7BE5AD5D48A36DD-->  <OBUISEL_SELECTOR_FIELD_ID><![CDATA[F14E8545B88843BFB7BE5AD5D48A36DD]]></OBUISEL_SELECTOR_FIELD_ID>
<!--F14E8545B88843BFB7BE5AD5D48A36DD-->  <OBUISEL_SELECTOR_ID><![CDATA[0E80A8813EAA4E78B9EDF720C94D840E]]></OBUISEL_SELECTOR_ID>
<!--F14E8545B88843BFB7BE5AD5D48A36DD-->  <AD_CLIENT_ID><![CDATA[0]]></AD_CLIENT_ID>
<!--F14E8545B88843BFB7BE5AD5D48A36DD-->  <AD_ORG_ID><![CDATA[0]]></AD_ORG_ID>
<!--F14E8545B88843BFB7BE5AD5D48A36DD-->  <AD_MODULE_ID><![CDATA[5C40CF085DCA477AB9DA89559237F7EB]]></AD_MODULE_ID>
<!--F14E8545B88843BFB7BE5AD5D48A36DD-->  <AD_COLUMN_ID><![CDATA[2902]]></AD_COLUMN_ID>
<!--F14E8545B88843BFB7BE5AD5D48A36DD-->  <NAME><![CDATA[Commercial Name]]></NAME>
<!--F14E8545B88843BFB7BE5AD5D48A36DD-->  <DESCRIPTION><![CDATA[Commercial Name of the Business Partner]]></DESCRIPTION>
<!--F14E8545B88843BFB7BE5AD5D48A36DD-->  <HELP><![CDATA[Commercial Name of the Business Partner]]></HELP>
<!--F14E8545B88843BFB7BE5AD5D48A36DD-->  <PROPERTY><![CDATA[name]]></PROPERTY>
<!--F14E8545B88843BFB7BE5AD5D48A36DD-->  <ISCENTRALLYMAINTAINED><![CDATA[Y]]></ISCENTRALLYMAINTAINED>
<!--F14E8545B88843BFB7BE5AD5D48A36DD-->  <SORT><![CDATA[Y]]></SORT>
<!--F14E8545B88843BFB7BE5AD5D48A36DD-->  <FILTER><![CDATA[Y]]></FILTER>
<!--F14E8545B88843BFB7BE5AD5D48A36DD-->  <SEARCHINSUGGESTIONBOX><![CDATA[N]]></SEARCHINSUGGESTIONBOX>
<!--F14E8545B88843BFB7BE5AD5D48A36DD-->  <SHOWINGRID><![CDATA[Y]]></SHOWINGRID>
<!--F14E8545B88843BFB7BE5AD5D48A36DD-->  <SORTNO><![CDATA[2]]></SORTNO>
<!--F14E8545B88843BFB7BE5AD5D48A36DD-->  <ISACTIVE><![CDATA[Y]]></ISACTIVE>
<!--F14E8545B88843BFB7BE5AD5D48A36DD-->  <ISOUTFIELD><![CDATA[N]]></ISOUTFIELD>
<!--F14E8545B88843BFB7BE5AD5D48A36DD-->  <SHOWINPICKLIST><![CDATA[N]]></SHOWINPICKLIST>
<!--F14E8545B88843BFB7BE5AD5D48A36DD--></OBUISEL_SELECTOR_FIELD>

</data>
