<?xml version="1.0" encoding="UTF-8"?>
<data>
<!--0E80A8813EAA4E78B9EDF720C94D840E--><OBUISEL_SELECTOR>
<!--0E80A8813EAA4E78B9EDF720C94D840E-->  <OBUISEL_SELECTOR_ID><![CDATA[0E80A8813EAA4E78B9EDF720C94D840E]]></OBUISEL_SELECTOR_ID>
<!--0E80A8813EAA4E78B9EDF720C94D840E-->  <AD_CLIENT_ID><![CDATA[0]]></AD_CLIENT_ID>
<!--0E80A8813EAA4E78B9EDF720C94D840E-->  <AD_ORG_ID><![CDATA[0]]></AD_ORG_ID>
<!--0E80A8813EAA4E78B9EDF720C94D840E-->  <AD_MODULE_ID><![CDATA[5C40CF085DCA477AB9DA89559237F7EB]]></AD_MODULE_ID>
<!--0E80A8813EAA4E78B9EDF720C94D840E-->  <NAME><![CDATA[Asset Custodian]]></NAME>
<!--0E80A8813EAA4E78B9EDF720C94D840E-->  <AD_REFERENCE_ID><![CDATA[1C05C5D099154FF5A30C057BBD5EC77B]]></AD_REFERENCE_ID>
<!--0E80A8813EAA4E78B9EDF720C94D840E-->  <AD_TABLE_ID><![CDATA[291]]></AD_TABLE_ID>
<!--0E80A8813EAA4E78B9EDF720C94D840E-->  <AD_COLUMN_ID><![CDATA[2893]]></AD_COLUMN_ID>
<!--0E80A8813EAA4E78B9EDF720C94D840E-->  <WHERECLAUSE><![CDATA[e.camIscustodian=true]]></WHERECLAUSE>
<!--0E80A8813EAA4E78B9EDF720C94D840E-->  <OBCLKER_TEMPLATE_ID><![CDATA[9314DE8599AD44E7BFC4CC50699042AB]]></OBCLKER_TEMPLATE_ID>
<!--0E80A8813EAA4E78B9EDF720C94D840E-->  <ISACTIVE><![CDATA[Y]]></ISACTIVE>
<!--0E80A8813EAA4E78B9EDF720C94D840E-->  <SUGGESTIONTEXTMATCHSTYLE><![CDATA[startsWith]]></SUGGESTIONTEXTMATCHSTYLE>
<!--0E80A8813EAA4E78B9EDF720C94D840E-->  <POPUPTEXTMATCHSTYLE><![CDATA[substring]]></POPUPTEXTMATCHSTYLE>
<!--0E80A8813EAA4E78B9EDF720C94D840E-->  <CUSTOM_QUERY><![CDATA[N]]></CUSTOM_QUERY>
<!--0E80A8813EAA4E78B9EDF720C94D840E--></OBUISEL_SELECTOR>

<!--292E650CB56F44779A3F0C2DB9FBF9EA--><OBUISEL_SELECTOR>
<!--292E650CB56F44779A3F0C2DB9FBF9EA-->  <OBUISEL_SELECTOR_ID><![CDATA[292E650CB56F44779A3F0C2DB9FBF9EA]]></OBUISEL_SELECTOR_ID>
<!--292E650CB56F44779A3F0C2DB9FBF9EA-->  <AD_CLIENT_ID><![CDATA[0]]></AD_CLIENT_ID>
<!--292E650CB56F44779A3F0C2DB9FBF9EA-->  <AD_ORG_ID><![CDATA[0]]></AD_ORG_ID>
<!--292E650CB56F44779A3F0C2DB9FBF9EA-->  <AD_MODULE_ID><![CDATA[5C40CF085DCA477AB9DA89559237F7EB]]></AD_MODULE_ID>
<!--292E650CB56F44779A3F0C2DB9FBF9EA-->  <NAME><![CDATA[Asset Rotating Item]]></NAME>
<!--292E650CB56F44779A3F0C2DB9FBF9EA-->  <AD_REFERENCE_ID><![CDATA[DF65EDAE76D04CB38BECB171EE38EE01]]></AD_REFERENCE_ID>
<!--292E650CB56F44779A3F0C2DB9FBF9EA-->  <AD_TABLE_ID><![CDATA[208]]></AD_TABLE_ID>
<!--292E650CB56F44779A3F0C2DB9FBF9EA-->  <AD_COLUMN_ID><![CDATA[1402]]></AD_COLUMN_ID>
<!--292E650CB56F44779A3F0C2DB9FBF9EA-->  <WHERECLAUSE><![CDATA[e.camRotatingitem=true]]></WHERECLAUSE>
<!--292E650CB56F44779A3F0C2DB9FBF9EA-->  <OBCLKER_TEMPLATE_ID><![CDATA[9314DE8599AD44E7BFC4CC50699042AB]]></OBCLKER_TEMPLATE_ID>
<!--292E650CB56F44779A3F0C2DB9FBF9EA-->  <ISACTIVE><![CDATA[Y]]></ISACTIVE>
<!--292E650CB56F44779A3F0C2DB9FBF9EA-->  <SUGGESTIONTEXTMATCHSTYLE><![CDATA[startsWith]]></SUGGESTIONTEXTMATCHSTYLE>
<!--292E650CB56F44779A3F0C2DB9FBF9EA-->  <POPUPTEXTMATCHSTYLE><![CDATA[substring]]></POPUPTEXTMATCHSTYLE>
<!--292E650CB56F44779A3F0C2DB9FBF9EA-->  <CUSTOM_QUERY><![CDATA[N]]></CUSTOM_QUERY>
<!--292E650CB56F44779A3F0C2DB9FBF9EA--></OBUISEL_SELECTOR>

<!--33783207E55B481180545398B9B22407--><OBUISEL_SELECTOR>
<!--33783207E55B481180545398B9B22407-->  <OBUISEL_SELECTOR_ID><![CDATA[33783207E55B481180545398B9B22407]]></OBUISEL_SELECTOR_ID>
<!--33783207E55B481180545398B9B22407-->  <AD_CLIENT_ID><![CDATA[0]]></AD_CLIENT_ID>
<!--33783207E55B481180545398B9B22407-->  <AD_ORG_ID><![CDATA[0]]></AD_ORG_ID>
<!--33783207E55B481180545398B9B22407-->  <AD_MODULE_ID><![CDATA[5C40CF085DCA477AB9DA89559237F7EB]]></AD_MODULE_ID>
<!--33783207E55B481180545398B9B22407-->  <NAME><![CDATA[Work Order Selector]]></NAME>
<!--33783207E55B481180545398B9B22407-->  <AD_REFERENCE_ID><![CDATA[D0C4A3745A93403AB84232D77A3E8819]]></AD_REFERENCE_ID>
<!--33783207E55B481180545398B9B22407-->  <AD_TABLE_ID><![CDATA[FE049A25AE7D494EB143577E664AB48F]]></AD_TABLE_ID>
<!--33783207E55B481180545398B9B22407-->  <AD_COLUMN_ID><![CDATA[5B0C8991330C4A039FF06D551929745C]]></AD_COLUMN_ID>
<!--33783207E55B481180545398B9B22407-->  <OBCLKER_TEMPLATE_ID><![CDATA[9314DE8599AD44E7BFC4CC50699042AB]]></OBCLKER_TEMPLATE_ID>
<!--33783207E55B481180545398B9B22407-->  <ISACTIVE><![CDATA[Y]]></ISACTIVE>
<!--33783207E55B481180545398B9B22407-->  <SUGGESTIONTEXTMATCHSTYLE><![CDATA[startsWith]]></SUGGESTIONTEXTMATCHSTYLE>
<!--33783207E55B481180545398B9B22407-->  <POPUPTEXTMATCHSTYLE><![CDATA[substring]]></POPUPTEXTMATCHSTYLE>
<!--33783207E55B481180545398B9B22407-->  <CUSTOM_QUERY><![CDATA[N]]></CUSTOM_QUERY>
<!--33783207E55B481180545398B9B22407--></OBUISEL_SELECTOR>

<!--37CC685BEF0241B6BF5587521CD244E0--><OBUISEL_SELECTOR>
<!--37CC685BEF0241B6BF5587521CD244E0-->  <OBUISEL_SELECTOR_ID><![CDATA[37CC685BEF0241B6BF5587521CD244E0]]></OBUISEL_SELECTOR_ID>
<!--37CC685BEF0241B6BF5587521CD244E0-->  <AD_CLIENT_ID><![CDATA[0]]></AD_CLIENT_ID>
<!--37CC685BEF0241B6BF5587521CD244E0-->  <AD_ORG_ID><![CDATA[0]]></AD_ORG_ID>
<!--37CC685BEF0241B6BF5587521CD244E0-->  <AD_MODULE_ID><![CDATA[5C40CF085DCA477AB9DA89559237F7EB]]></AD_MODULE_ID>
<!--37CC685BEF0241B6BF5587521CD244E0-->  <NAME><![CDATA[Asset Location]]></NAME>
<!--37CC685BEF0241B6BF5587521CD244E0-->  <AD_REFERENCE_ID><![CDATA[78DD9EA16DAE4F3C8BEBC5C9BAAB7663]]></AD_REFERENCE_ID>
<!--37CC685BEF0241B6BF5587521CD244E0-->  <AD_TABLE_ID><![CDATA[2241D2F310064BE0B8E3A1C5FEBB6D77]]></AD_TABLE_ID>
<!--37CC685BEF0241B6BF5587521CD244E0-->  <AD_COLUMN_ID><![CDATA[697BC571E46D40729F08DEA2ECD5E7E1]]></AD_COLUMN_ID>
<!--37CC685BEF0241B6BF5587521CD244E0-->  <OBCLKER_TEMPLATE_ID><![CDATA[9314DE8599AD44E7BFC4CC50699042AB]]></OBCLKER_TEMPLATE_ID>
<!--37CC685BEF0241B6BF5587521CD244E0-->  <ISACTIVE><![CDATA[Y]]></ISACTIVE>
<!--37CC685BEF0241B6BF5587521CD244E0-->  <SUGGESTIONTEXTMATCHSTYLE><![CDATA[startsWith]]></SUGGESTIONTEXTMATCHSTYLE>
<!--37CC685BEF0241B6BF5587521CD244E0-->  <POPUPTEXTMATCHSTYLE><![CDATA[substring]]></POPUPTEXTMATCHSTYLE>
<!--37CC685BEF0241B6BF5587521CD244E0-->  <CUSTOM_QUERY><![CDATA[N]]></CUSTOM_QUERY>
<!--37CC685BEF0241B6BF5587521CD244E0--></OBUISEL_SELECTOR>

<!--578F38D6F3A74937AB171D973D7D624C--><OBUISEL_SELECTOR>
<!--578F38D6F3A74937AB171D973D7D624C-->  <OBUISEL_SELECTOR_ID><![CDATA[578F38D6F3A74937AB171D973D7D624C]]></OBUISEL_SELECTOR_ID>
<!--578F38D6F3A74937AB171D973D7D624C-->  <AD_CLIENT_ID><![CDATA[0]]></AD_CLIENT_ID>
<!--578F38D6F3A74937AB171D973D7D624C-->  <AD_ORG_ID><![CDATA[0]]></AD_ORG_ID>
<!--578F38D6F3A74937AB171D973D7D624C-->  <AD_MODULE_ID><![CDATA[5C40CF085DCA477AB9DA89559237F7EB]]></AD_MODULE_ID>
<!--578F38D6F3A74937AB171D973D7D624C-->  <NAME><![CDATA[Meter Group]]></NAME>
<!--578F38D6F3A74937AB171D973D7D624C-->  <AD_REFERENCE_ID><![CDATA[28B0A4E4E93F441B8C2AAB113740001D]]></AD_REFERENCE_ID>
<!--578F38D6F3A74937AB171D973D7D624C-->  <AD_TABLE_ID><![CDATA[4A8453DD931B47A28A54DAE66CB5F825]]></AD_TABLE_ID>
<!--578F38D6F3A74937AB171D973D7D624C-->  <AD_COLUMN_ID><![CDATA[2BE077F2BC3F4D6A8F0A50D08B62983E]]></AD_COLUMN_ID>
<!--578F38D6F3A74937AB171D973D7D624C-->  <OBCLKER_TEMPLATE_ID><![CDATA[9314DE8599AD44E7BFC4CC50699042AB]]></OBCLKER_TEMPLATE_ID>
<!--578F38D6F3A74937AB171D973D7D624C-->  <ISACTIVE><![CDATA[Y]]></ISACTIVE>
<!--578F38D6F3A74937AB171D973D7D624C-->  <SUGGESTIONTEXTMATCHSTYLE><![CDATA[startsWith]]></SUGGESTIONTEXTMATCHSTYLE>
<!--578F38D6F3A74937AB171D973D7D624C-->  <POPUPTEXTMATCHSTYLE><![CDATA[substring]]></POPUPTEXTMATCHSTYLE>
<!--578F38D6F3A74937AB171D973D7D624C-->  <CUSTOM_QUERY><![CDATA[N]]></CUSTOM_QUERY>
<!--578F38D6F3A74937AB171D973D7D624C--></OBUISEL_SELECTOR>

</data>
