<?xml version="1.0"?>
  <database name="MODIFIED TABLE A_ASSET">
    <table name="A_ASSET" primaryKey="A_ASSET_KEY">
      <column name="EM_OEZ_ISPREPAYMENT" primaryKey="false" required="true" type="CHAR" size="1" autoIncrement="false">
        <default><![CDATA[N]]></default>
        <onCreateDefault/>
      </column>
      <column name="EM_OEZ_DOCSTATUS" primaryKey="false" required="true" type="VARCHAR" size="60" autoIncrement="false">
        <default><![CDATA[DR]]></default>
        <onCreateDefault/>
      </column>
    </table>
  </database>
