<?xml version="1.0"?>
  <database name="MODIFIED TABLE AD_CLIENT">
    <table name="AD_CLIENT" primaryKey="AD_CLIENT_KEY">
      <column name="EM_OEZ_FORCEDOCUMENTROUTING" primaryKey="false" required="false" type="VARCHAR" size="60" autoIncrement="false">
        <default/>
        <onCreateDefault/>
      </column>
      <column name="EM_OEZ_ALLOWAUTOAPPROVEORDER" primaryKey="false" required="true" type="CHAR" size="1" autoIncrement="false">
        <default><![CDATA[Y]]></default>
        <onCreateDefault/>
      </column>
    </table>
  </database>
