<?xml version="1.0"?>
  <database name="MODIFIED TABLE AD_ORG">
    <table name="AD_ORG" primaryKey="AD_ORG_KEY">
      <column name="EM_OEZ_CREATEFISCALCALENDAR" primaryKey="false" required="false" type="CHAR" size="1" autoIncrement="false">
        <default><![CDATA[Y]]></default>
        <onCreateDefault/>
      </column>
      <column name="EM_OEZ_FICALCALENDARNAME" primaryKey="false" required="false" type="VARCHAR" size="60" autoIncrement="false">
        <default/>
        <onCreateDefault/>
      </column>
      <column name="EM_OEZ_ASSIGNCALTOORG" primaryKey="false" required="false" type="CHAR" size="1" autoIncrement="false">
        <default><![CDATA[Y]]></default>
        <onCreateDefault/>
      </column>
      <column name="EM_OEZ_SETREADYORG" primaryKey="false" required="false" type="CHAR" size="1" autoIncrement="false">
        <default><![CDATA[Y]]></default>
        <onCreateDefault/>
      </column>
      <column name="EM_OEZ_CREATEOBPERIOD" primaryKey="false" required="false" type="CHAR" size="1" autoIncrement="false">
        <default><![CDATA[Y]]></default>
        <onCreateDefault/>
      </column>
      <column name="EM_OEZ_INTIALOBDATE" primaryKey="false" required="false" type="TIMESTAMP" size="7" autoIncrement="false">
        <default/>
        <onCreateDefault/>
      </column>
      <column name="EM_OEZ_CREATEDEFACCTPERIOD" primaryKey="false" required="false" type="CHAR" size="1" autoIncrement="false">
        <default><![CDATA[Y]]></default>
        <onCreateDefault/>
      </column>
      <column name="EM_OEZ_OPENDEFACCTPERIOD" primaryKey="false" required="false" type="CHAR" size="1" autoIncrement="false">
        <default><![CDATA[Y]]></default>
        <onCreateDefault/>
      </column>
      <column name="EM_OEZ_ACTIVATEALLACCTDOC" primaryKey="false" required="false" type="CHAR" size="1" autoIncrement="false">
        <default><![CDATA[Y]]></default>
        <onCreateDefault/>
      </column>
      <column name="EM_OEZ_ACCTSCHEMA" primaryKey="false" required="false" type="VARCHAR" size="32" autoIncrement="false">
        <default/>
        <onCreateDefault/>
      </column>
      <column name="EM_OEZ_CREATEWAREHOUSE" primaryKey="false" required="false" type="CHAR" size="1" autoIncrement="false">
        <default><![CDATA[Y]]></default>
        <onCreateDefault/>
      </column>
      <column name="EM_OEZ_WAREHOUSEKEY" primaryKey="false" required="false" type="VARCHAR" size="40" autoIncrement="false">
        <default/>
        <onCreateDefault/>
      </column>
      <column name="EM_OEZ_WAREHOUSENAME" primaryKey="false" required="false" type="VARCHAR" size="60" autoIncrement="false">
        <default/>
        <onCreateDefault/>
      </column>
      <column name="EM_OEZ_WAREHOUSEADDRESS" primaryKey="false" required="false" type="VARCHAR" size="32" autoIncrement="false">
        <default/>
        <onCreateDefault/>
      </column>
      <column name="EM_OEZ_BALANCESHEETNAME" primaryKey="false" required="false" type="VARCHAR" size="60" autoIncrement="false">
        <default/>
        <onCreateDefault/>
      </column>
      <column name="EM_OEZ_CREATEINCOMESTATEMENT" primaryKey="false" required="false" type="CHAR" size="1" autoIncrement="false">
        <default><![CDATA[Y]]></default>
        <onCreateDefault/>
      </column>
      <column name="EM_OEZ_INCOMESTATEMENTNAME" primaryKey="false" required="false" type="VARCHAR" size="60" autoIncrement="false">
        <default/>
        <onCreateDefault/>
      </column>
      <column name="EM_OEZ_RUNCONFIGWIZARD" primaryKey="false" required="false" type="CHAR" size="1" autoIncrement="false">
        <default><![CDATA[N]]></default>
        <onCreateDefault/>
      </column>
      <column name="EM_OEZ_CONTROLDIGIT" primaryKey="false" required="false" type="DECIMAL" autoIncrement="false">
        <default/>
        <onCreateDefault/>
      </column>
      <column name="EM_OEZ_CASH_CURRENCY_ID" primaryKey="false" required="false" type="VARCHAR" size="32" autoIncrement="false">
        <default/>
        <onCreateDefault/>
      </column>
      <column name="EM_OEZ_BS_ACCTSCHME_ID" primaryKey="false" required="false" type="VARCHAR" size="32" autoIncrement="false">
        <default/>
        <onCreateDefault/>
      </column>
      <column name="EM_OEZ_IS_ACCTSCHEMA_ID" primaryKey="false" required="false" type="VARCHAR" size="32" autoIncrement="false">
        <default/>
        <onCreateDefault/>
      </column>
      <column name="EM_OEZ_CREATEBALANCESHEET" primaryKey="false" required="true" type="CHAR" size="1" autoIncrement="false">
        <default><![CDATA[Y]]></default>
        <onCreateDefault/>
      </column>
      <foreign-key foreignTable="C_ACCTSCHEMA" name="EM_OEZ_ORG_ACCTSCHEMA_FK">
        <reference local="EM_OEZ_ACCTSCHEMA" foreign="C_ACCTSCHEMA_ID"/>
      </foreign-key>
      <foreign-key foreignTable="C_ACCTSCHEMA" name="EM_OEZ_ORG_BS_ACCTSCHEMA_FK">
        <reference local="EM_OEZ_BS_ACCTSCHME_ID" foreign="C_ACCTSCHEMA_ID"/>
      </foreign-key>
      <foreign-key foreignTable="C_CURRENCY" name="EM_OEZ_ORG_CASHCURRENCY_FK">
        <reference local="EM_OEZ_CASH_CURRENCY_ID" foreign="C_CURRENCY_ID"/>
      </foreign-key>
      <foreign-key foreignTable="C_ACCTSCHEMA" name="EM_OEZ_ORG_IS_ACCTSCHEMA_FK">
        <reference local="EM_OEZ_IS_ACCTSCHEMA_ID" foreign="C_ACCTSCHEMA_ID"/>
      </foreign-key>
      <foreign-key foreignTable="C_LOCATION" name="EM_OEZ_ORG_WHADDRESS_FK">
        <reference local="EM_OEZ_WAREHOUSEADDRESS" foreign="C_LOCATION_ID"/>
      </foreign-key>
    </table>
  </database>
