<?xml version="1.0"?>
  <database name="MODIFIED TABLE AD_TABLE">
    <table name="AD_TABLE" primaryKey="AD_TABLE_KEY">
      <column name="EM_OEZ_HANDLERCLASSNAME" primaryKey="false" required="false" type="VARCHAR" size="1000" autoIncrement="false">
        <default/>
        <onCreateDefault/>
      </column>
      <column name="EM_OEZ_DOCUMENTDATE" primaryKey="false" required="false" type="VARCHAR" size="60" autoIncrement="false">
        <default/>
        <onCreateDefault/>
      </column>
      <column name="EM_OEZ_CODOCUMENTNO" primaryKey="false" required="false" type="VARCHAR" size="60" autoIncrement="false">
        <default/>
        <onCreateDefault/>
      </column>
      <column name="EM_OEZ_DOCSTATUSCOLUMN" primaryKey="false" required="false" type="VARCHAR" size="40" autoIncrement="false">
        <default/>
        <onCreateDefault/>
      </column>
      <column name="EM_OEZ_TRXAMTCOLUMN" primaryKey="false" required="false" type="VARCHAR" size="60" autoIncrement="false">
        <default/>
        <onCreateDefault/>
      </column>
    </table>
  </database>
