<?xml version="1.0"?>
  <database name="MODIFIED TABLE C_BPARTNER">
    <table name="C_BPARTNER" primaryKey="C_BPARTNER_KEY">
      <column name="EM_OEZ_CUSTOMERTYPE_ID" primaryKey="false" required="false" type="VARCHAR" size="32" autoIncrement="false">
        <default/>
        <onCreateDefault/>
      </column>
      <column name="EM_OEZ_ACTIVATED" primaryKey="false" required="false" type="CHAR" size="1" autoIncrement="false">
        <default><![CDATA[N]]></default>
        <onCreateDefault/>
      </column>
      <column name="EM_OEZ_DOCSTATUS" primaryKey="false" required="true" type="VARCHAR" size="60" autoIncrement="false">
        <default><![CDATA[DR]]></default>
        <onCreateDefault/>
      </column>
      <column name="EM_OEZ_IS_PKP" primaryKey="false" required="true" type="CHAR" size="1" autoIncrement="false">
        <default><![CDATA[ ]]></default>
        <onCreateDefault/>
      </column>
      <foreign-key foreignTable="OEZ_CUSTOMERTYPE" name="EM_OEZ_BP_CUSTOMERTYPE_FK">
        <reference local="EM_OEZ_CUSTOMERTYPE_ID" foreign="OEZ_CUSTOMERTYPE_ID"/>
      </foreign-key>
    </table>
  </database>
