<?xml version="1.0"?>
  <database name="MODIFIED TABLE C_BUDGET">
    <table name="C_BUDGET" primaryKey="C_BUDGET_KEY">
      <column name="EM_OEZ_DOCACTION" primaryKey="false" required="true" type="VARCHAR" size="60" autoIncrement="false">
        <default><![CDATA[AP]]></default>
        <onCreateDefault/>
      </column>
      <column name="EM_OEZ_DOCSTATUS" primaryKey="false" required="true" type="VARCHAR" size="60" autoIncrement="false">
        <default><![CDATA[DR]]></default>
        <onCreateDefault/>
      </column>
    </table>
  </database>
