<?xml version="1.0"?>
  <database name="MODIFIED TABLE C_INVOICE">
    <table name="C_INVOICE" primaryKey="C_INVOICE_KEY">
      <column name="EM_OEZ_CREATE_SALESORDER" primaryKey="false" required="false" type="VARCHAR" size="1" autoIncrement="false">
        <default/>
        <onCreateDefault/>
      </column>
      <column name="EM_OEZ_ISREIMBURSEMENT" primaryKey="false" required="true" type="CHAR" size="1" autoIncrement="false">
        <default><![CDATA[N]]></default>
        <onCreateDefault/>
      </column>
    </table>
  </database>
