<?xml version="1.0"?>
  <database name="MODIFIED TABLE C_INVOICELINE">
    <table name="C_INVOICELINE" primaryKey="C_INVOICELINE_KEY">
      <column name="EM_OEZ_MAKENETUNITPRICEFIXED" primaryKey="false" required="true" type="CHAR" size="1" autoIncrement="false">
        <default><![CDATA[N]]></default>
        <onCreateDefault/>
      </column>
      <column name="EM_OEZ_CANCELPRICEAD" primaryKey="false" required="true" type="CHAR" size="1" autoIncrement="false">
        <default><![CDATA[N]]></default>
        <onCreateDefault/>
      </column>
    </table>
  </database>
