<?xml version="1.0"?>
  <database name="MODIFIED TABLE C_ORDER">
    <table name="C_ORDER" primaryKey="C_ORDER_KEY">
      <column name="EM_OEZ_REVIEWSO" primaryKey="false" required="true" type="CHAR" size="1" autoIncrement="false">
        <default><![CDATA[N]]></default>
        <onCreateDefault/>
      </column>
      <column name="EM_OEZ_ISVALIDRECORD" primaryKey="false" required="true" type="CHAR" size="1" autoIncrement="false">
        <default><![CDATA[N]]></default>
        <onCreateDefault/>
      </column>
      <column name="EM_OEZ_CREATE_PURCHASEORDER" primaryKey="false" required="false" type="CHAR" size="1" autoIncrement="false">
        <default/>
        <onCreateDefault/>
      </column>
    </table>
  </database>
