<?xml version="1.0"?>
  <database name="MODIFIED TABLE C_ORDERLINE">
    <table name="C_ORDERLINE" primaryKey="C_ORDERLINE_KEY">
      <column name="EM_OEZ_ORDERLINE_ID_LINK" primaryKey="false" required="false" type="VARCHAR" size="32" autoIncrement="false">
        <default/>
        <onCreateDefault/>
      </column>
      <column name="EM_OEZ_MAKENETUNITPRICEFIXED" primaryKey="false" required="true" type="CHAR" size="1" autoIncrement="false">
        <default><![CDATA[N]]></default>
        <onCreateDefault/>
      </column>
    </table>
  </database>
