<?xml version="1.0"?>
  <database name="MODIFIED TABLE I_BPARTNER">
    <table name="I_BPARTNER" primaryKey="I_BPARTNER_KEY">
      <column name="EM_OEZ_ISCUSTOMER" primaryKey="false" required="false" type="CHAR" size="1" autoIncrement="false">
        <default/>
        <onCreateDefault/>
      </column>
      <column name="EM_OEZ_ISEMPLOYEE" primaryKey="false" required="false" type="CHAR" size="1" autoIncrement="false">
        <default/>
        <onCreateDefault/>
      </column>
      <column name="EM_OEZ_ISVENDOR" primaryKey="false" required="false" type="CHAR" size="1" autoIncrement="false">
        <default/>
        <onCreateDefault/>
      </column>
    </table>
  </database>
