<?xml version="1.0"?>
  <database name="MODIFIED TABLE I_INVOICE">
    <table name="I_INVOICE" primaryKey="I_INVOICE_KEY">
      <column name="EM_OEZ_DATEINVOICED" primaryKey="false" required="false" type="TIMESTAMP" size="7" autoIncrement="false">
        <default/>
        <onCreateDefault/>
      </column>
      <column name="EM_OEZ_CURRENCYISO" primaryKey="false" required="false" type="VARCHAR" size="5" autoIncrement="false">
        <default/>
        <onCreateDefault/>
      </column>
      <column name="EM_OEZ_FIN_PAYMENTMETHOD_ID" primaryKey="false" required="false" type="VARCHAR" size="32" autoIncrement="false">
        <default/>
        <onCreateDefault/>
      </column>
      <column name="EM_OEZ_PAYMENTMETHODVALUE" primaryKey="false" required="false" type="VARCHAR" size="32" autoIncrement="false">
        <default/>
        <onCreateDefault/>
      </column>
      <column name="EM_OEZ_SALESREP" primaryKey="false" required="false" type="VARCHAR" size="60" autoIncrement="false">
        <default/>
        <onCreateDefault/>
      </column>
      <column name="EM_OEZ_IMPORT" primaryKey="false" required="false" type="CHAR" size="1" autoIncrement="false">
        <default/>
        <onCreateDefault/>
      </column>
    </table>
  </database>
