<?xml version="1.0"?>
  <database name="MODIFIED TABLE M_COSTING">
    <table name="M_COSTING" primaryKey="M_COSTING_KEY">
      <column name="EM_OEZ_ATTRIBUTESETINSTANCE_ID" primaryKey="false" required="false" type="VARCHAR" size="32" autoIncrement="false">
        <default/>
        <onCreateDefault/>
      </column>
      <column name="EM_OEZ_USEDQTY" primaryKey="false" required="false" type="DECIMAL" autoIncrement="false">
        <default/>
        <onCreateDefault/>
      </column>
      <column name="EM_OEZ_SERNO" primaryKey="false" required="false" type="VARCHAR" size="60" autoIncrement="false">
        <default/>
        <onCreateDefault/>
      </column>
      <foreign-key foreignTable="M_ATTRIBUTESETINSTANCE" name="EM_OEZ_ATTRIBUTESETINSTANCE_FK">
        <reference local="EM_OEZ_ATTRIBUTESETINSTANCE_ID" foreign="M_ATTRIBUTESETINSTANCE_ID"/>
      </foreign-key>
    </table>
  </database>
