<?xml version="1.0"?>
  <database name="MODIFIED TABLE M_INOUTLINE">
    <table name="M_INOUTLINE" primaryKey="M_INOUTLINE_KEY">
      <column name="EM_OEZ_REIMBURSEFROM_ID" primaryKey="false" required="false" type="VARCHAR" size="32" autoIncrement="false">
        <default/>
        <onCreateDefault/>
      </column>
      <column name="EM_OEZ_ATTRIBUTESETINSTANCE_ID" primaryKey="false" required="false" type="VARCHAR" size="32" autoIncrement="false">
        <default/>
        <onCreateDefault/>
      </column>
      <foreign-key foreignTable="M_ATTRIBUTESETINSTANCE" name="EM_OEZ_ATTRIBUTESETINSTANCE_FK">
        <reference local="EM_OEZ_ATTRIBUTESETINSTANCE_ID" foreign="M_ATTRIBUTESETINSTANCE_ID"/>
      </foreign-key>
    </table>
  </database>
