<?xml version="1.0" encoding="UTF-8"?><ob:Openbravo xmlns:ob="http://www.openbravo.com" xmlns:xsi="http://www.w3.org/2001/XMLSchema-instance">
  <DataImportFormat id="8E99247B328F4C61BC5EEEEAE4F225CB" identifier="Import Employee">
    <id>8E99247B328F4C61BC5EEEEAE4F225CB</id>
    <active>true</active>
    <creationDate transient="true">2013-12-11T16:20:29.462Z</creationDate>
    <createdBy transient="true" id="100" entity-name="ADUser" identifier="Openbravo"/>
    <updated transient="true">2013-12-11T16:21:56.450Z</updated>
    <updatedBy transient="true" id="100" entity-name="ADUser" identifier="Openbravo"/>
    <name>Import Employee</name>
    <description xsi:nil="true"/>
    <table id="CE864C4EAA014D0F9528ECFE4480CCB4" entity-name="ADTable" identifier="hris_i_employee_candidate"/>
    <format>C</format>
    <processNow>false</processNow>
  </DataImportFormat>
  <DataImportFormatRow id="035708108BBD4F958A7D73FCA92CB901" identifier="Bank_Name">
    <id>035708108BBD4F958A7D73FCA92CB901</id>
    <active>true</active>
    <creationDate transient="true">2013-12-11T16:26:34.0Z</creationDate>
    <createdBy transient="true" id="0" entity-name="ADUser" identifier="System"/>
    <updated transient="true">2013-12-11T16:26:34.0Z</updated>
    <updatedBy transient="true" id="0" entity-name="ADUser" identifier="System"/>
    <importFormat id="8E99247B328F4C61BC5EEEEAE4F225CB" entity-name="DataImportFormat" identifier="Import Employee"/>
    <sequenceNumber>460</sequenceNumber>
    <name>Bank_Name</name>
    <column id="55FE30FE4748481080A69E7E33DCF3DB" entity-name="ADColumn" identifier="Bank_Name"/>
    <startingNo xsi:nil="true"/>
    <endNo xsi:nil="true"/>
    <dataType>S</dataType>
    <dataFormat xsi:nil="true"/>
    <decimalPoint>.</decimalPoint>
    <divideBy100>false</divideBy100>
    <constantValue xsi:nil="true"/>
    <calloutFunction xsi:nil="true"/>
    <script xsi:nil="true"/>
  </DataImportFormatRow>
  <DataImportFormatRow id="18A7ED5864C742EE9D51940B4B5563FA" identifier="S_Cost Center">
    <id>18A7ED5864C742EE9D51940B4B5563FA</id>
    <active>true</active>
    <creationDate transient="true">2013-12-11T16:26:34.0Z</creationDate>
    <createdBy transient="true" id="0" entity-name="ADUser" identifier="System"/>
    <updated transient="true">2013-12-11T16:26:34.0Z</updated>
    <updatedBy transient="true" id="0" entity-name="ADUser" identifier="System"/>
    <importFormat id="8E99247B328F4C61BC5EEEEAE4F225CB" entity-name="DataImportFormat" identifier="Import Employee"/>
    <sequenceNumber>380</sequenceNumber>
    <name>S_Cost Center</name>
    <column id="ADB8A17BB43A4B47B0A72EB692EAFA56" entity-name="ADColumn" identifier="S_Costcenter"/>
    <startingNo xsi:nil="true"/>
    <endNo xsi:nil="true"/>
    <dataType>S</dataType>
    <dataFormat xsi:nil="true"/>
    <decimalPoint>.</decimalPoint>
    <divideBy100>false</divideBy100>
    <constantValue xsi:nil="true"/>
    <calloutFunction xsi:nil="true"/>
    <script xsi:nil="true"/>
  </DataImportFormatRow>
  <DataImportFormatRow id="1DE2B2C6E7EB42A3BEEDA29F876505F7" identifier="Birthday">
    <id>1DE2B2C6E7EB42A3BEEDA29F876505F7</id>
    <active>true</active>
    <creationDate transient="true">2013-12-11T16:26:34.0Z</creationDate>
    <createdBy transient="true" id="0" entity-name="ADUser" identifier="System"/>
    <updated transient="true">2013-12-11T16:40:13.680Z</updated>
    <updatedBy transient="true" id="100" entity-name="ADUser" identifier="Openbravo"/>
    <importFormat id="8E99247B328F4C61BC5EEEEAE4F225CB" entity-name="DataImportFormat" identifier="Import Employee"/>
    <sequenceNumber>40</sequenceNumber>
    <name>Birthday</name>
    <column id="45C4B2D744FC4AF4ADAFAE5A92D8AF47" entity-name="ADColumn" identifier="Birthday"/>
    <startingNo xsi:nil="true"/>
    <endNo xsi:nil="true"/>
    <dataType>D</dataType>
    <dataFormat>dd-mm-yyyy</dataFormat>
    <decimalPoint>.</decimalPoint>
    <divideBy100>false</divideBy100>
    <constantValue xsi:nil="true"/>
    <calloutFunction xsi:nil="true"/>
    <script xsi:nil="true"/>
  </DataImportFormatRow>
  <DataImportFormatRow id="253D8727D92B4295AD9549DE2BA28E58" identifier="Address1">
    <id>253D8727D92B4295AD9549DE2BA28E58</id>
    <active>true</active>
    <creationDate transient="true">2013-12-11T16:26:34.0Z</creationDate>
    <createdBy transient="true" id="0" entity-name="ADUser" identifier="System"/>
    <updated transient="true">2013-12-11T16:26:34.0Z</updated>
    <updatedBy transient="true" id="0" entity-name="ADUser" identifier="System"/>
    <importFormat id="8E99247B328F4C61BC5EEEEAE4F225CB" entity-name="DataImportFormat" identifier="Import Employee"/>
    <sequenceNumber>200</sequenceNumber>
    <name>Address1</name>
    <column id="F6A7ED93FA7B4D72A846893573A19331" entity-name="ADColumn" identifier="Address1"/>
    <startingNo xsi:nil="true"/>
    <endNo xsi:nil="true"/>
    <dataType>S</dataType>
    <dataFormat xsi:nil="true"/>
    <decimalPoint>.</decimalPoint>
    <divideBy100>false</divideBy100>
    <constantValue xsi:nil="true"/>
    <calloutFunction xsi:nil="true"/>
    <script xsi:nil="true"/>
  </DataImportFormatRow>
  <DataImportFormatRow id="362E49FAD5AC43A8B79AEDCD9C63C68C" identifier="S_Country">
    <id>362E49FAD5AC43A8B79AEDCD9C63C68C</id>
    <active>true</active>
    <creationDate transient="true">2013-12-11T16:26:34.0Z</creationDate>
    <createdBy transient="true" id="0" entity-name="ADUser" identifier="System"/>
    <updated transient="true">2013-12-11T16:26:34.0Z</updated>
    <updatedBy transient="true" id="0" entity-name="ADUser" identifier="System"/>
    <importFormat id="8E99247B328F4C61BC5EEEEAE4F225CB" entity-name="DataImportFormat" identifier="Import Employee"/>
    <sequenceNumber>240</sequenceNumber>
    <name>S_Country</name>
    <column id="AA6EE8EC6D904B9FAA37EE4A110007AB" entity-name="ADColumn" identifier="S_Country"/>
    <startingNo xsi:nil="true"/>
    <endNo xsi:nil="true"/>
    <dataType>S</dataType>
    <dataFormat xsi:nil="true"/>
    <decimalPoint>.</decimalPoint>
    <divideBy100>false</divideBy100>
    <constantValue xsi:nil="true"/>
    <calloutFunction xsi:nil="true"/>
    <script xsi:nil="true"/>
  </DataImportFormatRow>
  <DataImportFormatRow id="36377BBE9E5C4153B1B49040F5D853C3" identifier="A_Name">
    <id>36377BBE9E5C4153B1B49040F5D853C3</id>
    <active>true</active>
    <creationDate transient="true">2013-12-11T16:26:34.0Z</creationDate>
    <createdBy transient="true" id="0" entity-name="ADUser" identifier="System"/>
    <updated transient="true">2013-12-11T16:26:34.0Z</updated>
    <updatedBy transient="true" id="0" entity-name="ADUser" identifier="System"/>
    <importFormat id="8E99247B328F4C61BC5EEEEAE4F225CB" entity-name="DataImportFormat" identifier="Import Employee"/>
    <sequenceNumber>480</sequenceNumber>
    <name>A_Name</name>
    <column id="FB9A7D4107EC4801ABF471C8710D2341" entity-name="ADColumn" identifier="A_Name"/>
    <startingNo xsi:nil="true"/>
    <endNo xsi:nil="true"/>
    <dataType>S</dataType>
    <dataFormat xsi:nil="true"/>
    <decimalPoint>.</decimalPoint>
    <divideBy100>false</divideBy100>
    <constantValue xsi:nil="true"/>
    <calloutFunction xsi:nil="true"/>
    <script xsi:nil="true"/>
  </DataImportFormatRow>
  <DataImportFormatRow id="3849A43C038546769B4DB533E51CF44A" identifier="S_Level">
    <id>3849A43C038546769B4DB533E51CF44A</id>
    <active>true</active>
    <creationDate transient="true">2013-12-11T16:26:34.0Z</creationDate>
    <createdBy transient="true" id="0" entity-name="ADUser" identifier="System"/>
    <updated transient="true">2013-12-11T16:26:34.0Z</updated>
    <updatedBy transient="true" id="0" entity-name="ADUser" identifier="System"/>
    <importFormat id="8E99247B328F4C61BC5EEEEAE4F225CB" entity-name="DataImportFormat" identifier="Import Employee"/>
    <sequenceNumber>420</sequenceNumber>
    <name>S_Level</name>
    <column id="DE933622BF134C499C7207166F4AB0D0" entity-name="ADColumn" identifier="S_Level"/>
    <startingNo xsi:nil="true"/>
    <endNo xsi:nil="true"/>
    <dataType>S</dataType>
    <dataFormat xsi:nil="true"/>
    <decimalPoint>.</decimalPoint>
    <divideBy100>false</divideBy100>
    <constantValue xsi:nil="true"/>
    <calloutFunction xsi:nil="true"/>
    <script xsi:nil="true"/>
  </DataImportFormatRow>
  <DataImportFormatRow id="3D24E15DD5614AA989C2AFD60B14DBF8" identifier="S_Job Title">
    <id>3D24E15DD5614AA989C2AFD60B14DBF8</id>
    <active>true</active>
    <creationDate transient="true">2013-12-11T16:26:34.0Z</creationDate>
    <createdBy transient="true" id="0" entity-name="ADUser" identifier="System"/>
    <updated transient="true">2013-12-11T16:26:34.0Z</updated>
    <updatedBy transient="true" id="0" entity-name="ADUser" identifier="System"/>
    <importFormat id="8E99247B328F4C61BC5EEEEAE4F225CB" entity-name="DataImportFormat" identifier="Import Employee"/>
    <sequenceNumber>400</sequenceNumber>
    <name>S_Job Title</name>
    <column id="647CFAB18D454319A02F0B5E17F9D2E1" entity-name="ADColumn" identifier="S_Jobtitle"/>
    <startingNo xsi:nil="true"/>
    <endNo xsi:nil="true"/>
    <dataType>S</dataType>
    <dataFormat xsi:nil="true"/>
    <decimalPoint>.</decimalPoint>
    <divideBy100>false</divideBy100>
    <constantValue xsi:nil="true"/>
    <calloutFunction xsi:nil="true"/>
    <script xsi:nil="true"/>
  </DataImportFormatRow>
  <DataImportFormatRow id="4A1436AF66554715B360EC879191BD7A" identifier="Phone">
    <id>4A1436AF66554715B360EC879191BD7A</id>
    <active>true</active>
    <creationDate transient="true">2013-12-11T16:26:34.0Z</creationDate>
    <createdBy transient="true" id="0" entity-name="ADUser" identifier="System"/>
    <updated transient="true">2013-12-11T16:26:34.0Z</updated>
    <updatedBy transient="true" id="0" entity-name="ADUser" identifier="System"/>
    <importFormat id="8E99247B328F4C61BC5EEEEAE4F225CB" entity-name="DataImportFormat" identifier="Import Employee"/>
    <sequenceNumber>260</sequenceNumber>
    <name>Phone</name>
    <column id="CDD32762D12C412AAFF4E059B47B0929" entity-name="ADColumn" identifier="Phone"/>
    <startingNo xsi:nil="true"/>
    <endNo xsi:nil="true"/>
    <dataType>S</dataType>
    <dataFormat xsi:nil="true"/>
    <decimalPoint>.</decimalPoint>
    <divideBy100>false</divideBy100>
    <constantValue xsi:nil="true"/>
    <calloutFunction xsi:nil="true"/>
    <script xsi:nil="true"/>
  </DataImportFormatRow>
  <DataImportFormatRow id="54D633ECA7CC4509A4D162EA04E3F64C" identifier="Phone2">
    <id>54D633ECA7CC4509A4D162EA04E3F64C</id>
    <active>true</active>
    <creationDate transient="true">2013-12-11T16:26:34.0Z</creationDate>
    <createdBy transient="true" id="0" entity-name="ADUser" identifier="System"/>
    <updated transient="true">2013-12-11T16:26:34.0Z</updated>
    <updatedBy transient="true" id="0" entity-name="ADUser" identifier="System"/>
    <importFormat id="8E99247B328F4C61BC5EEEEAE4F225CB" entity-name="DataImportFormat" identifier="Import Employee"/>
    <sequenceNumber>270</sequenceNumber>
    <name>Phone2</name>
    <column id="94B36D98B1314C62A48FFA46D9DBF882" entity-name="ADColumn" identifier="Phone2"/>
    <startingNo xsi:nil="true"/>
    <endNo xsi:nil="true"/>
    <dataType>S</dataType>
    <dataFormat xsi:nil="true"/>
    <decimalPoint>.</decimalPoint>
    <divideBy100>false</divideBy100>
    <constantValue xsi:nil="true"/>
    <calloutFunction xsi:nil="true"/>
    <script xsi:nil="true"/>
  </DataImportFormatRow>
  <DataImportFormatRow id="59BDA0FA8B354B03883565DB26F4EA87" identifier="No Reg">
    <id>59BDA0FA8B354B03883565DB26F4EA87</id>
    <active>true</active>
    <creationDate transient="true">2013-12-11T16:26:34.0Z</creationDate>
    <createdBy transient="true" id="0" entity-name="ADUser" identifier="System"/>
    <updated transient="true">2013-12-11T16:26:34.0Z</updated>
    <updatedBy transient="true" id="0" entity-name="ADUser" identifier="System"/>
    <importFormat id="8E99247B328F4C61BC5EEEEAE4F225CB" entity-name="DataImportFormat" identifier="Import Employee"/>
    <sequenceNumber>10</sequenceNumber>
    <name>No Reg</name>
    <column id="C776FD4BD1E9465A822D28E9340DCBBA" entity-name="ADColumn" identifier="Value"/>
    <startingNo xsi:nil="true"/>
    <endNo xsi:nil="true"/>
    <dataType>S</dataType>
    <dataFormat xsi:nil="true"/>
    <decimalPoint>.</decimalPoint>
    <divideBy100>false</divideBy100>
    <constantValue xsi:nil="true"/>
    <calloutFunction xsi:nil="true"/>
    <script xsi:nil="true"/>
  </DataImportFormatRow>
  <DataImportFormatRow id="59D0D586BDCA4346AB9DF16E32B4123A" identifier="Email">
    <id>59D0D586BDCA4346AB9DF16E32B4123A</id>
    <active>true</active>
    <creationDate transient="true">2013-12-11T16:26:34.0Z</creationDate>
    <createdBy transient="true" id="0" entity-name="ADUser" identifier="System"/>
    <updated transient="true">2013-12-11T16:26:34.0Z</updated>
    <updatedBy transient="true" id="0" entity-name="ADUser" identifier="System"/>
    <importFormat id="8E99247B328F4C61BC5EEEEAE4F225CB" entity-name="DataImportFormat" identifier="Import Employee"/>
    <sequenceNumber>170</sequenceNumber>
    <name>Email</name>
    <column id="DB1962CC89E741C4B9B4AECB30854944" entity-name="ADColumn" identifier="Email"/>
    <startingNo xsi:nil="true"/>
    <endNo xsi:nil="true"/>
    <dataType>S</dataType>
    <dataFormat xsi:nil="true"/>
    <decimalPoint>.</decimalPoint>
    <divideBy100>false</divideBy100>
    <constantValue xsi:nil="true"/>
    <calloutFunction xsi:nil="true"/>
    <script xsi:nil="true"/>
  </DataImportFormatRow>
  <DataImportFormatRow id="5B6DA10E786542A78F628814E78D1B23" identifier="Institution_Name">
    <id>5B6DA10E786542A78F628814E78D1B23</id>
    <active>true</active>
    <creationDate transient="true">2013-12-11T16:26:34.0Z</creationDate>
    <createdBy transient="true" id="0" entity-name="ADUser" identifier="System"/>
    <updated transient="true">2013-12-11T16:26:34.0Z</updated>
    <updatedBy transient="true" id="0" entity-name="ADUser" identifier="System"/>
    <importFormat id="8E99247B328F4C61BC5EEEEAE4F225CB" entity-name="DataImportFormat" identifier="Import Employee"/>
    <sequenceNumber>310</sequenceNumber>
    <name>Institution_Name</name>
    <column id="F8E8B62B645D4B81B2752EA01AE7C920" entity-name="ADColumn" identifier="Institution_Name"/>
    <startingNo xsi:nil="true"/>
    <endNo xsi:nil="true"/>
    <dataType>S</dataType>
    <dataFormat xsi:nil="true"/>
    <decimalPoint>.</decimalPoint>
    <divideBy100>false</divideBy100>
    <constantValue xsi:nil="true"/>
    <calloutFunction xsi:nil="true"/>
    <script xsi:nil="true"/>
  </DataImportFormatRow>
  <DataImportFormatRow id="70039A41201648EF9F585109FBA67033" identifier="Nilai">
    <id>70039A41201648EF9F585109FBA67033</id>
    <active>true</active>
    <creationDate transient="true">2013-12-11T16:26:34.0Z</creationDate>
    <createdBy transient="true" id="0" entity-name="ADUser" identifier="System"/>
    <updated transient="true">2013-12-11T16:26:34.0Z</updated>
    <updatedBy transient="true" id="0" entity-name="ADUser" identifier="System"/>
    <importFormat id="8E99247B328F4C61BC5EEEEAE4F225CB" entity-name="DataImportFormat" identifier="Import Employee"/>
    <sequenceNumber>340</sequenceNumber>
    <name>Nilai</name>
    <column id="68E97E9F25374898BB7CCDF3D0E8ABD4" entity-name="ADColumn" identifier="Nilai"/>
    <startingNo xsi:nil="true"/>
    <endNo xsi:nil="true"/>
    <dataType>N</dataType>
    <dataFormat xsi:nil="true"/>
    <decimalPoint>.</decimalPoint>
    <divideBy100>false</divideBy100>
    <constantValue xsi:nil="true"/>
    <calloutFunction xsi:nil="true"/>
    <script xsi:nil="true"/>
  </DataImportFormatRow>
  <DataImportFormatRow id="74EFEC25B4484C49B7EDADEBCB1325FB" identifier="S_Position">
    <id>74EFEC25B4484C49B7EDADEBCB1325FB</id>
    <active>true</active>
    <creationDate transient="true">2013-12-11T16:26:34.0Z</creationDate>
    <createdBy transient="true" id="0" entity-name="ADUser" identifier="System"/>
    <updated transient="true">2013-12-11T16:26:34.0Z</updated>
    <updatedBy transient="true" id="0" entity-name="ADUser" identifier="System"/>
    <importFormat id="8E99247B328F4C61BC5EEEEAE4F225CB" entity-name="DataImportFormat" identifier="Import Employee"/>
    <sequenceNumber>360</sequenceNumber>
    <name>S_Position</name>
    <column id="7733DA69F6414390959AE815E41A8E4E" entity-name="ADColumn" identifier="S_Position"/>
    <startingNo xsi:nil="true"/>
    <endNo xsi:nil="true"/>
    <dataType>S</dataType>
    <dataFormat xsi:nil="true"/>
    <decimalPoint>.</decimalPoint>
    <divideBy100>false</divideBy100>
    <constantValue xsi:nil="true"/>
    <calloutFunction xsi:nil="true"/>
    <script xsi:nil="true"/>
  </DataImportFormatRow>
  <DataImportFormatRow id="78AA88F8C7254DFC9D8FC82C829E4CD2" identifier="Address2">
    <id>78AA88F8C7254DFC9D8FC82C829E4CD2</id>
    <active>true</active>
    <creationDate transient="true">2013-12-11T16:26:34.0Z</creationDate>
    <createdBy transient="true" id="0" entity-name="ADUser" identifier="System"/>
    <updated transient="true">2013-12-11T16:26:34.0Z</updated>
    <updatedBy transient="true" id="0" entity-name="ADUser" identifier="System"/>
    <importFormat id="8E99247B328F4C61BC5EEEEAE4F225CB" entity-name="DataImportFormat" identifier="Import Employee"/>
    <sequenceNumber>210</sequenceNumber>
    <name>Address2</name>
    <column id="174840B04ED34326A8CDA669D03289FB" entity-name="ADColumn" identifier="Address2"/>
    <startingNo xsi:nil="true"/>
    <endNo xsi:nil="true"/>
    <dataType>S</dataType>
    <dataFormat xsi:nil="true"/>
    <decimalPoint>.</decimalPoint>
    <divideBy100>false</divideBy100>
    <constantValue xsi:nil="true"/>
    <calloutFunction xsi:nil="true"/>
    <script xsi:nil="true"/>
  </DataImportFormatRow>
  <DataImportFormatRow id="7ACC8C31F0DA4177B87817DB4D89EF82" identifier="Join Date">
    <id>7ACC8C31F0DA4177B87817DB4D89EF82</id>
    <active>true</active>
    <creationDate transient="true">2013-12-11T16:26:34.0Z</creationDate>
    <createdBy transient="true" id="0" entity-name="ADUser" identifier="System"/>
    <updated transient="true">2013-12-11T16:45:32.371Z</updated>
    <updatedBy transient="true" id="100" entity-name="ADUser" identifier="Openbravo"/>
    <importFormat id="8E99247B328F4C61BC5EEEEAE4F225CB" entity-name="DataImportFormat" identifier="Import Employee"/>
    <sequenceNumber>180</sequenceNumber>
    <name>Join Date</name>
    <column id="4E16B7147C204ABCB28F2DA389C54602" entity-name="ADColumn" identifier="Joindate"/>
    <startingNo xsi:nil="true"/>
    <endNo xsi:nil="true"/>
    <dataType>D</dataType>
    <dataFormat>dd-MM-yyyy</dataFormat>
    <decimalPoint>.</decimalPoint>
    <divideBy100>false</divideBy100>
    <constantValue xsi:nil="true"/>
    <calloutFunction xsi:nil="true"/>
    <script xsi:nil="true"/>
  </DataImportFormatRow>
  <DataImportFormatRow id="7CFBF28FABF044EC8292FEC7D6B47359" identifier="Generic Account">
    <id>7CFBF28FABF044EC8292FEC7D6B47359</id>
    <active>true</active>
    <creationDate transient="true">2013-12-11T16:26:34.0Z</creationDate>
    <createdBy transient="true" id="0" entity-name="ADUser" identifier="System"/>
    <updated transient="true">2013-12-11T16:26:34.0Z</updated>
    <updatedBy transient="true" id="0" entity-name="ADUser" identifier="System"/>
    <importFormat id="8E99247B328F4C61BC5EEEEAE4F225CB" entity-name="DataImportFormat" identifier="Import Employee"/>
    <sequenceNumber>470</sequenceNumber>
    <name>Generic Account</name>
    <column id="209E9A722FD74FF895C28A4C6D498246" entity-name="ADColumn" identifier="Genericaccount"/>
    <startingNo xsi:nil="true"/>
    <endNo xsi:nil="true"/>
    <dataType>S</dataType>
    <dataFormat xsi:nil="true"/>
    <decimalPoint>.</decimalPoint>
    <divideBy100>false</divideBy100>
    <constantValue xsi:nil="true"/>
    <calloutFunction xsi:nil="true"/>
    <script xsi:nil="true"/>
  </DataImportFormatRow>
  <DataImportFormatRow id="7E5B2AC74A294837A03FDC9F4E9C47D5" identifier="S_Nationality">
    <id>7E5B2AC74A294837A03FDC9F4E9C47D5</id>
    <active>true</active>
    <creationDate transient="true">2013-12-11T16:26:34.0Z</creationDate>
    <createdBy transient="true" id="0" entity-name="ADUser" identifier="System"/>
    <updated transient="true">2013-12-11T16:26:34.0Z</updated>
    <updatedBy transient="true" id="0" entity-name="ADUser" identifier="System"/>
    <importFormat id="8E99247B328F4C61BC5EEEEAE4F225CB" entity-name="DataImportFormat" identifier="Import Employee"/>
    <sequenceNumber>90</sequenceNumber>
    <name>S_Nationality</name>
    <column id="244D98FB4E8C4A6A84DD07CBCD3A1CC5" entity-name="ADColumn" identifier="S_Nationality"/>
    <startingNo xsi:nil="true"/>
    <endNo xsi:nil="true"/>
    <dataType>S</dataType>
    <dataFormat xsi:nil="true"/>
    <decimalPoint>.</decimalPoint>
    <divideBy100>false</divideBy100>
    <constantValue xsi:nil="true"/>
    <calloutFunction xsi:nil="true"/>
    <script xsi:nil="true"/>
  </DataImportFormatRow>
  <DataImportFormatRow id="88FB8D7E30704BD3B0A273F390DE6141" identifier="City">
    <id>88FB8D7E30704BD3B0A273F390DE6141</id>
    <active>true</active>
    <creationDate transient="true">2013-12-11T16:26:34.0Z</creationDate>
    <createdBy transient="true" id="0" entity-name="ADUser" identifier="System"/>
    <updated transient="true">2013-12-11T16:26:34.0Z</updated>
    <updatedBy transient="true" id="0" entity-name="ADUser" identifier="System"/>
    <importFormat id="8E99247B328F4C61BC5EEEEAE4F225CB" entity-name="DataImportFormat" identifier="Import Employee"/>
    <sequenceNumber>230</sequenceNumber>
    <name>City</name>
    <column id="A78D85AAB5B944289528834521090686" entity-name="ADColumn" identifier="City"/>
    <startingNo xsi:nil="true"/>
    <endNo xsi:nil="true"/>
    <dataType>S</dataType>
    <dataFormat xsi:nil="true"/>
    <decimalPoint>.</decimalPoint>
    <divideBy100>false</divideBy100>
    <constantValue xsi:nil="true"/>
    <calloutFunction xsi:nil="true"/>
    <script xsi:nil="true"/>
  </DataImportFormatRow>
  <DataImportFormatRow id="8D77F4CE8AD946358FC4C182B054FA1C" identifier="S_Region">
    <id>8D77F4CE8AD946358FC4C182B054FA1C</id>
    <active>true</active>
    <creationDate transient="true">2013-12-11T16:26:34.0Z</creationDate>
    <createdBy transient="true" id="0" entity-name="ADUser" identifier="System"/>
    <updated transient="true">2013-12-11T16:26:34.0Z</updated>
    <updatedBy transient="true" id="0" entity-name="ADUser" identifier="System"/>
    <importFormat id="8E99247B328F4C61BC5EEEEAE4F225CB" entity-name="DataImportFormat" identifier="Import Employee"/>
    <sequenceNumber>250</sequenceNumber>
    <name>S_Region</name>
    <column id="533B13328C964FAEA1DB61A6097E7ECB" entity-name="ADColumn" identifier="S_Region"/>
    <startingNo xsi:nil="true"/>
    <endNo xsi:nil="true"/>
    <dataType>S</dataType>
    <dataFormat xsi:nil="true"/>
    <decimalPoint>.</decimalPoint>
    <divideBy100>false</divideBy100>
    <constantValue xsi:nil="true"/>
    <calloutFunction xsi:nil="true"/>
    <script xsi:nil="true"/>
  </DataImportFormatRow>
  <DataImportFormatRow id="ADF57905365F4576A009C65FDDDC5F3C" identifier="Description">
    <id>ADF57905365F4576A009C65FDDDC5F3C</id>
    <active>true</active>
    <creationDate transient="true">2013-12-11T16:26:34.0Z</creationDate>
    <createdBy transient="true" id="0" entity-name="ADUser" identifier="System"/>
    <updated transient="true">2013-12-11T16:26:34.0Z</updated>
    <updatedBy transient="true" id="0" entity-name="ADUser" identifier="System"/>
    <importFormat id="8E99247B328F4C61BC5EEEEAE4F225CB" entity-name="DataImportFormat" identifier="Import Employee"/>
    <sequenceNumber>190</sequenceNumber>
    <name>Description</name>
    <column id="FEEBA2099D6E49028F82669D7BB3A8A6" entity-name="ADColumn" identifier="Description"/>
    <startingNo xsi:nil="true"/>
    <endNo xsi:nil="true"/>
    <dataType>S</dataType>
    <dataFormat xsi:nil="true"/>
    <decimalPoint>.</decimalPoint>
    <divideBy100>false</divideBy100>
    <constantValue xsi:nil="true"/>
    <calloutFunction xsi:nil="true"/>
    <script xsi:nil="true"/>
  </DataImportFormatRow>
  <DataImportFormatRow id="B0B6A9098B154A8880D00594FFBF1FBA" identifier="S_Religion">
    <id>B0B6A9098B154A8880D00594FFBF1FBA</id>
    <active>true</active>
    <creationDate transient="true">2013-12-11T16:26:34.0Z</creationDate>
    <createdBy transient="true" id="0" entity-name="ADUser" identifier="System"/>
    <updated transient="true">2013-12-11T16:26:34.0Z</updated>
    <updatedBy transient="true" id="0" entity-name="ADUser" identifier="System"/>
    <importFormat id="8E99247B328F4C61BC5EEEEAE4F225CB" entity-name="DataImportFormat" identifier="Import Employee"/>
    <sequenceNumber>70</sequenceNumber>
    <name>S_Religion</name>
    <column id="A7AE875E5ABE43D8B23FD7E0C85716F5" entity-name="ADColumn" identifier="S_Religion"/>
    <startingNo xsi:nil="true"/>
    <endNo xsi:nil="true"/>
    <dataType>S</dataType>
    <dataFormat xsi:nil="true"/>
    <decimalPoint>.</decimalPoint>
    <divideBy100>false</divideBy100>
    <constantValue xsi:nil="true"/>
    <calloutFunction xsi:nil="true"/>
    <script xsi:nil="true"/>
  </DataImportFormatRow>
  <DataImportFormatRow id="C1EDD57163DA4CB1931CF212430EC43E" identifier="S_Sex">
    <id>C1EDD57163DA4CB1931CF212430EC43E</id>
    <active>true</active>
    <creationDate transient="true">2013-12-11T16:26:34.0Z</creationDate>
    <createdBy transient="true" id="0" entity-name="ADUser" identifier="System"/>
    <updated transient="true">2013-12-11T16:26:34.0Z</updated>
    <updatedBy transient="true" id="0" entity-name="ADUser" identifier="System"/>
    <importFormat id="8E99247B328F4C61BC5EEEEAE4F225CB" entity-name="DataImportFormat" identifier="Import Employee"/>
    <sequenceNumber>50</sequenceNumber>
    <name>S_Sex</name>
    <column id="2499FFD857C642049AC092448CA4A5E9" entity-name="ADColumn" identifier="S_Sex"/>
    <startingNo xsi:nil="true"/>
    <endNo xsi:nil="true"/>
    <dataType>S</dataType>
    <dataFormat xsi:nil="true"/>
    <decimalPoint>.</decimalPoint>
    <divideBy100>false</divideBy100>
    <constantValue xsi:nil="true"/>
    <calloutFunction xsi:nil="true"/>
    <script xsi:nil="true"/>
  </DataImportFormatRow>
  <DataImportFormatRow id="C939EA8EA88A47F78A5AB0CDEE93DF70" identifier="S_Education_Level">
    <id>C939EA8EA88A47F78A5AB0CDEE93DF70</id>
    <active>true</active>
    <creationDate transient="true">2013-12-11T16:26:34.0Z</creationDate>
    <createdBy transient="true" id="0" entity-name="ADUser" identifier="System"/>
    <updated transient="true">2013-12-11T16:26:34.0Z</updated>
    <updatedBy transient="true" id="0" entity-name="ADUser" identifier="System"/>
    <importFormat id="8E99247B328F4C61BC5EEEEAE4F225CB" entity-name="DataImportFormat" identifier="Import Employee"/>
    <sequenceNumber>280</sequenceNumber>
    <name>S_Education_Level</name>
    <column id="6A3F8D0A2C044EDAAD57CF5E909CCB90" entity-name="ADColumn" identifier="S_Education_Level"/>
    <startingNo xsi:nil="true"/>
    <endNo xsi:nil="true"/>
    <dataType>S</dataType>
    <dataFormat xsi:nil="true"/>
    <decimalPoint>.</decimalPoint>
    <divideBy100>false</divideBy100>
    <constantValue xsi:nil="true"/>
    <calloutFunction xsi:nil="true"/>
    <script xsi:nil="true"/>
  </DataImportFormatRow>
  <DataImportFormatRow id="C9987AB534F0487EA6CE7C351375D53C" identifier="S_Tax Marital Status">
    <id>C9987AB534F0487EA6CE7C351375D53C</id>
    <active>true</active>
    <creationDate transient="true">2013-12-11T16:26:34.0Z</creationDate>
    <createdBy transient="true" id="0" entity-name="ADUser" identifier="System"/>
    <updated transient="true">2013-12-11T16:26:34.0Z</updated>
    <updatedBy transient="true" id="0" entity-name="ADUser" identifier="System"/>
    <importFormat id="8E99247B328F4C61BC5EEEEAE4F225CB" entity-name="DataImportFormat" identifier="Import Employee"/>
    <sequenceNumber>140</sequenceNumber>
    <name>S_Tax Marital Status</name>
    <column id="96669DFC27854F3BAEA18EE1ADC95180" entity-name="ADColumn" identifier="S_Taxmaritalstatus"/>
    <startingNo xsi:nil="true"/>
    <endNo xsi:nil="true"/>
    <dataType>S</dataType>
    <dataFormat xsi:nil="true"/>
    <decimalPoint>.</decimalPoint>
    <divideBy100>false</divideBy100>
    <constantValue xsi:nil="true"/>
    <calloutFunction xsi:nil="true"/>
    <script xsi:nil="true"/>
  </DataImportFormatRow>
  <DataImportFormatRow id="CFA154193E35457C902E37521E0EB64A" identifier="S_Education_Dicipline">
    <id>CFA154193E35457C902E37521E0EB64A</id>
    <active>true</active>
    <creationDate transient="true">2013-12-11T16:26:34.0Z</creationDate>
    <createdBy transient="true" id="0" entity-name="ADUser" identifier="System"/>
    <updated transient="true">2013-12-11T16:26:34.0Z</updated>
    <updatedBy transient="true" id="0" entity-name="ADUser" identifier="System"/>
    <importFormat id="8E99247B328F4C61BC5EEEEAE4F225CB" entity-name="DataImportFormat" identifier="Import Employee"/>
    <sequenceNumber>290</sequenceNumber>
    <name>S_Education_Dicipline</name>
    <column id="88BF1964A6E04C91BCBA96AC59ABAB12" entity-name="ADColumn" identifier="S_Education_Dicipline"/>
    <startingNo xsi:nil="true"/>
    <endNo xsi:nil="true"/>
    <dataType>S</dataType>
    <dataFormat xsi:nil="true"/>
    <decimalPoint>.</decimalPoint>
    <divideBy100>false</divideBy100>
    <constantValue xsi:nil="true"/>
    <calloutFunction xsi:nil="true"/>
    <script xsi:nil="true"/>
  </DataImportFormatRow>
  <DataImportFormatRow id="CFD3ADAFD9AC460F8DD22C677936280D" identifier="Name">
    <id>CFD3ADAFD9AC460F8DD22C677936280D</id>
    <active>true</active>
    <creationDate transient="true">2013-12-11T16:26:34.0Z</creationDate>
    <createdBy transient="true" id="0" entity-name="ADUser" identifier="System"/>
    <updated transient="true">2013-12-11T16:26:34.0Z</updated>
    <updatedBy transient="true" id="0" entity-name="ADUser" identifier="System"/>
    <importFormat id="8E99247B328F4C61BC5EEEEAE4F225CB" entity-name="DataImportFormat" identifier="Import Employee"/>
    <sequenceNumber>20</sequenceNumber>
    <name>Name</name>
    <column id="411DF6F2DA654A778B834D38FDC67FA1" entity-name="ADColumn" identifier="Name"/>
    <startingNo xsi:nil="true"/>
    <endNo xsi:nil="true"/>
    <dataType>S</dataType>
    <dataFormat xsi:nil="true"/>
    <decimalPoint>.</decimalPoint>
    <divideBy100>false</divideBy100>
    <constantValue xsi:nil="true"/>
    <calloutFunction xsi:nil="true"/>
    <script xsi:nil="true"/>
  </DataImportFormatRow>
  <DataImportFormatRow id="D93BDE175AE4461E97EAA8041ECD58F9" identifier="S_Blod Type">
    <id>D93BDE175AE4461E97EAA8041ECD58F9</id>
    <active>true</active>
    <creationDate transient="true">2013-12-11T16:26:34.0Z</creationDate>
    <createdBy transient="true" id="0" entity-name="ADUser" identifier="System"/>
    <updated transient="true">2013-12-11T16:26:34.0Z</updated>
    <updatedBy transient="true" id="0" entity-name="ADUser" identifier="System"/>
    <importFormat id="8E99247B328F4C61BC5EEEEAE4F225CB" entity-name="DataImportFormat" identifier="Import Employee"/>
    <sequenceNumber>150</sequenceNumber>
    <name>S_Blod Type</name>
    <column id="D2FADB85143B4880851AE5CA5E158422" entity-name="ADColumn" identifier="S_Blodtype"/>
    <startingNo xsi:nil="true"/>
    <endNo xsi:nil="true"/>
    <dataType>S</dataType>
    <dataFormat xsi:nil="true"/>
    <decimalPoint>.</decimalPoint>
    <divideBy100>false</divideBy100>
    <constantValue xsi:nil="true"/>
    <calloutFunction xsi:nil="true"/>
    <script xsi:nil="true"/>
  </DataImportFormatRow>
  <DataImportFormatRow id="E1F42AAAD1E549BF9B066F119968DBCB" identifier="Certificate Date">
    <id>E1F42AAAD1E549BF9B066F119968DBCB</id>
    <active>true</active>
    <creationDate transient="true">2013-12-11T16:26:34.0Z</creationDate>
    <createdBy transient="true" id="0" entity-name="ADUser" identifier="System"/>
    <updated transient="true">2013-12-11T16:26:34.0Z</updated>
    <updatedBy transient="true" id="0" entity-name="ADUser" identifier="System"/>
    <importFormat id="8E99247B328F4C61BC5EEEEAE4F225CB" entity-name="DataImportFormat" identifier="Import Employee"/>
    <sequenceNumber>330</sequenceNumber>
    <name>Certificate Date</name>
    <column id="DE6A29BEF9FD4295896FBC5C1732D1C2" entity-name="ADColumn" identifier="Certificatedate"/>
    <startingNo xsi:nil="true"/>
    <endNo xsi:nil="true"/>
    <dataType>D</dataType>
    <dataFormat>dd-MM-yyyy</dataFormat>
    <decimalPoint>.</decimalPoint>
    <divideBy100>false</divideBy100>
    <constantValue xsi:nil="true"/>
    <calloutFunction xsi:nil="true"/>
    <script xsi:nil="true"/>
  </DataImportFormatRow>
  <DataImportFormatRow id="EA668B4317FC47C5B3EAE902D9F1B938" identifier="Postal">
    <id>EA668B4317FC47C5B3EAE902D9F1B938</id>
    <active>true</active>
    <creationDate transient="true">2013-12-11T16:26:34.0Z</creationDate>
    <createdBy transient="true" id="0" entity-name="ADUser" identifier="System"/>
    <updated transient="true">2013-12-11T16:26:34.0Z</updated>
    <updatedBy transient="true" id="0" entity-name="ADUser" identifier="System"/>
    <importFormat id="8E99247B328F4C61BC5EEEEAE4F225CB" entity-name="DataImportFormat" identifier="Import Employee"/>
    <sequenceNumber>220</sequenceNumber>
    <name>Postal</name>
    <column id="CCF817162550440D9912E54F5F4A2ADB" entity-name="ADColumn" identifier="Postal"/>
    <startingNo xsi:nil="true"/>
    <endNo xsi:nil="true"/>
    <dataType>S</dataType>
    <dataFormat xsi:nil="true"/>
    <decimalPoint>.</decimalPoint>
    <divideBy100>false</divideBy100>
    <constantValue xsi:nil="true"/>
    <calloutFunction xsi:nil="true"/>
    <script xsi:nil="true"/>
  </DataImportFormatRow>
  <DataImportFormatRow id="F2AAF3E9E2B742C2B11F065C3CAC593B" identifier="Birthplace">
    <id>F2AAF3E9E2B742C2B11F065C3CAC593B</id>
    <active>true</active>
    <creationDate transient="true">2013-12-11T16:26:34.0Z</creationDate>
    <createdBy transient="true" id="0" entity-name="ADUser" identifier="System"/>
    <updated transient="true">2013-12-11T16:26:34.0Z</updated>
    <updatedBy transient="true" id="0" entity-name="ADUser" identifier="System"/>
    <importFormat id="8E99247B328F4C61BC5EEEEAE4F225CB" entity-name="DataImportFormat" identifier="Import Employee"/>
    <sequenceNumber>30</sequenceNumber>
    <name>Birthplace</name>
    <column id="DED49B183FCC45E7BC6FE13DC4690997" entity-name="ADColumn" identifier="Birthplace"/>
    <startingNo xsi:nil="true"/>
    <endNo xsi:nil="true"/>
    <dataType>S</dataType>
    <dataFormat xsi:nil="true"/>
    <decimalPoint>.</decimalPoint>
    <divideBy100>false</divideBy100>
    <constantValue xsi:nil="true"/>
    <calloutFunction xsi:nil="true"/>
    <script xsi:nil="true"/>
  </DataImportFormatRow>
  <DataImportFormatRow id="F3991E9610B849E69B444823130B0250" identifier="S_Marital Status">
    <id>F3991E9610B849E69B444823130B0250</id>
    <active>true</active>
    <creationDate transient="true">2013-12-11T16:26:34.0Z</creationDate>
    <createdBy transient="true" id="0" entity-name="ADUser" identifier="System"/>
    <updated transient="true">2013-12-11T16:26:34.0Z</updated>
    <updatedBy transient="true" id="0" entity-name="ADUser" identifier="System"/>
    <importFormat id="8E99247B328F4C61BC5EEEEAE4F225CB" entity-name="DataImportFormat" identifier="Import Employee"/>
    <sequenceNumber>110</sequenceNumber>
    <name>S_Marital Status</name>
    <column id="CDFD4AEDF0FF4FAEB3B45CC43C86206E" entity-name="ADColumn" identifier="S_Maritalstatus"/>
    <startingNo xsi:nil="true"/>
    <endNo xsi:nil="true"/>
    <dataType>S</dataType>
    <dataFormat xsi:nil="true"/>
    <decimalPoint>.</decimalPoint>
    <divideBy100>false</divideBy100>
    <constantValue xsi:nil="true"/>
    <calloutFunction xsi:nil="true"/>
    <script xsi:nil="true"/>
  </DataImportFormatRow>
  <DataImportFormatRow id="F83E6B72A2C24F0182FAF38EBB205738" identifier="Tax ID">
    <id>F83E6B72A2C24F0182FAF38EBB205738</id>
    <active>true</active>
    <creationDate transient="true">2013-12-11T16:26:34.0Z</creationDate>
    <createdBy transient="true" id="0" entity-name="ADUser" identifier="System"/>
    <updated transient="true">2013-12-11T16:26:34.0Z</updated>
    <updatedBy transient="true" id="0" entity-name="ADUser" identifier="System"/>
    <importFormat id="8E99247B328F4C61BC5EEEEAE4F225CB" entity-name="DataImportFormat" identifier="Import Employee"/>
    <sequenceNumber>130</sequenceNumber>
    <name>Tax ID</name>
    <column id="8841626A9E1D49979CAD88A140E9B8F8" entity-name="ADColumn" identifier="Taxid"/>
    <startingNo xsi:nil="true"/>
    <endNo xsi:nil="true"/>
    <dataType>S</dataType>
    <dataFormat xsi:nil="true"/>
    <decimalPoint>.</decimalPoint>
    <divideBy100>false</divideBy100>
    <constantValue xsi:nil="true"/>
    <calloutFunction xsi:nil="true"/>
    <script xsi:nil="true"/>
  </DataImportFormatRow>
  <DataImportFormatRow id="FC01F23373A04BAC91454C0DCBA23C35" identifier="Certificate Number">
    <id>FC01F23373A04BAC91454C0DCBA23C35</id>
    <active>true</active>
    <creationDate transient="true">2013-12-11T16:26:34.0Z</creationDate>
    <createdBy transient="true" id="0" entity-name="ADUser" identifier="System"/>
    <updated transient="true">2013-12-11T16:26:34.0Z</updated>
    <updatedBy transient="true" id="0" entity-name="ADUser" identifier="System"/>
    <importFormat id="8E99247B328F4C61BC5EEEEAE4F225CB" entity-name="DataImportFormat" identifier="Import Employee"/>
    <sequenceNumber>320</sequenceNumber>
    <name>Certificate Number</name>
    <column id="EE639768530C48E8BF30459D46C1F78D" entity-name="ADColumn" identifier="Certificatenumber"/>
    <startingNo xsi:nil="true"/>
    <endNo xsi:nil="true"/>
    <dataType>S</dataType>
    <dataFormat xsi:nil="true"/>
    <decimalPoint>.</decimalPoint>
    <divideBy100>false</divideBy100>
    <constantValue xsi:nil="true"/>
    <calloutFunction xsi:nil="true"/>
    <script xsi:nil="true"/>
  </DataImportFormatRow>
  <DataImportFormatRow id="FD5A631C595A4DEA9F911B7BED0D6AFF" identifier="S_Echelon">
    <id>FD5A631C595A4DEA9F911B7BED0D6AFF</id>
    <active>true</active>
    <creationDate transient="true">2013-12-11T16:26:34.0Z</creationDate>
    <createdBy transient="true" id="0" entity-name="ADUser" identifier="System"/>
    <updated transient="true">2013-12-11T16:26:34.0Z</updated>
    <updatedBy transient="true" id="0" entity-name="ADUser" identifier="System"/>
    <importFormat id="8E99247B328F4C61BC5EEEEAE4F225CB" entity-name="DataImportFormat" identifier="Import Employee"/>
    <sequenceNumber>440</sequenceNumber>
    <name>S_Echelon</name>
    <column id="8CE39C0A9A0944C6814E8E0346A5282F" entity-name="ADColumn" identifier="S_Echelon"/>
    <startingNo xsi:nil="true"/>
    <endNo xsi:nil="true"/>
    <dataType>S</dataType>
    <dataFormat xsi:nil="true"/>
    <decimalPoint>.</decimalPoint>
    <divideBy100>false</divideBy100>
    <constantValue xsi:nil="true"/>
    <calloutFunction xsi:nil="true"/>
    <script xsi:nil="true"/>
  </DataImportFormatRow>
</ob:Openbravo>
