<?xml version="1.0" encoding="UTF-8"?>
<!--
*************************************************************************
* The contents of this file are subject to the Openbravo  Public  License
* Version  1.1  (the  "License"),  being   the  Mozilla   Public  License
* Version 1.1  with a permitted attribution clause; you may not  use this
* file except in compliance with the License. You  may  obtain  a copy of
* the License at http://www.openbravo.com/legal/license.html 
* Software distributed under the License  is  distributed  on  an "AS IS"
* basis, WITHOUT WARRANTY OF ANY KIND, either express or implied. See the
* License for the specific  language  governing  rights  and  limitations
* under the License. 
* The Original Code is Openbravo ERP. 
* The Initial Developer of the Original Code is Openbravo SLU 
* All portions are Copyright (C) 2001-2006 Openbravo SLU 
* All Rights Reserved. 
* Contributor(s):  ______________________________________.
************************************************************************
-->
<REPORT>
  <template file="ReportPaymentFilter.html"/>
  <PARAMETER id="paramToolBar" name="toolbar" default=""/>
  <PARAMETER id="paramMessage" name="paramMessage" attribute="onload" replace="xx();"/>
  <PARAMETER id="fieldCalendar" name="calendar" attribute="src" replace="es" default="en"/>
  <PARAMETER id="paramDirectory" name="directory" default=""/>
  <PARAMETER id="paramLanguage" name="paramLanguage" default=""/>
  <PARAMETER id="paramDateFrom" name="dateFrom" attribute="value"/>
	<PARAMETER id="paramDateFrom" name="dateFromdisplayFormat" attribute="displayformat" replace="xx"/>
	<PARAMETER id="paramDateFrom" name="dateFromsaveFormat" attribute="saveformat" replace="yy"/>
  <PARAMETER id="paramDateTo" name="dateTo" attribute="value"/>
	<PARAMETER id="paramDateTo" name="dateTodisplayFormat" attribute="displayformat" replace="xx"/>
	<PARAMETER id="paramDateTo" name="dateTosaveFormat" attribute="saveformat" replace="yy"/>
  <!-- 
  <PARAMETER id="paramC_BANKACCOUNT_ID" name="cBankAccount" default=""/>
  <SUBREPORT id="reportC_ACCOUNTNUMBER" name="reportC_ACCOUNTNUMBER" report="org/openbravo/erpCommon/reference/List">
    <ARGUMENT name="parameterListSelected" withId="paramC_BANKACCOUNT_ID"/>
  </SUBREPORT>
  -->
 <PARAMETER id="paramTypeVatReport" name="TypeVatReport" default=""/>
  <SUBREPORT id="reportTypeVatReport" name="reportTypeVatReport" report="org/openbravo/erpCommon/reference/List">
    <ARGUMENT name="parameterListSelected" withId="paramTypeVatReport"/>
  </SUBREPORT>
  <PARAMETER id="paramSumAmount" name="sumAmount"/>
  <PARAMETER id="param0" name="Param0" default="0"/>
  <PARAMETER id="paramCSS" name="theme" attribute="href" replace="Default"/>
  <PARAMETER id="tdleftTabs" name="leftTabs" default=""/>
  <PARAMETER id="paramParentTabContainer" name="parentTabContainer" default=" "/>
  <PARAMETER id="paramMainTabContainer" name="mainTabContainer" default=" "/>
  <PARAMETER id="paramChildTabContainer" name="childTabContainer" default=" "/>
  <PARAMETER id="tdtopButtons" name="navigationBar" default=""/>
  <PARAMETER id="keyMap" name="keyMap" default=""/>
  <PARAMETER id="messageBoxID" name="messageType" attribute="class" replace="yy" default="HIDDEN"/>
  <PARAMETER id="messageBoxIDTitle" name="messageTitle" default=""/>
  <PARAMETER id="messageBoxIDMessage" name="messageMessage" default=""/>

</REPORT>
