<?xml version="1.0" encoding="UTF-8"?>
<!--
 *************************************************************************
 * The contents of this file are subject to the Openbravo  Public  License
 * Version  1.1  (the  "License"),  being   the  Mozilla   Public  License
 * Version 1.1  with a permitted attribution clause; you may not  use this
 * file except in compliance with the License. You  may  obtain  a copy of
 * the License at http://www.openbravo.com/legal/license.html 
 * Software distributed under the License  is  distributed  on  an "AS IS"
 * basis, WITHOUT WARRANTY OF ANY KIND, either express or implied. See the
 * License for the specific  language  governing  rights  and  limitations
 * under the License. 
 * The Original Code is Openbravo ERP. 
 * The Initial Developer of the Original Code is Openbravo SLU 
 * All portions are Copyright (C) 2001-2010 Openbravo SLU 
 * All Rights Reserved. 
 * Contributor(s):  ______________________________________.
 ************************************************************************
-->
<REPORT>
	<template file="RptC_BpartnerPeriodInvoice.srpt"/>
  <PARAMETER id="param2" name="param2" default="2"/>
	<structure name="structure">
    <FIELD id="fieldRownum">position</FIELD>
    <FUNCTION id="funcEvenOddRowxx" name="MODULE" arg1="fieldRownum" arg2="param2" format="integerEdition" attribute="class" replace="yy"/>
		<FIELD id="fieldAmountPeriodInvoice">amount</FIELD>
		<FIELD id="fieldYearPeriodInvoice">year</FIELD>
		<FIELD id="fieldYearPeriodInvoice" replace="xx" attribute="class">classdesign</FIELD>
		<FIELD id="fieldAmountPeriodInvoice" replace="xx" attribute="class">classdesign</FIELD>
		<SECTION id="sectionPeriodInvoice" field="year"/>
		<SECTION id="sectionPeriodInvoiceDetail"/>
	</structure>
	<structure name="structurePeriod">
		<FIELD id="fieldPeriod">period</FIELD>
		<SECTION id="sectionPeriod"/>
	</structure>
</REPORT>
