<?xml version="1.0" encoding="UTF-8"?>
<!--
 *************************************************************************
 * The contents of this file are subject to the Openbravo  Public  License
 * Version  1.0  (the  "License"),  being   the  Mozilla   Public  License
 * Version 1.1  with a permitted attribution clause; you may not  use this
 * file except in compliance with the License. You  may  obtain  a copy of
 * the License at http://www.openbravo.com/legal/license.html 
 * Software distributed under the License  is  distributed  on  an "AS IS"
 * basis, WITHOUT WARRANTY OF ANY KIND, either express or implied. See the
 * License for the specific  language  governing  rights  and  limitations
 * under the License. 
 * The Original Code is Openbravo ERP. 
 * The Initial Developer of the Original Code is Openbravo SLU 
 * All portions are Copyright (C) 2011 Openbravo SLU 
 * All Rights Reserved. 
 * Contributor(s):  ______________________________________.
 ************************************************************************
-->
<REPORT>
    <template file="RptC_BpartnerPaymentsOut.srpt"/>
    <PARAMETER id="param2" name="param2" default="2"/>
    
    <PARAMETER id="inpTabIdPI" name="tabIdPI" attribute="value"></PARAMETER>
    <PARAMETER id="inpWindowIdPI" name="windowIdPI" attribute="value"></PARAMETER>
    <PARAMETER id="inpTabTitlePI" name="tabTitlePI" attribute="value"></PARAMETER>
    <PARAMETER id="inpMappingNamePI" name="mappingNamePI" attribute="value"></PARAMETER>
    <PARAMETER id="inpKeyParameterPI" name="keyParameterPI" attribute="value"></PARAMETER>
    
    <PARAMETER id="inpTabIdPO" name="tabIdPO" attribute="value"></PARAMETER>
    <PARAMETER id="inpWindowIdPO" name="windowIdPO" attribute="value"></PARAMETER>
    <PARAMETER id="inpTabTitlePO" name="tabTitlePO" attribute="value"></PARAMETER>
    <PARAMETER id="inpMappingNamePO" name="mappingNamePO" attribute="value"></PARAMETER>
    <PARAMETER id="inpKeyParameterPO" name="keyParameterPO" attribute="value"></PARAMETER>
    
    <structure name="structure">
        <FIELD id="fieldRownum">position</FIELD>
        <FUNCTION id="funcEvenOddRowxx" name="MODULE" arg1="fieldRownum" arg2="param2" format="integerEdition" attribute="class" replace="yy"/>
        <FIELD id="fieldInvoicenoOut">invoiceno</FIELD>
        <FIELD id="fieldInvLinkOut" attribute="onclick" replace="zz">inv_paymplan_id</FIELD>
        <FIELD id="fieldDuedate">duedate</FIELD>
        <FIELD id="fieldPaymentmethod">paymentmethod</FIELD>
        <FIELD id="fieldExpected" format="euroInform">expected</FIELD>
        <FIELD id="fieldPaid" format="euroInform">paid</FIELD>
        <FIELD id="fieldOutstanding" format="euroInform">outstanding</FIELD>
        <SECTION id="sectionPaymentsOut"/>
    </structure>
</REPORT>
