<?xml version="1.0" encoding="UTF-8"?>
<!--
 *************************************************************************
 * The contents of this file are subject to the Openbravo  Public  License
 * Version  1.0  (the  "License"),  being   the  Mozilla   Public  License
 * Version 1.1  with a permitted attribution clause; you may not  use this
 * file except in compliance with the License. You  may  obtain  a copy of
 * the License at http://www.openbravo.com/legal/license.html 
 * Software distributed under the License  is  distributed  on  an "AS IS"
 * basis, WITHOUT WARRANTY OF ANY KIND, either express or implied. See the
 * License for the specific  language  governing  rights  and  limitations
 * under the License. 
 * The Original Code is Openbravo ERP. 
 * The Initial Developer of the Original Code is Openbravo SLU 
 * All portions are Copyright (C) 2011 Openbravo SLU 
 * All Rights Reserved. 
 * Contributor(s):  ______________________________________.
 ************************************************************************
-->
<REPORT>
    <template file="RptC_BpartnerPaymentsIn.srpt"/>
    <PARAMETER id="param2" name="param2" default="2"/>
    
    <PARAMETER id="inpTabIdSI" name="tabIdSI" attribute="value"></PARAMETER>
    <PARAMETER id="inpWindowIdSI" name="windowIdSI" attribute="value"></PARAMETER>
    <PARAMETER id="inpTabTitleSI" name="tabTitleSI" attribute="value"></PARAMETER>
    <PARAMETER id="inpMappingNameSI" name="mappingNameSI" attribute="value"></PARAMETER>
    <PARAMETER id="inpKeyParameterSI" name="keyParameterSI" attribute="value"></PARAMETER>
    
    <PARAMETER id="inpTabIdSO" name="tabIdSO" attribute="value"></PARAMETER>
    <PARAMETER id="inpWindowIdSO" name="windowIdSO" attribute="value"></PARAMETER>
    <PARAMETER id="inpTabTitleSO" name="tabTitleSO" attribute="value"></PARAMETER>
    <PARAMETER id="inpMappingNameSO" name="mappingNameSO" attribute="value"></PARAMETER>
    <PARAMETER id="inpKeyParameterSO" name="keyParameterSO" attribute="value"></PARAMETER>
    
    <structure name="structure">
        <FIELD id="fieldRownum">position</FIELD>
        <FUNCTION id="funcEvenOddRowxx" name="MODULE" arg1="fieldRownum" arg2="param2" format="integerEdition" attribute="class" replace="yy"/>
        <FIELD id="fieldInvoicenoIn">invoiceno</FIELD>
        <FIELD id="fieldInvLinkIn" attribute="onclick" replace="zz">inv_paymplan_id</FIELD>
        <FIELD id="fieldDuedate">duedate</FIELD>
        <FIELD id="fieldPaymentmethod">paymentmethod</FIELD>
        <FIELD id="fieldExpected" format="euroInform">expected</FIELD>
        <FIELD id="fieldPaid" format="euroInform">paid</FIELD>
        <FIELD id="fieldOutstanding" format="euroInform">outstanding</FIELD>
        <SECTION id="sectionPaymentsIn"/>
    </structure>
</REPORT>
