<?xml version="1.0" encoding="UTF-8"?>
<!--
 *************************************************************************
 * The contents of this file are subject to the Openbravo  Public  License
 * Version  1.1  (the  "License"),  being   the  Mozilla   Public  License
 * Version 1.1  with a permitted attribution clause; you may not  use this
 * file except in compliance with the License. You  may  obtain  a copy of
 * the License at http://www.openbravo.com/legal/license.html 
 * Software distributed under the License  is  distributed  on  an "AS IS"
 * basis, WITHOUT WARRANTY OF ANY KIND, either express or implied. See the
 * License for the specific  language  governing  rights  and  limitations
 * under the License. 
 * The Original Code is Openbravo ERP. 
 * The Initial Developer of the Original Code is Openbravo SLU 
 * All portions are Copyright (C) 2001-2010 Openbravo SLU 
 * All Rights Reserved. 
 * Contributor(s):  ______________________________________.
 ************************************************************************
-->
<REPORT>
	<template file="RptC_BpartnerABC.srpt"/>
	<PARAMETER id="param100" name="Param100" default="100"/>
  <PARAMETER id="param2" name="param2" default="2"/>
	<structure name="structure">
    <FIELD id="fieldRownum">position</FIELD>
    <FUNCTION id="funcEvenOddRowxx" name="MODULE" arg1="fieldRownum" arg2="param2" format="integerEdition" attribute="class" replace="yy"/>
		<FIELD id="fieldABCamountactual" format="euroInform">amount</FIELD>
		<FIELD id="fieldProductnameABCactual">value</FIELD>
		<FIELD id="fieldABCqtyactual">totalactual</FIELD>
		<FIELD id="fieldABCuomactual">nameUom</FIELD>
		<FUNCTION id="fieldTotalABCactual" name="SUM">amount</FUNCTION>
		<FUNCTION id="fieldTotalDivideABCActual" name="DIVIDE" arg1="fieldABCamountactual" arg2="fieldTotalABCactual"/>
		<FUNCTION id="fieldTotalAvgABCactual" name="MULTIPLY" arg1="fieldTotalDivideABCActual" arg2="param100" format="euroInform"/>
		<FUNCTION id="fieldAvgpriceABCactual" name="DIVIDE" arg1="fieldABCamountactual" arg2="fieldABCqtyactual" format="euroInform"/>
		<SECTION id="sectionABCproductactual"/>
	</structure>
</REPORT>
