<?xml version="1.0" encoding="UTF-8"?>
<!--
 *************************************************************************
 * The contents of this file are subject to the Openbravo  Public  License
 * Version  1.1  (the  "License"),  being   the  Mozilla   Public  License
 * Version 1.1  with a permitted attribution clause; you may not  use this
 * file except in compliance with the License. You  may  obtain  a copy of
 * the License at http://www.openbravo.com/legal/license.html 
 * Software distributed under the License  is  distributed  on  an "AS IS"
 * basis, WITHOUT WARRANTY OF ANY KIND, either express or implied. See the
 * License for the specific  language  governing  rights  and  limitations
 * under the License. 
 * The Original Code is Openbravo ERP. 
 * The Initial Developer of the Original Code is Openbravo SLU 
 * All portions are Copyright (C) 2001-2011 Openbravo SLU 
 * All Rights Reserved. 
 * Contributor(s):  ______________________________________.
 ************************************************************************
-->
<REPORT>
  <template file="RptMA_CCP_Measures.fo"/>
  <structure name="structure1">
    <FIELD id="fieldDate" replaceCharacters="fo">measuredate</FIELD>
    <FIELD id="fieldGroup" replaceCharacters="fo">grupo</FIELD>
    <FIELD id="fieldFrecuency" replaceCharacters="fo">frecuency</FIELD>
    <FIELD id="fieldShift" replaceCharacters="fo">shift</FIELD>
    <FIELD id="fieldUser" replaceCharacters="fo">uname</FIELD>
    <FIELD id="fieldObservation" replaceCharacters="fo">observation</FIELD>
    <SUBREPORT id="reportHours" name="reportHours" report="org/openbravo/erpReports/RptMA_CCP_Measures_Hours"/>
    <SUBREPORT id="reportValues" name="reportValues" report="org/openbravo/erpReports/RptMA_CCP_Measures_Values"/>
    <SECTION id="sectionShiftid" field="shiftid"/>
    <SECTION id="sectionDetail"/>
  </structure>
  <DISCARD id="discard"/>
</REPORT>
