<?xml version="1.0" encoding="UTF-8"?>
<!--
 *************************************************************************
 * The contents of this file are subject to the Openbravo  Public  License
 * Version  1.1  (the  "License"),  being   the  Mozilla   Public  License
 * Version 1.1  with a permitted attribution clause; you may not  use this
 * file except in compliance with the License. You  may  obtain  a copy of
 * the License at http://www.openbravo.com/legal/license.html 
 * Software distributed under the License  is  distributed  on  an "AS IS"
 * basis, WITHOUT WARRANTY OF ANY KIND, either express or implied. See the
 * License for the specific  language  governing  rights  and  limitations
 * under the License. 
 * The Original Code is Openbravo ERP. 
 * The Initial Developer of the Original Code is Openbravo SLU 
 * All portions are Copyright (C) 2001-2010 Openbravo SLU 
 * All Rights Reserved. 
 * Contributor(s):  ______________________________________.
 ************************************************************************
-->
<REPORT>
	<template file="RptM_MovementLines.fo"/>
	<structure name="structure1">
		<FIELD id="fieldPartnername" replaceCharacters="fo">partnername</FIELD>
		<FIELD id="fieldAddress1" replaceCharacters="fo">address1</FIELD>
		<FIELD id="fieldAddress2" replaceCharacters="fo">address2</FIELD>
		<FIELD id="fieldPlace" replaceCharacters="fo">place</FIELD>
		<FIELD id="fieldDocumentno" replaceCharacters="fo">documentno</FIELD>
		<FIELD id="fieldMovementdate" replaceCharacters="fo">movementdate</FIELD>
		<FIELD id="fieldProductname" replaceCharacters="fo">productname</FIELD>
		<FIELD id="fieldMovementqty" replaceCharacters="fo" format="euroInform">movementqty</FIELD>
		<FIELD id="fieldQuantityorder" replaceCharacters="fo" format="euroInform">quantityorder</FIELD>
		<FIELD id="fieldUomname" replaceCharacters="fo">uomname</FIELD>
		<FIELD id="fieldRefatt" replaceCharacters="fo">refatt</FIELD>
		<FIELD id="fieldDescription" replaceCharacters="fo">description</FIELD>
		<FUNCTION id="fieldTotalQuantorder" name="SUM" format="euroInform">quantityorder</FUNCTION>
		<FUNCTION id="fieldTotalMovementqty" name="SUM" format="euroInform">movementqty</FUNCTION>
		<FUNCTION id="fieldTotalQuantorder1" name="SUM" format="euroInform">quantityorder</FUNCTION>
		<FUNCTION id="fieldTotalMovementqty1" name="SUM" format="euroInform">movementqty</FUNCTION>
		<SECTION id="sectionProduct" field="productname"/>
		<SECTION id="sectionDetailLines"/>
	</structure>
	<DISCARD id="discard"/>
</REPORT>
