<?xml version="1.0" encoding="UTF-8"?>
<!--
 *************************************************************************
 * The contents of this file are subject to the Openbravo  Public  License
 * Version  1.1  (the  "License"),  being   the  Mozilla   Public  License
 * Version 1.1  with a permitted attribution clause; you may not  use this
 * file except in compliance with the License. You  may  obtain  a copy of
 * the License at http://www.openbravo.com/legal/license.html 
 * Software distributed under the License  is  distributed  on  an "AS IS"
 * basis, WITHOUT WARRANTY OF ANY KIND, either express or implied. See the
 * License for the specific  language  governing  rights  and  limitations
 * under the License. 
 * The Original Code is Openbravo ERP. 
 * The Initial Developer of the Original Code is Openbravo SLU 
 * All portions are Copyright (C) 2001-2010 Openbravo SLU 
 * All Rights Reserved. 
 * Contributor(s):  ______________________________________.
 ************************************************************************
-->
<REPORT>
	<template file="RptM_InoutLines.fo"/>
	<structure name="structure2">
		<FIELD id="fieldValue" replaceCharacters="fo">value</FIELD>
		<FIELD id="fieldName" replaceCharacters="fo">name</FIELD>
		<FIELD id="fieldLot" replaceCharacters="fo">lot</FIELD>
		<FIELD id="fieldDescription" replaceCharacters="fo">description</FIELD>
		<FIELD id="fieldMovementqty" replaceCharacters="fo" format="euroInform">movementqty</FIELD>
    <!-- <FIELD id="fieldUPC" replaceCharacters="fo" attribute="message" replace="xxx">upc</FIELD> -->
		<SECTION id="sectionDetailLines"/>
	</structure>
	<DISCARD id="discard"/>
</REPORT>
