<?xml version="1.0" encoding="UTF-8" ?>
<!--
 *************************************************************************
 * The contents of this file are subject to the Openbravo  Public  License
 * Version  1.1  (the  "License"),  being   the  Mozilla   Public  License
 * Version 1.1  with a permitted attribution clause; you may not  use this
 * file except in compliance with the License. You  may  obtain  a copy of
 * the License at http://www.openbravo.com/legal/license.html 
 * Software distributed under the License  is  distributed  on  an "AS IS"
 * basis, WITHOUT WARRANTY OF ANY KIND, either express or implied. See the
 * License for the specific  language  governing  rights  and  limitations
 * under the License. 
 * The Original Code is Openbravo ERP. 
 * The Initial Developer of the Original Code is Openbravo SLU 
 * All portions are Copyright (C) 2001-2010 Openbravo SLU 
 * All Rights Reserved. 
 * Contributor(s):  ______________________________________.
 ************************************************************************
-->


<REPORT>
<template file="RptPromissoryNote.fo"/>

<structure name="structure1">

<FIELD id="fieldCDebtPaymentId" replaceCharacters="fo">cDebtPaymentId</FIELD>


<SUBREPORT id="reportPromissoryNoteHeader" name="reportPromissoryNoteHeader" report="org/openbravo/erpReports/RptPromissoryNoteHeader"/>
<SUBREPORT id="reportPromissoryNoteAfter" name="reportPromissoryNoteAfter" report="org/openbravo/erpReports/RptPromissoryNoteAfter"/>
<SUBREPORT id="reportPromissoryNoteError" name="reportPromissoryNoteError" report="org/openbravo/erpReports/RptPromissoryNoteError"/>
<SECTION id="sectionDetail"/>
</structure>


<DISCARD id="discard"/>
</REPORT>
