<?xml version="1.0" encoding="UTF-8" ?>
<!--
 *************************************************************************
 * The contents of this file are subject to the Openbravo  Public  License
 * Version  1.1  (the  "License"),  being   the  Mozilla   Public  License
 * Version 1.1  with a permitted attribution clause; you may not  use this
 * file except in compliance with the License. You  may  obtain  a copy of
 * the License at http://www.openbravo.com/legal/license.html 
 * Software distributed under the License  is  distributed  on  an "AS IS"
 * basis, WITHOUT WARRANTY OF ANY KIND, either express or implied. See the
 * License for the specific  language  governing  rights  and  limitations
 * under the License. 
 * The Original Code is Openbravo ERP. 
 * The Initial Developer of the Original Code is Openbravo SLU 
 * All portions are Copyright (C) 2001-2010 Openbravo SLU 
 * All Rights Reserved. 
 * Contributor(s):  ______________________________________.
 ************************************************************************
-->


<REPORT>
<template file="RptPromissoryNoteAfter.fo"/>

<structure name="structureAfter">

<FIELD id="fieldDayplanned" replaceCharacters="fo">dayplanned</FIELD>
<FIELD id="fieldMonthplanned" replaceCharacters="fo">monthplanned</FIELD>
<FIELD id="fieldYearplanned" replaceCharacters="fo">yearplanned</FIELD>
<FIELD id="fieldAmount" replaceCharacters="fo" format="euroEdition">amount</FIELD>
<FIELD id="fieldPartnerName" replaceCharacters="fo">partnerName</FIELD>
<FIELD id="fieldAmountText" replaceCharacters="fo">amountText</FIELD>
<FIELD id="fieldBankLocation" replaceCharacters="fo">banklocation</FIELD>
<FIELD id="fieldDaytoday" replaceCharacters="fo">daytoday</FIELD>
<FIELD id="fieldMonthtoday" replaceCharacters="fo">monthtoday</FIELD>
<FIELD id="fieldYeartoday" replaceCharacters="fo">yeartoday</FIELD>

<FIELD id="fieldDayplanned" replaceCharacters="fo" attribute="font-size" replace="zzz">fontdayplanned</FIELD>
<FIELD id="fieldMonthplanned" replaceCharacters="fo" attribute="font-size" replace="zzz">fontmonthplanned</FIELD>
<FIELD id="fieldYearplanned" replaceCharacters="fo" attribute="font-size" replace="zzz">fontyearplanned</FIELD>
<FIELD id="fieldAmount" replaceCharacters="fo" attribute="font-size" replace="zzz">fontamount</FIELD>
<FIELD id="fieldPartnerName" replaceCharacters="fo" attribute="font-size" replace="zzz">fontpartnername</FIELD>
<FIELD id="fieldAmountText" replaceCharacters="fo" attribute="font-size" replace="zzz">fontamounttext</FIELD>
<FIELD id="fieldBankLocation" replaceCharacters="fo" attribute="font-size" replace="zzz">fontbanklocation</FIELD>
<FIELD id="fieldDaytoday" replaceCharacters="fo" attribute="font-size" replace="zzz">fontdaytoday</FIELD>
<FIELD id="fieldMonthtoday" replaceCharacters="fo" attribute="font-size" replace="zzz">fontmonthtoday</FIELD>
<FIELD id="fieldYeartoday" replaceCharacters="fo" attribute="font-size" replace="zzz">fontyeartoday</FIELD>

<FIELD id="fieldLine1" replaceCharacters="fo" attribute="space-before.optimum" replace="zzz">line1top</FIELD>
<FIELD id="fieldLine2" replaceCharacters="fo" attribute="space-before.optimum" replace="zzz">line2top</FIELD>
<FIELD id="fieldLine3" replaceCharacters="fo" attribute="space-before.optimum" replace="zzz">line3top</FIELD>
<FIELD id="fieldLine4" replaceCharacters="fo" attribute="space-before.optimum" replace="zzz">line4top</FIELD>

<FIELD id="fieldLine1" replaceCharacters="fo" attribute="start-indent" replace="zzz">line1left</FIELD>
<FIELD id="fieldLine2" replaceCharacters="fo" attribute="start-indent" replace="zzz">line2left</FIELD>
<FIELD id="fieldLine3" replaceCharacters="fo" attribute="start-indent" replace="zzz">line3left</FIELD>
<FIELD id="fieldLine4" replaceCharacters="fo" attribute="start-indent" replace="zzz">line4left</FIELD>


<FIELD id="fieldParam11" replaceCharacters="fo">param11</FIELD>
<FIELD id="fieldParam12" replaceCharacters="fo">param12</FIELD>
<FIELD id="fieldParam13" replaceCharacters="fo">param13</FIELD>
<FIELD id="fieldParam31" replaceCharacters="fo">param31</FIELD>
<FIELD id="fieldParam32" replaceCharacters="fo">param32</FIELD>
<FIELD id="fieldParam41" replaceCharacters="fo">param41</FIELD>
<FIELD id="fieldParam42" replaceCharacters="fo">param42</FIELD>
<FIELD id="fieldParam43" replaceCharacters="fo">param43</FIELD>


<SECTION id="sectionDetailAfter"/>
</structure>

<DISCARD id="discard"/>
</REPORT>
