<?xml version="1.0"?>
  <database name="MODIFIED TABLE AD_CLIENTINFO">
    <table name="AD_CLIENTINFO" primaryKey="AD_CLIENTINFO_KEY">
      <column name="EM_HRIS_TREE_DEPARTMENT" primaryKey="false" required="false" type="VARCHAR" size="32" autoIncrement="false">
        <default/>
        <onCreateDefault/>
      </column>
      <column name="EM_HRIS_TREE_JOBTITLE" primaryKey="false" required="false" type="VARCHAR" size="32" autoIncrement="false">
        <default/>
        <onCreateDefault/>
      </column>
      <foreign-key foreignTable="AD_TREE" name="EM_HRIS_DP_TREE_FK">
        <reference local="EM_HRIS_TREE_DEPARTMENT" foreign="AD_TREE_ID"/>
      </foreign-key>
      <foreign-key foreignTable="AD_TREE" name="EM_HRIS_JT_TREE_FK">
        <reference local="EM_HRIS_TREE_JOBTITLE" foreign="AD_TREE_ID"/>
      </foreign-key>
    </table>
  </database>
