<?xml version="1.0"?>
  <database name="MODIFIED TABLE AD_USER">
    <table name="AD_USER" primaryKey="AD_USER_KEY">
      <column name="EM_HRIS_ISFAMILY" primaryKey="false" required="false" type="CHAR" size="1" autoIncrement="false">
        <default><![CDATA[Y]]></default>
        <onCreateDefault/>
      </column>
      <column name="EM_HRIS_ISTERTANGGUNG" primaryKey="false" required="false" type="CHAR" size="1" autoIncrement="false">
        <default><![CDATA[Y]]></default>
        <onCreateDefault/>
      </column>
      <column name="EM_HRIS_RELATION" primaryKey="false" required="false" type="VARCHAR" size="60" autoIncrement="false">
        <default/>
        <onCreateDefault/>
      </column>
      <column name="EM_HRIS_MARITALSTATUS" primaryKey="false" required="false" type="VARCHAR" size="60" autoIncrement="false">
        <default/>
        <onCreateDefault/>
      </column>
    </table>
  </database>
