<?xml version="1.0"?>
  <database name="MODIFIED TABLE C_BPARTNER">
    <table name="C_BPARTNER" primaryKey="C_BPARTNER_KEY">
      <column name="EM_HRIS_SITE" primaryKey="false" required="false" type="VARCHAR" size="32" autoIncrement="false">
        <default/>
        <onCreateDefault/>
      </column>
      <column name="EM_HRIS_BIRTHDAY" primaryKey="false" required="false" type="TIMESTAMP" size="7" autoIncrement="false">
        <default/>
        <onCreateDefault/>
      </column>
      <column name="EM_HRIS_RELIGION" primaryKey="false" required="false" type="VARCHAR" size="60" autoIncrement="false">
        <default/>
        <onCreateDefault/>
      </column>
      <column name="EM_HRIS_MARITALSTATUS" primaryKey="false" required="false" type="VARCHAR" size="60" autoIncrement="false">
        <default/>
        <onCreateDefault/>
      </column>
      <column name="EM_HRIS_BLOODGROUP" primaryKey="false" required="false" type="VARCHAR" size="60" autoIncrement="false">
        <default/>
        <onCreateDefault/>
      </column>
      <column name="EM_HRIS_JOINDATE" primaryKey="false" required="false" type="TIMESTAMP" size="7" autoIncrement="false">
        <default/>
        <onCreateDefault/>
      </column>
      <column name="EM_HRIS_RETIREMENTDATE" primaryKey="false" required="false" type="TIMESTAMP" size="7" autoIncrement="false">
        <default/>
        <onCreateDefault/>
      </column>
      <column name="EM_HRIS_C_BP_DEPARTMENT_ID" primaryKey="false" required="false" type="VARCHAR" size="32" autoIncrement="false">
        <default/>
        <onCreateDefault/>
      </column>
      <column name="EM_HRIS_EMPLOYEMENTTYPE" primaryKey="false" required="false" type="VARCHAR" size="60" autoIncrement="false">
        <default/>
        <onCreateDefault/>
      </column>
      <column name="EM_HRIS_CONTRACTNO" primaryKey="false" required="false" type="VARCHAR" size="32" autoIncrement="false">
        <default/>
        <onCreateDefault/>
      </column>
      <column name="EM_HRIS_VALIDTO" primaryKey="false" required="false" type="TIMESTAMP" size="7" autoIncrement="false">
        <default/>
        <onCreateDefault/>
      </column>
      <column name="EM_HRIS_LEVEL" primaryKey="false" required="false" type="VARCHAR" size="60" autoIncrement="false">
        <default/>
        <onCreateDefault/>
      </column>
      <column name="EM_HRIS_POSITION" primaryKey="false" required="false" type="VARCHAR" size="60" autoIncrement="false">
        <default/>
        <onCreateDefault/>
      </column>
      <column name="EM_HRIS_JOBTITLE_ID" primaryKey="false" required="false" type="VARCHAR" size="32" autoIncrement="false">
        <default/>
        <onCreateDefault/>
      </column>
      <column name="EM_HRIS_ISSTAFF" primaryKey="false" required="true" type="CHAR" size="1" autoIncrement="false">
        <default><![CDATA[N]]></default>
        <onCreateDefault/>
      </column>
      <column name="EM_HRIS_ISWINDOWEMPLOYEE" primaryKey="false" required="true" type="CHAR" size="1" autoIncrement="false">
        <default><![CDATA[N]]></default>
        <onCreateDefault/>
      </column>
      <column name="EM_HRIS_VALIDFROM" primaryKey="false" required="false" type="TIMESTAMP" size="7" autoIncrement="false">
        <default/>
        <onCreateDefault/>
      </column>
      <column name="EM_HRIS_REPORT_TO" primaryKey="false" required="false" type="VARCHAR" size="32" autoIncrement="false">
        <default/>
        <onCreateDefault/>
      </column>
      <column name="EM_HRIS_DOCUMENTNO" primaryKey="false" required="false" type="VARCHAR" size="60" autoIncrement="false">
        <default/>
        <onCreateDefault/>
      </column>
      <column name="EM_HRIS_DESCRIPTION" primaryKey="false" required="false" type="VARCHAR" size="255" autoIncrement="false">
        <default/>
        <onCreateDefault/>
      </column>
      <column name="EM_HRIS_C_BP_KPI_ID" primaryKey="false" required="false" type="VARCHAR" size="32" autoIncrement="false">
        <default/>
        <onCreateDefault/>
      </column>
      <column name="EM_HRIS_COMMENT" primaryKey="false" required="false" type="VARCHAR" size="255" autoIncrement="false">
        <default/>
        <onCreateDefault/>
      </column>
      <column name="EM_HRIS_TARGET" primaryKey="false" required="false" type="DECIMAL" autoIncrement="false">
        <default/>
        <onCreateDefault/>
      </column>
      <column name="EM_HRIS_MONTH" primaryKey="false" required="false" type="DECIMAL" autoIncrement="false">
        <default><![CDATA[0]]></default>
        <onCreateDefault/>
      </column>
      <column name="EM_HRIS_YEAR" primaryKey="false" required="false" type="DECIMAL" autoIncrement="false">
        <default><![CDATA[0]]></default>
        <onCreateDefault/>
      </column>
      <column name="EM_HRIS_ISSITE" primaryKey="false" required="true" type="CHAR" size="1" autoIncrement="false">
        <default><![CDATA[N]]></default>
        <onCreateDefault/>
      </column>
      <column name="EM_HRIS_EMPLOYEEPIC" primaryKey="false" required="false" type="VARCHAR" size="32" autoIncrement="false">
        <default/>
        <onCreateDefault/>
      </column>
      <column name="EM_HRIS_FINGERPRINT" primaryKey="false" required="false" type="VARCHAR" size="60" autoIncrement="false">
        <default/>
        <onCreateDefault/>
      </column>
      <column name="EM_HRIS_SEX" primaryKey="false" required="false" type="VARCHAR" size="60" autoIncrement="false">
        <default/>
        <onCreateDefault/>
      </column>
      <column name="EM_HRIS_AGE" primaryKey="false" required="false" type="DECIMAL" autoIncrement="false">
        <default/>
        <onCreateDefault/>
      </column>
      <column name="EM_HRIS_COSTCENTER_ID" primaryKey="false" required="false" type="VARCHAR" size="32" autoIncrement="false">
        <default/>
        <onCreateDefault/>
      </column>
      <column name="EM_HRIS_NATIONALITY_ID" primaryKey="false" required="false" type="VARCHAR" size="32" autoIncrement="false">
        <default/>
        <onCreateDefault/>
      </column>
      <column name="EM_HRIS_EMAIL" primaryKey="false" required="false" type="VARCHAR" size="255" autoIncrement="false">
        <default/>
        <onCreateDefault/>
      </column>
      <column name="EM_HRIS_BIRTHPLACE" primaryKey="false" required="false" type="VARCHAR" size="60" autoIncrement="false">
        <default/>
        <onCreateDefault/>
      </column>
      <column name="EM_HRIS_ECHELON" primaryKey="false" required="false" type="VARCHAR" size="60" autoIncrement="false">
        <default/>
        <onCreateDefault/>
      </column>
      <column name="EM_HRIS_CONTRACTTYPE" primaryKey="false" required="false" type="VARCHAR" size="60" autoIncrement="false">
        <default/>
        <onCreateDefault/>
      </column>
      <column name="EM_HRIS_ISTRAININGPROVIDER" primaryKey="false" required="true" type="CHAR" size="1" autoIncrement="false">
        <default><![CDATA[N]]></default>
        <onCreateDefault/>
      </column>
      <column name="EM_HRIS_ISINSURANCEPROVIDER" primaryKey="false" required="true" type="CHAR" size="1" autoIncrement="false">
        <default><![CDATA[N]]></default>
        <onCreateDefault/>
      </column>
      <column name="EM_HRIS_IDCARD_NO" primaryKey="false" required="false" type="VARCHAR" size="32" autoIncrement="false">
        <default/>
        <onCreateDefault/>
      </column>
      <column name="EM_HRIS_TITLE_NAME" primaryKey="false" required="false" type="VARCHAR" size="32" autoIncrement="false">
        <default/>
        <onCreateDefault/>
      </column>
      <column name="EM_HRIS_C_COSTCENTER_ID" primaryKey="false" required="false" type="VARCHAR" size="32" autoIncrement="false">
        <default/>
        <onCreateDefault/>
      </column>
      <foreign-key foreignTable="C_COSTCENTER" name="EM_HRIS_BP_C_COSTCENTER">
        <reference local="EM_HRIS_C_COSTCENTER_ID" foreign="C_COSTCENTER_ID"/>
      </foreign-key>
      <foreign-key foreignTable="C_BPARTNER" name="EM_HRIS_BPARTNER_PAYROLL">
        <reference local="EM_PYR_PAYROLLMASTER_ID" foreign="C_BPARTNER_ID"/>
      </foreign-key>
      <foreign-key foreignTable="HRIS_C_BP_DEPARTMENT" name="EM_HRIS_C_BPART_C_BP_DEPART">
        <reference local="EM_HRIS_C_BP_DEPARTMENT_ID" foreign="HRIS_C_BP_DEPARTMENT_ID"/>
      </foreign-key>
      <foreign-key foreignTable="C_BPARTNER" name="EM_HRIS_C_BPART_REPORT_TO">
        <reference local="EM_HRIS_REPORT_TO" foreign="C_BPARTNER_ID"/>
      </foreign-key>
      <foreign-key foreignTable="MA_COSTCENTER" name="EM_HRIS_COSTCENTER_FK">
        <reference local="EM_HRIS_COSTCENTER_ID" foreign="MA_COSTCENTER_ID"/>
      </foreign-key>
      <foreign-key foreignTable="AD_IMAGE" name="EM_HRIS_EMPLOYEEPIC_FK">
        <reference local="EM_HRIS_EMPLOYEEPIC" foreign="AD_IMAGE_ID"/>
      </foreign-key>
      <foreign-key foreignTable="HRIS_JOBTITLE" name="EM_HRIS_JT_FK">
        <reference local="EM_HRIS_JOBTITLE_ID" foreign="HRIS_JOBTITLE_ID"/>
      </foreign-key>
      <foreign-key foreignTable="C_COUNTRY" name="EM_HRIS_NATIONALITY_FK">
        <reference local="EM_HRIS_NATIONALITY_ID" foreign="C_COUNTRY_ID"/>
      </foreign-key>
      <foreign-key foreignTable="HRIS_SITE" name="EM_HRIS_SITE_FK">
        <reference local="EM_HRIS_SITE" foreign="HRIS_SITE_ID"/>
      </foreign-key>
      <index name="EM_HRIS_EMPLOYEEPIC_FK" unique="false">
        <index-column name="EM_HRIS_EMPLOYEEPIC"/>
      </index>
      <check name="EM_HRIS_ISWINDOWEMPLOYEE_CHK"><![CDATA[EM_HRIS_ISWINDOWEMPLOYEE IN ('Y', 'N')]]></check>
    </table>
  </database>
