<?xml version="1.0"?>
  <database name="MODIFIED TABLE PYR_DEDUCTION_PARAM">
    <table name="PYR_DEDUCTION_PARAM" primaryKey="PYR_DEDUCTION_PARAM_KEY">
      <column name="EM_HRIS_SITE" primaryKey="false" required="false" type="VARCHAR" size="32" autoIncrement="false">
        <default/>
        <onCreateDefault/>
      </column>
      <foreign-key foreignTable="HRIS_SITE" name="EM_HRIS_DED_PR_SITE">
        <reference local="EM_HRIS_SITE" foreign="HRIS_SITE_ID"/>
      </foreign-key>
    </table>
  </database>
