<?xml version="1.0"?>
  <vector>
    <versionInfo version="3.0.30469"/>
    <columnSizeChange tablename="A_ASSET" columnname="NAME" newSize="255" oldSize="60"/>
    <columnDataChange tablename="AD_PROCESS_PARA" columnname="ISCENTRALLYMAINTAINED" pkRow="A16FFFB400A942899AB2D6DFED6D57F8">
      <oldValue><![CDATA[Y]]></oldValue>
      <newValue><![CDATA[N]]></newValue>
    </columnDataChange>
    <columnDataChange tablename="AD_COLUMN" columnname="AD_PROCESS_ID" pkRow="123ECC9DA80E47D6BBE8D3C8E9ACC59C">
      <oldValue><![CDATA[85601427EAEE401FA0250FF0A6DD62EF]]></oldValue>
      <newValue><![CDATA[8C6B905EDA8742A0ABF4092902D54090]]></newValue>
    </columnDataChange>
    <columnDataChange tablename="AD_TAB" columnname="HASTREE" pkRow="452">
      <oldValue><![CDATA[N]]></oldValue>
      <newValue><![CDATA[Y]]></newValue>
    </columnDataChange>
    <columnDataChange tablename="AD_TAB" columnname="AD_TABLE_TREE_ID" pkRow="452">
      <oldValue/>
      <newValue><![CDATA[71A9BF3F29554D1A9E0B0893BB502A1B]]></newValue>
    </columnDataChange>
    <columnDataChange tablename="AD_TAB" columnname="HASTREE" pkRow="800184">
      <oldValue><![CDATA[N]]></oldValue>
      <newValue><![CDATA[Y]]></newValue>
    </columnDataChange>
    <columnDataChange tablename="AD_TAB" columnname="AD_TABLE_TREE_ID" pkRow="800184">
      <oldValue/>
      <newValue><![CDATA[71901475DF9E4BA6AA37059F74D5F19A]]></newValue>
    </columnDataChange>
    <columnDataChange tablename="AD_FIELD" columnname="ISSHOWNINSTATUSBAR" pkRow="801427">
      <oldValue><![CDATA[Y]]></oldValue>
      <newValue><![CDATA[N]]></newValue>
    </columnDataChange>
    <columnDataChange tablename="AD_FIELD" columnname="DISPLAYLOGIC" pkRow="801441">
      <oldValue><![CDATA[@IsDepreciated@='Y'  & @Amortizationcalctype@ = 'TI' & @Assetschedule@='YE']]></oldValue>
      <newValue><![CDATA[@IsDepreciated@='Y'  & ((@Amortizationcalctype@ = 'TI' & @Assetschedule@='YE') | @Amortizationtype@='CAM_DOUBLEDECLINING')]]></newValue>
    </columnDataChange>
    <columnDataChange tablename="AD_FIELD" columnname="AD_FIELDGROUP_ID" pkRow="801447">
      <oldValue/>
      <newValue><![CDATA[557BF4F3762C4F47931E78E1898F6A1D]]></newValue>
    </columnDataChange>
    <columnDataChange tablename="AD_FIELD" columnname="SEQNO" pkRow="801453">
      <oldValue><![CDATA[160]]></oldValue>
      <newValue><![CDATA[505]]></newValue>
    </columnDataChange>
    <columnDataChange tablename="AD_FIELD" columnname="DISPLAYLOGIC" pkRow="801457">
      <oldValue><![CDATA[@IsDepreciated@='Y' & @Amortizationcalctype@!'TI']]></oldValue>
      <newValue><![CDATA[@IsDepreciated@='Y' & (@Amortizationcalctype@!'TI' | @Amortizationtype@='CAM_DOUBLEDECLINING')]]></newValue>
    </columnDataChange>
    <columnDataChange tablename="AD_FIELD" columnname="SEQNO" pkRow="801458">
      <oldValue><![CDATA[69]]></oldValue>
      <newValue><![CDATA[59]]></newValue>
    </columnDataChange>
    <columnDataChange tablename="AD_FIELD" columnname="STARTNEWLINE" pkRow="802922">
      <oldValue><![CDATA[N]]></oldValue>
      <newValue><![CDATA[Y]]></newValue>
    </columnDataChange>
    <columnDataChange tablename="AD_FIELD" columnname="ISDISPLAYED" pkRow="803150">
      <oldValue><![CDATA[N]]></oldValue>
      <newValue><![CDATA[Y]]></newValue>
    </columnDataChange>
    <columnDataChange tablename="AD_FIELD" columnname="SEQNO" pkRow="803150">
      <oldValue><![CDATA[250]]></oldValue>
      <newValue><![CDATA[304]]></newValue>
    </columnDataChange>
    <columnDataChange tablename="AD_FIELD" columnname="ISSHOWNINSTATUSBAR" pkRow="803150">
      <oldValue><![CDATA[Y]]></oldValue>
      <newValue><![CDATA[N]]></newValue>
    </columnDataChange>
    <columnDataChange tablename="AD_FIELD" columnname="ISDISPLAYED" pkRow="803151">
      <oldValue><![CDATA[N]]></oldValue>
      <newValue><![CDATA[Y]]></newValue>
    </columnDataChange>
    <columnDataChange tablename="AD_FIELD" columnname="SEQNO" pkRow="803151">
      <oldValue><![CDATA[260]]></oldValue>
      <newValue><![CDATA[303]]></newValue>
    </columnDataChange>
    <columnDataChange tablename="AD_FIELD" columnname="ISSHOWNINSTATUSBAR" pkRow="803151">
      <oldValue><![CDATA[Y]]></oldValue>
      <newValue><![CDATA[N]]></newValue>
    </columnDataChange>
    <columnDataChange tablename="AD_FIELD" columnname="DISPLAYLOGIC" pkRow="803194">
      <oldValue><![CDATA[@IsDepreciated@='Y']]></oldValue>
      <newValue><![CDATA[@IsDepreciated@='Y' & @Amortizationtype@='LI']]></newValue>
    </columnDataChange>
    <columnDataChange tablename="AD_FIELD" columnname="AD_FIELDGROUP_ID" pkRow="70F292B4C2DF4493B0DCD6CCF4FCBDC6">
      <oldValue/>
      <newValue><![CDATA[113]]></newValue>
    </columnDataChange>
    <columnDataChange tablename="AD_TABLE" columnname="ISTREE" pkRow="800158">
      <oldValue><![CDATA[N]]></oldValue>
      <newValue><![CDATA[Y]]></newValue>
    </columnDataChange>
  </vector>
