<?xml version="1.0" encoding="UTF-8"?>
<data>
<!--2A9F5490EE554100AA005A6CA0BEA3C0--><AD_CALLOUT>
<!--2A9F5490EE554100AA005A6CA0BEA3C0-->  <AD_CALLOUT_ID><![CDATA[2A9F5490EE554100AA005A6CA0BEA3C0]]></AD_CALLOUT_ID>
<!--2A9F5490EE554100AA005A6CA0BEA3C0-->  <AD_CLIENT_ID><![CDATA[0]]></AD_CLIENT_ID>
<!--2A9F5490EE554100AA005A6CA0BEA3C0-->  <AD_ORG_ID><![CDATA[0]]></AD_ORG_ID>
<!--2A9F5490EE554100AA005A6CA0BEA3C0-->  <ISACTIVE><![CDATA[Y]]></ISACTIVE>
<!--2A9F5490EE554100AA005A6CA0BEA3C0-->  <NAME><![CDATA[OvertimeCallOut]]></NAME>
<!--2A9F5490EE554100AA005A6CA0BEA3C0-->  <AD_MODULE_ID><![CDATA[3D7EA38195044083A47056E9A032004B]]></AD_MODULE_ID>
<!--2A9F5490EE554100AA005A6CA0BEA3C0--></AD_CALLOUT>

<!--7991F153C4894628917C5E4B9BEB767C--><AD_CALLOUT>
<!--7991F153C4894628917C5E4B9BEB767C-->  <AD_CALLOUT_ID><![CDATA[7991F153C4894628917C5E4B9BEB767C]]></AD_CALLOUT_ID>
<!--7991F153C4894628917C5E4B9BEB767C-->  <AD_CLIENT_ID><![CDATA[0]]></AD_CLIENT_ID>
<!--7991F153C4894628917C5E4B9BEB767C-->  <AD_ORG_ID><![CDATA[0]]></AD_ORG_ID>
<!--7991F153C4894628917C5E4B9BEB767C-->  <ISACTIVE><![CDATA[Y]]></ISACTIVE>
<!--7991F153C4894628917C5E4B9BEB767C-->  <NAME><![CDATA[Valid From Emergency Call]]></NAME>
<!--7991F153C4894628917C5E4B9BEB767C-->  <AD_MODULE_ID><![CDATA[3D7EA38195044083A47056E9A032004B]]></AD_MODULE_ID>
<!--7991F153C4894628917C5E4B9BEB767C--></AD_CALLOUT>

</data>
