<?xml version="1.0" encoding="UTF-8"?>
<data>
<!--7E2DD79D50174D2EBAC0A6D197CF87EB--><AD_DATASET>
<!--7E2DD79D50174D2EBAC0A6D197CF87EB-->  <AD_DATASET_ID><![CDATA[7E2DD79D50174D2EBAC0A6D197CF87EB]]></AD_DATASET_ID>
<!--7E2DD79D50174D2EBAC0A6D197CF87EB-->  <AD_CLIENT_ID><![CDATA[0]]></AD_CLIENT_ID>
<!--7E2DD79D50174D2EBAC0A6D197CF87EB-->  <AD_ORG_ID><![CDATA[0]]></AD_ORG_ID>
<!--7E2DD79D50174D2EBAC0A6D197CF87EB-->  <ISACTIVE><![CDATA[Y]]></ISACTIVE>
<!--7E2DD79D50174D2EBAC0A6D197CF87EB-->  <VALUE><![CDATA[ot_alert_overtime]]></VALUE>
<!--7E2DD79D50174D2EBAC0A6D197CF87EB-->  <NAME><![CDATA[Alert For Overtime]]></NAME>
<!--7E2DD79D50174D2EBAC0A6D197CF87EB-->  <AD_MODULE_ID><![CDATA[3D7EA38195044083A47056E9A032004B]]></AD_MODULE_ID>
<!--7E2DD79D50174D2EBAC0A6D197CF87EB-->  <EXPORT><![CDATA[N]]></EXPORT>
<!--7E2DD79D50174D2EBAC0A6D197CF87EB-->  <ACCESSLEVEL><![CDATA[4]]></ACCESSLEVEL>
<!--7E2DD79D50174D2EBAC0A6D197CF87EB-->  <EXPORTALLOWED><![CDATA[Y]]></EXPORTALLOWED>
<!--7E2DD79D50174D2EBAC0A6D197CF87EB-->  <CHECKSUM><![CDATA[339495087756224027308042647199764167589]]></CHECKSUM>
<!--7E2DD79D50174D2EBAC0A6D197CF87EB-->  <SEQNO><![CDATA[40]]></SEQNO>
<!--7E2DD79D50174D2EBAC0A6D197CF87EB-->  <ISDEFAULTVALUESDATASET><![CDATA[N]]></ISDEFAULTVALUESDATASET>
<!--7E2DD79D50174D2EBAC0A6D197CF87EB--></AD_DATASET>

</data>
