<?xml version="1.0" encoding="UTF-8"?>
<data>
<!--5A5479CF162441BCA178543EA78A8B79--><AD_DATASET_TABLE>
<!--5A5479CF162441BCA178543EA78A8B79-->  <AD_DATASET_TABLE_ID><![CDATA[5A5479CF162441BCA178543EA78A8B79]]></AD_DATASET_TABLE_ID>
<!--5A5479CF162441BCA178543EA78A8B79-->  <AD_CLIENT_ID><![CDATA[0]]></AD_CLIENT_ID>
<!--5A5479CF162441BCA178543EA78A8B79-->  <AD_ORG_ID><![CDATA[0]]></AD_ORG_ID>
<!--5A5479CF162441BCA178543EA78A8B79-->  <ISACTIVE><![CDATA[Y]]></ISACTIVE>
<!--5A5479CF162441BCA178543EA78A8B79-->  <AD_DATASET_ID><![CDATA[7E2DD79D50174D2EBAC0A6D197CF87EB]]></AD_DATASET_ID>
<!--5A5479CF162441BCA178543EA78A8B79-->  <AD_TABLE_ID><![CDATA[593]]></AD_TABLE_ID>
<!--5A5479CF162441BCA178543EA78A8B79-->  <INCLUDEALLCOLUMNS><![CDATA[Y]]></INCLUDEALLCOLUMNS>
<!--5A5479CF162441BCA178543EA78A8B79-->  <WHERECLAUSE><![CDATA[name like 'Overtime%']]></WHERECLAUSE>
<!--5A5479CF162441BCA178543EA78A8B79-->  <EXCLUDEAUDITINFO><![CDATA[Y]]></EXCLUDEAUDITINFO>
<!--5A5479CF162441BCA178543EA78A8B79-->  <ISBUSINESSOBJECT><![CDATA[N]]></ISBUSINESSOBJECT>
<!--5A5479CF162441BCA178543EA78A8B79-->  <AD_MODULE_ID><![CDATA[3D7EA38195044083A47056E9A032004B]]></AD_MODULE_ID>
<!--5A5479CF162441BCA178543EA78A8B79--></AD_DATASET_TABLE>

</data>
