<?xml version="1.0" encoding="UTF-8"?>
<data>
<!--02E07ED264AA46218E39BD3C93B69CF0--><AD_ELEMENT>
<!--02E07ED264AA46218E39BD3C93B69CF0-->  <AD_ELEMENT_ID><![CDATA[02E07ED264AA46218E39BD3C93B69CF0]]></AD_ELEMENT_ID>
<!--02E07ED264AA46218E39BD3C93B69CF0-->  <AD_CLIENT_ID><![CDATA[0]]></AD_CLIENT_ID>
<!--02E07ED264AA46218E39BD3C93B69CF0-->  <AD_ORG_ID><![CDATA[0]]></AD_ORG_ID>
<!--02E07ED264AA46218E39BD3C93B69CF0-->  <ISACTIVE><![CDATA[Y]]></ISACTIVE>
<!--02E07ED264AA46218E39BD3C93B69CF0-->  <COLUMNNAME><![CDATA[Validrequstfinish]]></COLUMNNAME>
<!--02E07ED264AA46218E39BD3C93B69CF0-->  <NAME><![CDATA[Valid Request Finish]]></NAME>
<!--02E07ED264AA46218E39BD3C93B69CF0-->  <PRINTNAME><![CDATA[Valid Request Finish]]></PRINTNAME>
<!--02E07ED264AA46218E39BD3C93B69CF0-->  <AD_MODULE_ID><![CDATA[3D7EA38195044083A47056E9A032004B]]></AD_MODULE_ID>
<!--02E07ED264AA46218E39BD3C93B69CF0-->  <ISGLOSSARY><![CDATA[N]]></ISGLOSSARY>
<!--02E07ED264AA46218E39BD3C93B69CF0--></AD_ELEMENT>

<!--03AD8FAE70F048209AF603D9E7FF6214--><AD_ELEMENT>
<!--03AD8FAE70F048209AF603D9E7FF6214-->  <AD_ELEMENT_ID><![CDATA[03AD8FAE70F048209AF603D9E7FF6214]]></AD_ELEMENT_ID>
<!--03AD8FAE70F048209AF603D9E7FF6214-->  <AD_CLIENT_ID><![CDATA[0]]></AD_CLIENT_ID>
<!--03AD8FAE70F048209AF603D9E7FF6214-->  <AD_ORG_ID><![CDATA[0]]></AD_ORG_ID>
<!--03AD8FAE70F048209AF603D9E7FF6214-->  <ISACTIVE><![CDATA[Y]]></ISACTIVE>
<!--03AD8FAE70F048209AF603D9E7FF6214-->  <COLUMNNAME><![CDATA[Employeegrade]]></COLUMNNAME>
<!--03AD8FAE70F048209AF603D9E7FF6214-->  <NAME><![CDATA[Employee Grade]]></NAME>
<!--03AD8FAE70F048209AF603D9E7FF6214-->  <PRINTNAME><![CDATA[Employee Grade]]></PRINTNAME>
<!--03AD8FAE70F048209AF603D9E7FF6214-->  <AD_MODULE_ID><![CDATA[3D7EA38195044083A47056E9A032004B]]></AD_MODULE_ID>
<!--03AD8FAE70F048209AF603D9E7FF6214-->  <ISGLOSSARY><![CDATA[N]]></ISGLOSSARY>
<!--03AD8FAE70F048209AF603D9E7FF6214--></AD_ELEMENT>

<!--040FF6C8B2C34103A7A83B5B2A6B7C2E--><AD_ELEMENT>
<!--040FF6C8B2C34103A7A83B5B2A6B7C2E-->  <AD_ELEMENT_ID><![CDATA[040FF6C8B2C34103A7A83B5B2A6B7C2E]]></AD_ELEMENT_ID>
<!--040FF6C8B2C34103A7A83B5B2A6B7C2E-->  <AD_CLIENT_ID><![CDATA[0]]></AD_CLIENT_ID>
<!--040FF6C8B2C34103A7A83B5B2A6B7C2E-->  <AD_ORG_ID><![CDATA[0]]></AD_ORG_ID>
<!--040FF6C8B2C34103A7A83B5B2A6B7C2E-->  <ISACTIVE><![CDATA[Y]]></ISACTIVE>
<!--040FF6C8B2C34103A7A83B5B2A6B7C2E-->  <COLUMNNAME><![CDATA[Duration]]></COLUMNNAME>
<!--040FF6C8B2C34103A7A83B5B2A6B7C2E-->  <NAME><![CDATA[Duration]]></NAME>
<!--040FF6C8B2C34103A7A83B5B2A6B7C2E-->  <PRINTNAME><![CDATA[Duration]]></PRINTNAME>
<!--040FF6C8B2C34103A7A83B5B2A6B7C2E-->  <AD_MODULE_ID><![CDATA[3D7EA38195044083A47056E9A032004B]]></AD_MODULE_ID>
<!--040FF6C8B2C34103A7A83B5B2A6B7C2E-->  <ISGLOSSARY><![CDATA[N]]></ISGLOSSARY>
<!--040FF6C8B2C34103A7A83B5B2A6B7C2E--></AD_ELEMENT>

<!--0739D61E3E884CB4A4FB505FF3C99145--><AD_ELEMENT>
<!--0739D61E3E884CB4A4FB505FF3C99145-->  <AD_ELEMENT_ID><![CDATA[0739D61E3E884CB4A4FB505FF3C99145]]></AD_ELEMENT_ID>
<!--0739D61E3E884CB4A4FB505FF3C99145-->  <AD_CLIENT_ID><![CDATA[0]]></AD_CLIENT_ID>
<!--0739D61E3E884CB4A4FB505FF3C99145-->  <AD_ORG_ID><![CDATA[0]]></AD_ORG_ID>
<!--0739D61E3E884CB4A4FB505FF3C99145-->  <ISACTIVE><![CDATA[Y]]></ISACTIVE>
<!--0739D61E3E884CB4A4FB505FF3C99145-->  <COLUMNNAME><![CDATA[Ischeckinonholiday]]></COLUMNNAME>
<!--0739D61E3E884CB4A4FB505FF3C99145-->  <NAME><![CDATA[Chek-in on Holiday]]></NAME>
<!--0739D61E3E884CB4A4FB505FF3C99145-->  <PRINTNAME><![CDATA[Chek-in on Holiday]]></PRINTNAME>
<!--0739D61E3E884CB4A4FB505FF3C99145-->  <AD_MODULE_ID><![CDATA[3D7EA38195044083A47056E9A032004B]]></AD_MODULE_ID>
<!--0739D61E3E884CB4A4FB505FF3C99145-->  <ISGLOSSARY><![CDATA[N]]></ISGLOSSARY>
<!--0739D61E3E884CB4A4FB505FF3C99145--></AD_ELEMENT>

<!--0853D73CEEB742F89CBD98E08814F130--><AD_ELEMENT>
<!--0853D73CEEB742F89CBD98E08814F130-->  <AD_ELEMENT_ID><![CDATA[0853D73CEEB742F89CBD98E08814F130]]></AD_ELEMENT_ID>
<!--0853D73CEEB742F89CBD98E08814F130-->  <AD_CLIENT_ID><![CDATA[0]]></AD_CLIENT_ID>
<!--0853D73CEEB742F89CBD98E08814F130-->  <AD_ORG_ID><![CDATA[0]]></AD_ORG_ID>
<!--0853D73CEEB742F89CBD98E08814F130-->  <ISACTIVE><![CDATA[Y]]></ISACTIVE>
<!--0853D73CEEB742F89CBD98E08814F130-->  <COLUMNNAME><![CDATA[ValidationNote]]></COLUMNNAME>
<!--0853D73CEEB742F89CBD98E08814F130-->  <NAME><![CDATA[Validation Note]]></NAME>
<!--0853D73CEEB742F89CBD98E08814F130-->  <PRINTNAME><![CDATA[Validation Note]]></PRINTNAME>
<!--0853D73CEEB742F89CBD98E08814F130-->  <AD_MODULE_ID><![CDATA[3D7EA38195044083A47056E9A032004B]]></AD_MODULE_ID>
<!--0853D73CEEB742F89CBD98E08814F130-->  <ISGLOSSARY><![CDATA[N]]></ISGLOSSARY>
<!--0853D73CEEB742F89CBD98E08814F130--></AD_ELEMENT>

<!--1866498FC7654AE5A5DB411D4E513491--><AD_ELEMENT>
<!--1866498FC7654AE5A5DB411D4E513491-->  <AD_ELEMENT_ID><![CDATA[1866498FC7654AE5A5DB411D4E513491]]></AD_ELEMENT_ID>
<!--1866498FC7654AE5A5DB411D4E513491-->  <AD_CLIENT_ID><![CDATA[0]]></AD_CLIENT_ID>
<!--1866498FC7654AE5A5DB411D4E513491-->  <AD_ORG_ID><![CDATA[0]]></AD_ORG_ID>
<!--1866498FC7654AE5A5DB411D4E513491-->  <ISACTIVE><![CDATA[Y]]></ISACTIVE>
<!--1866498FC7654AE5A5DB411D4E513491-->  <COLUMNNAME><![CDATA[EM_Ot_Maxtime]]></COLUMNNAME>
<!--1866498FC7654AE5A5DB411D4E513491-->  <NAME><![CDATA[Maximum Overtime Duration]]></NAME>
<!--1866498FC7654AE5A5DB411D4E513491-->  <PRINTNAME><![CDATA[Maximum Overtime Duration]]></PRINTNAME>
<!--1866498FC7654AE5A5DB411D4E513491-->  <AD_MODULE_ID><![CDATA[3D7EA38195044083A47056E9A032004B]]></AD_MODULE_ID>
<!--1866498FC7654AE5A5DB411D4E513491-->  <ISGLOSSARY><![CDATA[N]]></ISGLOSSARY>
<!--1866498FC7654AE5A5DB411D4E513491--></AD_ELEMENT>

<!--1C16C99CDCB7435B83515DD37F9A03E2--><AD_ELEMENT>
<!--1C16C99CDCB7435B83515DD37F9A03E2-->  <AD_ELEMENT_ID><![CDATA[1C16C99CDCB7435B83515DD37F9A03E2]]></AD_ELEMENT_ID>
<!--1C16C99CDCB7435B83515DD37F9A03E2-->  <AD_CLIENT_ID><![CDATA[0]]></AD_CLIENT_ID>
<!--1C16C99CDCB7435B83515DD37F9A03E2-->  <AD_ORG_ID><![CDATA[0]]></AD_ORG_ID>
<!--1C16C99CDCB7435B83515DD37F9A03E2-->  <ISACTIVE><![CDATA[Y]]></ISACTIVE>
<!--1C16C99CDCB7435B83515DD37F9A03E2-->  <COLUMNNAME><![CDATA[Paid]]></COLUMNNAME>
<!--1C16C99CDCB7435B83515DD37F9A03E2-->  <NAME><![CDATA[Paid]]></NAME>
<!--1C16C99CDCB7435B83515DD37F9A03E2-->  <PRINTNAME><![CDATA[Paid]]></PRINTNAME>
<!--1C16C99CDCB7435B83515DD37F9A03E2-->  <AD_MODULE_ID><![CDATA[3D7EA38195044083A47056E9A032004B]]></AD_MODULE_ID>
<!--1C16C99CDCB7435B83515DD37F9A03E2-->  <ISGLOSSARY><![CDATA[N]]></ISGLOSSARY>
<!--1C16C99CDCB7435B83515DD37F9A03E2--></AD_ELEMENT>

<!--2282704409CA40B59736ADF3B27E9CF6--><AD_ELEMENT>
<!--2282704409CA40B59736ADF3B27E9CF6-->  <AD_ELEMENT_ID><![CDATA[2282704409CA40B59736ADF3B27E9CF6]]></AD_ELEMENT_ID>
<!--2282704409CA40B59736ADF3B27E9CF6-->  <AD_CLIENT_ID><![CDATA[0]]></AD_CLIENT_ID>
<!--2282704409CA40B59736ADF3B27E9CF6-->  <AD_ORG_ID><![CDATA[0]]></AD_ORG_ID>
<!--2282704409CA40B59736ADF3B27E9CF6-->  <ISACTIVE><![CDATA[Y]]></ISACTIVE>
<!--2282704409CA40B59736ADF3B27E9CF6-->  <COLUMNNAME><![CDATA[EM_Ot_Mintime]]></COLUMNNAME>
<!--2282704409CA40B59736ADF3B27E9CF6-->  <NAME><![CDATA[Minimum Overtime Duration]]></NAME>
<!--2282704409CA40B59736ADF3B27E9CF6-->  <PRINTNAME><![CDATA[Minimum Overtime Duration]]></PRINTNAME>
<!--2282704409CA40B59736ADF3B27E9CF6-->  <AD_MODULE_ID><![CDATA[3D7EA38195044083A47056E9A032004B]]></AD_MODULE_ID>
<!--2282704409CA40B59736ADF3B27E9CF6-->  <ISGLOSSARY><![CDATA[N]]></ISGLOSSARY>
<!--2282704409CA40B59736ADF3B27E9CF6--></AD_ELEMENT>

<!--2BBCCD931ADC4A0CB8F48732341E557A--><AD_ELEMENT>
<!--2BBCCD931ADC4A0CB8F48732341E557A-->  <AD_ELEMENT_ID><![CDATA[2BBCCD931ADC4A0CB8F48732341E557A]]></AD_ELEMENT_ID>
<!--2BBCCD931ADC4A0CB8F48732341E557A-->  <AD_CLIENT_ID><![CDATA[0]]></AD_CLIENT_ID>
<!--2BBCCD931ADC4A0CB8F48732341E557A-->  <AD_ORG_ID><![CDATA[0]]></AD_ORG_ID>
<!--2BBCCD931ADC4A0CB8F48732341E557A-->  <ISACTIVE><![CDATA[Y]]></ISACTIVE>
<!--2BBCCD931ADC4A0CB8F48732341E557A-->  <COLUMNNAME><![CDATA[PYR_Salarypayment_ID]]></COLUMNNAME>
<!--2BBCCD931ADC4A0CB8F48732341E557A-->  <NAME><![CDATA[PYR_Salarypayment_ID]]></NAME>
<!--2BBCCD931ADC4A0CB8F48732341E557A-->  <PRINTNAME><![CDATA[PYR_Salarypayment_ID]]></PRINTNAME>
<!--2BBCCD931ADC4A0CB8F48732341E557A-->  <AD_MODULE_ID><![CDATA[3D7EA38195044083A47056E9A032004B]]></AD_MODULE_ID>
<!--2BBCCD931ADC4A0CB8F48732341E557A-->  <ISGLOSSARY><![CDATA[N]]></ISGLOSSARY>
<!--2BBCCD931ADC4A0CB8F48732341E557A--></AD_ELEMENT>

<!--32E43B3580E4477A9A47AD22FCC71023--><AD_ELEMENT>
<!--32E43B3580E4477A9A47AD22FCC71023-->  <AD_ELEMENT_ID><![CDATA[32E43B3580E4477A9A47AD22FCC71023]]></AD_ELEMENT_ID>
<!--32E43B3580E4477A9A47AD22FCC71023-->  <AD_CLIENT_ID><![CDATA[0]]></AD_CLIENT_ID>
<!--32E43B3580E4477A9A47AD22FCC71023-->  <AD_ORG_ID><![CDATA[0]]></AD_ORG_ID>
<!--32E43B3580E4477A9A47AD22FCC71023-->  <ISACTIVE><![CDATA[Y]]></ISACTIVE>
<!--32E43B3580E4477A9A47AD22FCC71023-->  <COLUMNNAME><![CDATA[TA_Attendance_ID]]></COLUMNNAME>
<!--32E43B3580E4477A9A47AD22FCC71023-->  <NAME><![CDATA[TA_Attendance_ID]]></NAME>
<!--32E43B3580E4477A9A47AD22FCC71023-->  <PRINTNAME><![CDATA[TA_Attendance_ID]]></PRINTNAME>
<!--32E43B3580E4477A9A47AD22FCC71023-->  <AD_MODULE_ID><![CDATA[3D7EA38195044083A47056E9A032004B]]></AD_MODULE_ID>
<!--32E43B3580E4477A9A47AD22FCC71023-->  <ISGLOSSARY><![CDATA[N]]></ISGLOSSARY>
<!--32E43B3580E4477A9A47AD22FCC71023--></AD_ELEMENT>

<!--34634D0886F345F59E0E3EFCA92ED522--><AD_ELEMENT>
<!--34634D0886F345F59E0E3EFCA92ED522-->  <AD_ELEMENT_ID><![CDATA[34634D0886F345F59E0E3EFCA92ED522]]></AD_ELEMENT_ID>
<!--34634D0886F345F59E0E3EFCA92ED522-->  <AD_CLIENT_ID><![CDATA[0]]></AD_CLIENT_ID>
<!--34634D0886F345F59E0E3EFCA92ED522-->  <AD_ORG_ID><![CDATA[0]]></AD_ORG_ID>
<!--34634D0886F345F59E0E3EFCA92ED522-->  <ISACTIVE><![CDATA[Y]]></ISACTIVE>
<!--34634D0886F345F59E0E3EFCA92ED522-->  <COLUMNNAME><![CDATA[Checkin]]></COLUMNNAME>
<!--34634D0886F345F59E0E3EFCA92ED522-->  <NAME><![CDATA[Checkin]]></NAME>
<!--34634D0886F345F59E0E3EFCA92ED522-->  <PRINTNAME><![CDATA[Checkin]]></PRINTNAME>
<!--34634D0886F345F59E0E3EFCA92ED522-->  <AD_MODULE_ID><![CDATA[3D7EA38195044083A47056E9A032004B]]></AD_MODULE_ID>
<!--34634D0886F345F59E0E3EFCA92ED522-->  <ISGLOSSARY><![CDATA[N]]></ISGLOSSARY>
<!--34634D0886F345F59E0E3EFCA92ED522--></AD_ELEMENT>

<!--39B3BA97912D45D588ABCA76BC0D4544--><AD_ELEMENT>
<!--39B3BA97912D45D588ABCA76BC0D4544-->  <AD_ELEMENT_ID><![CDATA[39B3BA97912D45D588ABCA76BC0D4544]]></AD_ELEMENT_ID>
<!--39B3BA97912D45D588ABCA76BC0D4544-->  <AD_CLIENT_ID><![CDATA[0]]></AD_CLIENT_ID>
<!--39B3BA97912D45D588ABCA76BC0D4544-->  <AD_ORG_ID><![CDATA[0]]></AD_ORG_ID>
<!--39B3BA97912D45D588ABCA76BC0D4544-->  <ISACTIVE><![CDATA[Y]]></ISACTIVE>
<!--39B3BA97912D45D588ABCA76BC0D4544-->  <COLUMNNAME><![CDATA[OT_Overtime_ID]]></COLUMNNAME>
<!--39B3BA97912D45D588ABCA76BC0D4544-->  <NAME><![CDATA[Overtime Request]]></NAME>
<!--39B3BA97912D45D588ABCA76BC0D4544-->  <PRINTNAME><![CDATA[Overtime Request]]></PRINTNAME>
<!--39B3BA97912D45D588ABCA76BC0D4544-->  <AD_MODULE_ID><![CDATA[3D7EA38195044083A47056E9A032004B]]></AD_MODULE_ID>
<!--39B3BA97912D45D588ABCA76BC0D4544-->  <ISGLOSSARY><![CDATA[N]]></ISGLOSSARY>
<!--39B3BA97912D45D588ABCA76BC0D4544--></AD_ELEMENT>

<!--3BFA8F93F497402D984DA4FF25AD4AF6--><AD_ELEMENT>
<!--3BFA8F93F497402D984DA4FF25AD4AF6-->  <AD_ELEMENT_ID><![CDATA[3BFA8F93F497402D984DA4FF25AD4AF6]]></AD_ELEMENT_ID>
<!--3BFA8F93F497402D984DA4FF25AD4AF6-->  <AD_CLIENT_ID><![CDATA[0]]></AD_CLIENT_ID>
<!--3BFA8F93F497402D984DA4FF25AD4AF6-->  <AD_ORG_ID><![CDATA[0]]></AD_ORG_ID>
<!--3BFA8F93F497402D984DA4FF25AD4AF6-->  <ISACTIVE><![CDATA[Y]]></ISACTIVE>
<!--3BFA8F93F497402D984DA4FF25AD4AF6-->  <COLUMNNAME><![CDATA[Jobtitle]]></COLUMNNAME>
<!--3BFA8F93F497402D984DA4FF25AD4AF6-->  <NAME><![CDATA[Job Title]]></NAME>
<!--3BFA8F93F497402D984DA4FF25AD4AF6-->  <PRINTNAME><![CDATA[Job Title]]></PRINTNAME>
<!--3BFA8F93F497402D984DA4FF25AD4AF6-->  <AD_MODULE_ID><![CDATA[3D7EA38195044083A47056E9A032004B]]></AD_MODULE_ID>
<!--3BFA8F93F497402D984DA4FF25AD4AF6-->  <ISGLOSSARY><![CDATA[N]]></ISGLOSSARY>
<!--3BFA8F93F497402D984DA4FF25AD4AF6--></AD_ELEMENT>

<!--44C479A2FB7E41CBB7FD0F96764B1E47--><AD_ELEMENT>
<!--44C479A2FB7E41CBB7FD0F96764B1E47-->  <AD_ELEMENT_ID><![CDATA[44C479A2FB7E41CBB7FD0F96764B1E47]]></AD_ELEMENT_ID>
<!--44C479A2FB7E41CBB7FD0F96764B1E47-->  <AD_CLIENT_ID><![CDATA[0]]></AD_CLIENT_ID>
<!--44C479A2FB7E41CBB7FD0F96764B1E47-->  <AD_ORG_ID><![CDATA[0]]></AD_ORG_ID>
<!--44C479A2FB7E41CBB7FD0F96764B1E47-->  <ISACTIVE><![CDATA[Y]]></ISACTIVE>
<!--44C479A2FB7E41CBB7FD0F96764B1E47-->  <COLUMNNAME><![CDATA[OT_Emergency_Call_Detail_ID]]></COLUMNNAME>
<!--44C479A2FB7E41CBB7FD0F96764B1E47-->  <NAME><![CDATA[OT_Emergency_Call_Detail_ID]]></NAME>
<!--44C479A2FB7E41CBB7FD0F96764B1E47-->  <PRINTNAME><![CDATA[OT_Emergency_Call_Detail_ID]]></PRINTNAME>
<!--44C479A2FB7E41CBB7FD0F96764B1E47-->  <AD_MODULE_ID><![CDATA[3D7EA38195044083A47056E9A032004B]]></AD_MODULE_ID>
<!--44C479A2FB7E41CBB7FD0F96764B1E47-->  <ISGLOSSARY><![CDATA[N]]></ISGLOSSARY>
<!--44C479A2FB7E41CBB7FD0F96764B1E47--></AD_ELEMENT>

<!--5BCB341CF34C4611B8D39E5B6FD4DEA0--><AD_ELEMENT>
<!--5BCB341CF34C4611B8D39E5B6FD4DEA0-->  <AD_ELEMENT_ID><![CDATA[5BCB341CF34C4611B8D39E5B6FD4DEA0]]></AD_ELEMENT_ID>
<!--5BCB341CF34C4611B8D39E5B6FD4DEA0-->  <AD_CLIENT_ID><![CDATA[0]]></AD_CLIENT_ID>
<!--5BCB341CF34C4611B8D39E5B6FD4DEA0-->  <AD_ORG_ID><![CDATA[0]]></AD_ORG_ID>
<!--5BCB341CF34C4611B8D39E5B6FD4DEA0-->  <ISACTIVE><![CDATA[Y]]></ISACTIVE>
<!--5BCB341CF34C4611B8D39E5B6FD4DEA0-->  <COLUMNNAME><![CDATA[Calculateemergencycall]]></COLUMNNAME>
<!--5BCB341CF34C4611B8D39E5B6FD4DEA0-->  <NAME><![CDATA[Calculateemergencycall]]></NAME>
<!--5BCB341CF34C4611B8D39E5B6FD4DEA0-->  <PRINTNAME><![CDATA[Calculateemergencycall]]></PRINTNAME>
<!--5BCB341CF34C4611B8D39E5B6FD4DEA0-->  <AD_MODULE_ID><![CDATA[3D7EA38195044083A47056E9A032004B]]></AD_MODULE_ID>
<!--5BCB341CF34C4611B8D39E5B6FD4DEA0-->  <ISGLOSSARY><![CDATA[N]]></ISGLOSSARY>
<!--5BCB341CF34C4611B8D39E5B6FD4DEA0--></AD_ELEMENT>

<!--6694B4410A5E430ABA94F0DB3BAB2797--><AD_ELEMENT>
<!--6694B4410A5E430ABA94F0DB3BAB2797-->  <AD_ELEMENT_ID><![CDATA[6694B4410A5E430ABA94F0DB3BAB2797]]></AD_ELEMENT_ID>
<!--6694B4410A5E430ABA94F0DB3BAB2797-->  <AD_CLIENT_ID><![CDATA[0]]></AD_CLIENT_ID>
<!--6694B4410A5E430ABA94F0DB3BAB2797-->  <AD_ORG_ID><![CDATA[0]]></AD_ORG_ID>
<!--6694B4410A5E430ABA94F0DB3BAB2797-->  <ISACTIVE><![CDATA[Y]]></ISACTIVE>
<!--6694B4410A5E430ABA94F0DB3BAB2797-->  <COLUMNNAME><![CDATA[Validrequeststart]]></COLUMNNAME>
<!--6694B4410A5E430ABA94F0DB3BAB2797-->  <NAME><![CDATA[Valid Request Start]]></NAME>
<!--6694B4410A5E430ABA94F0DB3BAB2797-->  <PRINTNAME><![CDATA[Valid Request Start]]></PRINTNAME>
<!--6694B4410A5E430ABA94F0DB3BAB2797-->  <AD_MODULE_ID><![CDATA[3D7EA38195044083A47056E9A032004B]]></AD_MODULE_ID>
<!--6694B4410A5E430ABA94F0DB3BAB2797-->  <ISGLOSSARY><![CDATA[N]]></ISGLOSSARY>
<!--6694B4410A5E430ABA94F0DB3BAB2797--></AD_ELEMENT>

<!--67DBF901D5C04F298A16E267864EE670--><AD_ELEMENT>
<!--67DBF901D5C04F298A16E267864EE670-->  <AD_ELEMENT_ID><![CDATA[67DBF901D5C04F298A16E267864EE670]]></AD_ELEMENT_ID>
<!--67DBF901D5C04F298A16E267864EE670-->  <AD_CLIENT_ID><![CDATA[0]]></AD_CLIENT_ID>
<!--67DBF901D5C04F298A16E267864EE670-->  <AD_ORG_ID><![CDATA[0]]></AD_ORG_ID>
<!--67DBF901D5C04F298A16E267864EE670-->  <ISACTIVE><![CDATA[Y]]></ISACTIVE>
<!--67DBF901D5C04F298A16E267864EE670-->  <COLUMNNAME><![CDATA[OT_Nonbusiness_Rate_ID]]></COLUMNNAME>
<!--67DBF901D5C04F298A16E267864EE670-->  <NAME><![CDATA[OT_Nonbusiness_Rate_ID]]></NAME>
<!--67DBF901D5C04F298A16E267864EE670-->  <PRINTNAME><![CDATA[OT_Nonbusiness_Rate_ID]]></PRINTNAME>
<!--67DBF901D5C04F298A16E267864EE670-->  <AD_MODULE_ID><![CDATA[3D7EA38195044083A47056E9A032004B]]></AD_MODULE_ID>
<!--67DBF901D5C04F298A16E267864EE670-->  <ISGLOSSARY><![CDATA[N]]></ISGLOSSARY>
<!--67DBF901D5C04F298A16E267864EE670--></AD_ELEMENT>

<!--74669F6BFD744672B2D74F3BA72BD817--><AD_ELEMENT>
<!--74669F6BFD744672B2D74F3BA72BD817-->  <AD_ELEMENT_ID><![CDATA[74669F6BFD744672B2D74F3BA72BD817]]></AD_ELEMENT_ID>
<!--74669F6BFD744672B2D74F3BA72BD817-->  <AD_CLIENT_ID><![CDATA[0]]></AD_CLIENT_ID>
<!--74669F6BFD744672B2D74F3BA72BD817-->  <AD_ORG_ID><![CDATA[0]]></AD_ORG_ID>
<!--74669F6BFD744672B2D74F3BA72BD817-->  <ISACTIVE><![CDATA[Y]]></ISACTIVE>
<!--74669F6BFD744672B2D74F3BA72BD817-->  <COLUMNNAME><![CDATA[Ischeckoutonholiday]]></COLUMNNAME>
<!--74669F6BFD744672B2D74F3BA72BD817-->  <NAME><![CDATA[Chek Out on Holiday]]></NAME>
<!--74669F6BFD744672B2D74F3BA72BD817-->  <PRINTNAME><![CDATA[Chek Out on Holiday]]></PRINTNAME>
<!--74669F6BFD744672B2D74F3BA72BD817-->  <AD_MODULE_ID><![CDATA[3D7EA38195044083A47056E9A032004B]]></AD_MODULE_ID>
<!--74669F6BFD744672B2D74F3BA72BD817-->  <ISGLOSSARY><![CDATA[N]]></ISGLOSSARY>
<!--74669F6BFD744672B2D74F3BA72BD817--></AD_ELEMENT>

<!--8DC740E9B92D4FF3803010CC07D5A114--><AD_ELEMENT>
<!--8DC740E9B92D4FF3803010CC07D5A114-->  <AD_ELEMENT_ID><![CDATA[8DC740E9B92D4FF3803010CC07D5A114]]></AD_ELEMENT_ID>
<!--8DC740E9B92D4FF3803010CC07D5A114-->  <AD_CLIENT_ID><![CDATA[0]]></AD_CLIENT_ID>
<!--8DC740E9B92D4FF3803010CC07D5A114-->  <AD_ORG_ID><![CDATA[0]]></AD_ORG_ID>
<!--8DC740E9B92D4FF3803010CC07D5A114-->  <ISACTIVE><![CDATA[Y]]></ISACTIVE>
<!--8DC740E9B92D4FF3803010CC07D5A114-->  <COLUMNNAME><![CDATA[Intduration]]></COLUMNNAME>
<!--8DC740E9B92D4FF3803010CC07D5A114-->  <NAME><![CDATA[Overtime Hour]]></NAME>
<!--8DC740E9B92D4FF3803010CC07D5A114-->  <PRINTNAME><![CDATA[Overtime Hour]]></PRINTNAME>
<!--8DC740E9B92D4FF3803010CC07D5A114-->  <AD_MODULE_ID><![CDATA[3D7EA38195044083A47056E9A032004B]]></AD_MODULE_ID>
<!--8DC740E9B92D4FF3803010CC07D5A114-->  <ISGLOSSARY><![CDATA[N]]></ISGLOSSARY>
<!--8DC740E9B92D4FF3803010CC07D5A114--></AD_ELEMENT>

<!--9079F7D112F04F2384C4C2181A54AB71--><AD_ELEMENT>
<!--9079F7D112F04F2384C4C2181A54AB71-->  <AD_ELEMENT_ID><![CDATA[9079F7D112F04F2384C4C2181A54AB71]]></AD_ELEMENT_ID>
<!--9079F7D112F04F2384C4C2181A54AB71-->  <AD_CLIENT_ID><![CDATA[0]]></AD_CLIENT_ID>
<!--9079F7D112F04F2384C4C2181A54AB71-->  <AD_ORG_ID><![CDATA[0]]></AD_ORG_ID>
<!--9079F7D112F04F2384C4C2181A54AB71-->  <ISACTIVE><![CDATA[Y]]></ISACTIVE>
<!--9079F7D112F04F2384C4C2181A54AB71-->  <COLUMNNAME><![CDATA[EM_Ot_Rateamount]]></COLUMNNAME>
<!--9079F7D112F04F2384C4C2181A54AB71-->  <NAME><![CDATA[Overtime Rate Amount]]></NAME>
<!--9079F7D112F04F2384C4C2181A54AB71-->  <PRINTNAME><![CDATA[Overtime Rate Amount]]></PRINTNAME>
<!--9079F7D112F04F2384C4C2181A54AB71-->  <AD_MODULE_ID><![CDATA[3D7EA38195044083A47056E9A032004B]]></AD_MODULE_ID>
<!--9079F7D112F04F2384C4C2181A54AB71-->  <ISGLOSSARY><![CDATA[N]]></ISGLOSSARY>
<!--9079F7D112F04F2384C4C2181A54AB71--></AD_ELEMENT>

<!--91E84F04FA0A4C029B7FBC4D9F5D19F0--><AD_ELEMENT>
<!--91E84F04FA0A4C029B7FBC4D9F5D19F0-->  <AD_ELEMENT_ID><![CDATA[91E84F04FA0A4C029B7FBC4D9F5D19F0]]></AD_ELEMENT_ID>
<!--91E84F04FA0A4C029B7FBC4D9F5D19F0-->  <AD_CLIENT_ID><![CDATA[0]]></AD_CLIENT_ID>
<!--91E84F04FA0A4C029B7FBC4D9F5D19F0-->  <AD_ORG_ID><![CDATA[0]]></AD_ORG_ID>
<!--91E84F04FA0A4C029B7FBC4D9F5D19F0-->  <ISACTIVE><![CDATA[Y]]></ISACTIVE>
<!--91E84F04FA0A4C029B7FBC4D9F5D19F0-->  <COLUMNNAME><![CDATA[OT_Business_Rate_ID]]></COLUMNNAME>
<!--91E84F04FA0A4C029B7FBC4D9F5D19F0-->  <NAME><![CDATA[OT_Business_Rate_ID]]></NAME>
<!--91E84F04FA0A4C029B7FBC4D9F5D19F0-->  <PRINTNAME><![CDATA[OT_Business_Rate_ID]]></PRINTNAME>
<!--91E84F04FA0A4C029B7FBC4D9F5D19F0-->  <AD_MODULE_ID><![CDATA[3D7EA38195044083A47056E9A032004B]]></AD_MODULE_ID>
<!--91E84F04FA0A4C029B7FBC4D9F5D19F0-->  <ISGLOSSARY><![CDATA[N]]></ISGLOSSARY>
<!--91E84F04FA0A4C029B7FBC4D9F5D19F0--></AD_ELEMENT>

<!--999C9559D2AF40579748717EE1682A87--><AD_ELEMENT>
<!--999C9559D2AF40579748717EE1682A87-->  <AD_ELEMENT_ID><![CDATA[999C9559D2AF40579748717EE1682A87]]></AD_ELEMENT_ID>
<!--999C9559D2AF40579748717EE1682A87-->  <AD_CLIENT_ID><![CDATA[0]]></AD_CLIENT_ID>
<!--999C9559D2AF40579748717EE1682A87-->  <AD_ORG_ID><![CDATA[0]]></AD_ORG_ID>
<!--999C9559D2AF40579748717EE1682A87-->  <ISACTIVE><![CDATA[Y]]></ISACTIVE>
<!--999C9559D2AF40579748717EE1682A87-->  <COLUMNNAME><![CDATA[OT_Set_Overtime_ID]]></COLUMNNAME>
<!--999C9559D2AF40579748717EE1682A87-->  <NAME><![CDATA[Overtime]]></NAME>
<!--999C9559D2AF40579748717EE1682A87-->  <PRINTNAME><![CDATA[Overtime]]></PRINTNAME>
<!--999C9559D2AF40579748717EE1682A87-->  <AD_MODULE_ID><![CDATA[3D7EA38195044083A47056E9A032004B]]></AD_MODULE_ID>
<!--999C9559D2AF40579748717EE1682A87-->  <ISGLOSSARY><![CDATA[N]]></ISGLOSSARY>
<!--999C9559D2AF40579748717EE1682A87--></AD_ELEMENT>

<!--9C55F3CACF15469097B32D118643074E--><AD_ELEMENT>
<!--9C55F3CACF15469097B32D118643074E-->  <AD_ELEMENT_ID><![CDATA[9C55F3CACF15469097B32D118643074E]]></AD_ELEMENT_ID>
<!--9C55F3CACF15469097B32D118643074E-->  <AD_CLIENT_ID><![CDATA[0]]></AD_CLIENT_ID>
<!--9C55F3CACF15469097B32D118643074E-->  <AD_ORG_ID><![CDATA[0]]></AD_ORG_ID>
<!--9C55F3CACF15469097B32D118643074E-->  <ISACTIVE><![CDATA[Y]]></ISACTIVE>
<!--9C55F3CACF15469097B32D118643074E-->  <COLUMNNAME><![CDATA[Echelon]]></COLUMNNAME>
<!--9C55F3CACF15469097B32D118643074E-->  <NAME><![CDATA[Echelon]]></NAME>
<!--9C55F3CACF15469097B32D118643074E-->  <PRINTNAME><![CDATA[Echelon]]></PRINTNAME>
<!--9C55F3CACF15469097B32D118643074E-->  <AD_MODULE_ID><![CDATA[3D7EA38195044083A47056E9A032004B]]></AD_MODULE_ID>
<!--9C55F3CACF15469097B32D118643074E-->  <ISGLOSSARY><![CDATA[N]]></ISGLOSSARY>
<!--9C55F3CACF15469097B32D118643074E--></AD_ELEMENT>

<!--9D332FBA5E4745B4850526A113F56759--><AD_ELEMENT>
<!--9D332FBA5E4745B4850526A113F56759-->  <AD_ELEMENT_ID><![CDATA[9D332FBA5E4745B4850526A113F56759]]></AD_ELEMENT_ID>
<!--9D332FBA5E4745B4850526A113F56759-->  <AD_CLIENT_ID><![CDATA[0]]></AD_CLIENT_ID>
<!--9D332FBA5E4745B4850526A113F56759-->  <AD_ORG_ID><![CDATA[0]]></AD_ORG_ID>
<!--9D332FBA5E4745B4850526A113F56759-->  <ISACTIVE><![CDATA[Y]]></ISACTIVE>
<!--9D332FBA5E4745B4850526A113F56759-->  <COLUMNNAME><![CDATA[Calculateovertime]]></COLUMNNAME>
<!--9D332FBA5E4745B4850526A113F56759-->  <NAME><![CDATA[Calculateovertime]]></NAME>
<!--9D332FBA5E4745B4850526A113F56759-->  <PRINTNAME><![CDATA[Calculateovertime]]></PRINTNAME>
<!--9D332FBA5E4745B4850526A113F56759-->  <AD_MODULE_ID><![CDATA[3D7EA38195044083A47056E9A032004B]]></AD_MODULE_ID>
<!--9D332FBA5E4745B4850526A113F56759-->  <ISGLOSSARY><![CDATA[N]]></ISGLOSSARY>
<!--9D332FBA5E4745B4850526A113F56759--></AD_ELEMENT>

<!--A3AAD17DCDFE4579A8D5C1AD92BF51D9--><AD_ELEMENT>
<!--A3AAD17DCDFE4579A8D5C1AD92BF51D9-->  <AD_ELEMENT_ID><![CDATA[A3AAD17DCDFE4579A8D5C1AD92BF51D9]]></AD_ELEMENT_ID>
<!--A3AAD17DCDFE4579A8D5C1AD92BF51D9-->  <AD_CLIENT_ID><![CDATA[0]]></AD_CLIENT_ID>
<!--A3AAD17DCDFE4579A8D5C1AD92BF51D9-->  <AD_ORG_ID><![CDATA[0]]></AD_ORG_ID>
<!--A3AAD17DCDFE4579A8D5C1AD92BF51D9-->  <ISACTIVE><![CDATA[Y]]></ISACTIVE>
<!--A3AAD17DCDFE4579A8D5C1AD92BF51D9-->  <COLUMNNAME><![CDATA[OT_Overtime_Detail_ID]]></COLUMNNAME>
<!--A3AAD17DCDFE4579A8D5C1AD92BF51D9-->  <NAME><![CDATA[OT_Overtime_Detail_ID]]></NAME>
<!--A3AAD17DCDFE4579A8D5C1AD92BF51D9-->  <PRINTNAME><![CDATA[OT_Overtime_Detail_ID]]></PRINTNAME>
<!--A3AAD17DCDFE4579A8D5C1AD92BF51D9-->  <AD_MODULE_ID><![CDATA[3D7EA38195044083A47056E9A032004B]]></AD_MODULE_ID>
<!--A3AAD17DCDFE4579A8D5C1AD92BF51D9-->  <ISGLOSSARY><![CDATA[N]]></ISGLOSSARY>
<!--A3AAD17DCDFE4579A8D5C1AD92BF51D9--></AD_ELEMENT>

<!--B9E49F8DE37F4F1C9DC829551D9F8F84--><AD_ELEMENT>
<!--B9E49F8DE37F4F1C9DC829551D9F8F84-->  <AD_ELEMENT_ID><![CDATA[B9E49F8DE37F4F1C9DC829551D9F8F84]]></AD_ELEMENT_ID>
<!--B9E49F8DE37F4F1C9DC829551D9F8F84-->  <AD_CLIENT_ID><![CDATA[0]]></AD_CLIENT_ID>
<!--B9E49F8DE37F4F1C9DC829551D9F8F84-->  <AD_ORG_ID><![CDATA[0]]></AD_ORG_ID>
<!--B9E49F8DE37F4F1C9DC829551D9F8F84-->  <ISACTIVE><![CDATA[Y]]></ISACTIVE>
<!--B9E49F8DE37F4F1C9DC829551D9F8F84-->  <COLUMNNAME><![CDATA[Isbusinessday]]></COLUMNNAME>
<!--B9E49F8DE37F4F1C9DC829551D9F8F84-->  <NAME><![CDATA[Work Day]]></NAME>
<!--B9E49F8DE37F4F1C9DC829551D9F8F84-->  <PRINTNAME><![CDATA[Work Day]]></PRINTNAME>
<!--B9E49F8DE37F4F1C9DC829551D9F8F84-->  <AD_MODULE_ID><![CDATA[3D7EA38195044083A47056E9A032004B]]></AD_MODULE_ID>
<!--B9E49F8DE37F4F1C9DC829551D9F8F84-->  <ISGLOSSARY><![CDATA[N]]></ISGLOSSARY>
<!--B9E49F8DE37F4F1C9DC829551D9F8F84--></AD_ELEMENT>

<!--D1AE7669ACAF4768B59F7C900940BAA9--><AD_ELEMENT>
<!--D1AE7669ACAF4768B59F7C900940BAA9-->  <AD_ELEMENT_ID><![CDATA[D1AE7669ACAF4768B59F7C900940BAA9]]></AD_ELEMENT_ID>
<!--D1AE7669ACAF4768B59F7C900940BAA9-->  <AD_CLIENT_ID><![CDATA[0]]></AD_CLIENT_ID>
<!--D1AE7669ACAF4768B59F7C900940BAA9-->  <AD_ORG_ID><![CDATA[0]]></AD_ORG_ID>
<!--D1AE7669ACAF4768B59F7C900940BAA9-->  <ISACTIVE><![CDATA[Y]]></ISACTIVE>
<!--D1AE7669ACAF4768B59F7C900940BAA9-->  <COLUMNNAME><![CDATA[Tarif]]></COLUMNNAME>
<!--D1AE7669ACAF4768B59F7C900940BAA9-->  <NAME><![CDATA[Tarif]]></NAME>
<!--D1AE7669ACAF4768B59F7C900940BAA9-->  <PRINTNAME><![CDATA[Tarif]]></PRINTNAME>
<!--D1AE7669ACAF4768B59F7C900940BAA9-->  <AD_MODULE_ID><![CDATA[3D7EA38195044083A47056E9A032004B]]></AD_MODULE_ID>
<!--D1AE7669ACAF4768B59F7C900940BAA9-->  <ISGLOSSARY><![CDATA[N]]></ISGLOSSARY>
<!--D1AE7669ACAF4768B59F7C900940BAA9--></AD_ELEMENT>

<!--E70957B79BA74650A904FE673DC9E60E--><AD_ELEMENT>
<!--E70957B79BA74650A904FE673DC9E60E-->  <AD_ELEMENT_ID><![CDATA[E70957B79BA74650A904FE673DC9E60E]]></AD_ELEMENT_ID>
<!--E70957B79BA74650A904FE673DC9E60E-->  <AD_CLIENT_ID><![CDATA[0]]></AD_CLIENT_ID>
<!--E70957B79BA74650A904FE673DC9E60E-->  <AD_ORG_ID><![CDATA[0]]></AD_ORG_ID>
<!--E70957B79BA74650A904FE673DC9E60E-->  <ISACTIVE><![CDATA[Y]]></ISACTIVE>
<!--E70957B79BA74650A904FE673DC9E60E-->  <COLUMNNAME><![CDATA[OT_Emergency_Call_ID]]></COLUMNNAME>
<!--E70957B79BA74650A904FE673DC9E60E-->  <NAME><![CDATA[OT_Emergency_Call_ID]]></NAME>
<!--E70957B79BA74650A904FE673DC9E60E-->  <PRINTNAME><![CDATA[OT_Emergency_Call_ID]]></PRINTNAME>
<!--E70957B79BA74650A904FE673DC9E60E-->  <AD_MODULE_ID><![CDATA[3D7EA38195044083A47056E9A032004B]]></AD_MODULE_ID>
<!--E70957B79BA74650A904FE673DC9E60E-->  <ISGLOSSARY><![CDATA[N]]></ISGLOSSARY>
<!--E70957B79BA74650A904FE673DC9E60E--></AD_ELEMENT>

<!--F322435E8B2945BBB9E320BAEF238088--><AD_ELEMENT>
<!--F322435E8B2945BBB9E320BAEF238088-->  <AD_ELEMENT_ID><![CDATA[F322435E8B2945BBB9E320BAEF238088]]></AD_ELEMENT_ID>
<!--F322435E8B2945BBB9E320BAEF238088-->  <AD_CLIENT_ID><![CDATA[0]]></AD_CLIENT_ID>
<!--F322435E8B2945BBB9E320BAEF238088-->  <AD_ORG_ID><![CDATA[0]]></AD_ORG_ID>
<!--F322435E8B2945BBB9E320BAEF238088-->  <ISACTIVE><![CDATA[Y]]></ISACTIVE>
<!--F322435E8B2945BBB9E320BAEF238088-->  <COLUMNNAME><![CDATA[TOT_Jamkerja]]></COLUMNNAME>
<!--F322435E8B2945BBB9E320BAEF238088-->  <NAME><![CDATA[Total Jam Kerja]]></NAME>
<!--F322435E8B2945BBB9E320BAEF238088-->  <PRINTNAME><![CDATA[Total Jam Kerja]]></PRINTNAME>
<!--F322435E8B2945BBB9E320BAEF238088-->  <AD_MODULE_ID><![CDATA[3D7EA38195044083A47056E9A032004B]]></AD_MODULE_ID>
<!--F322435E8B2945BBB9E320BAEF238088-->  <ISGLOSSARY><![CDATA[N]]></ISGLOSSARY>
<!--F322435E8B2945BBB9E320BAEF238088--></AD_ELEMENT>

<!--F71E7DB3BAF0423B8DAE04E66E03365E--><AD_ELEMENT>
<!--F71E7DB3BAF0423B8DAE04E66E03365E-->  <AD_ELEMENT_ID><![CDATA[F71E7DB3BAF0423B8DAE04E66E03365E]]></AD_ELEMENT_ID>
<!--F71E7DB3BAF0423B8DAE04E66E03365E-->  <AD_CLIENT_ID><![CDATA[0]]></AD_CLIENT_ID>
<!--F71E7DB3BAF0423B8DAE04E66E03365E-->  <AD_ORG_ID><![CDATA[0]]></AD_ORG_ID>
<!--F71E7DB3BAF0423B8DAE04E66E03365E-->  <ISACTIVE><![CDATA[Y]]></ISACTIVE>
<!--F71E7DB3BAF0423B8DAE04E66E03365E-->  <COLUMNNAME><![CDATA[Checkout]]></COLUMNNAME>
<!--F71E7DB3BAF0423B8DAE04E66E03365E-->  <NAME><![CDATA[Checkout]]></NAME>
<!--F71E7DB3BAF0423B8DAE04E66E03365E-->  <PRINTNAME><![CDATA[Checkout]]></PRINTNAME>
<!--F71E7DB3BAF0423B8DAE04E66E03365E-->  <AD_MODULE_ID><![CDATA[3D7EA38195044083A47056E9A032004B]]></AD_MODULE_ID>
<!--F71E7DB3BAF0423B8DAE04E66E03365E-->  <ISGLOSSARY><![CDATA[N]]></ISGLOSSARY>
<!--F71E7DB3BAF0423B8DAE04E66E03365E--></AD_ELEMENT>

</data>
