<?xml version="1.0" encoding="UTF-8"?>
<data>
<!--776DBB952F97461F9C9440C9B64DAE7F--><AD_FIELDGROUP>
<!--776DBB952F97461F9C9440C9B64DAE7F-->  <AD_FIELDGROUP_ID><![CDATA[776DBB952F97461F9C9440C9B64DAE7F]]></AD_FIELDGROUP_ID>
<!--776DBB952F97461F9C9440C9B64DAE7F-->  <AD_CLIENT_ID><![CDATA[0]]></AD_CLIENT_ID>
<!--776DBB952F97461F9C9440C9B64DAE7F-->  <AD_ORG_ID><![CDATA[0]]></AD_ORG_ID>
<!--776DBB952F97461F9C9440C9B64DAE7F-->  <ISACTIVE><![CDATA[Y]]></ISACTIVE>
<!--776DBB952F97461F9C9440C9B64DAE7F-->  <NAME><![CDATA[Overtime]]></NAME>
<!--776DBB952F97461F9C9440C9B64DAE7F-->  <AD_MODULE_ID><![CDATA[3D7EA38195044083A47056E9A032004B]]></AD_MODULE_ID>
<!--776DBB952F97461F9C9440C9B64DAE7F-->  <ISCOLLAPSED><![CDATA[N]]></ISCOLLAPSED>
<!--776DBB952F97461F9C9440C9B64DAE7F--></AD_FIELDGROUP>

</data>
