<?xml version="1.0" encoding="UTF-8"?>
<data>
<!--031415069CB54DB7A7BBE561BB0AC1C5--><AD_MENU>
<!--031415069CB54DB7A7BBE561BB0AC1C5-->  <AD_MENU_ID><![CDATA[031415069CB54DB7A7BBE561BB0AC1C5]]></AD_MENU_ID>
<!--031415069CB54DB7A7BBE561BB0AC1C5-->  <AD_CLIENT_ID><![CDATA[0]]></AD_CLIENT_ID>
<!--031415069CB54DB7A7BBE561BB0AC1C5-->  <AD_ORG_ID><![CDATA[0]]></AD_ORG_ID>
<!--031415069CB54DB7A7BBE561BB0AC1C5-->  <ISACTIVE><![CDATA[Y]]></ISACTIVE>
<!--031415069CB54DB7A7BBE561BB0AC1C5-->  <NAME><![CDATA[Emergency Call Request]]></NAME>
<!--031415069CB54DB7A7BBE561BB0AC1C5-->  <ISSUMMARY><![CDATA[N]]></ISSUMMARY>
<!--031415069CB54DB7A7BBE561BB0AC1C5-->  <ACTION><![CDATA[W]]></ACTION>
<!--031415069CB54DB7A7BBE561BB0AC1C5-->  <AD_WINDOW_ID><![CDATA[F5D6914B217540178E08E3AE6B7D826D]]></AD_WINDOW_ID>
<!--031415069CB54DB7A7BBE561BB0AC1C5-->  <AD_MODULE_ID><![CDATA[3D7EA38195044083A47056E9A032004B]]></AD_MODULE_ID>
<!--031415069CB54DB7A7BBE561BB0AC1C5-->  <OPENLINKINBROWSER><![CDATA[N]]></OPENLINKINBROWSER>
<!--031415069CB54DB7A7BBE561BB0AC1C5--></AD_MENU>

<!--0758EBDF08EE4A959BF5FC908157784E--><AD_MENU>
<!--0758EBDF08EE4A959BF5FC908157784E-->  <AD_MENU_ID><![CDATA[0758EBDF08EE4A959BF5FC908157784E]]></AD_MENU_ID>
<!--0758EBDF08EE4A959BF5FC908157784E-->  <AD_CLIENT_ID><![CDATA[0]]></AD_CLIENT_ID>
<!--0758EBDF08EE4A959BF5FC908157784E-->  <AD_ORG_ID><![CDATA[0]]></AD_ORG_ID>
<!--0758EBDF08EE4A959BF5FC908157784E-->  <ISACTIVE><![CDATA[Y]]></ISACTIVE>
<!--0758EBDF08EE4A959BF5FC908157784E-->  <NAME><![CDATA[Overtime Report]]></NAME>
<!--0758EBDF08EE4A959BF5FC908157784E-->  <DESCRIPTION><![CDATA[Overtime Report]]></DESCRIPTION>
<!--0758EBDF08EE4A959BF5FC908157784E-->  <ISSUMMARY><![CDATA[N]]></ISSUMMARY>
<!--0758EBDF08EE4A959BF5FC908157784E-->  <ACTION><![CDATA[P]]></ACTION>
<!--0758EBDF08EE4A959BF5FC908157784E-->  <AD_PROCESS_ID><![CDATA[AE7FE5ABB6084E0ABAC9A557542F09D8]]></AD_PROCESS_ID>
<!--0758EBDF08EE4A959BF5FC908157784E-->  <AD_MODULE_ID><![CDATA[3D7EA38195044083A47056E9A032004B]]></AD_MODULE_ID>
<!--0758EBDF08EE4A959BF5FC908157784E-->  <OPENLINKINBROWSER><![CDATA[N]]></OPENLINKINBROWSER>
<!--0758EBDF08EE4A959BF5FC908157784E--></AD_MENU>

<!--25721BFE74414CCCAAFBFD8FACE08230--><AD_MENU>
<!--25721BFE74414CCCAAFBFD8FACE08230-->  <AD_MENU_ID><![CDATA[25721BFE74414CCCAAFBFD8FACE08230]]></AD_MENU_ID>
<!--25721BFE74414CCCAAFBFD8FACE08230-->  <AD_CLIENT_ID><![CDATA[0]]></AD_CLIENT_ID>
<!--25721BFE74414CCCAAFBFD8FACE08230-->  <AD_ORG_ID><![CDATA[0]]></AD_ORG_ID>
<!--25721BFE74414CCCAAFBFD8FACE08230-->  <ISACTIVE><![CDATA[Y]]></ISACTIVE>
<!--25721BFE74414CCCAAFBFD8FACE08230-->  <NAME><![CDATA[Analysis Tools]]></NAME>
<!--25721BFE74414CCCAAFBFD8FACE08230-->  <ISSUMMARY><![CDATA[Y]]></ISSUMMARY>
<!--25721BFE74414CCCAAFBFD8FACE08230-->  <AD_MODULE_ID><![CDATA[3D7EA38195044083A47056E9A032004B]]></AD_MODULE_ID>
<!--25721BFE74414CCCAAFBFD8FACE08230-->  <OPENLINKINBROWSER><![CDATA[N]]></OPENLINKINBROWSER>
<!--25721BFE74414CCCAAFBFD8FACE08230--></AD_MENU>

<!--447D6D757D774DBDBD73E377FCC38070--><AD_MENU>
<!--447D6D757D774DBDBD73E377FCC38070-->  <AD_MENU_ID><![CDATA[447D6D757D774DBDBD73E377FCC38070]]></AD_MENU_ID>
<!--447D6D757D774DBDBD73E377FCC38070-->  <AD_CLIENT_ID><![CDATA[0]]></AD_CLIENT_ID>
<!--447D6D757D774DBDBD73E377FCC38070-->  <AD_ORG_ID><![CDATA[0]]></AD_ORG_ID>
<!--447D6D757D774DBDBD73E377FCC38070-->  <ISACTIVE><![CDATA[Y]]></ISACTIVE>
<!--447D6D757D774DBDBD73E377FCC38070-->  <NAME><![CDATA[Calculate Overtime Amount]]></NAME>
<!--447D6D757D774DBDBD73E377FCC38070-->  <DESCRIPTION><![CDATA[Calculate Overtime Amount]]></DESCRIPTION>
<!--447D6D757D774DBDBD73E377FCC38070-->  <ISSUMMARY><![CDATA[N]]></ISSUMMARY>
<!--447D6D757D774DBDBD73E377FCC38070-->  <ACTION><![CDATA[P]]></ACTION>
<!--447D6D757D774DBDBD73E377FCC38070-->  <AD_PROCESS_ID><![CDATA[4D1E97433C044E648DAE30B05D5AEB45]]></AD_PROCESS_ID>
<!--447D6D757D774DBDBD73E377FCC38070-->  <AD_MODULE_ID><![CDATA[3D7EA38195044083A47056E9A032004B]]></AD_MODULE_ID>
<!--447D6D757D774DBDBD73E377FCC38070-->  <OPENLINKINBROWSER><![CDATA[N]]></OPENLINKINBROWSER>
<!--447D6D757D774DBDBD73E377FCC38070--></AD_MENU>

<!--654CA2DAE0094732899058AB8151FB7D--><AD_MENU>
<!--654CA2DAE0094732899058AB8151FB7D-->  <AD_MENU_ID><![CDATA[654CA2DAE0094732899058AB8151FB7D]]></AD_MENU_ID>
<!--654CA2DAE0094732899058AB8151FB7D-->  <AD_CLIENT_ID><![CDATA[0]]></AD_CLIENT_ID>
<!--654CA2DAE0094732899058AB8151FB7D-->  <AD_ORG_ID><![CDATA[0]]></AD_ORG_ID>
<!--654CA2DAE0094732899058AB8151FB7D-->  <ISACTIVE><![CDATA[Y]]></ISACTIVE>
<!--654CA2DAE0094732899058AB8151FB7D-->  <NAME><![CDATA[Overtime Request]]></NAME>
<!--654CA2DAE0094732899058AB8151FB7D-->  <ISSUMMARY><![CDATA[N]]></ISSUMMARY>
<!--654CA2DAE0094732899058AB8151FB7D-->  <ACTION><![CDATA[W]]></ACTION>
<!--654CA2DAE0094732899058AB8151FB7D-->  <AD_WINDOW_ID><![CDATA[B28898E7BCB848ECB4A228A6B3703EE1]]></AD_WINDOW_ID>
<!--654CA2DAE0094732899058AB8151FB7D-->  <AD_MODULE_ID><![CDATA[3D7EA38195044083A47056E9A032004B]]></AD_MODULE_ID>
<!--654CA2DAE0094732899058AB8151FB7D-->  <OPENLINKINBROWSER><![CDATA[N]]></OPENLINKINBROWSER>
<!--654CA2DAE0094732899058AB8151FB7D--></AD_MENU>

<!--7589DB621EB246248F908156722A53AE--><AD_MENU>
<!--7589DB621EB246248F908156722A53AE-->  <AD_MENU_ID><![CDATA[7589DB621EB246248F908156722A53AE]]></AD_MENU_ID>
<!--7589DB621EB246248F908156722A53AE-->  <AD_CLIENT_ID><![CDATA[0]]></AD_CLIENT_ID>
<!--7589DB621EB246248F908156722A53AE-->  <AD_ORG_ID><![CDATA[0]]></AD_ORG_ID>
<!--7589DB621EB246248F908156722A53AE-->  <ISACTIVE><![CDATA[Y]]></ISACTIVE>
<!--7589DB621EB246248F908156722A53AE-->  <NAME><![CDATA[Setup]]></NAME>
<!--7589DB621EB246248F908156722A53AE-->  <DESCRIPTION><![CDATA[Setup For Overtime]]></DESCRIPTION>
<!--7589DB621EB246248F908156722A53AE-->  <ISSUMMARY><![CDATA[Y]]></ISSUMMARY>
<!--7589DB621EB246248F908156722A53AE-->  <AD_MODULE_ID><![CDATA[3D7EA38195044083A47056E9A032004B]]></AD_MODULE_ID>
<!--7589DB621EB246248F908156722A53AE-->  <OPENLINKINBROWSER><![CDATA[N]]></OPENLINKINBROWSER>
<!--7589DB621EB246248F908156722A53AE--></AD_MENU>

<!--BAEED1B9AAEA472B99505ADDD75A7158--><AD_MENU>
<!--BAEED1B9AAEA472B99505ADDD75A7158-->  <AD_MENU_ID><![CDATA[BAEED1B9AAEA472B99505ADDD75A7158]]></AD_MENU_ID>
<!--BAEED1B9AAEA472B99505ADDD75A7158-->  <AD_CLIENT_ID><![CDATA[0]]></AD_CLIENT_ID>
<!--BAEED1B9AAEA472B99505ADDD75A7158-->  <AD_ORG_ID><![CDATA[0]]></AD_ORG_ID>
<!--BAEED1B9AAEA472B99505ADDD75A7158-->  <ISACTIVE><![CDATA[Y]]></ISACTIVE>
<!--BAEED1B9AAEA472B99505ADDD75A7158-->  <NAME><![CDATA[Overtime By Employee]]></NAME>
<!--BAEED1B9AAEA472B99505ADDD75A7158-->  <DESCRIPTION><![CDATA[Overtime By Employee]]></DESCRIPTION>
<!--BAEED1B9AAEA472B99505ADDD75A7158-->  <ISSUMMARY><![CDATA[N]]></ISSUMMARY>
<!--BAEED1B9AAEA472B99505ADDD75A7158-->  <ACTION><![CDATA[P]]></ACTION>
<!--BAEED1B9AAEA472B99505ADDD75A7158-->  <AD_PROCESS_ID><![CDATA[6D8D3AFBFD4F43669DCBB78054D15E4A]]></AD_PROCESS_ID>
<!--BAEED1B9AAEA472B99505ADDD75A7158-->  <AD_MODULE_ID><![CDATA[3D7EA38195044083A47056E9A032004B]]></AD_MODULE_ID>
<!--BAEED1B9AAEA472B99505ADDD75A7158-->  <OPENLINKINBROWSER><![CDATA[N]]></OPENLINKINBROWSER>
<!--BAEED1B9AAEA472B99505ADDD75A7158--></AD_MENU>

<!--CEEDB810EDC3466DA12E087CAE2E7C42--><AD_MENU>
<!--CEEDB810EDC3466DA12E087CAE2E7C42-->  <AD_MENU_ID><![CDATA[CEEDB810EDC3466DA12E087CAE2E7C42]]></AD_MENU_ID>
<!--CEEDB810EDC3466DA12E087CAE2E7C42-->  <AD_CLIENT_ID><![CDATA[0]]></AD_CLIENT_ID>
<!--CEEDB810EDC3466DA12E087CAE2E7C42-->  <AD_ORG_ID><![CDATA[0]]></AD_ORG_ID>
<!--CEEDB810EDC3466DA12E087CAE2E7C42-->  <ISACTIVE><![CDATA[Y]]></ISACTIVE>
<!--CEEDB810EDC3466DA12E087CAE2E7C42-->  <NAME><![CDATA[Overtime Rule]]></NAME>
<!--CEEDB810EDC3466DA12E087CAE2E7C42-->  <ISSUMMARY><![CDATA[N]]></ISSUMMARY>
<!--CEEDB810EDC3466DA12E087CAE2E7C42-->  <ACTION><![CDATA[W]]></ACTION>
<!--CEEDB810EDC3466DA12E087CAE2E7C42-->  <AD_WINDOW_ID><![CDATA[F5D4D22E90EB4EAF84211F708F67D350]]></AD_WINDOW_ID>
<!--CEEDB810EDC3466DA12E087CAE2E7C42-->  <AD_MODULE_ID><![CDATA[3D7EA38195044083A47056E9A032004B]]></AD_MODULE_ID>
<!--CEEDB810EDC3466DA12E087CAE2E7C42-->  <OPENLINKINBROWSER><![CDATA[N]]></OPENLINKINBROWSER>
<!--CEEDB810EDC3466DA12E087CAE2E7C42--></AD_MENU>

</data>
