<?xml version="1.0" encoding="UTF-8"?>
<data>
<!--3061633A98B1422DBD0AF89E9527C30E--><AD_MODEL_OBJECT>
<!--3061633A98B1422DBD0AF89E9527C30E-->  <AD_MODEL_OBJECT_ID><![CDATA[3061633A98B1422DBD0AF89E9527C30E]]></AD_MODEL_OBJECT_ID>
<!--3061633A98B1422DBD0AF89E9527C30E-->  <AD_CLIENT_ID><![CDATA[0]]></AD_CLIENT_ID>
<!--3061633A98B1422DBD0AF89E9527C30E-->  <AD_ORG_ID><![CDATA[0]]></AD_ORG_ID>
<!--3061633A98B1422DBD0AF89E9527C30E-->  <ISACTIVE><![CDATA[Y]]></ISACTIVE>
<!--3061633A98B1422DBD0AF89E9527C30E-->  <ACTION><![CDATA[P]]></ACTION>
<!--3061633A98B1422DBD0AF89E9527C30E-->  <CLASSNAME><![CDATA[org.wirabumi.hris.overtime.ad_process.CalculateOvertime]]></CLASSNAME>
<!--3061633A98B1422DBD0AF89E9527C30E-->  <ISDEFAULT><![CDATA[Y]]></ISDEFAULT>
<!--3061633A98B1422DBD0AF89E9527C30E-->  <AD_PROCESS_ID><![CDATA[C6790B3A3DF24785B25CE94CA4F7CC29]]></AD_PROCESS_ID>
<!--3061633A98B1422DBD0AF89E9527C30E-->  <OBJECT_TYPE><![CDATA[S]]></OBJECT_TYPE>
<!--3061633A98B1422DBD0AF89E9527C30E--></AD_MODEL_OBJECT>

<!--3DBEF3DCE05D49B88C3D4372076EAB4F--><AD_MODEL_OBJECT>
<!--3DBEF3DCE05D49B88C3D4372076EAB4F-->  <AD_MODEL_OBJECT_ID><![CDATA[3DBEF3DCE05D49B88C3D4372076EAB4F]]></AD_MODEL_OBJECT_ID>
<!--3DBEF3DCE05D49B88C3D4372076EAB4F-->  <AD_CLIENT_ID><![CDATA[0]]></AD_CLIENT_ID>
<!--3DBEF3DCE05D49B88C3D4372076EAB4F-->  <AD_ORG_ID><![CDATA[0]]></AD_ORG_ID>
<!--3DBEF3DCE05D49B88C3D4372076EAB4F-->  <ISACTIVE><![CDATA[Y]]></ISACTIVE>
<!--3DBEF3DCE05D49B88C3D4372076EAB4F-->  <ACTION><![CDATA[P]]></ACTION>
<!--3DBEF3DCE05D49B88C3D4372076EAB4F-->  <CLASSNAME><![CDATA[org.wirabumi.hris.overtime.ad_process.OvertimeAmountCalculationID]]></CLASSNAME>
<!--3DBEF3DCE05D49B88C3D4372076EAB4F-->  <ISDEFAULT><![CDATA[Y]]></ISDEFAULT>
<!--3DBEF3DCE05D49B88C3D4372076EAB4F-->  <AD_PROCESS_ID><![CDATA[C76AC67734AE4E359D28BB6AEFCE7FF1]]></AD_PROCESS_ID>
<!--3DBEF3DCE05D49B88C3D4372076EAB4F-->  <OBJECT_TYPE><![CDATA[S]]></OBJECT_TYPE>
<!--3DBEF3DCE05D49B88C3D4372076EAB4F--></AD_MODEL_OBJECT>

<!--60780B70B6454950914BA53795FC211B--><AD_MODEL_OBJECT>
<!--60780B70B6454950914BA53795FC211B-->  <AD_MODEL_OBJECT_ID><![CDATA[60780B70B6454950914BA53795FC211B]]></AD_MODEL_OBJECT_ID>
<!--60780B70B6454950914BA53795FC211B-->  <AD_CLIENT_ID><![CDATA[0]]></AD_CLIENT_ID>
<!--60780B70B6454950914BA53795FC211B-->  <AD_ORG_ID><![CDATA[0]]></AD_ORG_ID>
<!--60780B70B6454950914BA53795FC211B-->  <ISACTIVE><![CDATA[Y]]></ISACTIVE>
<!--60780B70B6454950914BA53795FC211B-->  <ACTION><![CDATA[P]]></ACTION>
<!--60780B70B6454950914BA53795FC211B-->  <CLASSNAME><![CDATA[org.wirabumi.hris.overtime.ad_process.AllCalculateOvertime]]></CLASSNAME>
<!--60780B70B6454950914BA53795FC211B-->  <ISDEFAULT><![CDATA[Y]]></ISDEFAULT>
<!--60780B70B6454950914BA53795FC211B-->  <AD_PROCESS_ID><![CDATA[4D1E97433C044E648DAE30B05D5AEB45]]></AD_PROCESS_ID>
<!--60780B70B6454950914BA53795FC211B-->  <OBJECT_TYPE><![CDATA[S]]></OBJECT_TYPE>
<!--60780B70B6454950914BA53795FC211B--></AD_MODEL_OBJECT>

<!--B0B9EA00126D4187832FBD1E04615AE0--><AD_MODEL_OBJECT>
<!--B0B9EA00126D4187832FBD1E04615AE0-->  <AD_MODEL_OBJECT_ID><![CDATA[B0B9EA00126D4187832FBD1E04615AE0]]></AD_MODEL_OBJECT_ID>
<!--B0B9EA00126D4187832FBD1E04615AE0-->  <AD_CLIENT_ID><![CDATA[0]]></AD_CLIENT_ID>
<!--B0B9EA00126D4187832FBD1E04615AE0-->  <AD_ORG_ID><![CDATA[0]]></AD_ORG_ID>
<!--B0B9EA00126D4187832FBD1E04615AE0-->  <ISACTIVE><![CDATA[Y]]></ISACTIVE>
<!--B0B9EA00126D4187832FBD1E04615AE0-->  <ACTION><![CDATA[C]]></ACTION>
<!--B0B9EA00126D4187832FBD1E04615AE0-->  <CLASSNAME><![CDATA[org.wirabumi.hris.overtime.callout.ValidFromCallout]]></CLASSNAME>
<!--B0B9EA00126D4187832FBD1E04615AE0-->  <ISDEFAULT><![CDATA[Y]]></ISDEFAULT>
<!--B0B9EA00126D4187832FBD1E04615AE0-->  <AD_CALLOUT_ID><![CDATA[7991F153C4894628917C5E4B9BEB767C]]></AD_CALLOUT_ID>
<!--B0B9EA00126D4187832FBD1E04615AE0-->  <OBJECT_TYPE><![CDATA[S]]></OBJECT_TYPE>
<!--B0B9EA00126D4187832FBD1E04615AE0--></AD_MODEL_OBJECT>

<!--B69E3B6386894A0097F210696CC00ECB--><AD_MODEL_OBJECT>
<!--B69E3B6386894A0097F210696CC00ECB-->  <AD_MODEL_OBJECT_ID><![CDATA[B69E3B6386894A0097F210696CC00ECB]]></AD_MODEL_OBJECT_ID>
<!--B69E3B6386894A0097F210696CC00ECB-->  <AD_CLIENT_ID><![CDATA[0]]></AD_CLIENT_ID>
<!--B69E3B6386894A0097F210696CC00ECB-->  <AD_ORG_ID><![CDATA[0]]></AD_ORG_ID>
<!--B69E3B6386894A0097F210696CC00ECB-->  <ISACTIVE><![CDATA[Y]]></ISACTIVE>
<!--B69E3B6386894A0097F210696CC00ECB-->  <ACTION><![CDATA[P]]></ACTION>
<!--B69E3B6386894A0097F210696CC00ECB-->  <CLASSNAME><![CDATA[org.wirabumi.hris.overtime.erpReports.RptOvertimeReport]]></CLASSNAME>
<!--B69E3B6386894A0097F210696CC00ECB-->  <ISDEFAULT><![CDATA[Y]]></ISDEFAULT>
<!--B69E3B6386894A0097F210696CC00ECB-->  <AD_PROCESS_ID><![CDATA[352E30ADC17D40C5B922E4B90529B201]]></AD_PROCESS_ID>
<!--B69E3B6386894A0097F210696CC00ECB-->  <OBJECT_TYPE><![CDATA[S]]></OBJECT_TYPE>
<!--B69E3B6386894A0097F210696CC00ECB--></AD_MODEL_OBJECT>

<!--CC46833BEC7B46F689DBEAA8F02479A2--><AD_MODEL_OBJECT>
<!--CC46833BEC7B46F689DBEAA8F02479A2-->  <AD_MODEL_OBJECT_ID><![CDATA[CC46833BEC7B46F689DBEAA8F02479A2]]></AD_MODEL_OBJECT_ID>
<!--CC46833BEC7B46F689DBEAA8F02479A2-->  <AD_CLIENT_ID><![CDATA[0]]></AD_CLIENT_ID>
<!--CC46833BEC7B46F689DBEAA8F02479A2-->  <AD_ORG_ID><![CDATA[0]]></AD_ORG_ID>
<!--CC46833BEC7B46F689DBEAA8F02479A2-->  <ISACTIVE><![CDATA[Y]]></ISACTIVE>
<!--CC46833BEC7B46F689DBEAA8F02479A2-->  <ACTION><![CDATA[C]]></ACTION>
<!--CC46833BEC7B46F689DBEAA8F02479A2-->  <CLASSNAME><![CDATA[org.wirabumi.hris.overtime.callout.OvertimeCallOut]]></CLASSNAME>
<!--CC46833BEC7B46F689DBEAA8F02479A2-->  <ISDEFAULT><![CDATA[Y]]></ISDEFAULT>
<!--CC46833BEC7B46F689DBEAA8F02479A2-->  <AD_CALLOUT_ID><![CDATA[2A9F5490EE554100AA005A6CA0BEA3C0]]></AD_CALLOUT_ID>
<!--CC46833BEC7B46F689DBEAA8F02479A2-->  <OBJECT_TYPE><![CDATA[S]]></OBJECT_TYPE>
<!--CC46833BEC7B46F689DBEAA8F02479A2--></AD_MODEL_OBJECT>

</data>
