<?xml version="1.0" encoding="UTF-8"?>
<data>
<!--3D7EA38195044083A47056E9A032004B--><AD_MODULE>
<!--3D7EA38195044083A47056E9A032004B-->  <AD_MODULE_ID><![CDATA[3D7EA38195044083A47056E9A032004B]]></AD_MODULE_ID>
<!--3D7EA38195044083A47056E9A032004B-->  <AD_CLIENT_ID><![CDATA[0]]></AD_CLIENT_ID>
<!--3D7EA38195044083A47056E9A032004B-->  <AD_ORG_ID><![CDATA[0]]></AD_ORG_ID>
<!--3D7EA38195044083A47056E9A032004B-->  <ISACTIVE><![CDATA[Y]]></ISACTIVE>
<!--3D7EA38195044083A47056E9A032004B-->  <NAME><![CDATA[Overtime]]></NAME>
<!--3D7EA38195044083A47056E9A032004B-->  <VERSION><![CDATA[1.0.54]]></VERSION>
<!--3D7EA38195044083A47056E9A032004B-->  <DESCRIPTION><![CDATA[Overtime]]></DESCRIPTION>
<!--3D7EA38195044083A47056E9A032004B-->  <HELP><![CDATA[Overtime]]></HELP>
<!--3D7EA38195044083A47056E9A032004B-->  <TYPE><![CDATA[M]]></TYPE>
<!--3D7EA38195044083A47056E9A032004B-->  <LICENSE><![CDATA[this module is distributed under GNU GPL v2]]></LICENSE>
<!--3D7EA38195044083A47056E9A032004B-->  <JAVAPACKAGE><![CDATA[org.wirabumi.hris.overtime]]></JAVAPACKAGE>
<!--3D7EA38195044083A47056E9A032004B-->  <LICENSETYPE><![CDATA[GPL2.0]]></LICENSETYPE>
<!--3D7EA38195044083A47056E9A032004B-->  <AUTHOR><![CDATA[Wirabumi Software]]></AUTHOR>
<!--3D7EA38195044083A47056E9A032004B-->  <ISTRANSLATIONREQUIRED><![CDATA[Y]]></ISTRANSLATIONREQUIRED>
<!--3D7EA38195044083A47056E9A032004B-->  <AD_LANGUAGE><![CDATA[en_US]]></AD_LANGUAGE>
<!--3D7EA38195044083A47056E9A032004B-->  <HASCHARTOFACCOUNTS><![CDATA[N]]></HASCHARTOFACCOUNTS>
<!--3D7EA38195044083A47056E9A032004B-->  <ISTRANSLATIONMODULE><![CDATA[N]]></ISTRANSLATIONMODULE>
<!--3D7EA38195044083A47056E9A032004B-->  <HASREFERENCEDATA><![CDATA[Y]]></HASREFERENCEDATA>
<!--3D7EA38195044083A47056E9A032004B-->  <ISCOMMERCIAL><![CDATA[N]]></ISCOMMERCIAL>
<!--3D7EA38195044083A47056E9A032004B-->  <ISTRIALALLOWED><![CDATA[N]]></ISTRIALALLOWED>
<!--3D7EA38195044083A47056E9A032004B--></AD_MODULE>

</data>
