<?xml version="1.0" encoding="UTF-8"?>
<data>
<!--7DE1E2CA32744913AAE95ADED0C9A9A3--><AD_MODULE_DBPREFIX>
<!--7DE1E2CA32744913AAE95ADED0C9A9A3-->  <AD_MODULE_DBPREFIX_ID><![CDATA[7DE1E2CA32744913AAE95ADED0C9A9A3]]></AD_MODULE_DBPREFIX_ID>
<!--7DE1E2CA32744913AAE95ADED0C9A9A3-->  <AD_CLIENT_ID><![CDATA[0]]></AD_CLIENT_ID>
<!--7DE1E2CA32744913AAE95ADED0C9A9A3-->  <AD_ORG_ID><![CDATA[0]]></AD_ORG_ID>
<!--7DE1E2CA32744913AAE95ADED0C9A9A3-->  <ISACTIVE><![CDATA[Y]]></ISACTIVE>
<!--7DE1E2CA32744913AAE95ADED0C9A9A3-->  <AD_MODULE_ID><![CDATA[3D7EA38195044083A47056E9A032004B]]></AD_MODULE_ID>
<!--7DE1E2CA32744913AAE95ADED0C9A9A3-->  <NAME><![CDATA[OT]]></NAME>
<!--7DE1E2CA32744913AAE95ADED0C9A9A3--></AD_MODULE_DBPREFIX>

</data>
