<?xml version="1.0" encoding="UTF-8"?>
<data>
<!--E92D72857EC148B597FC3B2100469472--><AD_MODULE_DEPENDENCY>
<!--E92D72857EC148B597FC3B2100469472-->  <AD_MODULE_DEPENDENCY_ID><![CDATA[E92D72857EC148B597FC3B2100469472]]></AD_MODULE_DEPENDENCY_ID>
<!--E92D72857EC148B597FC3B2100469472-->  <AD_CLIENT_ID><![CDATA[0]]></AD_CLIENT_ID>
<!--E92D72857EC148B597FC3B2100469472-->  <AD_ORG_ID><![CDATA[0]]></AD_ORG_ID>
<!--E92D72857EC148B597FC3B2100469472-->  <ISACTIVE><![CDATA[Y]]></ISACTIVE>
<!--E92D72857EC148B597FC3B2100469472-->  <AD_MODULE_ID><![CDATA[3D7EA38195044083A47056E9A032004B]]></AD_MODULE_ID>
<!--E92D72857EC148B597FC3B2100469472-->  <AD_DEPENDENT_MODULE_ID><![CDATA[0]]></AD_DEPENDENT_MODULE_ID>
<!--E92D72857EC148B597FC3B2100469472-->  <STARTVERSION><![CDATA[2.50.19850]]></STARTVERSION>
<!--E92D72857EC148B597FC3B2100469472-->  <ENDVERSION><![CDATA[3.0.0]]></ENDVERSION>
<!--E92D72857EC148B597FC3B2100469472-->  <ISINCLUDED><![CDATA[N]]></ISINCLUDED>
<!--E92D72857EC148B597FC3B2100469472-->  <DEPENDANT_MODULE_NAME><![CDATA[Core]]></DEPENDANT_MODULE_NAME>
<!--E92D72857EC148B597FC3B2100469472-->  <DEPENDENCY_ENFORCEMENT><![CDATA[MAJOR]]></DEPENDENCY_ENFORCEMENT>
<!--E92D72857EC148B597FC3B2100469472-->  <USER_EDITABLE_ENFORCEMENT><![CDATA[Y]]></USER_EDITABLE_ENFORCEMENT>
<!--E92D72857EC148B597FC3B2100469472--></AD_MODULE_DEPENDENCY>

</data>
