<?xml version="1.0" encoding="UTF-8"?>
<data>
<!--5CF48A30811D405D8C900162EC007C1A--><AD_MODEL_OBJECT_MAPPING>
<!--5CF48A30811D405D8C900162EC007C1A-->  <AD_MODEL_OBJECT_MAPPING_ID><![CDATA[5CF48A30811D405D8C900162EC007C1A]]></AD_MODEL_OBJECT_MAPPING_ID>
<!--5CF48A30811D405D8C900162EC007C1A-->  <AD_CLIENT_ID><![CDATA[0]]></AD_CLIENT_ID>
<!--5CF48A30811D405D8C900162EC007C1A-->  <AD_ORG_ID><![CDATA[0]]></AD_ORG_ID>
<!--5CF48A30811D405D8C900162EC007C1A-->  <ISACTIVE><![CDATA[Y]]></ISACTIVE>
<!--5CF48A30811D405D8C900162EC007C1A-->  <AD_MODEL_OBJECT_ID><![CDATA[CC46833BEC7B46F689DBEAA8F02479A2]]></AD_MODEL_OBJECT_ID>
<!--5CF48A30811D405D8C900162EC007C1A-->  <MAPPINGNAME><![CDATA[/org.wirabumi.hris.overtime.ad_callouts/OvertimeCallOut.html]]></MAPPINGNAME>
<!--5CF48A30811D405D8C900162EC007C1A-->  <ISDEFAULT><![CDATA[Y]]></ISDEFAULT>
<!--5CF48A30811D405D8C900162EC007C1A--></AD_MODEL_OBJECT_MAPPING>

<!--8FC0FB70AB7B42FF9F366D13727942A0--><AD_MODEL_OBJECT_MAPPING>
<!--8FC0FB70AB7B42FF9F366D13727942A0-->  <AD_MODEL_OBJECT_MAPPING_ID><![CDATA[8FC0FB70AB7B42FF9F366D13727942A0]]></AD_MODEL_OBJECT_MAPPING_ID>
<!--8FC0FB70AB7B42FF9F366D13727942A0-->  <AD_CLIENT_ID><![CDATA[0]]></AD_CLIENT_ID>
<!--8FC0FB70AB7B42FF9F366D13727942A0-->  <AD_ORG_ID><![CDATA[0]]></AD_ORG_ID>
<!--8FC0FB70AB7B42FF9F366D13727942A0-->  <ISACTIVE><![CDATA[Y]]></ISACTIVE>
<!--8FC0FB70AB7B42FF9F366D13727942A0-->  <AD_MODEL_OBJECT_ID><![CDATA[B0B9EA00126D4187832FBD1E04615AE0]]></AD_MODEL_OBJECT_ID>
<!--8FC0FB70AB7B42FF9F366D13727942A0-->  <MAPPINGNAME><![CDATA[/org.wirabumi.hris.overtime.callout/ValidFromCallout.html]]></MAPPINGNAME>
<!--8FC0FB70AB7B42FF9F366D13727942A0-->  <ISDEFAULT><![CDATA[Y]]></ISDEFAULT>
<!--8FC0FB70AB7B42FF9F366D13727942A0--></AD_MODEL_OBJECT_MAPPING>

<!--E440EF84348849CA9F773A19E3EA7E7D--><AD_MODEL_OBJECT_MAPPING>
<!--E440EF84348849CA9F773A19E3EA7E7D-->  <AD_MODEL_OBJECT_MAPPING_ID><![CDATA[E440EF84348849CA9F773A19E3EA7E7D]]></AD_MODEL_OBJECT_MAPPING_ID>
<!--E440EF84348849CA9F773A19E3EA7E7D-->  <AD_CLIENT_ID><![CDATA[0]]></AD_CLIENT_ID>
<!--E440EF84348849CA9F773A19E3EA7E7D-->  <AD_ORG_ID><![CDATA[0]]></AD_ORG_ID>
<!--E440EF84348849CA9F773A19E3EA7E7D-->  <ISACTIVE><![CDATA[Y]]></ISACTIVE>
<!--E440EF84348849CA9F773A19E3EA7E7D-->  <AD_MODEL_OBJECT_ID><![CDATA[B69E3B6386894A0097F210696CC00ECB]]></AD_MODEL_OBJECT_ID>
<!--E440EF84348849CA9F773A19E3EA7E7D-->  <MAPPINGNAME><![CDATA[/org.wirabumi.hris.overtime/src/org/wirabumi/hris/overtime/erpReports/RptOvertimeReport]]></MAPPINGNAME>
<!--E440EF84348849CA9F773A19E3EA7E7D-->  <ISDEFAULT><![CDATA[Y]]></ISDEFAULT>
<!--E440EF84348849CA9F773A19E3EA7E7D--></AD_MODEL_OBJECT_MAPPING>

</data>
