<?xml version="1.0" encoding="UTF-8"?>
<data>
<!--302BA54CBF9544438B167A3E754569B2--><AD_PROCESS_PARA>
<!--302BA54CBF9544438B167A3E754569B2-->  <AD_PROCESS_PARA_ID><![CDATA[302BA54CBF9544438B167A3E754569B2]]></AD_PROCESS_PARA_ID>
<!--302BA54CBF9544438B167A3E754569B2-->  <AD_CLIENT_ID><![CDATA[0]]></AD_CLIENT_ID>
<!--302BA54CBF9544438B167A3E754569B2-->  <AD_ORG_ID><![CDATA[0]]></AD_ORG_ID>
<!--302BA54CBF9544438B167A3E754569B2-->  <ISACTIVE><![CDATA[Y]]></ISACTIVE>
<!--302BA54CBF9544438B167A3E754569B2-->  <NAME><![CDATA[Ending Date]]></NAME>
<!--302BA54CBF9544438B167A3E754569B2-->  <DESCRIPTION><![CDATA[A parameter stating when a specified request will end.]]></DESCRIPTION>
<!--302BA54CBF9544438B167A3E754569B2-->  <HELP><![CDATA[The End Date indicates the last date in this range.]]></HELP>
<!--302BA54CBF9544438B167A3E754569B2-->  <AD_PROCESS_ID><![CDATA[5779FA163F6F40EBB956765E0B2AB3D6]]></AD_PROCESS_ID>
<!--302BA54CBF9544438B167A3E754569B2-->  <SEQNO><![CDATA[30]]></SEQNO>
<!--302BA54CBF9544438B167A3E754569B2-->  <AD_REFERENCE_ID><![CDATA[15]]></AD_REFERENCE_ID>
<!--302BA54CBF9544438B167A3E754569B2-->  <COLUMNNAME><![CDATA[ENDDATE]]></COLUMNNAME>
<!--302BA54CBF9544438B167A3E754569B2-->  <ISCENTRALLYMAINTAINED><![CDATA[Y]]></ISCENTRALLYMAINTAINED>
<!--302BA54CBF9544438B167A3E754569B2-->  <FIELDLENGTH><![CDATA[32]]></FIELDLENGTH>
<!--302BA54CBF9544438B167A3E754569B2-->  <ISMANDATORY><![CDATA[N]]></ISMANDATORY>
<!--302BA54CBF9544438B167A3E754569B2-->  <ISRANGE><![CDATA[N]]></ISRANGE>
<!--302BA54CBF9544438B167A3E754569B2-->  <AD_ELEMENT_ID><![CDATA[294]]></AD_ELEMENT_ID>
<!--302BA54CBF9544438B167A3E754569B2--></AD_PROCESS_PARA>

<!--3BC7CFB8273143039E628CFE87AACE39--><AD_PROCESS_PARA>
<!--3BC7CFB8273143039E628CFE87AACE39-->  <AD_PROCESS_PARA_ID><![CDATA[3BC7CFB8273143039E628CFE87AACE39]]></AD_PROCESS_PARA_ID>
<!--3BC7CFB8273143039E628CFE87AACE39-->  <AD_CLIENT_ID><![CDATA[0]]></AD_CLIENT_ID>
<!--3BC7CFB8273143039E628CFE87AACE39-->  <AD_ORG_ID><![CDATA[0]]></AD_ORG_ID>
<!--3BC7CFB8273143039E628CFE87AACE39-->  <ISACTIVE><![CDATA[Y]]></ISACTIVE>
<!--3BC7CFB8273143039E628CFE87AACE39-->  <NAME><![CDATA[Business Partner]]></NAME>
<!--3BC7CFB8273143039E628CFE87AACE39-->  <DESCRIPTION><![CDATA[Anyone who takes part in daily business operations by acting as a customer, employee, etc.]]></DESCRIPTION>
<!--3BC7CFB8273143039E628CFE87AACE39-->  <HELP><![CDATA[A Business Partner is anyone with whom you transact.  This can include a customer, vendor, employee or any combination of these.]]></HELP>
<!--3BC7CFB8273143039E628CFE87AACE39-->  <AD_PROCESS_ID><![CDATA[6D8D3AFBFD4F43669DCBB78054D15E4A]]></AD_PROCESS_ID>
<!--3BC7CFB8273143039E628CFE87AACE39-->  <SEQNO><![CDATA[15]]></SEQNO>
<!--3BC7CFB8273143039E628CFE87AACE39-->  <AD_REFERENCE_ID><![CDATA[30]]></AD_REFERENCE_ID>
<!--3BC7CFB8273143039E628CFE87AACE39-->  <AD_REFERENCE_VALUE_ID><![CDATA[800057]]></AD_REFERENCE_VALUE_ID>
<!--3BC7CFB8273143039E628CFE87AACE39-->  <COLUMNNAME><![CDATA[C_BPartner_ID]]></COLUMNNAME>
<!--3BC7CFB8273143039E628CFE87AACE39-->  <ISCENTRALLYMAINTAINED><![CDATA[Y]]></ISCENTRALLYMAINTAINED>
<!--3BC7CFB8273143039E628CFE87AACE39-->  <FIELDLENGTH><![CDATA[32]]></FIELDLENGTH>
<!--3BC7CFB8273143039E628CFE87AACE39-->  <ISMANDATORY><![CDATA[Y]]></ISMANDATORY>
<!--3BC7CFB8273143039E628CFE87AACE39-->  <ISRANGE><![CDATA[N]]></ISRANGE>
<!--3BC7CFB8273143039E628CFE87AACE39-->  <AD_ELEMENT_ID><![CDATA[187]]></AD_ELEMENT_ID>
<!--3BC7CFB8273143039E628CFE87AACE39--></AD_PROCESS_PARA>

<!--5481C6C613C540608AB217C62F749428--><AD_PROCESS_PARA>
<!--5481C6C613C540608AB217C62F749428-->  <AD_PROCESS_PARA_ID><![CDATA[5481C6C613C540608AB217C62F749428]]></AD_PROCESS_PARA_ID>
<!--5481C6C613C540608AB217C62F749428-->  <AD_CLIENT_ID><![CDATA[0]]></AD_CLIENT_ID>
<!--5481C6C613C540608AB217C62F749428-->  <AD_ORG_ID><![CDATA[0]]></AD_ORG_ID>
<!--5481C6C613C540608AB217C62F749428-->  <ISACTIVE><![CDATA[Y]]></ISACTIVE>
<!--5481C6C613C540608AB217C62F749428-->  <NAME><![CDATA[Starting Date]]></NAME>
<!--5481C6C613C540608AB217C62F749428-->  <DESCRIPTION><![CDATA[A parameter stating when a specified request will begin.]]></DESCRIPTION>
<!--5481C6C613C540608AB217C62F749428-->  <HELP><![CDATA[A parameter stating when a specified request will begin.]]></HELP>
<!--5481C6C613C540608AB217C62F749428-->  <AD_PROCESS_ID><![CDATA[6D8D3AFBFD4F43669DCBB78054D15E4A]]></AD_PROCESS_ID>
<!--5481C6C613C540608AB217C62F749428-->  <SEQNO><![CDATA[20]]></SEQNO>
<!--5481C6C613C540608AB217C62F749428-->  <AD_REFERENCE_ID><![CDATA[15]]></AD_REFERENCE_ID>
<!--5481C6C613C540608AB217C62F749428-->  <COLUMNNAME><![CDATA[StartDate]]></COLUMNNAME>
<!--5481C6C613C540608AB217C62F749428-->  <ISCENTRALLYMAINTAINED><![CDATA[Y]]></ISCENTRALLYMAINTAINED>
<!--5481C6C613C540608AB217C62F749428-->  <FIELDLENGTH><![CDATA[32]]></FIELDLENGTH>
<!--5481C6C613C540608AB217C62F749428-->  <ISMANDATORY><![CDATA[Y]]></ISMANDATORY>
<!--5481C6C613C540608AB217C62F749428-->  <ISRANGE><![CDATA[N]]></ISRANGE>
<!--5481C6C613C540608AB217C62F749428-->  <AD_ELEMENT_ID><![CDATA[574]]></AD_ELEMENT_ID>
<!--5481C6C613C540608AB217C62F749428--></AD_PROCESS_PARA>

<!--7FFA1F3635B540888A9CDED3F83A1078--><AD_PROCESS_PARA>
<!--7FFA1F3635B540888A9CDED3F83A1078-->  <AD_PROCESS_PARA_ID><![CDATA[7FFA1F3635B540888A9CDED3F83A1078]]></AD_PROCESS_PARA_ID>
<!--7FFA1F3635B540888A9CDED3F83A1078-->  <AD_CLIENT_ID><![CDATA[0]]></AD_CLIENT_ID>
<!--7FFA1F3635B540888A9CDED3F83A1078-->  <AD_ORG_ID><![CDATA[0]]></AD_ORG_ID>
<!--7FFA1F3635B540888A9CDED3F83A1078-->  <ISACTIVE><![CDATA[Y]]></ISACTIVE>
<!--7FFA1F3635B540888A9CDED3F83A1078-->  <NAME><![CDATA[Ending Date]]></NAME>
<!--7FFA1F3635B540888A9CDED3F83A1078-->  <DESCRIPTION><![CDATA[A parameter stating when a specified request will end.]]></DESCRIPTION>
<!--7FFA1F3635B540888A9CDED3F83A1078-->  <HELP><![CDATA[The End Date indicates the last date in this range.]]></HELP>
<!--7FFA1F3635B540888A9CDED3F83A1078-->  <AD_PROCESS_ID><![CDATA[6D8D3AFBFD4F43669DCBB78054D15E4A]]></AD_PROCESS_ID>
<!--7FFA1F3635B540888A9CDED3F83A1078-->  <SEQNO><![CDATA[30]]></SEQNO>
<!--7FFA1F3635B540888A9CDED3F83A1078-->  <AD_REFERENCE_ID><![CDATA[15]]></AD_REFERENCE_ID>
<!--7FFA1F3635B540888A9CDED3F83A1078-->  <COLUMNNAME><![CDATA[EndDate]]></COLUMNNAME>
<!--7FFA1F3635B540888A9CDED3F83A1078-->  <ISCENTRALLYMAINTAINED><![CDATA[Y]]></ISCENTRALLYMAINTAINED>
<!--7FFA1F3635B540888A9CDED3F83A1078-->  <FIELDLENGTH><![CDATA[32]]></FIELDLENGTH>
<!--7FFA1F3635B540888A9CDED3F83A1078-->  <ISMANDATORY><![CDATA[Y]]></ISMANDATORY>
<!--7FFA1F3635B540888A9CDED3F83A1078-->  <ISRANGE><![CDATA[N]]></ISRANGE>
<!--7FFA1F3635B540888A9CDED3F83A1078-->  <AD_ELEMENT_ID><![CDATA[294]]></AD_ELEMENT_ID>
<!--7FFA1F3635B540888A9CDED3F83A1078--></AD_PROCESS_PARA>

<!--8EE027057CEC4D0CAFADF152372CF6E3--><AD_PROCESS_PARA>
<!--8EE027057CEC4D0CAFADF152372CF6E3-->  <AD_PROCESS_PARA_ID><![CDATA[8EE027057CEC4D0CAFADF152372CF6E3]]></AD_PROCESS_PARA_ID>
<!--8EE027057CEC4D0CAFADF152372CF6E3-->  <AD_CLIENT_ID><![CDATA[0]]></AD_CLIENT_ID>
<!--8EE027057CEC4D0CAFADF152372CF6E3-->  <AD_ORG_ID><![CDATA[0]]></AD_ORG_ID>
<!--8EE027057CEC4D0CAFADF152372CF6E3-->  <ISACTIVE><![CDATA[Y]]></ISACTIVE>
<!--8EE027057CEC4D0CAFADF152372CF6E3-->  <NAME><![CDATA[Client]]></NAME>
<!--8EE027057CEC4D0CAFADF152372CF6E3-->  <DESCRIPTION><![CDATA[Client for this installation.]]></DESCRIPTION>
<!--8EE027057CEC4D0CAFADF152372CF6E3-->  <HELP><![CDATA[A Client is a company or a legal entity. You cannot share data between Clients.]]></HELP>
<!--8EE027057CEC4D0CAFADF152372CF6E3-->  <AD_PROCESS_ID><![CDATA[5779FA163F6F40EBB956765E0B2AB3D6]]></AD_PROCESS_ID>
<!--8EE027057CEC4D0CAFADF152372CF6E3-->  <SEQNO><![CDATA[10]]></SEQNO>
<!--8EE027057CEC4D0CAFADF152372CF6E3-->  <AD_REFERENCE_ID><![CDATA[19]]></AD_REFERENCE_ID>
<!--8EE027057CEC4D0CAFADF152372CF6E3-->  <AD_VAL_RULE_ID><![CDATA[116]]></AD_VAL_RULE_ID>
<!--8EE027057CEC4D0CAFADF152372CF6E3-->  <COLUMNNAME><![CDATA[AD_CLIENT_ID]]></COLUMNNAME>
<!--8EE027057CEC4D0CAFADF152372CF6E3-->  <ISCENTRALLYMAINTAINED><![CDATA[Y]]></ISCENTRALLYMAINTAINED>
<!--8EE027057CEC4D0CAFADF152372CF6E3-->  <FIELDLENGTH><![CDATA[32]]></FIELDLENGTH>
<!--8EE027057CEC4D0CAFADF152372CF6E3-->  <ISMANDATORY><![CDATA[Y]]></ISMANDATORY>
<!--8EE027057CEC4D0CAFADF152372CF6E3-->  <ISRANGE><![CDATA[N]]></ISRANGE>
<!--8EE027057CEC4D0CAFADF152372CF6E3-->  <AD_ELEMENT_ID><![CDATA[102]]></AD_ELEMENT_ID>
<!--8EE027057CEC4D0CAFADF152372CF6E3--></AD_PROCESS_PARA>

<!--8F992B419B654438A96F3CF6939379DA--><AD_PROCESS_PARA>
<!--8F992B419B654438A96F3CF6939379DA-->  <AD_PROCESS_PARA_ID><![CDATA[8F992B419B654438A96F3CF6939379DA]]></AD_PROCESS_PARA_ID>
<!--8F992B419B654438A96F3CF6939379DA-->  <AD_CLIENT_ID><![CDATA[0]]></AD_CLIENT_ID>
<!--8F992B419B654438A96F3CF6939379DA-->  <AD_ORG_ID><![CDATA[0]]></AD_ORG_ID>
<!--8F992B419B654438A96F3CF6939379DA-->  <ISACTIVE><![CDATA[Y]]></ISACTIVE>
<!--8F992B419B654438A96F3CF6939379DA-->  <NAME><![CDATA[Output type]]></NAME>
<!--8F992B419B654438A96F3CF6939379DA-->  <HELP><![CDATA[Defines the output format type from the available list.]]></HELP>
<!--8F992B419B654438A96F3CF6939379DA-->  <AD_PROCESS_ID><![CDATA[6D8D3AFBFD4F43669DCBB78054D15E4A]]></AD_PROCESS_ID>
<!--8F992B419B654438A96F3CF6939379DA-->  <SEQNO><![CDATA[40]]></SEQNO>
<!--8F992B419B654438A96F3CF6939379DA-->  <AD_REFERENCE_ID><![CDATA[17]]></AD_REFERENCE_ID>
<!--8F992B419B654438A96F3CF6939379DA-->  <AD_REFERENCE_VALUE_ID><![CDATA[800104]]></AD_REFERENCE_VALUE_ID>
<!--8F992B419B654438A96F3CF6939379DA-->  <AD_VAL_RULE_ID><![CDATA[95588BA11F5640B79FCA52E570B597F5]]></AD_VAL_RULE_ID>
<!--8F992B419B654438A96F3CF6939379DA-->  <COLUMNNAME><![CDATA[outputType]]></COLUMNNAME>
<!--8F992B419B654438A96F3CF6939379DA-->  <ISCENTRALLYMAINTAINED><![CDATA[Y]]></ISCENTRALLYMAINTAINED>
<!--8F992B419B654438A96F3CF6939379DA-->  <FIELDLENGTH><![CDATA[32]]></FIELDLENGTH>
<!--8F992B419B654438A96F3CF6939379DA-->  <ISMANDATORY><![CDATA[Y]]></ISMANDATORY>
<!--8F992B419B654438A96F3CF6939379DA-->  <ISRANGE><![CDATA[N]]></ISRANGE>
<!--8F992B419B654438A96F3CF6939379DA-->  <DEFAULTVALUE><![CDATA[pdf]]></DEFAULTVALUE>
<!--8F992B419B654438A96F3CF6939379DA-->  <AD_ELEMENT_ID><![CDATA[800812]]></AD_ELEMENT_ID>
<!--8F992B419B654438A96F3CF6939379DA--></AD_PROCESS_PARA>

<!--9F5C68A56CE748A488B2142E18F76786--><AD_PROCESS_PARA>
<!--9F5C68A56CE748A488B2142E18F76786-->  <AD_PROCESS_PARA_ID><![CDATA[9F5C68A56CE748A488B2142E18F76786]]></AD_PROCESS_PARA_ID>
<!--9F5C68A56CE748A488B2142E18F76786-->  <AD_CLIENT_ID><![CDATA[0]]></AD_CLIENT_ID>
<!--9F5C68A56CE748A488B2142E18F76786-->  <AD_ORG_ID><![CDATA[0]]></AD_ORG_ID>
<!--9F5C68A56CE748A488B2142E18F76786-->  <ISACTIVE><![CDATA[Y]]></ISACTIVE>
<!--9F5C68A56CE748A488B2142E18F76786-->  <NAME><![CDATA[Output type]]></NAME>
<!--9F5C68A56CE748A488B2142E18F76786-->  <HELP><![CDATA[Defines the output format type from the available list.]]></HELP>
<!--9F5C68A56CE748A488B2142E18F76786-->  <AD_PROCESS_ID><![CDATA[5779FA163F6F40EBB956765E0B2AB3D6]]></AD_PROCESS_ID>
<!--9F5C68A56CE748A488B2142E18F76786-->  <SEQNO><![CDATA[40]]></SEQNO>
<!--9F5C68A56CE748A488B2142E18F76786-->  <AD_REFERENCE_ID><![CDATA[17]]></AD_REFERENCE_ID>
<!--9F5C68A56CE748A488B2142E18F76786-->  <AD_REFERENCE_VALUE_ID><![CDATA[800104]]></AD_REFERENCE_VALUE_ID>
<!--9F5C68A56CE748A488B2142E18F76786-->  <AD_VAL_RULE_ID><![CDATA[95588BA11F5640B79FCA52E570B597F5]]></AD_VAL_RULE_ID>
<!--9F5C68A56CE748A488B2142E18F76786-->  <COLUMNNAME><![CDATA[outputType]]></COLUMNNAME>
<!--9F5C68A56CE748A488B2142E18F76786-->  <ISCENTRALLYMAINTAINED><![CDATA[Y]]></ISCENTRALLYMAINTAINED>
<!--9F5C68A56CE748A488B2142E18F76786-->  <FIELDLENGTH><![CDATA[32]]></FIELDLENGTH>
<!--9F5C68A56CE748A488B2142E18F76786-->  <ISMANDATORY><![CDATA[Y]]></ISMANDATORY>
<!--9F5C68A56CE748A488B2142E18F76786-->  <ISRANGE><![CDATA[N]]></ISRANGE>
<!--9F5C68A56CE748A488B2142E18F76786-->  <DEFAULTVALUE><![CDATA[pdf]]></DEFAULTVALUE>
<!--9F5C68A56CE748A488B2142E18F76786-->  <AD_ELEMENT_ID><![CDATA[800812]]></AD_ELEMENT_ID>
<!--9F5C68A56CE748A488B2142E18F76786--></AD_PROCESS_PARA>

<!--AC6F81F95B1E4C2DB205716CC00A722A--><AD_PROCESS_PARA>
<!--AC6F81F95B1E4C2DB205716CC00A722A-->  <AD_PROCESS_PARA_ID><![CDATA[AC6F81F95B1E4C2DB205716CC00A722A]]></AD_PROCESS_PARA_ID>
<!--AC6F81F95B1E4C2DB205716CC00A722A-->  <AD_CLIENT_ID><![CDATA[0]]></AD_CLIENT_ID>
<!--AC6F81F95B1E4C2DB205716CC00A722A-->  <AD_ORG_ID><![CDATA[0]]></AD_ORG_ID>
<!--AC6F81F95B1E4C2DB205716CC00A722A-->  <ISACTIVE><![CDATA[Y]]></ISACTIVE>
<!--AC6F81F95B1E4C2DB205716CC00A722A-->  <NAME><![CDATA[Starting Date]]></NAME>
<!--AC6F81F95B1E4C2DB205716CC00A722A-->  <DESCRIPTION><![CDATA[A parameter stating when a specified request will begin.]]></DESCRIPTION>
<!--AC6F81F95B1E4C2DB205716CC00A722A-->  <HELP><![CDATA[A parameter stating when a specified request will begin.]]></HELP>
<!--AC6F81F95B1E4C2DB205716CC00A722A-->  <AD_PROCESS_ID><![CDATA[5779FA163F6F40EBB956765E0B2AB3D6]]></AD_PROCESS_ID>
<!--AC6F81F95B1E4C2DB205716CC00A722A-->  <SEQNO><![CDATA[20]]></SEQNO>
<!--AC6F81F95B1E4C2DB205716CC00A722A-->  <AD_REFERENCE_ID><![CDATA[15]]></AD_REFERENCE_ID>
<!--AC6F81F95B1E4C2DB205716CC00A722A-->  <COLUMNNAME><![CDATA[STARTDATE]]></COLUMNNAME>
<!--AC6F81F95B1E4C2DB205716CC00A722A-->  <ISCENTRALLYMAINTAINED><![CDATA[Y]]></ISCENTRALLYMAINTAINED>
<!--AC6F81F95B1E4C2DB205716CC00A722A-->  <FIELDLENGTH><![CDATA[32]]></FIELDLENGTH>
<!--AC6F81F95B1E4C2DB205716CC00A722A-->  <ISMANDATORY><![CDATA[N]]></ISMANDATORY>
<!--AC6F81F95B1E4C2DB205716CC00A722A-->  <ISRANGE><![CDATA[N]]></ISRANGE>
<!--AC6F81F95B1E4C2DB205716CC00A722A-->  <AD_ELEMENT_ID><![CDATA[574]]></AD_ELEMENT_ID>
<!--AC6F81F95B1E4C2DB205716CC00A722A--></AD_PROCESS_PARA>

<!--BAA193631FE34AB28B1C140E1607DDD9--><AD_PROCESS_PARA>
<!--BAA193631FE34AB28B1C140E1607DDD9-->  <AD_PROCESS_PARA_ID><![CDATA[BAA193631FE34AB28B1C140E1607DDD9]]></AD_PROCESS_PARA_ID>
<!--BAA193631FE34AB28B1C140E1607DDD9-->  <AD_CLIENT_ID><![CDATA[0]]></AD_CLIENT_ID>
<!--BAA193631FE34AB28B1C140E1607DDD9-->  <AD_ORG_ID><![CDATA[0]]></AD_ORG_ID>
<!--BAA193631FE34AB28B1C140E1607DDD9-->  <ISACTIVE><![CDATA[Y]]></ISACTIVE>
<!--BAA193631FE34AB28B1C140E1607DDD9-->  <NAME><![CDATA[Salary Payment]]></NAME>
<!--BAA193631FE34AB28B1C140E1607DDD9-->  <DESCRIPTION><![CDATA[Salary Payment]]></DESCRIPTION>
<!--BAA193631FE34AB28B1C140E1607DDD9-->  <HELP><![CDATA[Salary Payment, a.k.a salary period.]]></HELP>
<!--BAA193631FE34AB28B1C140E1607DDD9-->  <AD_PROCESS_ID><![CDATA[AE7FE5ABB6084E0ABAC9A557542F09D8]]></AD_PROCESS_ID>
<!--BAA193631FE34AB28B1C140E1607DDD9-->  <SEQNO><![CDATA[10]]></SEQNO>
<!--BAA193631FE34AB28B1C140E1607DDD9-->  <AD_REFERENCE_ID><![CDATA[18]]></AD_REFERENCE_ID>
<!--BAA193631FE34AB28B1C140E1607DDD9-->  <AD_REFERENCE_VALUE_ID><![CDATA[56154CC700A44BD780D817B7DE245FD7]]></AD_REFERENCE_VALUE_ID>
<!--BAA193631FE34AB28B1C140E1607DDD9-->  <COLUMNNAME><![CDATA[PYR_Salarypayment_ID]]></COLUMNNAME>
<!--BAA193631FE34AB28B1C140E1607DDD9-->  <ISCENTRALLYMAINTAINED><![CDATA[Y]]></ISCENTRALLYMAINTAINED>
<!--BAA193631FE34AB28B1C140E1607DDD9-->  <FIELDLENGTH><![CDATA[32]]></FIELDLENGTH>
<!--BAA193631FE34AB28B1C140E1607DDD9-->  <ISMANDATORY><![CDATA[Y]]></ISMANDATORY>
<!--BAA193631FE34AB28B1C140E1607DDD9-->  <ISRANGE><![CDATA[N]]></ISRANGE>
<!--BAA193631FE34AB28B1C140E1607DDD9-->  <AD_ELEMENT_ID><![CDATA[40C2E5A9F2AC454FBF6A6C3A51DE3AF1]]></AD_ELEMENT_ID>
<!--BAA193631FE34AB28B1C140E1607DDD9--></AD_PROCESS_PARA>

<!--E6E1486CCAEC42E2A87321DB38A064DE--><AD_PROCESS_PARA>
<!--E6E1486CCAEC42E2A87321DB38A064DE-->  <AD_PROCESS_PARA_ID><![CDATA[E6E1486CCAEC42E2A87321DB38A064DE]]></AD_PROCESS_PARA_ID>
<!--E6E1486CCAEC42E2A87321DB38A064DE-->  <AD_CLIENT_ID><![CDATA[0]]></AD_CLIENT_ID>
<!--E6E1486CCAEC42E2A87321DB38A064DE-->  <AD_ORG_ID><![CDATA[0]]></AD_ORG_ID>
<!--E6E1486CCAEC42E2A87321DB38A064DE-->  <ISACTIVE><![CDATA[Y]]></ISACTIVE>
<!--E6E1486CCAEC42E2A87321DB38A064DE-->  <NAME><![CDATA[Output type]]></NAME>
<!--E6E1486CCAEC42E2A87321DB38A064DE-->  <HELP><![CDATA[Defines the output format type from the available list.]]></HELP>
<!--E6E1486CCAEC42E2A87321DB38A064DE-->  <AD_PROCESS_ID><![CDATA[AE7FE5ABB6084E0ABAC9A557542F09D8]]></AD_PROCESS_ID>
<!--E6E1486CCAEC42E2A87321DB38A064DE-->  <SEQNO><![CDATA[20]]></SEQNO>
<!--E6E1486CCAEC42E2A87321DB38A064DE-->  <AD_REFERENCE_ID><![CDATA[17]]></AD_REFERENCE_ID>
<!--E6E1486CCAEC42E2A87321DB38A064DE-->  <AD_REFERENCE_VALUE_ID><![CDATA[800104]]></AD_REFERENCE_VALUE_ID>
<!--E6E1486CCAEC42E2A87321DB38A064DE-->  <COLUMNNAME><![CDATA[outputType]]></COLUMNNAME>
<!--E6E1486CCAEC42E2A87321DB38A064DE-->  <ISCENTRALLYMAINTAINED><![CDATA[Y]]></ISCENTRALLYMAINTAINED>
<!--E6E1486CCAEC42E2A87321DB38A064DE-->  <FIELDLENGTH><![CDATA[10]]></FIELDLENGTH>
<!--E6E1486CCAEC42E2A87321DB38A064DE-->  <ISMANDATORY><![CDATA[N]]></ISMANDATORY>
<!--E6E1486CCAEC42E2A87321DB38A064DE-->  <ISRANGE><![CDATA[N]]></ISRANGE>
<!--E6E1486CCAEC42E2A87321DB38A064DE-->  <AD_ELEMENT_ID><![CDATA[800812]]></AD_ELEMENT_ID>
<!--E6E1486CCAEC42E2A87321DB38A064DE--></AD_PROCESS_PARA>

<!--F2FD547F9DC24491B65F56AF9C1AB1AC--><AD_PROCESS_PARA>
<!--F2FD547F9DC24491B65F56AF9C1AB1AC-->  <AD_PROCESS_PARA_ID><![CDATA[F2FD547F9DC24491B65F56AF9C1AB1AC]]></AD_PROCESS_PARA_ID>
<!--F2FD547F9DC24491B65F56AF9C1AB1AC-->  <AD_CLIENT_ID><![CDATA[0]]></AD_CLIENT_ID>
<!--F2FD547F9DC24491B65F56AF9C1AB1AC-->  <AD_ORG_ID><![CDATA[0]]></AD_ORG_ID>
<!--F2FD547F9DC24491B65F56AF9C1AB1AC-->  <ISACTIVE><![CDATA[Y]]></ISACTIVE>
<!--F2FD547F9DC24491B65F56AF9C1AB1AC-->  <NAME><![CDATA[Client]]></NAME>
<!--F2FD547F9DC24491B65F56AF9C1AB1AC-->  <DESCRIPTION><![CDATA[Client for this installation.]]></DESCRIPTION>
<!--F2FD547F9DC24491B65F56AF9C1AB1AC-->  <HELP><![CDATA[A Client is a company or a legal entity. You cannot share data between Clients.]]></HELP>
<!--F2FD547F9DC24491B65F56AF9C1AB1AC-->  <AD_PROCESS_ID><![CDATA[6D8D3AFBFD4F43669DCBB78054D15E4A]]></AD_PROCESS_ID>
<!--F2FD547F9DC24491B65F56AF9C1AB1AC-->  <SEQNO><![CDATA[10]]></SEQNO>
<!--F2FD547F9DC24491B65F56AF9C1AB1AC-->  <AD_REFERENCE_ID><![CDATA[19]]></AD_REFERENCE_ID>
<!--F2FD547F9DC24491B65F56AF9C1AB1AC-->  <COLUMNNAME><![CDATA[AD_Client_ID]]></COLUMNNAME>
<!--F2FD547F9DC24491B65F56AF9C1AB1AC-->  <ISCENTRALLYMAINTAINED><![CDATA[Y]]></ISCENTRALLYMAINTAINED>
<!--F2FD547F9DC24491B65F56AF9C1AB1AC-->  <FIELDLENGTH><![CDATA[32]]></FIELDLENGTH>
<!--F2FD547F9DC24491B65F56AF9C1AB1AC-->  <ISMANDATORY><![CDATA[Y]]></ISMANDATORY>
<!--F2FD547F9DC24491B65F56AF9C1AB1AC-->  <ISRANGE><![CDATA[N]]></ISRANGE>
<!--F2FD547F9DC24491B65F56AF9C1AB1AC-->  <AD_ELEMENT_ID><![CDATA[102]]></AD_ELEMENT_ID>
<!--F2FD547F9DC24491B65F56AF9C1AB1AC--></AD_PROCESS_PARA>

</data>
