<?xml version="1.0" encoding="UTF-8"?>
<data>
<!--0C38C76A4E864212B2F8C3C2A685782E--><AD_PROCESS>
<!--0C38C76A4E864212B2F8C3C2A685782E-->  <AD_PROCESS_ID><![CDATA[0C38C76A4E864212B2F8C3C2A685782E]]></AD_PROCESS_ID>
<!--0C38C76A4E864212B2F8C3C2A685782E-->  <AD_CLIENT_ID><![CDATA[0]]></AD_CLIENT_ID>
<!--0C38C76A4E864212B2F8C3C2A685782E-->  <AD_ORG_ID><![CDATA[0]]></AD_ORG_ID>
<!--0C38C76A4E864212B2F8C3C2A685782E-->  <ISACTIVE><![CDATA[Y]]></ISACTIVE>
<!--0C38C76A4E864212B2F8C3C2A685782E-->  <VALUE><![CDATA[CalculateAmountRequestOvertime]]></VALUE>
<!--0C38C76A4E864212B2F8C3C2A685782E-->  <NAME><![CDATA[CalculateAmountRequestOvertime]]></NAME>
<!--0C38C76A4E864212B2F8C3C2A685782E-->  <ACCESSLEVEL><![CDATA[3]]></ACCESSLEVEL>
<!--0C38C76A4E864212B2F8C3C2A685782E-->  <ISUSERSTARTABLE><![CDATA[N]]></ISUSERSTARTABLE>
<!--0C38C76A4E864212B2F8C3C2A685782E-->  <ISREPORT><![CDATA[N]]></ISREPORT>
<!--0C38C76A4E864212B2F8C3C2A685782E-->  <ISDIRECTPRINT><![CDATA[N]]></ISDIRECTPRINT>
<!--0C38C76A4E864212B2F8C3C2A685782E-->  <CLASSNAME><![CDATA[org.wirabumi.hris.overtime.ad_process.OvertimeAmountCalculation]]></CLASSNAME>
<!--0C38C76A4E864212B2F8C3C2A685782E-->  <ISBACKGROUND><![CDATA[Y]]></ISBACKGROUND>
<!--0C38C76A4E864212B2F8C3C2A685782E-->  <ISJASPER><![CDATA[N]]></ISJASPER>
<!--0C38C76A4E864212B2F8C3C2A685782E-->  <ISEXTERNALSERVICE><![CDATA[N]]></ISEXTERNALSERVICE>
<!--0C38C76A4E864212B2F8C3C2A685782E-->  <AD_MODULE_ID><![CDATA[3D7EA38195044083A47056E9A032004B]]></AD_MODULE_ID>
<!--0C38C76A4E864212B2F8C3C2A685782E-->  <UIPATTERN><![CDATA[M]]></UIPATTERN>
<!--0C38C76A4E864212B2F8C3C2A685782E-->  <ISADVANCEDFEATURE><![CDATA[N]]></ISADVANCEDFEATURE>
<!--0C38C76A4E864212B2F8C3C2A685782E-->  <PREVENTCONCURRENT><![CDATA[N]]></PREVENTCONCURRENT>
<!--0C38C76A4E864212B2F8C3C2A685782E-->  <IS_EXPLICIT_ACCESS><![CDATA[N]]></IS_EXPLICIT_ACCESS>
<!--0C38C76A4E864212B2F8C3C2A685782E-->  <ISKILLABLE><![CDATA[N]]></ISKILLABLE>
<!--0C38C76A4E864212B2F8C3C2A685782E--></AD_PROCESS>

<!--352E30ADC17D40C5B922E4B90529B201--><AD_PROCESS>
<!--352E30ADC17D40C5B922E4B90529B201-->  <AD_PROCESS_ID><![CDATA[352E30ADC17D40C5B922E4B90529B201]]></AD_PROCESS_ID>
<!--352E30ADC17D40C5B922E4B90529B201-->  <AD_CLIENT_ID><![CDATA[0]]></AD_CLIENT_ID>
<!--352E30ADC17D40C5B922E4B90529B201-->  <AD_ORG_ID><![CDATA[0]]></AD_ORG_ID>
<!--352E30ADC17D40C5B922E4B90529B201-->  <ISACTIVE><![CDATA[Y]]></ISACTIVE>
<!--352E30ADC17D40C5B922E4B90529B201-->  <VALUE><![CDATA[OT_Overtime]]></VALUE>
<!--352E30ADC17D40C5B922E4B90529B201-->  <NAME><![CDATA[Overtime Report]]></NAME>
<!--352E30ADC17D40C5B922E4B90529B201-->  <DESCRIPTION><![CDATA[Overtime Report]]></DESCRIPTION>
<!--352E30ADC17D40C5B922E4B90529B201-->  <ACCESSLEVEL><![CDATA[3]]></ACCESSLEVEL>
<!--352E30ADC17D40C5B922E4B90529B201-->  <ISUSERSTARTABLE><![CDATA[N]]></ISUSERSTARTABLE>
<!--352E30ADC17D40C5B922E4B90529B201-->  <ISREPORT><![CDATA[Y]]></ISREPORT>
<!--352E30ADC17D40C5B922E4B90529B201-->  <ISDIRECTPRINT><![CDATA[N]]></ISDIRECTPRINT>
<!--352E30ADC17D40C5B922E4B90529B201-->  <ISBACKGROUND><![CDATA[N]]></ISBACKGROUND>
<!--352E30ADC17D40C5B922E4B90529B201-->  <ISJASPER><![CDATA[N]]></ISJASPER>
<!--352E30ADC17D40C5B922E4B90529B201-->  <ISEXTERNALSERVICE><![CDATA[N]]></ISEXTERNALSERVICE>
<!--352E30ADC17D40C5B922E4B90529B201-->  <AD_MODULE_ID><![CDATA[3D7EA38195044083A47056E9A032004B]]></AD_MODULE_ID>
<!--352E30ADC17D40C5B922E4B90529B201-->  <UIPATTERN><![CDATA[M]]></UIPATTERN>
<!--352E30ADC17D40C5B922E4B90529B201-->  <ISADVANCEDFEATURE><![CDATA[N]]></ISADVANCEDFEATURE>
<!--352E30ADC17D40C5B922E4B90529B201-->  <PREVENTCONCURRENT><![CDATA[N]]></PREVENTCONCURRENT>
<!--352E30ADC17D40C5B922E4B90529B201-->  <IS_EXPLICIT_ACCESS><![CDATA[N]]></IS_EXPLICIT_ACCESS>
<!--352E30ADC17D40C5B922E4B90529B201-->  <ISKILLABLE><![CDATA[N]]></ISKILLABLE>
<!--352E30ADC17D40C5B922E4B90529B201--></AD_PROCESS>

<!--4A628366A73C4BBC91AE45F13DAB9CE6--><AD_PROCESS>
<!--4A628366A73C4BBC91AE45F13DAB9CE6-->  <AD_PROCESS_ID><![CDATA[4A628366A73C4BBC91AE45F13DAB9CE6]]></AD_PROCESS_ID>
<!--4A628366A73C4BBC91AE45F13DAB9CE6-->  <AD_CLIENT_ID><![CDATA[0]]></AD_CLIENT_ID>
<!--4A628366A73C4BBC91AE45F13DAB9CE6-->  <AD_ORG_ID><![CDATA[0]]></AD_ORG_ID>
<!--4A628366A73C4BBC91AE45F13DAB9CE6-->  <ISACTIVE><![CDATA[Y]]></ISACTIVE>
<!--4A628366A73C4BBC91AE45F13DAB9CE6-->  <VALUE><![CDATA[Overtime Background Calculation]]></VALUE>
<!--4A628366A73C4BBC91AE45F13DAB9CE6-->  <NAME><![CDATA[Overtime Background Calculation]]></NAME>
<!--4A628366A73C4BBC91AE45F13DAB9CE6-->  <ACCESSLEVEL><![CDATA[3]]></ACCESSLEVEL>
<!--4A628366A73C4BBC91AE45F13DAB9CE6-->  <ISUSERSTARTABLE><![CDATA[N]]></ISUSERSTARTABLE>
<!--4A628366A73C4BBC91AE45F13DAB9CE6-->  <ISREPORT><![CDATA[N]]></ISREPORT>
<!--4A628366A73C4BBC91AE45F13DAB9CE6-->  <ISDIRECTPRINT><![CDATA[N]]></ISDIRECTPRINT>
<!--4A628366A73C4BBC91AE45F13DAB9CE6-->  <CLASSNAME><![CDATA[org.wirabumi.hris.overtime.ad_process.OvertimeBackgroundCalculation]]></CLASSNAME>
<!--4A628366A73C4BBC91AE45F13DAB9CE6-->  <ISBACKGROUND><![CDATA[Y]]></ISBACKGROUND>
<!--4A628366A73C4BBC91AE45F13DAB9CE6-->  <ISJASPER><![CDATA[N]]></ISJASPER>
<!--4A628366A73C4BBC91AE45F13DAB9CE6-->  <ISEXTERNALSERVICE><![CDATA[N]]></ISEXTERNALSERVICE>
<!--4A628366A73C4BBC91AE45F13DAB9CE6-->  <AD_MODULE_ID><![CDATA[3D7EA38195044083A47056E9A032004B]]></AD_MODULE_ID>
<!--4A628366A73C4BBC91AE45F13DAB9CE6-->  <UIPATTERN><![CDATA[M]]></UIPATTERN>
<!--4A628366A73C4BBC91AE45F13DAB9CE6-->  <ISADVANCEDFEATURE><![CDATA[N]]></ISADVANCEDFEATURE>
<!--4A628366A73C4BBC91AE45F13DAB9CE6-->  <PREVENTCONCURRENT><![CDATA[N]]></PREVENTCONCURRENT>
<!--4A628366A73C4BBC91AE45F13DAB9CE6-->  <IS_EXPLICIT_ACCESS><![CDATA[N]]></IS_EXPLICIT_ACCESS>
<!--4A628366A73C4BBC91AE45F13DAB9CE6-->  <ISKILLABLE><![CDATA[N]]></ISKILLABLE>
<!--4A628366A73C4BBC91AE45F13DAB9CE6--></AD_PROCESS>

<!--4D1E97433C044E648DAE30B05D5AEB45--><AD_PROCESS>
<!--4D1E97433C044E648DAE30B05D5AEB45-->  <AD_PROCESS_ID><![CDATA[4D1E97433C044E648DAE30B05D5AEB45]]></AD_PROCESS_ID>
<!--4D1E97433C044E648DAE30B05D5AEB45-->  <AD_CLIENT_ID><![CDATA[0]]></AD_CLIENT_ID>
<!--4D1E97433C044E648DAE30B05D5AEB45-->  <AD_ORG_ID><![CDATA[0]]></AD_ORG_ID>
<!--4D1E97433C044E648DAE30B05D5AEB45-->  <ISACTIVE><![CDATA[Y]]></ISACTIVE>
<!--4D1E97433C044E648DAE30B05D5AEB45-->  <VALUE><![CDATA[Calculate Overtime Amount]]></VALUE>
<!--4D1E97433C044E648DAE30B05D5AEB45-->  <NAME><![CDATA[Calculate Overtime Amount]]></NAME>
<!--4D1E97433C044E648DAE30B05D5AEB45-->  <DESCRIPTION><![CDATA[Calculate Overtime Amount]]></DESCRIPTION>
<!--4D1E97433C044E648DAE30B05D5AEB45-->  <HELP><![CDATA[calculate amount of overtime allowance based on defined formula and parameters.]]></HELP>
<!--4D1E97433C044E648DAE30B05D5AEB45-->  <ACCESSLEVEL><![CDATA[3]]></ACCESSLEVEL>
<!--4D1E97433C044E648DAE30B05D5AEB45-->  <ISUSERSTARTABLE><![CDATA[N]]></ISUSERSTARTABLE>
<!--4D1E97433C044E648DAE30B05D5AEB45-->  <ISREPORT><![CDATA[N]]></ISREPORT>
<!--4D1E97433C044E648DAE30B05D5AEB45-->  <ISDIRECTPRINT><![CDATA[N]]></ISDIRECTPRINT>
<!--4D1E97433C044E648DAE30B05D5AEB45-->  <ISBACKGROUND><![CDATA[N]]></ISBACKGROUND>
<!--4D1E97433C044E648DAE30B05D5AEB45-->  <ISJASPER><![CDATA[N]]></ISJASPER>
<!--4D1E97433C044E648DAE30B05D5AEB45-->  <ISEXTERNALSERVICE><![CDATA[N]]></ISEXTERNALSERVICE>
<!--4D1E97433C044E648DAE30B05D5AEB45-->  <AD_MODULE_ID><![CDATA[3D7EA38195044083A47056E9A032004B]]></AD_MODULE_ID>
<!--4D1E97433C044E648DAE30B05D5AEB45-->  <UIPATTERN><![CDATA[S]]></UIPATTERN>
<!--4D1E97433C044E648DAE30B05D5AEB45-->  <ISADVANCEDFEATURE><![CDATA[N]]></ISADVANCEDFEATURE>
<!--4D1E97433C044E648DAE30B05D5AEB45-->  <PREVENTCONCURRENT><![CDATA[N]]></PREVENTCONCURRENT>
<!--4D1E97433C044E648DAE30B05D5AEB45-->  <IS_EXPLICIT_ACCESS><![CDATA[N]]></IS_EXPLICIT_ACCESS>
<!--4D1E97433C044E648DAE30B05D5AEB45-->  <ISKILLABLE><![CDATA[N]]></ISKILLABLE>
<!--4D1E97433C044E648DAE30B05D5AEB45--></AD_PROCESS>

<!--5779FA163F6F40EBB956765E0B2AB3D6--><AD_PROCESS>
<!--5779FA163F6F40EBB956765E0B2AB3D6-->  <AD_PROCESS_ID><![CDATA[5779FA163F6F40EBB956765E0B2AB3D6]]></AD_PROCESS_ID>
<!--5779FA163F6F40EBB956765E0B2AB3D6-->  <AD_CLIENT_ID><![CDATA[0]]></AD_CLIENT_ID>
<!--5779FA163F6F40EBB956765E0B2AB3D6-->  <AD_ORG_ID><![CDATA[0]]></AD_ORG_ID>
<!--5779FA163F6F40EBB956765E0B2AB3D6-->  <ISACTIVE><![CDATA[Y]]></ISACTIVE>
<!--5779FA163F6F40EBB956765E0B2AB3D6-->  <VALUE><![CDATA[OT_OvertimeByDate]]></VALUE>
<!--5779FA163F6F40EBB956765E0B2AB3D6-->  <NAME><![CDATA[Overtime By Date]]></NAME>
<!--5779FA163F6F40EBB956765E0B2AB3D6-->  <DESCRIPTION><![CDATA[Overtime By Date]]></DESCRIPTION>
<!--5779FA163F6F40EBB956765E0B2AB3D6-->  <ACCESSLEVEL><![CDATA[3]]></ACCESSLEVEL>
<!--5779FA163F6F40EBB956765E0B2AB3D6-->  <ISUSERSTARTABLE><![CDATA[N]]></ISUSERSTARTABLE>
<!--5779FA163F6F40EBB956765E0B2AB3D6-->  <ISREPORT><![CDATA[N]]></ISREPORT>
<!--5779FA163F6F40EBB956765E0B2AB3D6-->  <ISDIRECTPRINT><![CDATA[N]]></ISDIRECTPRINT>
<!--5779FA163F6F40EBB956765E0B2AB3D6-->  <ISBACKGROUND><![CDATA[N]]></ISBACKGROUND>
<!--5779FA163F6F40EBB956765E0B2AB3D6-->  <ISJASPER><![CDATA[Y]]></ISJASPER>
<!--5779FA163F6F40EBB956765E0B2AB3D6-->  <JRNAME><![CDATA[@basedesign@/org/wirabumi/hris/overtime/erpReports/Overtime_By_Date.jrxml]]></JRNAME>
<!--5779FA163F6F40EBB956765E0B2AB3D6-->  <ISEXTERNALSERVICE><![CDATA[N]]></ISEXTERNALSERVICE>
<!--5779FA163F6F40EBB956765E0B2AB3D6-->  <AD_MODULE_ID><![CDATA[3D7EA38195044083A47056E9A032004B]]></AD_MODULE_ID>
<!--5779FA163F6F40EBB956765E0B2AB3D6-->  <UIPATTERN><![CDATA[S]]></UIPATTERN>
<!--5779FA163F6F40EBB956765E0B2AB3D6-->  <ISADVANCEDFEATURE><![CDATA[N]]></ISADVANCEDFEATURE>
<!--5779FA163F6F40EBB956765E0B2AB3D6-->  <PREVENTCONCURRENT><![CDATA[N]]></PREVENTCONCURRENT>
<!--5779FA163F6F40EBB956765E0B2AB3D6-->  <IS_EXPLICIT_ACCESS><![CDATA[N]]></IS_EXPLICIT_ACCESS>
<!--5779FA163F6F40EBB956765E0B2AB3D6-->  <ISKILLABLE><![CDATA[N]]></ISKILLABLE>
<!--5779FA163F6F40EBB956765E0B2AB3D6--></AD_PROCESS>

<!--6D8D3AFBFD4F43669DCBB78054D15E4A--><AD_PROCESS>
<!--6D8D3AFBFD4F43669DCBB78054D15E4A-->  <AD_PROCESS_ID><![CDATA[6D8D3AFBFD4F43669DCBB78054D15E4A]]></AD_PROCESS_ID>
<!--6D8D3AFBFD4F43669DCBB78054D15E4A-->  <AD_CLIENT_ID><![CDATA[0]]></AD_CLIENT_ID>
<!--6D8D3AFBFD4F43669DCBB78054D15E4A-->  <AD_ORG_ID><![CDATA[0]]></AD_ORG_ID>
<!--6D8D3AFBFD4F43669DCBB78054D15E4A-->  <ISACTIVE><![CDATA[Y]]></ISACTIVE>
<!--6D8D3AFBFD4F43669DCBB78054D15E4A-->  <VALUE><![CDATA[OT_OvertimeByEmployee]]></VALUE>
<!--6D8D3AFBFD4F43669DCBB78054D15E4A-->  <NAME><![CDATA[Overtime By Employee]]></NAME>
<!--6D8D3AFBFD4F43669DCBB78054D15E4A-->  <DESCRIPTION><![CDATA[Overtime By Employee]]></DESCRIPTION>
<!--6D8D3AFBFD4F43669DCBB78054D15E4A-->  <ACCESSLEVEL><![CDATA[3]]></ACCESSLEVEL>
<!--6D8D3AFBFD4F43669DCBB78054D15E4A-->  <ISUSERSTARTABLE><![CDATA[N]]></ISUSERSTARTABLE>
<!--6D8D3AFBFD4F43669DCBB78054D15E4A-->  <ISREPORT><![CDATA[N]]></ISREPORT>
<!--6D8D3AFBFD4F43669DCBB78054D15E4A-->  <ISDIRECTPRINT><![CDATA[N]]></ISDIRECTPRINT>
<!--6D8D3AFBFD4F43669DCBB78054D15E4A-->  <ISBACKGROUND><![CDATA[N]]></ISBACKGROUND>
<!--6D8D3AFBFD4F43669DCBB78054D15E4A-->  <ISJASPER><![CDATA[Y]]></ISJASPER>
<!--6D8D3AFBFD4F43669DCBB78054D15E4A-->  <JRNAME><![CDATA[@basedesign@/org/wirabumi/hris/overtime/erpReports/Overtime_By_Employee.jrxml]]></JRNAME>
<!--6D8D3AFBFD4F43669DCBB78054D15E4A-->  <ISEXTERNALSERVICE><![CDATA[N]]></ISEXTERNALSERVICE>
<!--6D8D3AFBFD4F43669DCBB78054D15E4A-->  <AD_MODULE_ID><![CDATA[3D7EA38195044083A47056E9A032004B]]></AD_MODULE_ID>
<!--6D8D3AFBFD4F43669DCBB78054D15E4A-->  <UIPATTERN><![CDATA[S]]></UIPATTERN>
<!--6D8D3AFBFD4F43669DCBB78054D15E4A-->  <ISADVANCEDFEATURE><![CDATA[N]]></ISADVANCEDFEATURE>
<!--6D8D3AFBFD4F43669DCBB78054D15E4A-->  <PREVENTCONCURRENT><![CDATA[N]]></PREVENTCONCURRENT>
<!--6D8D3AFBFD4F43669DCBB78054D15E4A-->  <IS_EXPLICIT_ACCESS><![CDATA[N]]></IS_EXPLICIT_ACCESS>
<!--6D8D3AFBFD4F43669DCBB78054D15E4A-->  <ISKILLABLE><![CDATA[N]]></ISKILLABLE>
<!--6D8D3AFBFD4F43669DCBB78054D15E4A--></AD_PROCESS>

<!--6E2EFA68131A459294FC8981578A4F16--><AD_PROCESS>
<!--6E2EFA68131A459294FC8981578A4F16-->  <AD_PROCESS_ID><![CDATA[6E2EFA68131A459294FC8981578A4F16]]></AD_PROCESS_ID>
<!--6E2EFA68131A459294FC8981578A4F16-->  <AD_CLIENT_ID><![CDATA[0]]></AD_CLIENT_ID>
<!--6E2EFA68131A459294FC8981578A4F16-->  <AD_ORG_ID><![CDATA[0]]></AD_ORG_ID>
<!--6E2EFA68131A459294FC8981578A4F16-->  <ISACTIVE><![CDATA[Y]]></ISACTIVE>
<!--6E2EFA68131A459294FC8981578A4F16-->  <VALUE><![CDATA[Ot_CalculateOvertime3]]></VALUE>
<!--6E2EFA68131A459294FC8981578A4F16-->  <NAME><![CDATA[Calculate Emergency Call]]></NAME>
<!--6E2EFA68131A459294FC8981578A4F16-->  <DESCRIPTION><![CDATA[Calculate Emergency Call]]></DESCRIPTION>
<!--6E2EFA68131A459294FC8981578A4F16-->  <ACCESSLEVEL><![CDATA[3]]></ACCESSLEVEL>
<!--6E2EFA68131A459294FC8981578A4F16-->  <ISUSERSTARTABLE><![CDATA[N]]></ISUSERSTARTABLE>
<!--6E2EFA68131A459294FC8981578A4F16-->  <ISREPORT><![CDATA[N]]></ISREPORT>
<!--6E2EFA68131A459294FC8981578A4F16-->  <ISDIRECTPRINT><![CDATA[N]]></ISDIRECTPRINT>
<!--6E2EFA68131A459294FC8981578A4F16-->  <CLASSNAME><![CDATA[org.wirabumi.hris.overtime.ad_process.CalculateOvertime3]]></CLASSNAME>
<!--6E2EFA68131A459294FC8981578A4F16-->  <ISBACKGROUND><![CDATA[Y]]></ISBACKGROUND>
<!--6E2EFA68131A459294FC8981578A4F16-->  <ISJASPER><![CDATA[N]]></ISJASPER>
<!--6E2EFA68131A459294FC8981578A4F16-->  <ISEXTERNALSERVICE><![CDATA[N]]></ISEXTERNALSERVICE>
<!--6E2EFA68131A459294FC8981578A4F16-->  <AD_MODULE_ID><![CDATA[3D7EA38195044083A47056E9A032004B]]></AD_MODULE_ID>
<!--6E2EFA68131A459294FC8981578A4F16-->  <UIPATTERN><![CDATA[M]]></UIPATTERN>
<!--6E2EFA68131A459294FC8981578A4F16-->  <ISADVANCEDFEATURE><![CDATA[N]]></ISADVANCEDFEATURE>
<!--6E2EFA68131A459294FC8981578A4F16-->  <PREVENTCONCURRENT><![CDATA[N]]></PREVENTCONCURRENT>
<!--6E2EFA68131A459294FC8981578A4F16-->  <IS_EXPLICIT_ACCESS><![CDATA[N]]></IS_EXPLICIT_ACCESS>
<!--6E2EFA68131A459294FC8981578A4F16-->  <ISKILLABLE><![CDATA[N]]></ISKILLABLE>
<!--6E2EFA68131A459294FC8981578A4F16--></AD_PROCESS>

<!--AE7FE5ABB6084E0ABAC9A557542F09D8--><AD_PROCESS>
<!--AE7FE5ABB6084E0ABAC9A557542F09D8-->  <AD_PROCESS_ID><![CDATA[AE7FE5ABB6084E0ABAC9A557542F09D8]]></AD_PROCESS_ID>
<!--AE7FE5ABB6084E0ABAC9A557542F09D8-->  <AD_CLIENT_ID><![CDATA[0]]></AD_CLIENT_ID>
<!--AE7FE5ABB6084E0ABAC9A557542F09D8-->  <AD_ORG_ID><![CDATA[0]]></AD_ORG_ID>
<!--AE7FE5ABB6084E0ABAC9A557542F09D8-->  <ISACTIVE><![CDATA[Y]]></ISACTIVE>
<!--AE7FE5ABB6084E0ABAC9A557542F09D8-->  <VALUE><![CDATA[Overtime Report]]></VALUE>
<!--AE7FE5ABB6084E0ABAC9A557542F09D8-->  <NAME><![CDATA[Overtime Report]]></NAME>
<!--AE7FE5ABB6084E0ABAC9A557542F09D8-->  <DESCRIPTION><![CDATA[Overtime Report]]></DESCRIPTION>
<!--AE7FE5ABB6084E0ABAC9A557542F09D8-->  <ACCESSLEVEL><![CDATA[3]]></ACCESSLEVEL>
<!--AE7FE5ABB6084E0ABAC9A557542F09D8-->  <ISUSERSTARTABLE><![CDATA[N]]></ISUSERSTARTABLE>
<!--AE7FE5ABB6084E0ABAC9A557542F09D8-->  <ISREPORT><![CDATA[N]]></ISREPORT>
<!--AE7FE5ABB6084E0ABAC9A557542F09D8-->  <ISDIRECTPRINT><![CDATA[N]]></ISDIRECTPRINT>
<!--AE7FE5ABB6084E0ABAC9A557542F09D8-->  <ISBACKGROUND><![CDATA[N]]></ISBACKGROUND>
<!--AE7FE5ABB6084E0ABAC9A557542F09D8-->  <ISJASPER><![CDATA[Y]]></ISJASPER>
<!--AE7FE5ABB6084E0ABAC9A557542F09D8-->  <JRNAME><![CDATA[@basedesign@/org/wirabumi/hris/overtime/erpReports/OvertimeReport.jrxml]]></JRNAME>
<!--AE7FE5ABB6084E0ABAC9A557542F09D8-->  <ISEXTERNALSERVICE><![CDATA[N]]></ISEXTERNALSERVICE>
<!--AE7FE5ABB6084E0ABAC9A557542F09D8-->  <AD_MODULE_ID><![CDATA[3D7EA38195044083A47056E9A032004B]]></AD_MODULE_ID>
<!--AE7FE5ABB6084E0ABAC9A557542F09D8-->  <UIPATTERN><![CDATA[S]]></UIPATTERN>
<!--AE7FE5ABB6084E0ABAC9A557542F09D8-->  <ISADVANCEDFEATURE><![CDATA[N]]></ISADVANCEDFEATURE>
<!--AE7FE5ABB6084E0ABAC9A557542F09D8-->  <PREVENTCONCURRENT><![CDATA[N]]></PREVENTCONCURRENT>
<!--AE7FE5ABB6084E0ABAC9A557542F09D8-->  <IS_EXPLICIT_ACCESS><![CDATA[N]]></IS_EXPLICIT_ACCESS>
<!--AE7FE5ABB6084E0ABAC9A557542F09D8-->  <ISKILLABLE><![CDATA[N]]></ISKILLABLE>
<!--AE7FE5ABB6084E0ABAC9A557542F09D8--></AD_PROCESS>

<!--B59493FCE9754E899518E464D682A77A--><AD_PROCESS>
<!--B59493FCE9754E899518E464D682A77A-->  <AD_PROCESS_ID><![CDATA[B59493FCE9754E899518E464D682A77A]]></AD_PROCESS_ID>
<!--B59493FCE9754E899518E464D682A77A-->  <AD_CLIENT_ID><![CDATA[0]]></AD_CLIENT_ID>
<!--B59493FCE9754E899518E464D682A77A-->  <AD_ORG_ID><![CDATA[0]]></AD_ORG_ID>
<!--B59493FCE9754E899518E464D682A77A-->  <ISACTIVE><![CDATA[Y]]></ISACTIVE>
<!--B59493FCE9754E899518E464D682A77A-->  <VALUE><![CDATA[Ot_CalculateOvertime1]]></VALUE>
<!--B59493FCE9754E899518E464D682A77A-->  <NAME><![CDATA[Calculate Overtime Before Working]]></NAME>
<!--B59493FCE9754E899518E464D682A77A-->  <DESCRIPTION><![CDATA[Calculate Overtime Before Working]]></DESCRIPTION>
<!--B59493FCE9754E899518E464D682A77A-->  <ACCESSLEVEL><![CDATA[3]]></ACCESSLEVEL>
<!--B59493FCE9754E899518E464D682A77A-->  <ISUSERSTARTABLE><![CDATA[N]]></ISUSERSTARTABLE>
<!--B59493FCE9754E899518E464D682A77A-->  <ISREPORT><![CDATA[N]]></ISREPORT>
<!--B59493FCE9754E899518E464D682A77A-->  <ISDIRECTPRINT><![CDATA[N]]></ISDIRECTPRINT>
<!--B59493FCE9754E899518E464D682A77A-->  <CLASSNAME><![CDATA[org.wirabumi.hris.overtime.ad_process.CalculateOvertime1]]></CLASSNAME>
<!--B59493FCE9754E899518E464D682A77A-->  <ISBACKGROUND><![CDATA[Y]]></ISBACKGROUND>
<!--B59493FCE9754E899518E464D682A77A-->  <ISJASPER><![CDATA[N]]></ISJASPER>
<!--B59493FCE9754E899518E464D682A77A-->  <ISEXTERNALSERVICE><![CDATA[N]]></ISEXTERNALSERVICE>
<!--B59493FCE9754E899518E464D682A77A-->  <AD_MODULE_ID><![CDATA[3D7EA38195044083A47056E9A032004B]]></AD_MODULE_ID>
<!--B59493FCE9754E899518E464D682A77A-->  <UIPATTERN><![CDATA[M]]></UIPATTERN>
<!--B59493FCE9754E899518E464D682A77A-->  <ISADVANCEDFEATURE><![CDATA[N]]></ISADVANCEDFEATURE>
<!--B59493FCE9754E899518E464D682A77A-->  <PREVENTCONCURRENT><![CDATA[N]]></PREVENTCONCURRENT>
<!--B59493FCE9754E899518E464D682A77A-->  <IS_EXPLICIT_ACCESS><![CDATA[N]]></IS_EXPLICIT_ACCESS>
<!--B59493FCE9754E899518E464D682A77A-->  <ISKILLABLE><![CDATA[N]]></ISKILLABLE>
<!--B59493FCE9754E899518E464D682A77A--></AD_PROCESS>

<!--B5E0AA92D4164B069144CD067EA288F6--><AD_PROCESS>
<!--B5E0AA92D4164B069144CD067EA288F6-->  <AD_PROCESS_ID><![CDATA[B5E0AA92D4164B069144CD067EA288F6]]></AD_PROCESS_ID>
<!--B5E0AA92D4164B069144CD067EA288F6-->  <AD_CLIENT_ID><![CDATA[0]]></AD_CLIENT_ID>
<!--B5E0AA92D4164B069144CD067EA288F6-->  <AD_ORG_ID><![CDATA[0]]></AD_ORG_ID>
<!--B5E0AA92D4164B069144CD067EA288F6-->  <ISACTIVE><![CDATA[Y]]></ISACTIVE>
<!--B5E0AA92D4164B069144CD067EA288F6-->  <VALUE><![CDATA[ot_emergency_call_post]]></VALUE>
<!--B5E0AA92D4164B069144CD067EA288F6-->  <NAME><![CDATA[Post Emergency Call]]></NAME>
<!--B5E0AA92D4164B069144CD067EA288F6-->  <ACCESSLEVEL><![CDATA[1]]></ACCESSLEVEL>
<!--B5E0AA92D4164B069144CD067EA288F6-->  <ISUSERSTARTABLE><![CDATA[N]]></ISUSERSTARTABLE>
<!--B5E0AA92D4164B069144CD067EA288F6-->  <PROCEDURENAME><![CDATA[ot_emergency_call_post0]]></PROCEDURENAME>
<!--B5E0AA92D4164B069144CD067EA288F6-->  <ISREPORT><![CDATA[N]]></ISREPORT>
<!--B5E0AA92D4164B069144CD067EA288F6-->  <ISDIRECTPRINT><![CDATA[N]]></ISDIRECTPRINT>
<!--B5E0AA92D4164B069144CD067EA288F6-->  <ISBACKGROUND><![CDATA[N]]></ISBACKGROUND>
<!--B5E0AA92D4164B069144CD067EA288F6-->  <ISJASPER><![CDATA[N]]></ISJASPER>
<!--B5E0AA92D4164B069144CD067EA288F6-->  <ISEXTERNALSERVICE><![CDATA[N]]></ISEXTERNALSERVICE>
<!--B5E0AA92D4164B069144CD067EA288F6-->  <AD_MODULE_ID><![CDATA[3D7EA38195044083A47056E9A032004B]]></AD_MODULE_ID>
<!--B5E0AA92D4164B069144CD067EA288F6-->  <UIPATTERN><![CDATA[S]]></UIPATTERN>
<!--B5E0AA92D4164B069144CD067EA288F6-->  <ISADVANCEDFEATURE><![CDATA[N]]></ISADVANCEDFEATURE>
<!--B5E0AA92D4164B069144CD067EA288F6-->  <PREVENTCONCURRENT><![CDATA[N]]></PREVENTCONCURRENT>
<!--B5E0AA92D4164B069144CD067EA288F6-->  <IS_EXPLICIT_ACCESS><![CDATA[N]]></IS_EXPLICIT_ACCESS>
<!--B5E0AA92D4164B069144CD067EA288F6-->  <ISKILLABLE><![CDATA[N]]></ISKILLABLE>
<!--B5E0AA92D4164B069144CD067EA288F6--></AD_PROCESS>

<!--BEAB55BB86D54E49B6D1F0F48A505F12--><AD_PROCESS>
<!--BEAB55BB86D54E49B6D1F0F48A505F12-->  <AD_PROCESS_ID><![CDATA[BEAB55BB86D54E49B6D1F0F48A505F12]]></AD_PROCESS_ID>
<!--BEAB55BB86D54E49B6D1F0F48A505F12-->  <AD_CLIENT_ID><![CDATA[0]]></AD_CLIENT_ID>
<!--BEAB55BB86D54E49B6D1F0F48A505F12-->  <AD_ORG_ID><![CDATA[0]]></AD_ORG_ID>
<!--BEAB55BB86D54E49B6D1F0F48A505F12-->  <ISACTIVE><![CDATA[Y]]></ISACTIVE>
<!--BEAB55BB86D54E49B6D1F0F48A505F12-->  <VALUE><![CDATA[ot_overtime_post]]></VALUE>
<!--BEAB55BB86D54E49B6D1F0F48A505F12-->  <NAME><![CDATA[Post Overtime]]></NAME>
<!--BEAB55BB86D54E49B6D1F0F48A505F12-->  <ACCESSLEVEL><![CDATA[1]]></ACCESSLEVEL>
<!--BEAB55BB86D54E49B6D1F0F48A505F12-->  <ISUSERSTARTABLE><![CDATA[N]]></ISUSERSTARTABLE>
<!--BEAB55BB86D54E49B6D1F0F48A505F12-->  <PROCEDURENAME><![CDATA[ot_overtime_post0]]></PROCEDURENAME>
<!--BEAB55BB86D54E49B6D1F0F48A505F12-->  <ISREPORT><![CDATA[N]]></ISREPORT>
<!--BEAB55BB86D54E49B6D1F0F48A505F12-->  <ISDIRECTPRINT><![CDATA[N]]></ISDIRECTPRINT>
<!--BEAB55BB86D54E49B6D1F0F48A505F12-->  <ISBACKGROUND><![CDATA[N]]></ISBACKGROUND>
<!--BEAB55BB86D54E49B6D1F0F48A505F12-->  <ISJASPER><![CDATA[N]]></ISJASPER>
<!--BEAB55BB86D54E49B6D1F0F48A505F12-->  <ISEXTERNALSERVICE><![CDATA[N]]></ISEXTERNALSERVICE>
<!--BEAB55BB86D54E49B6D1F0F48A505F12-->  <AD_MODULE_ID><![CDATA[3D7EA38195044083A47056E9A032004B]]></AD_MODULE_ID>
<!--BEAB55BB86D54E49B6D1F0F48A505F12-->  <UIPATTERN><![CDATA[S]]></UIPATTERN>
<!--BEAB55BB86D54E49B6D1F0F48A505F12-->  <ISADVANCEDFEATURE><![CDATA[N]]></ISADVANCEDFEATURE>
<!--BEAB55BB86D54E49B6D1F0F48A505F12-->  <PREVENTCONCURRENT><![CDATA[N]]></PREVENTCONCURRENT>
<!--BEAB55BB86D54E49B6D1F0F48A505F12-->  <IS_EXPLICIT_ACCESS><![CDATA[N]]></IS_EXPLICIT_ACCESS>
<!--BEAB55BB86D54E49B6D1F0F48A505F12-->  <ISKILLABLE><![CDATA[N]]></ISKILLABLE>
<!--BEAB55BB86D54E49B6D1F0F48A505F12--></AD_PROCESS>

<!--C2BE96FE06D544FE91FE3DAB95864B03--><AD_PROCESS>
<!--C2BE96FE06D544FE91FE3DAB95864B03-->  <AD_PROCESS_ID><![CDATA[C2BE96FE06D544FE91FE3DAB95864B03]]></AD_PROCESS_ID>
<!--C2BE96FE06D544FE91FE3DAB95864B03-->  <AD_CLIENT_ID><![CDATA[0]]></AD_CLIENT_ID>
<!--C2BE96FE06D544FE91FE3DAB95864B03-->  <AD_ORG_ID><![CDATA[0]]></AD_ORG_ID>
<!--C2BE96FE06D544FE91FE3DAB95864B03-->  <ISACTIVE><![CDATA[Y]]></ISACTIVE>
<!--C2BE96FE06D544FE91FE3DAB95864B03-->  <VALUE><![CDATA[Ot_CalculateOvertime2]]></VALUE>
<!--C2BE96FE06D544FE91FE3DAB95864B03-->  <NAME><![CDATA[Calculate Overtime After Working]]></NAME>
<!--C2BE96FE06D544FE91FE3DAB95864B03-->  <DESCRIPTION><![CDATA[Calculate Overtime After Working]]></DESCRIPTION>
<!--C2BE96FE06D544FE91FE3DAB95864B03-->  <ACCESSLEVEL><![CDATA[3]]></ACCESSLEVEL>
<!--C2BE96FE06D544FE91FE3DAB95864B03-->  <ISUSERSTARTABLE><![CDATA[N]]></ISUSERSTARTABLE>
<!--C2BE96FE06D544FE91FE3DAB95864B03-->  <ISREPORT><![CDATA[N]]></ISREPORT>
<!--C2BE96FE06D544FE91FE3DAB95864B03-->  <ISDIRECTPRINT><![CDATA[N]]></ISDIRECTPRINT>
<!--C2BE96FE06D544FE91FE3DAB95864B03-->  <CLASSNAME><![CDATA[org.wirabumi.hris.overtime.ad_process.CalculateOvertime2]]></CLASSNAME>
<!--C2BE96FE06D544FE91FE3DAB95864B03-->  <ISBACKGROUND><![CDATA[Y]]></ISBACKGROUND>
<!--C2BE96FE06D544FE91FE3DAB95864B03-->  <ISJASPER><![CDATA[N]]></ISJASPER>
<!--C2BE96FE06D544FE91FE3DAB95864B03-->  <ISEXTERNALSERVICE><![CDATA[N]]></ISEXTERNALSERVICE>
<!--C2BE96FE06D544FE91FE3DAB95864B03-->  <AD_MODULE_ID><![CDATA[3D7EA38195044083A47056E9A032004B]]></AD_MODULE_ID>
<!--C2BE96FE06D544FE91FE3DAB95864B03-->  <UIPATTERN><![CDATA[M]]></UIPATTERN>
<!--C2BE96FE06D544FE91FE3DAB95864B03-->  <ISADVANCEDFEATURE><![CDATA[N]]></ISADVANCEDFEATURE>
<!--C2BE96FE06D544FE91FE3DAB95864B03-->  <PREVENTCONCURRENT><![CDATA[N]]></PREVENTCONCURRENT>
<!--C2BE96FE06D544FE91FE3DAB95864B03-->  <IS_EXPLICIT_ACCESS><![CDATA[N]]></IS_EXPLICIT_ACCESS>
<!--C2BE96FE06D544FE91FE3DAB95864B03-->  <ISKILLABLE><![CDATA[N]]></ISKILLABLE>
<!--C2BE96FE06D544FE91FE3DAB95864B03--></AD_PROCESS>

<!--C50A83696E96405D8EEAF4C862BE6848--><AD_PROCESS>
<!--C50A83696E96405D8EEAF4C862BE6848-->  <AD_PROCESS_ID><![CDATA[C50A83696E96405D8EEAF4C862BE6848]]></AD_PROCESS_ID>
<!--C50A83696E96405D8EEAF4C862BE6848-->  <AD_CLIENT_ID><![CDATA[0]]></AD_CLIENT_ID>
<!--C50A83696E96405D8EEAF4C862BE6848-->  <AD_ORG_ID><![CDATA[0]]></AD_ORG_ID>
<!--C50A83696E96405D8EEAF4C862BE6848-->  <ISACTIVE><![CDATA[Y]]></ISACTIVE>
<!--C50A83696E96405D8EEAF4C862BE6848-->  <VALUE><![CDATA[OvertimeCalculationAmount]]></VALUE>
<!--C50A83696E96405D8EEAF4C862BE6848-->  <NAME><![CDATA[OvertimeCalculationAmount]]></NAME>
<!--C50A83696E96405D8EEAF4C862BE6848-->  <ACCESSLEVEL><![CDATA[3]]></ACCESSLEVEL>
<!--C50A83696E96405D8EEAF4C862BE6848-->  <ISUSERSTARTABLE><![CDATA[N]]></ISUSERSTARTABLE>
<!--C50A83696E96405D8EEAF4C862BE6848-->  <ISREPORT><![CDATA[N]]></ISREPORT>
<!--C50A83696E96405D8EEAF4C862BE6848-->  <ISDIRECTPRINT><![CDATA[N]]></ISDIRECTPRINT>
<!--C50A83696E96405D8EEAF4C862BE6848-->  <CLASSNAME><![CDATA[org.wirabumi.hris.overtime.ad_process.OvertimeCalculation]]></CLASSNAME>
<!--C50A83696E96405D8EEAF4C862BE6848-->  <ISBACKGROUND><![CDATA[Y]]></ISBACKGROUND>
<!--C50A83696E96405D8EEAF4C862BE6848-->  <ISJASPER><![CDATA[N]]></ISJASPER>
<!--C50A83696E96405D8EEAF4C862BE6848-->  <ISEXTERNALSERVICE><![CDATA[N]]></ISEXTERNALSERVICE>
<!--C50A83696E96405D8EEAF4C862BE6848-->  <AD_MODULE_ID><![CDATA[3D7EA38195044083A47056E9A032004B]]></AD_MODULE_ID>
<!--C50A83696E96405D8EEAF4C862BE6848-->  <UIPATTERN><![CDATA[M]]></UIPATTERN>
<!--C50A83696E96405D8EEAF4C862BE6848-->  <ISADVANCEDFEATURE><![CDATA[N]]></ISADVANCEDFEATURE>
<!--C50A83696E96405D8EEAF4C862BE6848-->  <PREVENTCONCURRENT><![CDATA[N]]></PREVENTCONCURRENT>
<!--C50A83696E96405D8EEAF4C862BE6848-->  <IS_EXPLICIT_ACCESS><![CDATA[N]]></IS_EXPLICIT_ACCESS>
<!--C50A83696E96405D8EEAF4C862BE6848-->  <ISKILLABLE><![CDATA[N]]></ISKILLABLE>
<!--C50A83696E96405D8EEAF4C862BE6848--></AD_PROCESS>

<!--C6790B3A3DF24785B25CE94CA4F7CC29--><AD_PROCESS>
<!--C6790B3A3DF24785B25CE94CA4F7CC29-->  <AD_PROCESS_ID><![CDATA[C6790B3A3DF24785B25CE94CA4F7CC29]]></AD_PROCESS_ID>
<!--C6790B3A3DF24785B25CE94CA4F7CC29-->  <AD_CLIENT_ID><![CDATA[0]]></AD_CLIENT_ID>
<!--C6790B3A3DF24785B25CE94CA4F7CC29-->  <AD_ORG_ID><![CDATA[0]]></AD_ORG_ID>
<!--C6790B3A3DF24785B25CE94CA4F7CC29-->  <ISACTIVE><![CDATA[Y]]></ISACTIVE>
<!--C6790B3A3DF24785B25CE94CA4F7CC29-->  <VALUE><![CDATA[OT_CalculateOvertime]]></VALUE>
<!--C6790B3A3DF24785B25CE94CA4F7CC29-->  <NAME><![CDATA[Overtime Calculation]]></NAME>
<!--C6790B3A3DF24785B25CE94CA4F7CC29-->  <ACCESSLEVEL><![CDATA[3]]></ACCESSLEVEL>
<!--C6790B3A3DF24785B25CE94CA4F7CC29-->  <ISUSERSTARTABLE><![CDATA[N]]></ISUSERSTARTABLE>
<!--C6790B3A3DF24785B25CE94CA4F7CC29-->  <ISREPORT><![CDATA[N]]></ISREPORT>
<!--C6790B3A3DF24785B25CE94CA4F7CC29-->  <ISDIRECTPRINT><![CDATA[N]]></ISDIRECTPRINT>
<!--C6790B3A3DF24785B25CE94CA4F7CC29-->  <ISBACKGROUND><![CDATA[N]]></ISBACKGROUND>
<!--C6790B3A3DF24785B25CE94CA4F7CC29-->  <ISJASPER><![CDATA[N]]></ISJASPER>
<!--C6790B3A3DF24785B25CE94CA4F7CC29-->  <ISEXTERNALSERVICE><![CDATA[N]]></ISEXTERNALSERVICE>
<!--C6790B3A3DF24785B25CE94CA4F7CC29-->  <AD_MODULE_ID><![CDATA[3D7EA38195044083A47056E9A032004B]]></AD_MODULE_ID>
<!--C6790B3A3DF24785B25CE94CA4F7CC29-->  <UIPATTERN><![CDATA[S]]></UIPATTERN>
<!--C6790B3A3DF24785B25CE94CA4F7CC29-->  <ISADVANCEDFEATURE><![CDATA[N]]></ISADVANCEDFEATURE>
<!--C6790B3A3DF24785B25CE94CA4F7CC29-->  <PREVENTCONCURRENT><![CDATA[N]]></PREVENTCONCURRENT>
<!--C6790B3A3DF24785B25CE94CA4F7CC29-->  <IS_EXPLICIT_ACCESS><![CDATA[N]]></IS_EXPLICIT_ACCESS>
<!--C6790B3A3DF24785B25CE94CA4F7CC29-->  <ISKILLABLE><![CDATA[N]]></ISKILLABLE>
<!--C6790B3A3DF24785B25CE94CA4F7CC29--></AD_PROCESS>

<!--C76AC67734AE4E359D28BB6AEFCE7FF1--><AD_PROCESS>
<!--C76AC67734AE4E359D28BB6AEFCE7FF1-->  <AD_PROCESS_ID><![CDATA[C76AC67734AE4E359D28BB6AEFCE7FF1]]></AD_PROCESS_ID>
<!--C76AC67734AE4E359D28BB6AEFCE7FF1-->  <AD_CLIENT_ID><![CDATA[0]]></AD_CLIENT_ID>
<!--C76AC67734AE4E359D28BB6AEFCE7FF1-->  <AD_ORG_ID><![CDATA[0]]></AD_ORG_ID>
<!--C76AC67734AE4E359D28BB6AEFCE7FF1-->  <ISACTIVE><![CDATA[Y]]></ISACTIVE>
<!--C76AC67734AE4E359D28BB6AEFCE7FF1-->  <VALUE><![CDATA[Calculate Overtime Amount ID]]></VALUE>
<!--C76AC67734AE4E359D28BB6AEFCE7FF1-->  <NAME><![CDATA[Calculate Overtime Amount ID]]></NAME>
<!--C76AC67734AE4E359D28BB6AEFCE7FF1-->  <HELP><![CDATA[Calculating Overtime Amount Based On Indonesian Regulation]]></HELP>
<!--C76AC67734AE4E359D28BB6AEFCE7FF1-->  <ACCESSLEVEL><![CDATA[3]]></ACCESSLEVEL>
<!--C76AC67734AE4E359D28BB6AEFCE7FF1-->  <ISUSERSTARTABLE><![CDATA[N]]></ISUSERSTARTABLE>
<!--C76AC67734AE4E359D28BB6AEFCE7FF1-->  <ISREPORT><![CDATA[N]]></ISREPORT>
<!--C76AC67734AE4E359D28BB6AEFCE7FF1-->  <ISDIRECTPRINT><![CDATA[N]]></ISDIRECTPRINT>
<!--C76AC67734AE4E359D28BB6AEFCE7FF1-->  <ISBACKGROUND><![CDATA[N]]></ISBACKGROUND>
<!--C76AC67734AE4E359D28BB6AEFCE7FF1-->  <ISJASPER><![CDATA[N]]></ISJASPER>
<!--C76AC67734AE4E359D28BB6AEFCE7FF1-->  <ISEXTERNALSERVICE><![CDATA[N]]></ISEXTERNALSERVICE>
<!--C76AC67734AE4E359D28BB6AEFCE7FF1-->  <AD_MODULE_ID><![CDATA[3D7EA38195044083A47056E9A032004B]]></AD_MODULE_ID>
<!--C76AC67734AE4E359D28BB6AEFCE7FF1-->  <UIPATTERN><![CDATA[S]]></UIPATTERN>
<!--C76AC67734AE4E359D28BB6AEFCE7FF1-->  <ISADVANCEDFEATURE><![CDATA[N]]></ISADVANCEDFEATURE>
<!--C76AC67734AE4E359D28BB6AEFCE7FF1-->  <PREVENTCONCURRENT><![CDATA[N]]></PREVENTCONCURRENT>
<!--C76AC67734AE4E359D28BB6AEFCE7FF1-->  <IS_EXPLICIT_ACCESS><![CDATA[N]]></IS_EXPLICIT_ACCESS>
<!--C76AC67734AE4E359D28BB6AEFCE7FF1-->  <ISKILLABLE><![CDATA[N]]></ISKILLABLE>
<!--C76AC67734AE4E359D28BB6AEFCE7FF1--></AD_PROCESS>

</data>
