<?xml version="1.0" encoding="UTF-8"?>
<data>
<!--4D6003F61BE944379F3213D8DEB638D8--><AD_PREFERENCE>
<!--4D6003F61BE944379F3213D8DEB638D8-->  <AD_PREFERENCE_ID><![CDATA[4D6003F61BE944379F3213D8DEB638D8]]></AD_PREFERENCE_ID>
<!--4D6003F61BE944379F3213D8DEB638D8-->  <AD_CLIENT_ID><![CDATA[0]]></AD_CLIENT_ID>
<!--4D6003F61BE944379F3213D8DEB638D8-->  <AD_ORG_ID><![CDATA[0]]></AD_ORG_ID>
<!--4D6003F61BE944379F3213D8DEB638D8-->  <ISACTIVE><![CDATA[Y]]></ISACTIVE>
<!--4D6003F61BE944379F3213D8DEB638D8-->  <AD_WINDOW_ID><![CDATA[F5D6914B217540178E08E3AE6B7D826D]]></AD_WINDOW_ID>
<!--4D6003F61BE944379F3213D8DEB638D8-->  <ATTRIBUTE><![CDATA[ForcedLinkWindowC_BPartner]]></ATTRIBUTE>
<!--4D6003F61BE944379F3213D8DEB638D8-->  <VALUE><![CDATA[F6C2A66D5D7D42EAA324E2105C24BCEC]]></VALUE>
<!--4D6003F61BE944379F3213D8DEB638D8-->  <ISPROPERTYLIST><![CDATA[N]]></ISPROPERTYLIST>
<!--4D6003F61BE944379F3213D8DEB638D8-->  <AD_MODULE_ID><![CDATA[3D7EA38195044083A47056E9A032004B]]></AD_MODULE_ID>
<!--4D6003F61BE944379F3213D8DEB638D8--></AD_PREFERENCE>

</data>
