<?xml version="1.0" encoding="UTF-8"?>
<data>
<!--74124CB7CBA041B4B73EE576C94F7B4F--><AD_PACKAGE>
<!--74124CB7CBA041B4B73EE576C94F7B4F-->  <AD_PACKAGE_ID><![CDATA[74124CB7CBA041B4B73EE576C94F7B4F]]></AD_PACKAGE_ID>
<!--74124CB7CBA041B4B73EE576C94F7B4F-->  <AD_CLIENT_ID><![CDATA[0]]></AD_CLIENT_ID>
<!--74124CB7CBA041B4B73EE576C94F7B4F-->  <AD_ORG_ID><![CDATA[0]]></AD_ORG_ID>
<!--74124CB7CBA041B4B73EE576C94F7B4F-->  <NAME><![CDATA[org.wirabumi.hris.overtime]]></NAME>
<!--74124CB7CBA041B4B73EE576C94F7B4F-->  <JAVAPACKAGE><![CDATA[org.wirabumi.hris.overtime]]></JAVAPACKAGE>
<!--74124CB7CBA041B4B73EE576C94F7B4F-->  <AD_MODULE_ID><![CDATA[3D7EA38195044083A47056E9A032004B]]></AD_MODULE_ID>
<!--74124CB7CBA041B4B73EE576C94F7B4F-->  <ISACTIVE><![CDATA[Y]]></ISACTIVE>
<!--74124CB7CBA041B4B73EE576C94F7B4F--></AD_PACKAGE>

</data>
