<?xml version="1.0" encoding="UTF-8"?>
<data>
<!--06A3D86E44D344A2B7ACF79ACFD83EA6--><AD_REF_LIST>
<!--06A3D86E44D344A2B7ACF79ACFD83EA6-->  <AD_REF_LIST_ID><![CDATA[06A3D86E44D344A2B7ACF79ACFD83EA6]]></AD_REF_LIST_ID>
<!--06A3D86E44D344A2B7ACF79ACFD83EA6-->  <AD_CLIENT_ID><![CDATA[0]]></AD_CLIENT_ID>
<!--06A3D86E44D344A2B7ACF79ACFD83EA6-->  <AD_ORG_ID><![CDATA[0]]></AD_ORG_ID>
<!--06A3D86E44D344A2B7ACF79ACFD83EA6-->  <ISACTIVE><![CDATA[Y]]></ISACTIVE>
<!--06A3D86E44D344A2B7ACF79ACFD83EA6-->  <VALUE><![CDATA[OT_OvertimeStartDate]]></VALUE>
<!--06A3D86E44D344A2B7ACF79ACFD83EA6-->  <NAME><![CDATA[Overtime Start Date]]></NAME>
<!--06A3D86E44D344A2B7ACF79ACFD83EA6-->  <AD_REFERENCE_ID><![CDATA[A26BA480E2014707B47257024C3CBFF7]]></AD_REFERENCE_ID>
<!--06A3D86E44D344A2B7ACF79ACFD83EA6-->  <AD_MODULE_ID><![CDATA[3D7EA38195044083A47056E9A032004B]]></AD_MODULE_ID>
<!--06A3D86E44D344A2B7ACF79ACFD83EA6--></AD_REF_LIST>

<!--3D6C3FE587C74F59B266FC97959C2CA6--><AD_REF_LIST>
<!--3D6C3FE587C74F59B266FC97959C2CA6-->  <AD_REF_LIST_ID><![CDATA[3D6C3FE587C74F59B266FC97959C2CA6]]></AD_REF_LIST_ID>
<!--3D6C3FE587C74F59B266FC97959C2CA6-->  <AD_CLIENT_ID><![CDATA[0]]></AD_CLIENT_ID>
<!--3D6C3FE587C74F59B266FC97959C2CA6-->  <AD_ORG_ID><![CDATA[0]]></AD_ORG_ID>
<!--3D6C3FE587C74F59B266FC97959C2CA6-->  <ISACTIVE><![CDATA[Y]]></ISACTIVE>
<!--3D6C3FE587C74F59B266FC97959C2CA6-->  <VALUE><![CDATA[OT_Release]]></VALUE>
<!--3D6C3FE587C74F59B266FC97959C2CA6-->  <NAME><![CDATA[Diajukan]]></NAME>
<!--3D6C3FE587C74F59B266FC97959C2CA6-->  <AD_REFERENCE_ID><![CDATA[131]]></AD_REFERENCE_ID>
<!--3D6C3FE587C74F59B266FC97959C2CA6-->  <AD_MODULE_ID><![CDATA[3D7EA38195044083A47056E9A032004B]]></AD_MODULE_ID>
<!--3D6C3FE587C74F59B266FC97959C2CA6--></AD_REF_LIST>

<!--BB9FD851CAC042D3B31E88D6FFA19A59--><AD_REF_LIST>
<!--BB9FD851CAC042D3B31E88D6FFA19A59-->  <AD_REF_LIST_ID><![CDATA[BB9FD851CAC042D3B31E88D6FFA19A59]]></AD_REF_LIST_ID>
<!--BB9FD851CAC042D3B31E88D6FFA19A59-->  <AD_CLIENT_ID><![CDATA[0]]></AD_CLIENT_ID>
<!--BB9FD851CAC042D3B31E88D6FFA19A59-->  <AD_ORG_ID><![CDATA[0]]></AD_ORG_ID>
<!--BB9FD851CAC042D3B31E88D6FFA19A59-->  <ISACTIVE><![CDATA[Y]]></ISACTIVE>
<!--BB9FD851CAC042D3B31E88D6FFA19A59-->  <VALUE><![CDATA[EC]]></VALUE>
<!--BB9FD851CAC042D3B31E88D6FFA19A59-->  <NAME><![CDATA[Emergency Call]]></NAME>
<!--BB9FD851CAC042D3B31E88D6FFA19A59-->  <AD_REFERENCE_ID><![CDATA[5C88823F5DCF413987933FCC42A6F9DC]]></AD_REFERENCE_ID>
<!--BB9FD851CAC042D3B31E88D6FFA19A59-->  <AD_MODULE_ID><![CDATA[3D7EA38195044083A47056E9A032004B]]></AD_MODULE_ID>
<!--BB9FD851CAC042D3B31E88D6FFA19A59--></AD_REF_LIST>

<!--C70FB709F4D44E47AF16230857E0DC70--><AD_REF_LIST>
<!--C70FB709F4D44E47AF16230857E0DC70-->  <AD_REF_LIST_ID><![CDATA[C70FB709F4D44E47AF16230857E0DC70]]></AD_REF_LIST_ID>
<!--C70FB709F4D44E47AF16230857E0DC70-->  <AD_CLIENT_ID><![CDATA[0]]></AD_CLIENT_ID>
<!--C70FB709F4D44E47AF16230857E0DC70-->  <AD_ORG_ID><![CDATA[0]]></AD_ORG_ID>
<!--C70FB709F4D44E47AF16230857E0DC70-->  <ISACTIVE><![CDATA[Y]]></ISACTIVE>
<!--C70FB709F4D44E47AF16230857E0DC70-->  <VALUE><![CDATA[OT_Release]]></VALUE>
<!--C70FB709F4D44E47AF16230857E0DC70-->  <NAME><![CDATA[Lembur Diajukan]]></NAME>
<!--C70FB709F4D44E47AF16230857E0DC70-->  <AD_REFERENCE_ID><![CDATA[135]]></AD_REFERENCE_ID>
<!--C70FB709F4D44E47AF16230857E0DC70-->  <AD_MODULE_ID><![CDATA[3D7EA38195044083A47056E9A032004B]]></AD_MODULE_ID>
<!--C70FB709F4D44E47AF16230857E0DC70--></AD_REF_LIST>

<!--D5BB644DE24740DCBCDB8AA2B0A85297--><AD_REF_LIST>
<!--D5BB644DE24740DCBCDB8AA2B0A85297-->  <AD_REF_LIST_ID><![CDATA[D5BB644DE24740DCBCDB8AA2B0A85297]]></AD_REF_LIST_ID>
<!--D5BB644DE24740DCBCDB8AA2B0A85297-->  <AD_CLIENT_ID><![CDATA[0]]></AD_CLIENT_ID>
<!--D5BB644DE24740DCBCDB8AA2B0A85297-->  <AD_ORG_ID><![CDATA[0]]></AD_ORG_ID>
<!--D5BB644DE24740DCBCDB8AA2B0A85297-->  <ISACTIVE><![CDATA[Y]]></ISACTIVE>
<!--D5BB644DE24740DCBCDB8AA2B0A85297-->  <VALUE><![CDATA[OT]]></VALUE>
<!--D5BB644DE24740DCBCDB8AA2B0A85297-->  <NAME><![CDATA[Overtime]]></NAME>
<!--D5BB644DE24740DCBCDB8AA2B0A85297-->  <AD_REFERENCE_ID><![CDATA[5C88823F5DCF413987933FCC42A6F9DC]]></AD_REFERENCE_ID>
<!--D5BB644DE24740DCBCDB8AA2B0A85297-->  <AD_MODULE_ID><![CDATA[3D7EA38195044083A47056E9A032004B]]></AD_MODULE_ID>
<!--D5BB644DE24740DCBCDB8AA2B0A85297--></AD_REF_LIST>

<!--FB6E1E7A4A754F31A0330A7CB23652EB--><AD_REF_LIST>
<!--FB6E1E7A4A754F31A0330A7CB23652EB-->  <AD_REF_LIST_ID><![CDATA[FB6E1E7A4A754F31A0330A7CB23652EB]]></AD_REF_LIST_ID>
<!--FB6E1E7A4A754F31A0330A7CB23652EB-->  <AD_CLIENT_ID><![CDATA[0]]></AD_CLIENT_ID>
<!--FB6E1E7A4A754F31A0330A7CB23652EB-->  <AD_ORG_ID><![CDATA[0]]></AD_ORG_ID>
<!--FB6E1E7A4A754F31A0330A7CB23652EB-->  <ISACTIVE><![CDATA[Y]]></ISACTIVE>
<!--FB6E1E7A4A754F31A0330A7CB23652EB-->  <VALUE><![CDATA[OT_OvertimeEndDate]]></VALUE>
<!--FB6E1E7A4A754F31A0330A7CB23652EB-->  <NAME><![CDATA[Overtime End Date]]></NAME>
<!--FB6E1E7A4A754F31A0330A7CB23652EB-->  <AD_REFERENCE_ID><![CDATA[A26BA480E2014707B47257024C3CBFF7]]></AD_REFERENCE_ID>
<!--FB6E1E7A4A754F31A0330A7CB23652EB-->  <AD_MODULE_ID><![CDATA[3D7EA38195044083A47056E9A032004B]]></AD_MODULE_ID>
<!--FB6E1E7A4A754F31A0330A7CB23652EB--></AD_REF_LIST>

</data>
