<?xml version="1.0" encoding="UTF-8"?>
<data>
<!--5C88823F5DCF413987933FCC42A6F9DC--><AD_REFERENCE>
<!--5C88823F5DCF413987933FCC42A6F9DC-->  <AD_REFERENCE_ID><![CDATA[5C88823F5DCF413987933FCC42A6F9DC]]></AD_REFERENCE_ID>
<!--5C88823F5DCF413987933FCC42A6F9DC-->  <AD_CLIENT_ID><![CDATA[0]]></AD_CLIENT_ID>
<!--5C88823F5DCF413987933FCC42A6F9DC-->  <AD_ORG_ID><![CDATA[0]]></AD_ORG_ID>
<!--5C88823F5DCF413987933FCC42A6F9DC-->  <ISACTIVE><![CDATA[Y]]></ISACTIVE>
<!--5C88823F5DCF413987933FCC42A6F9DC-->  <NAME><![CDATA[Status Overtime]]></NAME>
<!--5C88823F5DCF413987933FCC42A6F9DC-->  <AD_MODULE_ID><![CDATA[3D7EA38195044083A47056E9A032004B]]></AD_MODULE_ID>
<!--5C88823F5DCF413987933FCC42A6F9DC-->  <ISBASEREFERENCE><![CDATA[N]]></ISBASEREFERENCE>
<!--5C88823F5DCF413987933FCC42A6F9DC-->  <PARENTREFERENCE_ID><![CDATA[17]]></PARENTREFERENCE_ID>
<!--5C88823F5DCF413987933FCC42A6F9DC-->  <ISVALUEDISPLAYED><![CDATA[N]]></ISVALUEDISPLAYED>
<!--5C88823F5DCF413987933FCC42A6F9DC--></AD_REFERENCE>

</data>
