<?xml version="1.0" encoding="UTF-8"?>
<data>
<!--0B10F92CB7F64D9EAE713D90B8AC0C85--><AD_TREENODE>
<!--0B10F92CB7F64D9EAE713D90B8AC0C85-->  <AD_TREENODE_ID><![CDATA[0B10F92CB7F64D9EAE713D90B8AC0C85]]></AD_TREENODE_ID>
<!--0B10F92CB7F64D9EAE713D90B8AC0C85-->  <AD_TREE_ID><![CDATA[10]]></AD_TREE_ID>
<!--0B10F92CB7F64D9EAE713D90B8AC0C85-->  <NODE_ID><![CDATA[654CA2DAE0094732899058AB8151FB7D]]></NODE_ID>
<!--0B10F92CB7F64D9EAE713D90B8AC0C85-->  <AD_CLIENT_ID><![CDATA[0]]></AD_CLIENT_ID>
<!--0B10F92CB7F64D9EAE713D90B8AC0C85-->  <AD_ORG_ID><![CDATA[0]]></AD_ORG_ID>
<!--0B10F92CB7F64D9EAE713D90B8AC0C85-->  <ISACTIVE><![CDATA[Y]]></ISACTIVE>
<!--0B10F92CB7F64D9EAE713D90B8AC0C85-->  <PARENT_ID><![CDATA[0B3F85C844214F79A0CD206AD4334833]]></PARENT_ID>
<!--0B10F92CB7F64D9EAE713D90B8AC0C85-->  <SEQNO><![CDATA[80]]></SEQNO>
<!--0B10F92CB7F64D9EAE713D90B8AC0C85--></AD_TREENODE>

<!--2CA6AB1ABA574A808FA2FBBD4EE0EA7C--><AD_TREENODE>
<!--2CA6AB1ABA574A808FA2FBBD4EE0EA7C-->  <AD_TREENODE_ID><![CDATA[2CA6AB1ABA574A808FA2FBBD4EE0EA7C]]></AD_TREENODE_ID>
<!--2CA6AB1ABA574A808FA2FBBD4EE0EA7C-->  <AD_TREE_ID><![CDATA[10]]></AD_TREE_ID>
<!--2CA6AB1ABA574A808FA2FBBD4EE0EA7C-->  <NODE_ID><![CDATA[0758EBDF08EE4A959BF5FC908157784E]]></NODE_ID>
<!--2CA6AB1ABA574A808FA2FBBD4EE0EA7C-->  <AD_CLIENT_ID><![CDATA[0]]></AD_CLIENT_ID>
<!--2CA6AB1ABA574A808FA2FBBD4EE0EA7C-->  <AD_ORG_ID><![CDATA[0]]></AD_ORG_ID>
<!--2CA6AB1ABA574A808FA2FBBD4EE0EA7C-->  <ISACTIVE><![CDATA[Y]]></ISACTIVE>
<!--2CA6AB1ABA574A808FA2FBBD4EE0EA7C-->  <PARENT_ID><![CDATA[25721BFE74414CCCAAFBFD8FACE08230]]></PARENT_ID>
<!--2CA6AB1ABA574A808FA2FBBD4EE0EA7C-->  <SEQNO><![CDATA[20]]></SEQNO>
<!--2CA6AB1ABA574A808FA2FBBD4EE0EA7C--></AD_TREENODE>

<!--5F17F6644C744550824F1CD23E3700DE--><AD_TREENODE>
<!--5F17F6644C744550824F1CD23E3700DE-->  <AD_TREENODE_ID><![CDATA[5F17F6644C744550824F1CD23E3700DE]]></AD_TREENODE_ID>
<!--5F17F6644C744550824F1CD23E3700DE-->  <AD_TREE_ID><![CDATA[10]]></AD_TREE_ID>
<!--5F17F6644C744550824F1CD23E3700DE-->  <NODE_ID><![CDATA[25721BFE74414CCCAAFBFD8FACE08230]]></NODE_ID>
<!--5F17F6644C744550824F1CD23E3700DE-->  <AD_CLIENT_ID><![CDATA[0]]></AD_CLIENT_ID>
<!--5F17F6644C744550824F1CD23E3700DE-->  <AD_ORG_ID><![CDATA[0]]></AD_ORG_ID>
<!--5F17F6644C744550824F1CD23E3700DE-->  <ISACTIVE><![CDATA[Y]]></ISACTIVE>
<!--5F17F6644C744550824F1CD23E3700DE-->  <PARENT_ID><![CDATA[0B3F85C844214F79A0CD206AD4334833]]></PARENT_ID>
<!--5F17F6644C744550824F1CD23E3700DE-->  <SEQNO><![CDATA[120]]></SEQNO>
<!--5F17F6644C744550824F1CD23E3700DE--></AD_TREENODE>

<!--691213F7D0A24AADA810A0E55A112BA4--><AD_TREENODE>
<!--691213F7D0A24AADA810A0E55A112BA4-->  <AD_TREENODE_ID><![CDATA[691213F7D0A24AADA810A0E55A112BA4]]></AD_TREENODE_ID>
<!--691213F7D0A24AADA810A0E55A112BA4-->  <AD_TREE_ID><![CDATA[10]]></AD_TREE_ID>
<!--691213F7D0A24AADA810A0E55A112BA4-->  <NODE_ID><![CDATA[7589DB621EB246248F908156722A53AE]]></NODE_ID>
<!--691213F7D0A24AADA810A0E55A112BA4-->  <AD_CLIENT_ID><![CDATA[0]]></AD_CLIENT_ID>
<!--691213F7D0A24AADA810A0E55A112BA4-->  <AD_ORG_ID><![CDATA[0]]></AD_ORG_ID>
<!--691213F7D0A24AADA810A0E55A112BA4-->  <ISACTIVE><![CDATA[Y]]></ISACTIVE>
<!--691213F7D0A24AADA810A0E55A112BA4-->  <PARENT_ID><![CDATA[0B3F85C844214F79A0CD206AD4334833]]></PARENT_ID>
<!--691213F7D0A24AADA810A0E55A112BA4-->  <SEQNO><![CDATA[130]]></SEQNO>
<!--691213F7D0A24AADA810A0E55A112BA4--></AD_TREENODE>

<!--6EF6C724B8FA45A8AA93E92DC636651D--><AD_TREENODE>
<!--6EF6C724B8FA45A8AA93E92DC636651D-->  <AD_TREENODE_ID><![CDATA[6EF6C724B8FA45A8AA93E92DC636651D]]></AD_TREENODE_ID>
<!--6EF6C724B8FA45A8AA93E92DC636651D-->  <AD_TREE_ID><![CDATA[10]]></AD_TREE_ID>
<!--6EF6C724B8FA45A8AA93E92DC636651D-->  <NODE_ID><![CDATA[031415069CB54DB7A7BBE561BB0AC1C5]]></NODE_ID>
<!--6EF6C724B8FA45A8AA93E92DC636651D-->  <AD_CLIENT_ID><![CDATA[0]]></AD_CLIENT_ID>
<!--6EF6C724B8FA45A8AA93E92DC636651D-->  <AD_ORG_ID><![CDATA[0]]></AD_ORG_ID>
<!--6EF6C724B8FA45A8AA93E92DC636651D-->  <ISACTIVE><![CDATA[Y]]></ISACTIVE>
<!--6EF6C724B8FA45A8AA93E92DC636651D-->  <PARENT_ID><![CDATA[0B3F85C844214F79A0CD206AD4334833]]></PARENT_ID>
<!--6EF6C724B8FA45A8AA93E92DC636651D-->  <SEQNO><![CDATA[90]]></SEQNO>
<!--6EF6C724B8FA45A8AA93E92DC636651D--></AD_TREENODE>

<!--89928E7DF26D4EB7921F032AD268FBDA--><AD_TREENODE>
<!--89928E7DF26D4EB7921F032AD268FBDA-->  <AD_TREENODE_ID><![CDATA[89928E7DF26D4EB7921F032AD268FBDA]]></AD_TREENODE_ID>
<!--89928E7DF26D4EB7921F032AD268FBDA-->  <AD_TREE_ID><![CDATA[10]]></AD_TREE_ID>
<!--89928E7DF26D4EB7921F032AD268FBDA-->  <NODE_ID><![CDATA[BAEED1B9AAEA472B99505ADDD75A7158]]></NODE_ID>
<!--89928E7DF26D4EB7921F032AD268FBDA-->  <AD_CLIENT_ID><![CDATA[0]]></AD_CLIENT_ID>
<!--89928E7DF26D4EB7921F032AD268FBDA-->  <AD_ORG_ID><![CDATA[0]]></AD_ORG_ID>
<!--89928E7DF26D4EB7921F032AD268FBDA-->  <ISACTIVE><![CDATA[Y]]></ISACTIVE>
<!--89928E7DF26D4EB7921F032AD268FBDA-->  <PARENT_ID><![CDATA[25721BFE74414CCCAAFBFD8FACE08230]]></PARENT_ID>
<!--89928E7DF26D4EB7921F032AD268FBDA-->  <SEQNO><![CDATA[30]]></SEQNO>
<!--89928E7DF26D4EB7921F032AD268FBDA--></AD_TREENODE>

<!--DA189D1D203A444E8047387CBE421925--><AD_TREENODE>
<!--DA189D1D203A444E8047387CBE421925-->  <AD_TREENODE_ID><![CDATA[DA189D1D203A444E8047387CBE421925]]></AD_TREENODE_ID>
<!--DA189D1D203A444E8047387CBE421925-->  <AD_TREE_ID><![CDATA[10]]></AD_TREE_ID>
<!--DA189D1D203A444E8047387CBE421925-->  <NODE_ID><![CDATA[447D6D757D774DBDBD73E377FCC38070]]></NODE_ID>
<!--DA189D1D203A444E8047387CBE421925-->  <AD_CLIENT_ID><![CDATA[0]]></AD_CLIENT_ID>
<!--DA189D1D203A444E8047387CBE421925-->  <AD_ORG_ID><![CDATA[0]]></AD_ORG_ID>
<!--DA189D1D203A444E8047387CBE421925-->  <ISACTIVE><![CDATA[Y]]></ISACTIVE>
<!--DA189D1D203A444E8047387CBE421925-->  <PARENT_ID><![CDATA[0B3F85C844214F79A0CD206AD4334833]]></PARENT_ID>
<!--DA189D1D203A444E8047387CBE421925-->  <SEQNO><![CDATA[100]]></SEQNO>
<!--DA189D1D203A444E8047387CBE421925--></AD_TREENODE>

<!--FB466D3B77D84C21B26D11B55BFE4B1C--><AD_TREENODE>
<!--FB466D3B77D84C21B26D11B55BFE4B1C-->  <AD_TREENODE_ID><![CDATA[FB466D3B77D84C21B26D11B55BFE4B1C]]></AD_TREENODE_ID>
<!--FB466D3B77D84C21B26D11B55BFE4B1C-->  <AD_TREE_ID><![CDATA[10]]></AD_TREE_ID>
<!--FB466D3B77D84C21B26D11B55BFE4B1C-->  <NODE_ID><![CDATA[CEEDB810EDC3466DA12E087CAE2E7C42]]></NODE_ID>
<!--FB466D3B77D84C21B26D11B55BFE4B1C-->  <AD_CLIENT_ID><![CDATA[0]]></AD_CLIENT_ID>
<!--FB466D3B77D84C21B26D11B55BFE4B1C-->  <AD_ORG_ID><![CDATA[0]]></AD_ORG_ID>
<!--FB466D3B77D84C21B26D11B55BFE4B1C-->  <ISACTIVE><![CDATA[Y]]></ISACTIVE>
<!--FB466D3B77D84C21B26D11B55BFE4B1C-->  <PARENT_ID><![CDATA[7589DB621EB246248F908156722A53AE]]></PARENT_ID>
<!--FB466D3B77D84C21B26D11B55BFE4B1C-->  <SEQNO><![CDATA[0]]></SEQNO>
<!--FB466D3B77D84C21B26D11B55BFE4B1C--></AD_TREENODE>

</data>
