<?xml version="1.0" encoding="UTF-8"?>
<data>
<!--0BD08FD34E4D4C2CAB1B28980585806A--><AD_TABLE>
<!--0BD08FD34E4D4C2CAB1B28980585806A-->  <AD_TABLE_ID><![CDATA[0BD08FD34E4D4C2CAB1B28980585806A]]></AD_TABLE_ID>
<!--0BD08FD34E4D4C2CAB1B28980585806A-->  <AD_CLIENT_ID><![CDATA[0]]></AD_CLIENT_ID>
<!--0BD08FD34E4D4C2CAB1B28980585806A-->  <AD_ORG_ID><![CDATA[0]]></AD_ORG_ID>
<!--0BD08FD34E4D4C2CAB1B28980585806A-->  <ISACTIVE><![CDATA[Y]]></ISACTIVE>
<!--0BD08FD34E4D4C2CAB1B28980585806A-->  <NAME><![CDATA[ot_set_overtime]]></NAME>
<!--0BD08FD34E4D4C2CAB1B28980585806A-->  <TABLENAME><![CDATA[ot_set_overtime]]></TABLENAME>
<!--0BD08FD34E4D4C2CAB1B28980585806A-->  <CLASSNAME><![CDATA[ot_set_overtime]]></CLASSNAME>
<!--0BD08FD34E4D4C2CAB1B28980585806A-->  <ISVIEW><![CDATA[N]]></ISVIEW>
<!--0BD08FD34E4D4C2CAB1B28980585806A-->  <ACCESSLEVEL><![CDATA[3]]></ACCESSLEVEL>
<!--0BD08FD34E4D4C2CAB1B28980585806A-->  <ISSECURITYENABLED><![CDATA[N]]></ISSECURITYENABLED>
<!--0BD08FD34E4D4C2CAB1B28980585806A-->  <ISDELETEABLE><![CDATA[Y]]></ISDELETEABLE>
<!--0BD08FD34E4D4C2CAB1B28980585806A-->  <ISHIGHVOLUME><![CDATA[N]]></ISHIGHVOLUME>
<!--0BD08FD34E4D4C2CAB1B28980585806A-->  <IMPORTTABLE><![CDATA[N]]></IMPORTTABLE>
<!--0BD08FD34E4D4C2CAB1B28980585806A-->  <ISCHANGELOG><![CDATA[N]]></ISCHANGELOG>
<!--0BD08FD34E4D4C2CAB1B28980585806A-->  <ISDEFAULTACCT><![CDATA[N]]></ISDEFAULTACCT>
<!--0BD08FD34E4D4C2CAB1B28980585806A-->  <DEVELOPMENTSTATUS><![CDATA[RE]]></DEVELOPMENTSTATUS>
<!--0BD08FD34E4D4C2CAB1B28980585806A-->  <AD_PACKAGE_ID><![CDATA[74124CB7CBA041B4B73EE576C94F7B4F]]></AD_PACKAGE_ID>
<!--0BD08FD34E4D4C2CAB1B28980585806A-->  <DATAORIGINTYPE><![CDATA[Table]]></DATAORIGINTYPE>
<!--0BD08FD34E4D4C2CAB1B28980585806A-->  <ISTREE><![CDATA[N]]></ISTREE>
<!--0BD08FD34E4D4C2CAB1B28980585806A--></AD_TABLE>

<!--5EFEE4A2BF014B039F8AB725019228D6--><AD_TABLE>
<!--5EFEE4A2BF014B039F8AB725019228D6-->  <AD_TABLE_ID><![CDATA[5EFEE4A2BF014B039F8AB725019228D6]]></AD_TABLE_ID>
<!--5EFEE4A2BF014B039F8AB725019228D6-->  <AD_CLIENT_ID><![CDATA[0]]></AD_CLIENT_ID>
<!--5EFEE4A2BF014B039F8AB725019228D6-->  <AD_ORG_ID><![CDATA[0]]></AD_ORG_ID>
<!--5EFEE4A2BF014B039F8AB725019228D6-->  <ISACTIVE><![CDATA[Y]]></ISACTIVE>
<!--5EFEE4A2BF014B039F8AB725019228D6-->  <NAME><![CDATA[ot_nonbusiness_rate]]></NAME>
<!--5EFEE4A2BF014B039F8AB725019228D6-->  <TABLENAME><![CDATA[ot_nonbusiness_rate]]></TABLENAME>
<!--5EFEE4A2BF014B039F8AB725019228D6-->  <CLASSNAME><![CDATA[ot_nonbusiness_rate]]></CLASSNAME>
<!--5EFEE4A2BF014B039F8AB725019228D6-->  <ISVIEW><![CDATA[N]]></ISVIEW>
<!--5EFEE4A2BF014B039F8AB725019228D6-->  <ACCESSLEVEL><![CDATA[3]]></ACCESSLEVEL>
<!--5EFEE4A2BF014B039F8AB725019228D6-->  <ISSECURITYENABLED><![CDATA[N]]></ISSECURITYENABLED>
<!--5EFEE4A2BF014B039F8AB725019228D6-->  <ISDELETEABLE><![CDATA[Y]]></ISDELETEABLE>
<!--5EFEE4A2BF014B039F8AB725019228D6-->  <ISHIGHVOLUME><![CDATA[N]]></ISHIGHVOLUME>
<!--5EFEE4A2BF014B039F8AB725019228D6-->  <IMPORTTABLE><![CDATA[N]]></IMPORTTABLE>
<!--5EFEE4A2BF014B039F8AB725019228D6-->  <ISCHANGELOG><![CDATA[N]]></ISCHANGELOG>
<!--5EFEE4A2BF014B039F8AB725019228D6-->  <ISDEFAULTACCT><![CDATA[N]]></ISDEFAULTACCT>
<!--5EFEE4A2BF014B039F8AB725019228D6-->  <DEVELOPMENTSTATUS><![CDATA[RE]]></DEVELOPMENTSTATUS>
<!--5EFEE4A2BF014B039F8AB725019228D6-->  <AD_PACKAGE_ID><![CDATA[74124CB7CBA041B4B73EE576C94F7B4F]]></AD_PACKAGE_ID>
<!--5EFEE4A2BF014B039F8AB725019228D6-->  <DATAORIGINTYPE><![CDATA[Table]]></DATAORIGINTYPE>
<!--5EFEE4A2BF014B039F8AB725019228D6-->  <ISTREE><![CDATA[N]]></ISTREE>
<!--5EFEE4A2BF014B039F8AB725019228D6--></AD_TABLE>

<!--9C34C15D0A424D76B1FF282018B83D76--><AD_TABLE>
<!--9C34C15D0A424D76B1FF282018B83D76-->  <AD_TABLE_ID><![CDATA[9C34C15D0A424D76B1FF282018B83D76]]></AD_TABLE_ID>
<!--9C34C15D0A424D76B1FF282018B83D76-->  <AD_CLIENT_ID><![CDATA[0]]></AD_CLIENT_ID>
<!--9C34C15D0A424D76B1FF282018B83D76-->  <AD_ORG_ID><![CDATA[0]]></AD_ORG_ID>
<!--9C34C15D0A424D76B1FF282018B83D76-->  <ISACTIVE><![CDATA[Y]]></ISACTIVE>
<!--9C34C15D0A424D76B1FF282018B83D76-->  <NAME><![CDATA[ot_overtime]]></NAME>
<!--9C34C15D0A424D76B1FF282018B83D76-->  <TABLENAME><![CDATA[ot_overtime]]></TABLENAME>
<!--9C34C15D0A424D76B1FF282018B83D76-->  <CLASSNAME><![CDATA[ot_overtime]]></CLASSNAME>
<!--9C34C15D0A424D76B1FF282018B83D76-->  <ISVIEW><![CDATA[N]]></ISVIEW>
<!--9C34C15D0A424D76B1FF282018B83D76-->  <ACCESSLEVEL><![CDATA[3]]></ACCESSLEVEL>
<!--9C34C15D0A424D76B1FF282018B83D76-->  <AD_WINDOW_ID><![CDATA[B28898E7BCB848ECB4A228A6B3703EE1]]></AD_WINDOW_ID>
<!--9C34C15D0A424D76B1FF282018B83D76-->  <ISSECURITYENABLED><![CDATA[N]]></ISSECURITYENABLED>
<!--9C34C15D0A424D76B1FF282018B83D76-->  <ISDELETEABLE><![CDATA[Y]]></ISDELETEABLE>
<!--9C34C15D0A424D76B1FF282018B83D76-->  <ISHIGHVOLUME><![CDATA[N]]></ISHIGHVOLUME>
<!--9C34C15D0A424D76B1FF282018B83D76-->  <IMPORTTABLE><![CDATA[N]]></IMPORTTABLE>
<!--9C34C15D0A424D76B1FF282018B83D76-->  <ISCHANGELOG><![CDATA[N]]></ISCHANGELOG>
<!--9C34C15D0A424D76B1FF282018B83D76-->  <ISDEFAULTACCT><![CDATA[N]]></ISDEFAULTACCT>
<!--9C34C15D0A424D76B1FF282018B83D76-->  <DEVELOPMENTSTATUS><![CDATA[RE]]></DEVELOPMENTSTATUS>
<!--9C34C15D0A424D76B1FF282018B83D76-->  <AD_PACKAGE_ID><![CDATA[74124CB7CBA041B4B73EE576C94F7B4F]]></AD_PACKAGE_ID>
<!--9C34C15D0A424D76B1FF282018B83D76-->  <DATAORIGINTYPE><![CDATA[Table]]></DATAORIGINTYPE>
<!--9C34C15D0A424D76B1FF282018B83D76-->  <ISTREE><![CDATA[N]]></ISTREE>
<!--9C34C15D0A424D76B1FF282018B83D76-->  <EM_SR_ISINVENTORY><![CDATA[N]]></EM_SR_ISINVENTORY>
<!--9C34C15D0A424D76B1FF282018B83D76--></AD_TABLE>

<!--AE80E1867EB34448830499F07BF36C3B--><AD_TABLE>
<!--AE80E1867EB34448830499F07BF36C3B-->  <AD_TABLE_ID><![CDATA[AE80E1867EB34448830499F07BF36C3B]]></AD_TABLE_ID>
<!--AE80E1867EB34448830499F07BF36C3B-->  <AD_CLIENT_ID><![CDATA[0]]></AD_CLIENT_ID>
<!--AE80E1867EB34448830499F07BF36C3B-->  <AD_ORG_ID><![CDATA[0]]></AD_ORG_ID>
<!--AE80E1867EB34448830499F07BF36C3B-->  <ISACTIVE><![CDATA[Y]]></ISACTIVE>
<!--AE80E1867EB34448830499F07BF36C3B-->  <NAME><![CDATA[ot_emergency_call]]></NAME>
<!--AE80E1867EB34448830499F07BF36C3B-->  <DESCRIPTION><![CDATA[Table saved Job time in emergency call only]]></DESCRIPTION>
<!--AE80E1867EB34448830499F07BF36C3B-->  <TABLENAME><![CDATA[ot_emergency_call]]></TABLENAME>
<!--AE80E1867EB34448830499F07BF36C3B-->  <CLASSNAME><![CDATA[ot_emergency_call]]></CLASSNAME>
<!--AE80E1867EB34448830499F07BF36C3B-->  <ISVIEW><![CDATA[N]]></ISVIEW>
<!--AE80E1867EB34448830499F07BF36C3B-->  <ACCESSLEVEL><![CDATA[3]]></ACCESSLEVEL>
<!--AE80E1867EB34448830499F07BF36C3B-->  <AD_WINDOW_ID><![CDATA[F5D6914B217540178E08E3AE6B7D826D]]></AD_WINDOW_ID>
<!--AE80E1867EB34448830499F07BF36C3B-->  <ISSECURITYENABLED><![CDATA[N]]></ISSECURITYENABLED>
<!--AE80E1867EB34448830499F07BF36C3B-->  <ISDELETEABLE><![CDATA[Y]]></ISDELETEABLE>
<!--AE80E1867EB34448830499F07BF36C3B-->  <ISHIGHVOLUME><![CDATA[N]]></ISHIGHVOLUME>
<!--AE80E1867EB34448830499F07BF36C3B-->  <IMPORTTABLE><![CDATA[N]]></IMPORTTABLE>
<!--AE80E1867EB34448830499F07BF36C3B-->  <ISCHANGELOG><![CDATA[N]]></ISCHANGELOG>
<!--AE80E1867EB34448830499F07BF36C3B-->  <ISDEFAULTACCT><![CDATA[N]]></ISDEFAULTACCT>
<!--AE80E1867EB34448830499F07BF36C3B-->  <DEVELOPMENTSTATUS><![CDATA[RE]]></DEVELOPMENTSTATUS>
<!--AE80E1867EB34448830499F07BF36C3B-->  <AD_PACKAGE_ID><![CDATA[74124CB7CBA041B4B73EE576C94F7B4F]]></AD_PACKAGE_ID>
<!--AE80E1867EB34448830499F07BF36C3B-->  <DATAORIGINTYPE><![CDATA[Table]]></DATAORIGINTYPE>
<!--AE80E1867EB34448830499F07BF36C3B-->  <ISTREE><![CDATA[N]]></ISTREE>
<!--AE80E1867EB34448830499F07BF36C3B-->  <EM_OEZ_HANDLERCLASSNAME><![CDATA[org.wirabumi.hris.overtime.event.EmergencyCallRouting]]></EM_OEZ_HANDLERCLASSNAME>
<!--AE80E1867EB34448830499F07BF36C3B--></AD_TABLE>

<!--AFE8C0AF612E40BA98318BCD195E757B--><AD_TABLE>
<!--AFE8C0AF612E40BA98318BCD195E757B-->  <AD_TABLE_ID><![CDATA[AFE8C0AF612E40BA98318BCD195E757B]]></AD_TABLE_ID>
<!--AFE8C0AF612E40BA98318BCD195E757B-->  <AD_CLIENT_ID><![CDATA[0]]></AD_CLIENT_ID>
<!--AFE8C0AF612E40BA98318BCD195E757B-->  <AD_ORG_ID><![CDATA[0]]></AD_ORG_ID>
<!--AFE8C0AF612E40BA98318BCD195E757B-->  <ISACTIVE><![CDATA[Y]]></ISACTIVE>
<!--AFE8C0AF612E40BA98318BCD195E757B-->  <NAME><![CDATA[ot_overtime_detail]]></NAME>
<!--AFE8C0AF612E40BA98318BCD195E757B-->  <TABLENAME><![CDATA[ot_overtime_detail]]></TABLENAME>
<!--AFE8C0AF612E40BA98318BCD195E757B-->  <CLASSNAME><![CDATA[ot_overtime_detail]]></CLASSNAME>
<!--AFE8C0AF612E40BA98318BCD195E757B-->  <ISVIEW><![CDATA[N]]></ISVIEW>
<!--AFE8C0AF612E40BA98318BCD195E757B-->  <ACCESSLEVEL><![CDATA[3]]></ACCESSLEVEL>
<!--AFE8C0AF612E40BA98318BCD195E757B-->  <ISSECURITYENABLED><![CDATA[N]]></ISSECURITYENABLED>
<!--AFE8C0AF612E40BA98318BCD195E757B-->  <ISDELETEABLE><![CDATA[Y]]></ISDELETEABLE>
<!--AFE8C0AF612E40BA98318BCD195E757B-->  <ISHIGHVOLUME><![CDATA[N]]></ISHIGHVOLUME>
<!--AFE8C0AF612E40BA98318BCD195E757B-->  <IMPORTTABLE><![CDATA[N]]></IMPORTTABLE>
<!--AFE8C0AF612E40BA98318BCD195E757B-->  <ISCHANGELOG><![CDATA[N]]></ISCHANGELOG>
<!--AFE8C0AF612E40BA98318BCD195E757B-->  <ISDEFAULTACCT><![CDATA[N]]></ISDEFAULTACCT>
<!--AFE8C0AF612E40BA98318BCD195E757B-->  <DEVELOPMENTSTATUS><![CDATA[RE]]></DEVELOPMENTSTATUS>
<!--AFE8C0AF612E40BA98318BCD195E757B-->  <AD_PACKAGE_ID><![CDATA[74124CB7CBA041B4B73EE576C94F7B4F]]></AD_PACKAGE_ID>
<!--AFE8C0AF612E40BA98318BCD195E757B-->  <DATAORIGINTYPE><![CDATA[Table]]></DATAORIGINTYPE>
<!--AFE8C0AF612E40BA98318BCD195E757B-->  <ISTREE><![CDATA[N]]></ISTREE>
<!--AFE8C0AF612E40BA98318BCD195E757B--></AD_TABLE>

<!--F0528DC71E9D47DB88B7908B3B6D384B--><AD_TABLE>
<!--F0528DC71E9D47DB88B7908B3B6D384B-->  <AD_TABLE_ID><![CDATA[F0528DC71E9D47DB88B7908B3B6D384B]]></AD_TABLE_ID>
<!--F0528DC71E9D47DB88B7908B3B6D384B-->  <AD_CLIENT_ID><![CDATA[0]]></AD_CLIENT_ID>
<!--F0528DC71E9D47DB88B7908B3B6D384B-->  <AD_ORG_ID><![CDATA[0]]></AD_ORG_ID>
<!--F0528DC71E9D47DB88B7908B3B6D384B-->  <ISACTIVE><![CDATA[Y]]></ISACTIVE>
<!--F0528DC71E9D47DB88B7908B3B6D384B-->  <NAME><![CDATA[ot_emergency_call_detail]]></NAME>
<!--F0528DC71E9D47DB88B7908B3B6D384B-->  <TABLENAME><![CDATA[ot_emergency_call_detail]]></TABLENAME>
<!--F0528DC71E9D47DB88B7908B3B6D384B-->  <CLASSNAME><![CDATA[ot_emergency_call_detail]]></CLASSNAME>
<!--F0528DC71E9D47DB88B7908B3B6D384B-->  <ISVIEW><![CDATA[N]]></ISVIEW>
<!--F0528DC71E9D47DB88B7908B3B6D384B-->  <ACCESSLEVEL><![CDATA[3]]></ACCESSLEVEL>
<!--F0528DC71E9D47DB88B7908B3B6D384B-->  <ISSECURITYENABLED><![CDATA[N]]></ISSECURITYENABLED>
<!--F0528DC71E9D47DB88B7908B3B6D384B-->  <ISDELETEABLE><![CDATA[Y]]></ISDELETEABLE>
<!--F0528DC71E9D47DB88B7908B3B6D384B-->  <ISHIGHVOLUME><![CDATA[N]]></ISHIGHVOLUME>
<!--F0528DC71E9D47DB88B7908B3B6D384B-->  <IMPORTTABLE><![CDATA[N]]></IMPORTTABLE>
<!--F0528DC71E9D47DB88B7908B3B6D384B-->  <ISCHANGELOG><![CDATA[N]]></ISCHANGELOG>
<!--F0528DC71E9D47DB88B7908B3B6D384B-->  <ISDEFAULTACCT><![CDATA[N]]></ISDEFAULTACCT>
<!--F0528DC71E9D47DB88B7908B3B6D384B-->  <DEVELOPMENTSTATUS><![CDATA[RE]]></DEVELOPMENTSTATUS>
<!--F0528DC71E9D47DB88B7908B3B6D384B-->  <AD_PACKAGE_ID><![CDATA[74124CB7CBA041B4B73EE576C94F7B4F]]></AD_PACKAGE_ID>
<!--F0528DC71E9D47DB88B7908B3B6D384B-->  <DATAORIGINTYPE><![CDATA[Table]]></DATAORIGINTYPE>
<!--F0528DC71E9D47DB88B7908B3B6D384B-->  <ISTREE><![CDATA[N]]></ISTREE>
<!--F0528DC71E9D47DB88B7908B3B6D384B--></AD_TABLE>

<!--FEDCE4CAC29C4D31B1F57B67961403CA--><AD_TABLE>
<!--FEDCE4CAC29C4D31B1F57B67961403CA-->  <AD_TABLE_ID><![CDATA[FEDCE4CAC29C4D31B1F57B67961403CA]]></AD_TABLE_ID>
<!--FEDCE4CAC29C4D31B1F57B67961403CA-->  <AD_CLIENT_ID><![CDATA[0]]></AD_CLIENT_ID>
<!--FEDCE4CAC29C4D31B1F57B67961403CA-->  <AD_ORG_ID><![CDATA[0]]></AD_ORG_ID>
<!--FEDCE4CAC29C4D31B1F57B67961403CA-->  <ISACTIVE><![CDATA[Y]]></ISACTIVE>
<!--FEDCE4CAC29C4D31B1F57B67961403CA-->  <NAME><![CDATA[ot_business_rate]]></NAME>
<!--FEDCE4CAC29C4D31B1F57B67961403CA-->  <TABLENAME><![CDATA[ot_business_rate]]></TABLENAME>
<!--FEDCE4CAC29C4D31B1F57B67961403CA-->  <CLASSNAME><![CDATA[ot_business_rate]]></CLASSNAME>
<!--FEDCE4CAC29C4D31B1F57B67961403CA-->  <ISVIEW><![CDATA[N]]></ISVIEW>
<!--FEDCE4CAC29C4D31B1F57B67961403CA-->  <ACCESSLEVEL><![CDATA[3]]></ACCESSLEVEL>
<!--FEDCE4CAC29C4D31B1F57B67961403CA-->  <ISSECURITYENABLED><![CDATA[N]]></ISSECURITYENABLED>
<!--FEDCE4CAC29C4D31B1F57B67961403CA-->  <ISDELETEABLE><![CDATA[Y]]></ISDELETEABLE>
<!--FEDCE4CAC29C4D31B1F57B67961403CA-->  <ISHIGHVOLUME><![CDATA[N]]></ISHIGHVOLUME>
<!--FEDCE4CAC29C4D31B1F57B67961403CA-->  <IMPORTTABLE><![CDATA[N]]></IMPORTTABLE>
<!--FEDCE4CAC29C4D31B1F57B67961403CA-->  <ISCHANGELOG><![CDATA[N]]></ISCHANGELOG>
<!--FEDCE4CAC29C4D31B1F57B67961403CA-->  <ISDEFAULTACCT><![CDATA[N]]></ISDEFAULTACCT>
<!--FEDCE4CAC29C4D31B1F57B67961403CA-->  <DEVELOPMENTSTATUS><![CDATA[RE]]></DEVELOPMENTSTATUS>
<!--FEDCE4CAC29C4D31B1F57B67961403CA-->  <AD_PACKAGE_ID><![CDATA[74124CB7CBA041B4B73EE576C94F7B4F]]></AD_PACKAGE_ID>
<!--FEDCE4CAC29C4D31B1F57B67961403CA-->  <DATAORIGINTYPE><![CDATA[Table]]></DATAORIGINTYPE>
<!--FEDCE4CAC29C4D31B1F57B67961403CA-->  <ISTREE><![CDATA[N]]></ISTREE>
<!--FEDCE4CAC29C4D31B1F57B67961403CA--></AD_TABLE>

</data>
