<?xml version="1.0" encoding="UTF-8"?>
<data>
<!--4FAA9DD40BA847C68E16E6FA221841D2--><AD_TAB>
<!--4FAA9DD40BA847C68E16E6FA221841D2-->  <AD_TAB_ID><![CDATA[4FAA9DD40BA847C68E16E6FA221841D2]]></AD_TAB_ID>
<!--4FAA9DD40BA847C68E16E6FA221841D2-->  <AD_CLIENT_ID><![CDATA[0]]></AD_CLIENT_ID>
<!--4FAA9DD40BA847C68E16E6FA221841D2-->  <AD_ORG_ID><![CDATA[0]]></AD_ORG_ID>
<!--4FAA9DD40BA847C68E16E6FA221841D2-->  <ISACTIVE><![CDATA[Y]]></ISACTIVE>
<!--4FAA9DD40BA847C68E16E6FA221841D2-->  <NAME><![CDATA[Header]]></NAME>
<!--4FAA9DD40BA847C68E16E6FA221841D2-->  <AD_TABLE_ID><![CDATA[AE80E1867EB34448830499F07BF36C3B]]></AD_TABLE_ID>
<!--4FAA9DD40BA847C68E16E6FA221841D2-->  <AD_WINDOW_ID><![CDATA[F5D6914B217540178E08E3AE6B7D826D]]></AD_WINDOW_ID>
<!--4FAA9DD40BA847C68E16E6FA221841D2-->  <SEQNO><![CDATA[10]]></SEQNO>
<!--4FAA9DD40BA847C68E16E6FA221841D2-->  <TABLEVEL><![CDATA[0]]></TABLEVEL>
<!--4FAA9DD40BA847C68E16E6FA221841D2-->  <ISSINGLEROW><![CDATA[N]]></ISSINGLEROW>
<!--4FAA9DD40BA847C68E16E6FA221841D2-->  <ISINFOTAB><![CDATA[N]]></ISINFOTAB>
<!--4FAA9DD40BA847C68E16E6FA221841D2-->  <ISTRANSLATIONTAB><![CDATA[N]]></ISTRANSLATIONTAB>
<!--4FAA9DD40BA847C68E16E6FA221841D2-->  <ISREADONLY><![CDATA[N]]></ISREADONLY>
<!--4FAA9DD40BA847C68E16E6FA221841D2-->  <HASTREE><![CDATA[N]]></HASTREE>
<!--4FAA9DD40BA847C68E16E6FA221841D2-->  <PROCESSING><![CDATA[N]]></PROCESSING>
<!--4FAA9DD40BA847C68E16E6FA221841D2-->  <IMPORTFIELDS><![CDATA[N]]></IMPORTFIELDS>
<!--4FAA9DD40BA847C68E16E6FA221841D2-->  <ISSORTTAB><![CDATA[N]]></ISSORTTAB>
<!--4FAA9DD40BA847C68E16E6FA221841D2-->  <AD_MODULE_ID><![CDATA[3D7EA38195044083A47056E9A032004B]]></AD_MODULE_ID>
<!--4FAA9DD40BA847C68E16E6FA221841D2-->  <UIPATTERN><![CDATA[STD]]></UIPATTERN>
<!--4FAA9DD40BA847C68E16E6FA221841D2-->  <HQLWHERECLAUSE><![CDATA[e.client.id=@#AD_CLIENT_ID@ and
(@HR_ROLE@='Y'
OR e.businessPartner.id = (select businessPartner.id from ADUser where id=@#AD_USER_ID@) 
OR e.businessPartner.id in (select node.id from hris_employeeclosure
where parent.id=(select businessPartner.id from ADUser where id=@#AD_USER_ID@) and closure>0)))]]></HQLWHERECLAUSE>
<!--4FAA9DD40BA847C68E16E6FA221841D2-->  <SHOWPARENTBUTTONS><![CDATA[Y]]></SHOWPARENTBUTTONS>
<!--4FAA9DD40BA847C68E16E6FA221841D2-->  <DISABLE_PARENT_KEY_PROPERTY><![CDATA[N]]></DISABLE_PARENT_KEY_PROPERTY>
<!--4FAA9DD40BA847C68E16E6FA221841D2-->  <ISREADONLYTREE><![CDATA[N]]></ISREADONLYTREE>
<!--4FAA9DD40BA847C68E16E6FA221841D2-->  <ISSHOWTREENODEICONS><![CDATA[Y]]></ISSHOWTREENODEICONS>
<!--4FAA9DD40BA847C68E16E6FA221841D2-->  <EM_OBUIAPP_CAN_ADD><![CDATA[N]]></EM_OBUIAPP_CAN_ADD>
<!--4FAA9DD40BA847C68E16E6FA221841D2-->  <EM_OBUIAPP_CAN_DELETE><![CDATA[N]]></EM_OBUIAPP_CAN_DELETE>
<!--4FAA9DD40BA847C68E16E6FA221841D2-->  <EM_OBUIAPP_SHOW_SELECT><![CDATA[Y]]></EM_OBUIAPP_SHOW_SELECT>
<!--4FAA9DD40BA847C68E16E6FA221841D2--></AD_TAB>

<!--52663BAC3B464E418F8883A3852A9AD5--><AD_TAB>
<!--52663BAC3B464E418F8883A3852A9AD5-->  <AD_TAB_ID><![CDATA[52663BAC3B464E418F8883A3852A9AD5]]></AD_TAB_ID>
<!--52663BAC3B464E418F8883A3852A9AD5-->  <AD_CLIENT_ID><![CDATA[0]]></AD_CLIENT_ID>
<!--52663BAC3B464E418F8883A3852A9AD5-->  <AD_ORG_ID><![CDATA[0]]></AD_ORG_ID>
<!--52663BAC3B464E418F8883A3852A9AD5-->  <ISACTIVE><![CDATA[Y]]></ISACTIVE>
<!--52663BAC3B464E418F8883A3852A9AD5-->  <NAME><![CDATA[Business Rate]]></NAME>
<!--52663BAC3B464E418F8883A3852A9AD5-->  <AD_TABLE_ID><![CDATA[FEDCE4CAC29C4D31B1F57B67961403CA]]></AD_TABLE_ID>
<!--52663BAC3B464E418F8883A3852A9AD5-->  <AD_WINDOW_ID><![CDATA[F5D4D22E90EB4EAF84211F708F67D350]]></AD_WINDOW_ID>
<!--52663BAC3B464E418F8883A3852A9AD5-->  <SEQNO><![CDATA[20]]></SEQNO>
<!--52663BAC3B464E418F8883A3852A9AD5-->  <TABLEVEL><![CDATA[1]]></TABLEVEL>
<!--52663BAC3B464E418F8883A3852A9AD5-->  <ISSINGLEROW><![CDATA[N]]></ISSINGLEROW>
<!--52663BAC3B464E418F8883A3852A9AD5-->  <ISINFOTAB><![CDATA[N]]></ISINFOTAB>
<!--52663BAC3B464E418F8883A3852A9AD5-->  <ISTRANSLATIONTAB><![CDATA[N]]></ISTRANSLATIONTAB>
<!--52663BAC3B464E418F8883A3852A9AD5-->  <ISREADONLY><![CDATA[N]]></ISREADONLY>
<!--52663BAC3B464E418F8883A3852A9AD5-->  <HASTREE><![CDATA[N]]></HASTREE>
<!--52663BAC3B464E418F8883A3852A9AD5-->  <PROCESSING><![CDATA[N]]></PROCESSING>
<!--52663BAC3B464E418F8883A3852A9AD5-->  <IMPORTFIELDS><![CDATA[N]]></IMPORTFIELDS>
<!--52663BAC3B464E418F8883A3852A9AD5-->  <ISSORTTAB><![CDATA[N]]></ISSORTTAB>
<!--52663BAC3B464E418F8883A3852A9AD5-->  <AD_MODULE_ID><![CDATA[3D7EA38195044083A47056E9A032004B]]></AD_MODULE_ID>
<!--52663BAC3B464E418F8883A3852A9AD5-->  <UIPATTERN><![CDATA[STD]]></UIPATTERN>
<!--52663BAC3B464E418F8883A3852A9AD5-->  <SHOWPARENTBUTTONS><![CDATA[Y]]></SHOWPARENTBUTTONS>
<!--52663BAC3B464E418F8883A3852A9AD5-->  <DISABLE_PARENT_KEY_PROPERTY><![CDATA[N]]></DISABLE_PARENT_KEY_PROPERTY>
<!--52663BAC3B464E418F8883A3852A9AD5-->  <ISREADONLYTREE><![CDATA[N]]></ISREADONLYTREE>
<!--52663BAC3B464E418F8883A3852A9AD5-->  <ISSHOWTREENODEICONS><![CDATA[Y]]></ISSHOWTREENODEICONS>
<!--52663BAC3B464E418F8883A3852A9AD5-->  <EM_OBUIAPP_CAN_ADD><![CDATA[N]]></EM_OBUIAPP_CAN_ADD>
<!--52663BAC3B464E418F8883A3852A9AD5-->  <EM_OBUIAPP_CAN_DELETE><![CDATA[N]]></EM_OBUIAPP_CAN_DELETE>
<!--52663BAC3B464E418F8883A3852A9AD5-->  <EM_OBUIAPP_SHOW_SELECT><![CDATA[Y]]></EM_OBUIAPP_SHOW_SELECT>
<!--52663BAC3B464E418F8883A3852A9AD5--></AD_TAB>

<!--70A6C9A9089947C19D4FD6C3C34B099E--><AD_TAB>
<!--70A6C9A9089947C19D4FD6C3C34B099E-->  <AD_TAB_ID><![CDATA[70A6C9A9089947C19D4FD6C3C34B099E]]></AD_TAB_ID>
<!--70A6C9A9089947C19D4FD6C3C34B099E-->  <AD_CLIENT_ID><![CDATA[0]]></AD_CLIENT_ID>
<!--70A6C9A9089947C19D4FD6C3C34B099E-->  <AD_ORG_ID><![CDATA[0]]></AD_ORG_ID>
<!--70A6C9A9089947C19D4FD6C3C34B099E-->  <ISACTIVE><![CDATA[Y]]></ISACTIVE>
<!--70A6C9A9089947C19D4FD6C3C34B099E-->  <NAME><![CDATA[Non Business Rate]]></NAME>
<!--70A6C9A9089947C19D4FD6C3C34B099E-->  <AD_TABLE_ID><![CDATA[5EFEE4A2BF014B039F8AB725019228D6]]></AD_TABLE_ID>
<!--70A6C9A9089947C19D4FD6C3C34B099E-->  <AD_WINDOW_ID><![CDATA[F5D4D22E90EB4EAF84211F708F67D350]]></AD_WINDOW_ID>
<!--70A6C9A9089947C19D4FD6C3C34B099E-->  <SEQNO><![CDATA[30]]></SEQNO>
<!--70A6C9A9089947C19D4FD6C3C34B099E-->  <TABLEVEL><![CDATA[1]]></TABLEVEL>
<!--70A6C9A9089947C19D4FD6C3C34B099E-->  <ISSINGLEROW><![CDATA[N]]></ISSINGLEROW>
<!--70A6C9A9089947C19D4FD6C3C34B099E-->  <ISINFOTAB><![CDATA[N]]></ISINFOTAB>
<!--70A6C9A9089947C19D4FD6C3C34B099E-->  <ISTRANSLATIONTAB><![CDATA[N]]></ISTRANSLATIONTAB>
<!--70A6C9A9089947C19D4FD6C3C34B099E-->  <ISREADONLY><![CDATA[N]]></ISREADONLY>
<!--70A6C9A9089947C19D4FD6C3C34B099E-->  <HASTREE><![CDATA[N]]></HASTREE>
<!--70A6C9A9089947C19D4FD6C3C34B099E-->  <PROCESSING><![CDATA[N]]></PROCESSING>
<!--70A6C9A9089947C19D4FD6C3C34B099E-->  <IMPORTFIELDS><![CDATA[N]]></IMPORTFIELDS>
<!--70A6C9A9089947C19D4FD6C3C34B099E-->  <ISSORTTAB><![CDATA[N]]></ISSORTTAB>
<!--70A6C9A9089947C19D4FD6C3C34B099E-->  <AD_MODULE_ID><![CDATA[3D7EA38195044083A47056E9A032004B]]></AD_MODULE_ID>
<!--70A6C9A9089947C19D4FD6C3C34B099E-->  <UIPATTERN><![CDATA[STD]]></UIPATTERN>
<!--70A6C9A9089947C19D4FD6C3C34B099E-->  <SHOWPARENTBUTTONS><![CDATA[Y]]></SHOWPARENTBUTTONS>
<!--70A6C9A9089947C19D4FD6C3C34B099E-->  <DISABLE_PARENT_KEY_PROPERTY><![CDATA[N]]></DISABLE_PARENT_KEY_PROPERTY>
<!--70A6C9A9089947C19D4FD6C3C34B099E-->  <ISREADONLYTREE><![CDATA[N]]></ISREADONLYTREE>
<!--70A6C9A9089947C19D4FD6C3C34B099E-->  <ISSHOWTREENODEICONS><![CDATA[Y]]></ISSHOWTREENODEICONS>
<!--70A6C9A9089947C19D4FD6C3C34B099E-->  <EM_OBUIAPP_CAN_ADD><![CDATA[N]]></EM_OBUIAPP_CAN_ADD>
<!--70A6C9A9089947C19D4FD6C3C34B099E-->  <EM_OBUIAPP_CAN_DELETE><![CDATA[N]]></EM_OBUIAPP_CAN_DELETE>
<!--70A6C9A9089947C19D4FD6C3C34B099E-->  <EM_OBUIAPP_SHOW_SELECT><![CDATA[Y]]></EM_OBUIAPP_SHOW_SELECT>
<!--70A6C9A9089947C19D4FD6C3C34B099E--></AD_TAB>

<!--9958AEDB121E40CB899C7F2EF4F03E8D--><AD_TAB>
<!--9958AEDB121E40CB899C7F2EF4F03E8D-->  <AD_TAB_ID><![CDATA[9958AEDB121E40CB899C7F2EF4F03E8D]]></AD_TAB_ID>
<!--9958AEDB121E40CB899C7F2EF4F03E8D-->  <AD_CLIENT_ID><![CDATA[0]]></AD_CLIENT_ID>
<!--9958AEDB121E40CB899C7F2EF4F03E8D-->  <AD_ORG_ID><![CDATA[0]]></AD_ORG_ID>
<!--9958AEDB121E40CB899C7F2EF4F03E8D-->  <ISACTIVE><![CDATA[Y]]></ISACTIVE>
<!--9958AEDB121E40CB899C7F2EF4F03E8D-->  <NAME><![CDATA[Calculation Detail]]></NAME>
<!--9958AEDB121E40CB899C7F2EF4F03E8D-->  <AD_TABLE_ID><![CDATA[F0528DC71E9D47DB88B7908B3B6D384B]]></AD_TABLE_ID>
<!--9958AEDB121E40CB899C7F2EF4F03E8D-->  <AD_WINDOW_ID><![CDATA[F5D6914B217540178E08E3AE6B7D826D]]></AD_WINDOW_ID>
<!--9958AEDB121E40CB899C7F2EF4F03E8D-->  <SEQNO><![CDATA[20]]></SEQNO>
<!--9958AEDB121E40CB899C7F2EF4F03E8D-->  <TABLEVEL><![CDATA[1]]></TABLEVEL>
<!--9958AEDB121E40CB899C7F2EF4F03E8D-->  <ISSINGLEROW><![CDATA[N]]></ISSINGLEROW>
<!--9958AEDB121E40CB899C7F2EF4F03E8D-->  <ISINFOTAB><![CDATA[N]]></ISINFOTAB>
<!--9958AEDB121E40CB899C7F2EF4F03E8D-->  <ISTRANSLATIONTAB><![CDATA[N]]></ISTRANSLATIONTAB>
<!--9958AEDB121E40CB899C7F2EF4F03E8D-->  <ISREADONLY><![CDATA[N]]></ISREADONLY>
<!--9958AEDB121E40CB899C7F2EF4F03E8D-->  <HASTREE><![CDATA[N]]></HASTREE>
<!--9958AEDB121E40CB899C7F2EF4F03E8D-->  <PROCESSING><![CDATA[N]]></PROCESSING>
<!--9958AEDB121E40CB899C7F2EF4F03E8D-->  <IMPORTFIELDS><![CDATA[N]]></IMPORTFIELDS>
<!--9958AEDB121E40CB899C7F2EF4F03E8D-->  <ISSORTTAB><![CDATA[N]]></ISSORTTAB>
<!--9958AEDB121E40CB899C7F2EF4F03E8D-->  <AD_MODULE_ID><![CDATA[3D7EA38195044083A47056E9A032004B]]></AD_MODULE_ID>
<!--9958AEDB121E40CB899C7F2EF4F03E8D-->  <UIPATTERN><![CDATA[STD]]></UIPATTERN>
<!--9958AEDB121E40CB899C7F2EF4F03E8D-->  <SHOWPARENTBUTTONS><![CDATA[Y]]></SHOWPARENTBUTTONS>
<!--9958AEDB121E40CB899C7F2EF4F03E8D-->  <DISABLE_PARENT_KEY_PROPERTY><![CDATA[N]]></DISABLE_PARENT_KEY_PROPERTY>
<!--9958AEDB121E40CB899C7F2EF4F03E8D-->  <ISREADONLYTREE><![CDATA[N]]></ISREADONLYTREE>
<!--9958AEDB121E40CB899C7F2EF4F03E8D-->  <ISSHOWTREENODEICONS><![CDATA[Y]]></ISSHOWTREENODEICONS>
<!--9958AEDB121E40CB899C7F2EF4F03E8D-->  <EM_OBUIAPP_CAN_ADD><![CDATA[N]]></EM_OBUIAPP_CAN_ADD>
<!--9958AEDB121E40CB899C7F2EF4F03E8D-->  <EM_OBUIAPP_CAN_DELETE><![CDATA[N]]></EM_OBUIAPP_CAN_DELETE>
<!--9958AEDB121E40CB899C7F2EF4F03E8D-->  <EM_OBUIAPP_SHOW_SELECT><![CDATA[Y]]></EM_OBUIAPP_SHOW_SELECT>
<!--9958AEDB121E40CB899C7F2EF4F03E8D--></AD_TAB>

<!--A19813E1098E4DA7A3855A2E3C77F803--><AD_TAB>
<!--A19813E1098E4DA7A3855A2E3C77F803-->  <AD_TAB_ID><![CDATA[A19813E1098E4DA7A3855A2E3C77F803]]></AD_TAB_ID>
<!--A19813E1098E4DA7A3855A2E3C77F803-->  <AD_CLIENT_ID><![CDATA[0]]></AD_CLIENT_ID>
<!--A19813E1098E4DA7A3855A2E3C77F803-->  <AD_ORG_ID><![CDATA[0]]></AD_ORG_ID>
<!--A19813E1098E4DA7A3855A2E3C77F803-->  <ISACTIVE><![CDATA[Y]]></ISACTIVE>
<!--A19813E1098E4DA7A3855A2E3C77F803-->  <NAME><![CDATA[Overtime Rule]]></NAME>
<!--A19813E1098E4DA7A3855A2E3C77F803-->  <AD_TABLE_ID><![CDATA[0BD08FD34E4D4C2CAB1B28980585806A]]></AD_TABLE_ID>
<!--A19813E1098E4DA7A3855A2E3C77F803-->  <AD_WINDOW_ID><![CDATA[F5D4D22E90EB4EAF84211F708F67D350]]></AD_WINDOW_ID>
<!--A19813E1098E4DA7A3855A2E3C77F803-->  <SEQNO><![CDATA[10]]></SEQNO>
<!--A19813E1098E4DA7A3855A2E3C77F803-->  <TABLEVEL><![CDATA[0]]></TABLEVEL>
<!--A19813E1098E4DA7A3855A2E3C77F803-->  <ISSINGLEROW><![CDATA[N]]></ISSINGLEROW>
<!--A19813E1098E4DA7A3855A2E3C77F803-->  <ISINFOTAB><![CDATA[N]]></ISINFOTAB>
<!--A19813E1098E4DA7A3855A2E3C77F803-->  <ISTRANSLATIONTAB><![CDATA[N]]></ISTRANSLATIONTAB>
<!--A19813E1098E4DA7A3855A2E3C77F803-->  <ISREADONLY><![CDATA[N]]></ISREADONLY>
<!--A19813E1098E4DA7A3855A2E3C77F803-->  <HASTREE><![CDATA[N]]></HASTREE>
<!--A19813E1098E4DA7A3855A2E3C77F803-->  <PROCESSING><![CDATA[N]]></PROCESSING>
<!--A19813E1098E4DA7A3855A2E3C77F803-->  <IMPORTFIELDS><![CDATA[N]]></IMPORTFIELDS>
<!--A19813E1098E4DA7A3855A2E3C77F803-->  <ISSORTTAB><![CDATA[N]]></ISSORTTAB>
<!--A19813E1098E4DA7A3855A2E3C77F803-->  <AD_MODULE_ID><![CDATA[3D7EA38195044083A47056E9A032004B]]></AD_MODULE_ID>
<!--A19813E1098E4DA7A3855A2E3C77F803-->  <UIPATTERN><![CDATA[STD]]></UIPATTERN>
<!--A19813E1098E4DA7A3855A2E3C77F803-->  <SHOWPARENTBUTTONS><![CDATA[Y]]></SHOWPARENTBUTTONS>
<!--A19813E1098E4DA7A3855A2E3C77F803-->  <DISABLE_PARENT_KEY_PROPERTY><![CDATA[N]]></DISABLE_PARENT_KEY_PROPERTY>
<!--A19813E1098E4DA7A3855A2E3C77F803-->  <ISREADONLYTREE><![CDATA[N]]></ISREADONLYTREE>
<!--A19813E1098E4DA7A3855A2E3C77F803-->  <ISSHOWTREENODEICONS><![CDATA[Y]]></ISSHOWTREENODEICONS>
<!--A19813E1098E4DA7A3855A2E3C77F803-->  <EM_OBUIAPP_CAN_ADD><![CDATA[N]]></EM_OBUIAPP_CAN_ADD>
<!--A19813E1098E4DA7A3855A2E3C77F803-->  <EM_OBUIAPP_CAN_DELETE><![CDATA[N]]></EM_OBUIAPP_CAN_DELETE>
<!--A19813E1098E4DA7A3855A2E3C77F803-->  <EM_OBUIAPP_SHOW_SELECT><![CDATA[Y]]></EM_OBUIAPP_SHOW_SELECT>
<!--A19813E1098E4DA7A3855A2E3C77F803--></AD_TAB>

<!--EE1B3C1660634EC9B2C7B2888B6082B5--><AD_TAB>
<!--EE1B3C1660634EC9B2C7B2888B6082B5-->  <AD_TAB_ID><![CDATA[EE1B3C1660634EC9B2C7B2888B6082B5]]></AD_TAB_ID>
<!--EE1B3C1660634EC9B2C7B2888B6082B5-->  <AD_CLIENT_ID><![CDATA[0]]></AD_CLIENT_ID>
<!--EE1B3C1660634EC9B2C7B2888B6082B5-->  <AD_ORG_ID><![CDATA[0]]></AD_ORG_ID>
<!--EE1B3C1660634EC9B2C7B2888B6082B5-->  <ISACTIVE><![CDATA[Y]]></ISACTIVE>
<!--EE1B3C1660634EC9B2C7B2888B6082B5-->  <NAME><![CDATA[Installment]]></NAME>
<!--EE1B3C1660634EC9B2C7B2888B6082B5-->  <AD_TABLE_ID><![CDATA[B4AFABB0D6E94FF79B5FE3FCF6990744]]></AD_TABLE_ID>
<!--EE1B3C1660634EC9B2C7B2888B6082B5-->  <AD_WINDOW_ID><![CDATA[B28898E7BCB848ECB4A228A6B3703EE1]]></AD_WINDOW_ID>
<!--EE1B3C1660634EC9B2C7B2888B6082B5-->  <SEQNO><![CDATA[10]]></SEQNO>
<!--EE1B3C1660634EC9B2C7B2888B6082B5-->  <TABLEVEL><![CDATA[0]]></TABLEVEL>
<!--EE1B3C1660634EC9B2C7B2888B6082B5-->  <ISSINGLEROW><![CDATA[N]]></ISSINGLEROW>
<!--EE1B3C1660634EC9B2C7B2888B6082B5-->  <ISINFOTAB><![CDATA[N]]></ISINFOTAB>
<!--EE1B3C1660634EC9B2C7B2888B6082B5-->  <ISTRANSLATIONTAB><![CDATA[N]]></ISTRANSLATIONTAB>
<!--EE1B3C1660634EC9B2C7B2888B6082B5-->  <ISREADONLY><![CDATA[N]]></ISREADONLY>
<!--EE1B3C1660634EC9B2C7B2888B6082B5-->  <HASTREE><![CDATA[N]]></HASTREE>
<!--EE1B3C1660634EC9B2C7B2888B6082B5-->  <PROCESSING><![CDATA[N]]></PROCESSING>
<!--EE1B3C1660634EC9B2C7B2888B6082B5-->  <IMPORTFIELDS><![CDATA[N]]></IMPORTFIELDS>
<!--EE1B3C1660634EC9B2C7B2888B6082B5-->  <ISSORTTAB><![CDATA[N]]></ISSORTTAB>
<!--EE1B3C1660634EC9B2C7B2888B6082B5-->  <AD_MODULE_ID><![CDATA[3D7EA38195044083A47056E9A032004B]]></AD_MODULE_ID>
<!--EE1B3C1660634EC9B2C7B2888B6082B5-->  <UIPATTERN><![CDATA[STD]]></UIPATTERN>
<!--EE1B3C1660634EC9B2C7B2888B6082B5-->  <SHOWPARENTBUTTONS><![CDATA[Y]]></SHOWPARENTBUTTONS>
<!--EE1B3C1660634EC9B2C7B2888B6082B5-->  <DISABLE_PARENT_KEY_PROPERTY><![CDATA[N]]></DISABLE_PARENT_KEY_PROPERTY>
<!--EE1B3C1660634EC9B2C7B2888B6082B5-->  <ISREADONLYTREE><![CDATA[N]]></ISREADONLYTREE>
<!--EE1B3C1660634EC9B2C7B2888B6082B5-->  <ISSHOWTREENODEICONS><![CDATA[Y]]></ISSHOWTREENODEICONS>
<!--EE1B3C1660634EC9B2C7B2888B6082B5-->  <EM_OBUIAPP_CAN_ADD><![CDATA[N]]></EM_OBUIAPP_CAN_ADD>
<!--EE1B3C1660634EC9B2C7B2888B6082B5-->  <EM_OBUIAPP_CAN_DELETE><![CDATA[N]]></EM_OBUIAPP_CAN_DELETE>
<!--EE1B3C1660634EC9B2C7B2888B6082B5-->  <EM_OBUIAPP_SHOW_SELECT><![CDATA[Y]]></EM_OBUIAPP_SHOW_SELECT>
<!--EE1B3C1660634EC9B2C7B2888B6082B5--></AD_TAB>

</data>
