<?xml version="1.0" encoding="UTF-8"?>
<data>
<!--1DEF8E0B1E814096AE1DB75FDD818260--><AD_TEXTINTERFACES>
<!--1DEF8E0B1E814096AE1DB75FDD818260-->  <AD_TEXTINTERFACES_ID><![CDATA[1DEF8E0B1E814096AE1DB75FDD818260]]></AD_TEXTINTERFACES_ID>
<!--1DEF8E0B1E814096AE1DB75FDD818260-->  <AD_CLIENT_ID><![CDATA[0]]></AD_CLIENT_ID>
<!--1DEF8E0B1E814096AE1DB75FDD818260-->  <AD_ORG_ID><![CDATA[0]]></AD_ORG_ID>
<!--1DEF8E0B1E814096AE1DB75FDD818260-->  <ISACTIVE><![CDATA[Y]]></ISACTIVE>
<!--1DEF8E0B1E814096AE1DB75FDD818260-->  <TEXT><![CDATA[Unit Kerja]]></TEXT>
<!--1DEF8E0B1E814096AE1DB75FDD818260-->  <FILENAME><![CDATA[/org/wirabumi/hris/overtime/erpReports/Overtime_By_Date.jrxml]]></FILENAME>
<!--1DEF8E0B1E814096AE1DB75FDD818260-->  <ISUSED><![CDATA[Y]]></ISUSED>
<!--1DEF8E0B1E814096AE1DB75FDD818260-->  <AD_MODULE_ID><![CDATA[3D7EA38195044083A47056E9A032004B]]></AD_MODULE_ID>
<!--1DEF8E0B1E814096AE1DB75FDD818260--></AD_TEXTINTERFACES>

<!--1F44959C71F04ECA9349824B50EF6234--><AD_TEXTINTERFACES>
<!--1F44959C71F04ECA9349824B50EF6234-->  <AD_TEXTINTERFACES_ID><![CDATA[1F44959C71F04ECA9349824B50EF6234]]></AD_TEXTINTERFACES_ID>
<!--1F44959C71F04ECA9349824B50EF6234-->  <AD_CLIENT_ID><![CDATA[0]]></AD_CLIENT_ID>
<!--1F44959C71F04ECA9349824B50EF6234-->  <AD_ORG_ID><![CDATA[0]]></AD_ORG_ID>
<!--1F44959C71F04ECA9349824B50EF6234-->  <ISACTIVE><![CDATA[Y]]></ISACTIVE>
<!--1F44959C71F04ECA9349824B50EF6234-->  <TEXT><![CDATA[Nama]]></TEXT>
<!--1F44959C71F04ECA9349824B50EF6234-->  <FILENAME><![CDATA[/org/wirabumi/hris/overtime/erpReports/Overtime_By_Employee.jrxml]]></FILENAME>
<!--1F44959C71F04ECA9349824B50EF6234-->  <ISUSED><![CDATA[Y]]></ISUSED>
<!--1F44959C71F04ECA9349824B50EF6234-->  <AD_MODULE_ID><![CDATA[3D7EA38195044083A47056E9A032004B]]></AD_MODULE_ID>
<!--1F44959C71F04ECA9349824B50EF6234--></AD_TEXTINTERFACES>

<!--21E5F479900D43E4A047E1832C890E7D--><AD_TEXTINTERFACES>
<!--21E5F479900D43E4A047E1832C890E7D-->  <AD_TEXTINTERFACES_ID><![CDATA[21E5F479900D43E4A047E1832C890E7D]]></AD_TEXTINTERFACES_ID>
<!--21E5F479900D43E4A047E1832C890E7D-->  <AD_CLIENT_ID><![CDATA[0]]></AD_CLIENT_ID>
<!--21E5F479900D43E4A047E1832C890E7D-->  <AD_ORG_ID><![CDATA[0]]></AD_ORG_ID>
<!--21E5F479900D43E4A047E1832C890E7D-->  <ISACTIVE><![CDATA[Y]]></ISACTIVE>
<!--21E5F479900D43E4A047E1832C890E7D-->  <TEXT><![CDATA[PEMBAYARAN BULAN:]]></TEXT>
<!--21E5F479900D43E4A047E1832C890E7D-->  <FILENAME><![CDATA[/org/wirabumi/hris/overtime/erpReports/OvertimeReport.jrxml]]></FILENAME>
<!--21E5F479900D43E4A047E1832C890E7D-->  <ISUSED><![CDATA[Y]]></ISUSED>
<!--21E5F479900D43E4A047E1832C890E7D-->  <AD_MODULE_ID><![CDATA[3D7EA38195044083A47056E9A032004B]]></AD_MODULE_ID>
<!--21E5F479900D43E4A047E1832C890E7D--></AD_TEXTINTERFACES>

<!--2754E90864D74FB1B3ED18B3020FC400--><AD_TEXTINTERFACES>
<!--2754E90864D74FB1B3ED18B3020FC400-->  <AD_TEXTINTERFACES_ID><![CDATA[2754E90864D74FB1B3ED18B3020FC400]]></AD_TEXTINTERFACES_ID>
<!--2754E90864D74FB1B3ED18B3020FC400-->  <AD_CLIENT_ID><![CDATA[0]]></AD_CLIENT_ID>
<!--2754E90864D74FB1B3ED18B3020FC400-->  <AD_ORG_ID><![CDATA[0]]></AD_ORG_ID>
<!--2754E90864D74FB1B3ED18B3020FC400-->  <ISACTIVE><![CDATA[Y]]></ISACTIVE>
<!--2754E90864D74FB1B3ED18B3020FC400-->  <TEXT><![CDATA[alasan]]></TEXT>
<!--2754E90864D74FB1B3ED18B3020FC400-->  <FILENAME><![CDATA[/org/wirabumi/hris/overtime/erpReports/overtime.jrxml]]></FILENAME>
<!--2754E90864D74FB1B3ED18B3020FC400-->  <ISUSED><![CDATA[Y]]></ISUSED>
<!--2754E90864D74FB1B3ED18B3020FC400-->  <AD_MODULE_ID><![CDATA[3D7EA38195044083A47056E9A032004B]]></AD_MODULE_ID>
<!--2754E90864D74FB1B3ED18B3020FC400--></AD_TEXTINTERFACES>

<!--27F3E8ED1AF64E3986825DC0204AFEA0--><AD_TEXTINTERFACES>
<!--27F3E8ED1AF64E3986825DC0204AFEA0-->  <AD_TEXTINTERFACES_ID><![CDATA[27F3E8ED1AF64E3986825DC0204AFEA0]]></AD_TEXTINTERFACES_ID>
<!--27F3E8ED1AF64E3986825DC0204AFEA0-->  <AD_CLIENT_ID><![CDATA[0]]></AD_CLIENT_ID>
<!--27F3E8ED1AF64E3986825DC0204AFEA0-->  <AD_ORG_ID><![CDATA[0]]></AD_ORG_ID>
<!--27F3E8ED1AF64E3986825DC0204AFEA0-->  <ISACTIVE><![CDATA[Y]]></ISACTIVE>
<!--27F3E8ED1AF64E3986825DC0204AFEA0-->  <TEXT><![CDATA[Overtime By Date]]></TEXT>
<!--27F3E8ED1AF64E3986825DC0204AFEA0-->  <FILENAME><![CDATA[/org/wirabumi/hris/overtime/erpReports/Overtime_By_Date.jrxml]]></FILENAME>
<!--27F3E8ED1AF64E3986825DC0204AFEA0-->  <ISUSED><![CDATA[Y]]></ISUSED>
<!--27F3E8ED1AF64E3986825DC0204AFEA0-->  <AD_MODULE_ID><![CDATA[3D7EA38195044083A47056E9A032004B]]></AD_MODULE_ID>
<!--27F3E8ED1AF64E3986825DC0204AFEA0--></AD_TEXTINTERFACES>

<!--2AFD13D63D75486CB387480ABBC70AEE--><AD_TEXTINTERFACES>
<!--2AFD13D63D75486CB387480ABBC70AEE-->  <AD_TEXTINTERFACES_ID><![CDATA[2AFD13D63D75486CB387480ABBC70AEE]]></AD_TEXTINTERFACES_ID>
<!--2AFD13D63D75486CB387480ABBC70AEE-->  <AD_CLIENT_ID><![CDATA[0]]></AD_CLIENT_ID>
<!--2AFD13D63D75486CB387480ABBC70AEE-->  <AD_ORG_ID><![CDATA[0]]></AD_ORG_ID>
<!--2AFD13D63D75486CB387480ABBC70AEE-->  <ISACTIVE><![CDATA[Y]]></ISACTIVE>
<!--2AFD13D63D75486CB387480ABBC70AEE-->  <TEXT><![CDATA[NIK / Nama]]></TEXT>
<!--2AFD13D63D75486CB387480ABBC70AEE-->  <FILENAME><![CDATA[/org/wirabumi/hris/overtime/erpReports/OvertimeReport.jrxml]]></FILENAME>
<!--2AFD13D63D75486CB387480ABBC70AEE-->  <ISUSED><![CDATA[Y]]></ISUSED>
<!--2AFD13D63D75486CB387480ABBC70AEE-->  <AD_MODULE_ID><![CDATA[3D7EA38195044083A47056E9A032004B]]></AD_MODULE_ID>
<!--2AFD13D63D75486CB387480ABBC70AEE--></AD_TEXTINTERFACES>

<!--2B0A3C3564864AA8810E1A057F1AA4D2--><AD_TEXTINTERFACES>
<!--2B0A3C3564864AA8810E1A057F1AA4D2-->  <AD_TEXTINTERFACES_ID><![CDATA[2B0A3C3564864AA8810E1A057F1AA4D2]]></AD_TEXTINTERFACES_ID>
<!--2B0A3C3564864AA8810E1A057F1AA4D2-->  <AD_CLIENT_ID><![CDATA[0]]></AD_CLIENT_ID>
<!--2B0A3C3564864AA8810E1A057F1AA4D2-->  <AD_ORG_ID><![CDATA[0]]></AD_ORG_ID>
<!--2B0A3C3564864AA8810E1A057F1AA4D2-->  <ISACTIVE><![CDATA[Y]]></ISACTIVE>
<!--2B0A3C3564864AA8810E1A057F1AA4D2-->  <TEXT><![CDATA[Checkout]]></TEXT>
<!--2B0A3C3564864AA8810E1A057F1AA4D2-->  <FILENAME><![CDATA[/org/wirabumi/hris/overtime/erpReports/Overtime_By_Date.jrxml]]></FILENAME>
<!--2B0A3C3564864AA8810E1A057F1AA4D2-->  <ISUSED><![CDATA[Y]]></ISUSED>
<!--2B0A3C3564864AA8810E1A057F1AA4D2-->  <AD_MODULE_ID><![CDATA[3D7EA38195044083A47056E9A032004B]]></AD_MODULE_ID>
<!--2B0A3C3564864AA8810E1A057F1AA4D2--></AD_TEXTINTERFACES>

<!--3D3B24A02A7443C5886BFC64FAF282B1--><AD_TEXTINTERFACES>
<!--3D3B24A02A7443C5886BFC64FAF282B1-->  <AD_TEXTINTERFACES_ID><![CDATA[3D3B24A02A7443C5886BFC64FAF282B1]]></AD_TEXTINTERFACES_ID>
<!--3D3B24A02A7443C5886BFC64FAF282B1-->  <AD_CLIENT_ID><![CDATA[0]]></AD_CLIENT_ID>
<!--3D3B24A02A7443C5886BFC64FAF282B1-->  <AD_ORG_ID><![CDATA[0]]></AD_ORG_ID>
<!--3D3B24A02A7443C5886BFC64FAF282B1-->  <ISACTIVE><![CDATA[Y]]></ISACTIVE>
<!--3D3B24A02A7443C5886BFC64FAF282B1-->  <TEXT><![CDATA[Valid Mulai]]></TEXT>
<!--3D3B24A02A7443C5886BFC64FAF282B1-->  <FILENAME><![CDATA[/org/wirabumi/hris/overtime/erpReports/OvertimeReport.jrxml]]></FILENAME>
<!--3D3B24A02A7443C5886BFC64FAF282B1-->  <ISUSED><![CDATA[Y]]></ISUSED>
<!--3D3B24A02A7443C5886BFC64FAF282B1-->  <AD_MODULE_ID><![CDATA[3D7EA38195044083A47056E9A032004B]]></AD_MODULE_ID>
<!--3D3B24A02A7443C5886BFC64FAF282B1--></AD_TEXTINTERFACES>

<!--519C7BA5F12E4835AFAD2D16C79E7344--><AD_TEXTINTERFACES>
<!--519C7BA5F12E4835AFAD2D16C79E7344-->  <AD_TEXTINTERFACES_ID><![CDATA[519C7BA5F12E4835AFAD2D16C79E7344]]></AD_TEXTINTERFACES_ID>
<!--519C7BA5F12E4835AFAD2D16C79E7344-->  <AD_CLIENT_ID><![CDATA[0]]></AD_CLIENT_ID>
<!--519C7BA5F12E4835AFAD2D16C79E7344-->  <AD_ORG_ID><![CDATA[0]]></AD_ORG_ID>
<!--519C7BA5F12E4835AFAD2D16C79E7344-->  <ISACTIVE><![CDATA[Y]]></ISACTIVE>
<!--519C7BA5F12E4835AFAD2D16C79E7344-->  <TEXT><![CDATA[Alasan]]></TEXT>
<!--519C7BA5F12E4835AFAD2D16C79E7344-->  <FILENAME><![CDATA[/org/wirabumi/hris/overtime/erpReports/Overtime_By_Date.jrxml]]></FILENAME>
<!--519C7BA5F12E4835AFAD2D16C79E7344-->  <ISUSED><![CDATA[Y]]></ISUSED>
<!--519C7BA5F12E4835AFAD2D16C79E7344-->  <AD_MODULE_ID><![CDATA[3D7EA38195044083A47056E9A032004B]]></AD_MODULE_ID>
<!--519C7BA5F12E4835AFAD2D16C79E7344--></AD_TEXTINTERFACES>

<!--60CCD86338CB4295991E104A89C50FEA--><AD_TEXTINTERFACES>
<!--60CCD86338CB4295991E104A89C50FEA-->  <AD_TEXTINTERFACES_ID><![CDATA[60CCD86338CB4295991E104A89C50FEA]]></AD_TEXTINTERFACES_ID>
<!--60CCD86338CB4295991E104A89C50FEA-->  <AD_CLIENT_ID><![CDATA[0]]></AD_CLIENT_ID>
<!--60CCD86338CB4295991E104A89C50FEA-->  <AD_ORG_ID><![CDATA[0]]></AD_ORG_ID>
<!--60CCD86338CB4295991E104A89C50FEA-->  <ISACTIVE><![CDATA[Y]]></ISACTIVE>
<!--60CCD86338CB4295991E104A89C50FEA-->  <TEXT><![CDATA[Nama]]></TEXT>
<!--60CCD86338CB4295991E104A89C50FEA-->  <FILENAME><![CDATA[/org/wirabumi/hris/overtime/erpReports/Overtime_By_Date.jrxml]]></FILENAME>
<!--60CCD86338CB4295991E104A89C50FEA-->  <ISUSED><![CDATA[Y]]></ISUSED>
<!--60CCD86338CB4295991E104A89C50FEA-->  <AD_MODULE_ID><![CDATA[3D7EA38195044083A47056E9A032004B]]></AD_MODULE_ID>
<!--60CCD86338CB4295991E104A89C50FEA--></AD_TEXTINTERFACES>

<!--62B503FE37E14199A5A5120A512D3D48--><AD_TEXTINTERFACES>
<!--62B503FE37E14199A5A5120A512D3D48-->  <AD_TEXTINTERFACES_ID><![CDATA[62B503FE37E14199A5A5120A512D3D48]]></AD_TEXTINTERFACES_ID>
<!--62B503FE37E14199A5A5120A512D3D48-->  <AD_CLIENT_ID><![CDATA[0]]></AD_CLIENT_ID>
<!--62B503FE37E14199A5A5120A512D3D48-->  <AD_ORG_ID><![CDATA[0]]></AD_ORG_ID>
<!--62B503FE37E14199A5A5120A512D3D48-->  <ISACTIVE><![CDATA[Y]]></ISACTIVE>
<!--62B503FE37E14199A5A5120A512D3D48-->  <TEXT><![CDATA[Valid Sampai]]></TEXT>
<!--62B503FE37E14199A5A5120A512D3D48-->  <FILENAME><![CDATA[/org/wirabumi/hris/overtime/erpReports/OvertimeReport.jrxml]]></FILENAME>
<!--62B503FE37E14199A5A5120A512D3D48-->  <ISUSED><![CDATA[Y]]></ISUSED>
<!--62B503FE37E14199A5A5120A512D3D48-->  <AD_MODULE_ID><![CDATA[3D7EA38195044083A47056E9A032004B]]></AD_MODULE_ID>
<!--62B503FE37E14199A5A5120A512D3D48--></AD_TEXTINTERFACES>

<!--6AF5C942D7C249418CF8375B3D4E7E90--><AD_TEXTINTERFACES>
<!--6AF5C942D7C249418CF8375B3D4E7E90-->  <AD_TEXTINTERFACES_ID><![CDATA[6AF5C942D7C249418CF8375B3D4E7E90]]></AD_TEXTINTERFACES_ID>
<!--6AF5C942D7C249418CF8375B3D4E7E90-->  <AD_CLIENT_ID><![CDATA[0]]></AD_CLIENT_ID>
<!--6AF5C942D7C249418CF8375B3D4E7E90-->  <AD_ORG_ID><![CDATA[0]]></AD_ORG_ID>
<!--6AF5C942D7C249418CF8375B3D4E7E90-->  <ISACTIVE><![CDATA[Y]]></ISACTIVE>
<!--6AF5C942D7C249418CF8375B3D4E7E90-->  <TEXT><![CDATA[Mulai]]></TEXT>
<!--6AF5C942D7C249418CF8375B3D4E7E90-->  <FILENAME><![CDATA[/org/wirabumi/hris/overtime/erpReports/overtime.jrxml]]></FILENAME>
<!--6AF5C942D7C249418CF8375B3D4E7E90-->  <ISUSED><![CDATA[Y]]></ISUSED>
<!--6AF5C942D7C249418CF8375B3D4E7E90-->  <AD_MODULE_ID><![CDATA[3D7EA38195044083A47056E9A032004B]]></AD_MODULE_ID>
<!--6AF5C942D7C249418CF8375B3D4E7E90--></AD_TEXTINTERFACES>

<!--72EAC6B3FD5A44E4B2AAAEBD48696BFA--><AD_TEXTINTERFACES>
<!--72EAC6B3FD5A44E4B2AAAEBD48696BFA-->  <AD_TEXTINTERFACES_ID><![CDATA[72EAC6B3FD5A44E4B2AAAEBD48696BFA]]></AD_TEXTINTERFACES_ID>
<!--72EAC6B3FD5A44E4B2AAAEBD48696BFA-->  <AD_CLIENT_ID><![CDATA[0]]></AD_CLIENT_ID>
<!--72EAC6B3FD5A44E4B2AAAEBD48696BFA-->  <AD_ORG_ID><![CDATA[0]]></AD_ORG_ID>
<!--72EAC6B3FD5A44E4B2AAAEBD48696BFA-->  <ISACTIVE><![CDATA[Y]]></ISACTIVE>
<!--72EAC6B3FD5A44E4B2AAAEBD48696BFA-->  <TEXT><![CDATA[Tarif]]></TEXT>
<!--72EAC6B3FD5A44E4B2AAAEBD48696BFA-->  <FILENAME><![CDATA[/org/wirabumi/hris/overtime/erpReports/OvertimeReport.jrxml]]></FILENAME>
<!--72EAC6B3FD5A44E4B2AAAEBD48696BFA-->  <ISUSED><![CDATA[Y]]></ISUSED>
<!--72EAC6B3FD5A44E4B2AAAEBD48696BFA-->  <AD_MODULE_ID><![CDATA[3D7EA38195044083A47056E9A032004B]]></AD_MODULE_ID>
<!--72EAC6B3FD5A44E4B2AAAEBD48696BFA--></AD_TEXTINTERFACES>

<!--7CD86FFA396E48CCA0B6A7F61EEE4B4E--><AD_TEXTINTERFACES>
<!--7CD86FFA396E48CCA0B6A7F61EEE4B4E-->  <AD_TEXTINTERFACES_ID><![CDATA[7CD86FFA396E48CCA0B6A7F61EEE4B4E]]></AD_TEXTINTERFACES_ID>
<!--7CD86FFA396E48CCA0B6A7F61EEE4B4E-->  <AD_CLIENT_ID><![CDATA[0]]></AD_CLIENT_ID>
<!--7CD86FFA396E48CCA0B6A7F61EEE4B4E-->  <AD_ORG_ID><![CDATA[0]]></AD_ORG_ID>
<!--7CD86FFA396E48CCA0B6A7F61EEE4B4E-->  <ISACTIVE><![CDATA[Y]]></ISACTIVE>
<!--7CD86FFA396E48CCA0B6A7F61EEE4B4E-->  <TEXT><![CDATA[NIK]]></TEXT>
<!--7CD86FFA396E48CCA0B6A7F61EEE4B4E-->  <FILENAME><![CDATA[/org/wirabumi/hris/overtime/erpReports/Overtime_By_Employee.jrxml]]></FILENAME>
<!--7CD86FFA396E48CCA0B6A7F61EEE4B4E-->  <ISUSED><![CDATA[Y]]></ISUSED>
<!--7CD86FFA396E48CCA0B6A7F61EEE4B4E-->  <AD_MODULE_ID><![CDATA[3D7EA38195044083A47056E9A032004B]]></AD_MODULE_ID>
<!--7CD86FFA396E48CCA0B6A7F61EEE4B4E--></AD_TEXTINTERFACES>

<!--800CF5C76D604BB6B952CA4AA8B9D4D9--><AD_TEXTINTERFACES>
<!--800CF5C76D604BB6B952CA4AA8B9D4D9-->  <AD_TEXTINTERFACES_ID><![CDATA[800CF5C76D604BB6B952CA4AA8B9D4D9]]></AD_TEXTINTERFACES_ID>
<!--800CF5C76D604BB6B952CA4AA8B9D4D9-->  <AD_CLIENT_ID><![CDATA[0]]></AD_CLIENT_ID>
<!--800CF5C76D604BB6B952CA4AA8B9D4D9-->  <AD_ORG_ID><![CDATA[0]]></AD_ORG_ID>
<!--800CF5C76D604BB6B952CA4AA8B9D4D9-->  <ISACTIVE><![CDATA[Y]]></ISACTIVE>
<!--800CF5C76D604BB6B952CA4AA8B9D4D9-->  <TEXT><![CDATA[Department]]></TEXT>
<!--800CF5C76D604BB6B952CA4AA8B9D4D9-->  <FILENAME><![CDATA[/org/wirabumi/hris/overtime/erpReports/overtime.jrxml]]></FILENAME>
<!--800CF5C76D604BB6B952CA4AA8B9D4D9-->  <ISUSED><![CDATA[Y]]></ISUSED>
<!--800CF5C76D604BB6B952CA4AA8B9D4D9-->  <AD_MODULE_ID><![CDATA[3D7EA38195044083A47056E9A032004B]]></AD_MODULE_ID>
<!--800CF5C76D604BB6B952CA4AA8B9D4D9--></AD_TEXTINTERFACES>

<!--81BD3E1AF65842E38D511225F837962B--><AD_TEXTINTERFACES>
<!--81BD3E1AF65842E38D511225F837962B-->  <AD_TEXTINTERFACES_ID><![CDATA[81BD3E1AF65842E38D511225F837962B]]></AD_TEXTINTERFACES_ID>
<!--81BD3E1AF65842E38D511225F837962B-->  <AD_CLIENT_ID><![CDATA[0]]></AD_CLIENT_ID>
<!--81BD3E1AF65842E38D511225F837962B-->  <AD_ORG_ID><![CDATA[0]]></AD_ORG_ID>
<!--81BD3E1AF65842E38D511225F837962B-->  <ISACTIVE><![CDATA[Y]]></ISACTIVE>
<!--81BD3E1AF65842E38D511225F837962B-->  <TEXT><![CDATA[hadir]]></TEXT>
<!--81BD3E1AF65842E38D511225F837962B-->  <FILENAME><![CDATA[/org/wirabumi/hris/overtime/erpReports/overtime.jrxml]]></FILENAME>
<!--81BD3E1AF65842E38D511225F837962B-->  <ISUSED><![CDATA[Y]]></ISUSED>
<!--81BD3E1AF65842E38D511225F837962B-->  <AD_MODULE_ID><![CDATA[3D7EA38195044083A47056E9A032004B]]></AD_MODULE_ID>
<!--81BD3E1AF65842E38D511225F837962B--></AD_TEXTINTERFACES>

<!--8776A7323C164B3AACF705A681C4D4F8--><AD_TEXTINTERFACES>
<!--8776A7323C164B3AACF705A681C4D4F8-->  <AD_TEXTINTERFACES_ID><![CDATA[8776A7323C164B3AACF705A681C4D4F8]]></AD_TEXTINTERFACES_ID>
<!--8776A7323C164B3AACF705A681C4D4F8-->  <AD_CLIENT_ID><![CDATA[0]]></AD_CLIENT_ID>
<!--8776A7323C164B3AACF705A681C4D4F8-->  <AD_ORG_ID><![CDATA[0]]></AD_ORG_ID>
<!--8776A7323C164B3AACF705A681C4D4F8-->  <ISACTIVE><![CDATA[Y]]></ISACTIVE>
<!--8776A7323C164B3AACF705A681C4D4F8-->  <TEXT><![CDATA[Tingkat]]></TEXT>
<!--8776A7323C164B3AACF705A681C4D4F8-->  <FILENAME><![CDATA[/org/wirabumi/hris/overtime/erpReports/Overtime_By_Date.jrxml]]></FILENAME>
<!--8776A7323C164B3AACF705A681C4D4F8-->  <ISUSED><![CDATA[Y]]></ISUSED>
<!--8776A7323C164B3AACF705A681C4D4F8-->  <AD_MODULE_ID><![CDATA[3D7EA38195044083A47056E9A032004B]]></AD_MODULE_ID>
<!--8776A7323C164B3AACF705A681C4D4F8--></AD_TEXTINTERFACES>

<!--87FC5877173F4B93B2AACC48D01FABEA--><AD_TEXTINTERFACES>
<!--87FC5877173F4B93B2AACC48D01FABEA-->  <AD_TEXTINTERFACES_ID><![CDATA[87FC5877173F4B93B2AACC48D01FABEA]]></AD_TEXTINTERFACES_ID>
<!--87FC5877173F4B93B2AACC48D01FABEA-->  <AD_CLIENT_ID><![CDATA[0]]></AD_CLIENT_ID>
<!--87FC5877173F4B93B2AACC48D01FABEA-->  <AD_ORG_ID><![CDATA[0]]></AD_ORG_ID>
<!--87FC5877173F4B93B2AACC48D01FABEA-->  <ISACTIVE><![CDATA[Y]]></ISACTIVE>
<!--87FC5877173F4B93B2AACC48D01FABEA-->  <TEXT><![CDATA[NIK]]></TEXT>
<!--87FC5877173F4B93B2AACC48D01FABEA-->  <FILENAME><![CDATA[/org/wirabumi/hris/overtime/erpReports/Overtime_By_Date.jrxml]]></FILENAME>
<!--87FC5877173F4B93B2AACC48D01FABEA-->  <ISUSED><![CDATA[Y]]></ISUSED>
<!--87FC5877173F4B93B2AACC48D01FABEA-->  <AD_MODULE_ID><![CDATA[3D7EA38195044083A47056E9A032004B]]></AD_MODULE_ID>
<!--87FC5877173F4B93B2AACC48D01FABEA--></AD_TEXTINTERFACES>

<!--8B39046C42D64C0F89809DCBA5D0592E--><AD_TEXTINTERFACES>
<!--8B39046C42D64C0F89809DCBA5D0592E-->  <AD_TEXTINTERFACES_ID><![CDATA[8B39046C42D64C0F89809DCBA5D0592E]]></AD_TEXTINTERFACES_ID>
<!--8B39046C42D64C0F89809DCBA5D0592E-->  <AD_CLIENT_ID><![CDATA[0]]></AD_CLIENT_ID>
<!--8B39046C42D64C0F89809DCBA5D0592E-->  <AD_ORG_ID><![CDATA[0]]></AD_ORG_ID>
<!--8B39046C42D64C0F89809DCBA5D0592E-->  <ISACTIVE><![CDATA[Y]]></ISACTIVE>
<!--8B39046C42D64C0F89809DCBA5D0592E-->  <TEXT><![CDATA[Jabatan]]></TEXT>
<!--8B39046C42D64C0F89809DCBA5D0592E-->  <FILENAME><![CDATA[/org/wirabumi/hris/overtime/erpReports/Overtime_By_Employee.jrxml]]></FILENAME>
<!--8B39046C42D64C0F89809DCBA5D0592E-->  <ISUSED><![CDATA[Y]]></ISUSED>
<!--8B39046C42D64C0F89809DCBA5D0592E-->  <AD_MODULE_ID><![CDATA[3D7EA38195044083A47056E9A032004B]]></AD_MODULE_ID>
<!--8B39046C42D64C0F89809DCBA5D0592E--></AD_TEXTINTERFACES>

<!--8C8C45F17ADD439B8711AC01CACDE24E--><AD_TEXTINTERFACES>
<!--8C8C45F17ADD439B8711AC01CACDE24E-->  <AD_TEXTINTERFACES_ID><![CDATA[8C8C45F17ADD439B8711AC01CACDE24E]]></AD_TEXTINTERFACES_ID>
<!--8C8C45F17ADD439B8711AC01CACDE24E-->  <AD_CLIENT_ID><![CDATA[0]]></AD_CLIENT_ID>
<!--8C8C45F17ADD439B8711AC01CACDE24E-->  <AD_ORG_ID><![CDATA[0]]></AD_ORG_ID>
<!--8C8C45F17ADD439B8711AC01CACDE24E-->  <ISACTIVE><![CDATA[Y]]></ISACTIVE>
<!--8C8C45F17ADD439B8711AC01CACDE24E-->  <TEXT><![CDATA[Department]]></TEXT>
<!--8C8C45F17ADD439B8711AC01CACDE24E-->  <FILENAME><![CDATA[/org/wirabumi/hris/overtime/erpReports/Overtime_By_Employee.jrxml]]></FILENAME>
<!--8C8C45F17ADD439B8711AC01CACDE24E-->  <ISUSED><![CDATA[Y]]></ISUSED>
<!--8C8C45F17ADD439B8711AC01CACDE24E-->  <AD_MODULE_ID><![CDATA[3D7EA38195044083A47056E9A032004B]]></AD_MODULE_ID>
<!--8C8C45F17ADD439B8711AC01CACDE24E--></AD_TEXTINTERFACES>

<!--949F32DF0C1049FBBA2548755BD8C471--><AD_TEXTINTERFACES>
<!--949F32DF0C1049FBBA2548755BD8C471-->  <AD_TEXTINTERFACES_ID><![CDATA[949F32DF0C1049FBBA2548755BD8C471]]></AD_TEXTINTERFACES_ID>
<!--949F32DF0C1049FBBA2548755BD8C471-->  <AD_CLIENT_ID><![CDATA[0]]></AD_CLIENT_ID>
<!--949F32DF0C1049FBBA2548755BD8C471-->  <AD_ORG_ID><![CDATA[0]]></AD_ORG_ID>
<!--949F32DF0C1049FBBA2548755BD8C471-->  <ISACTIVE><![CDATA[Y]]></ISACTIVE>
<!--949F32DF0C1049FBBA2548755BD8C471-->  <TEXT><![CDATA[Tarif]]></TEXT>
<!--949F32DF0C1049FBBA2548755BD8C471-->  <FILENAME><![CDATA[/org/wirabumi/hris/overtime/erpReports/Overtime_By_Employee.jrxml]]></FILENAME>
<!--949F32DF0C1049FBBA2548755BD8C471-->  <ISUSED><![CDATA[Y]]></ISUSED>
<!--949F32DF0C1049FBBA2548755BD8C471-->  <AD_MODULE_ID><![CDATA[3D7EA38195044083A47056E9A032004B]]></AD_MODULE_ID>
<!--949F32DF0C1049FBBA2548755BD8C471--></AD_TEXTINTERFACES>

<!--96152866A03E477CBA6CFF23B80D8DA7--><AD_TEXTINTERFACES>
<!--96152866A03E477CBA6CFF23B80D8DA7-->  <AD_TEXTINTERFACES_ID><![CDATA[96152866A03E477CBA6CFF23B80D8DA7]]></AD_TEXTINTERFACES_ID>
<!--96152866A03E477CBA6CFF23B80D8DA7-->  <AD_CLIENT_ID><![CDATA[0]]></AD_CLIENT_ID>
<!--96152866A03E477CBA6CFF23B80D8DA7-->  <AD_ORG_ID><![CDATA[0]]></AD_ORG_ID>
<!--96152866A03E477CBA6CFF23B80D8DA7-->  <ISACTIVE><![CDATA[Y]]></ISACTIVE>
<!--96152866A03E477CBA6CFF23B80D8DA7-->  <TEXT><![CDATA[Total Tarif]]></TEXT>
<!--96152866A03E477CBA6CFF23B80D8DA7-->  <FILENAME><![CDATA[/org/wirabumi/hris/overtime/erpReports/Overtime_By_Employee.jrxml]]></FILENAME>
<!--96152866A03E477CBA6CFF23B80D8DA7-->  <ISUSED><![CDATA[Y]]></ISUSED>
<!--96152866A03E477CBA6CFF23B80D8DA7-->  <AD_MODULE_ID><![CDATA[3D7EA38195044083A47056E9A032004B]]></AD_MODULE_ID>
<!--96152866A03E477CBA6CFF23B80D8DA7--></AD_TEXTINTERFACES>

<!--966A58AC61BA45DF9EBA5499BDD25C71--><AD_TEXTINTERFACES>
<!--966A58AC61BA45DF9EBA5499BDD25C71-->  <AD_TEXTINTERFACES_ID><![CDATA[966A58AC61BA45DF9EBA5499BDD25C71]]></AD_TEXTINTERFACES_ID>
<!--966A58AC61BA45DF9EBA5499BDD25C71-->  <AD_CLIENT_ID><![CDATA[0]]></AD_CLIENT_ID>
<!--966A58AC61BA45DF9EBA5499BDD25C71-->  <AD_ORG_ID><![CDATA[0]]></AD_ORG_ID>
<!--966A58AC61BA45DF9EBA5499BDD25C71-->  <ISACTIVE><![CDATA[Y]]></ISACTIVE>
<!--966A58AC61BA45DF9EBA5499BDD25C71-->  <TEXT><![CDATA[Total Tarif]]></TEXT>
<!--966A58AC61BA45DF9EBA5499BDD25C71-->  <FILENAME><![CDATA[/org/wirabumi/hris/overtime/erpReports/Overtime_By_Date.jrxml]]></FILENAME>
<!--966A58AC61BA45DF9EBA5499BDD25C71-->  <ISUSED><![CDATA[Y]]></ISUSED>
<!--966A58AC61BA45DF9EBA5499BDD25C71-->  <AD_MODULE_ID><![CDATA[3D7EA38195044083A47056E9A032004B]]></AD_MODULE_ID>
<!--966A58AC61BA45DF9EBA5499BDD25C71--></AD_TEXTINTERFACES>

<!--96789E36F7BF4048A6F6BCDD6489C1DD--><AD_TEXTINTERFACES>
<!--96789E36F7BF4048A6F6BCDD6489C1DD-->  <AD_TEXTINTERFACES_ID><![CDATA[96789E36F7BF4048A6F6BCDD6489C1DD]]></AD_TEXTINTERFACES_ID>
<!--96789E36F7BF4048A6F6BCDD6489C1DD-->  <AD_CLIENT_ID><![CDATA[0]]></AD_CLIENT_ID>
<!--96789E36F7BF4048A6F6BCDD6489C1DD-->  <AD_ORG_ID><![CDATA[0]]></AD_ORG_ID>
<!--96789E36F7BF4048A6F6BCDD6489C1DD-->  <ISACTIVE><![CDATA[Y]]></ISACTIVE>
<!--96789E36F7BF4048A6F6BCDD6489C1DD-->  <TEXT><![CDATA[BULAN :]]></TEXT>
<!--96789E36F7BF4048A6F6BCDD6489C1DD-->  <FILENAME><![CDATA[/org/wirabumi/hris/overtime/erpReports/overtime.jrxml]]></FILENAME>
<!--96789E36F7BF4048A6F6BCDD6489C1DD-->  <ISUSED><![CDATA[Y]]></ISUSED>
<!--96789E36F7BF4048A6F6BCDD6489C1DD-->  <AD_MODULE_ID><![CDATA[3D7EA38195044083A47056E9A032004B]]></AD_MODULE_ID>
<!--96789E36F7BF4048A6F6BCDD6489C1DD--></AD_TEXTINTERFACES>

<!--96F1FECA6E704FC6A2E60F479190A415--><AD_TEXTINTERFACES>
<!--96F1FECA6E704FC6A2E60F479190A415-->  <AD_TEXTINTERFACES_ID><![CDATA[96F1FECA6E704FC6A2E60F479190A415]]></AD_TEXTINTERFACES_ID>
<!--96F1FECA6E704FC6A2E60F479190A415-->  <AD_CLIENT_ID><![CDATA[0]]></AD_CLIENT_ID>
<!--96F1FECA6E704FC6A2E60F479190A415-->  <AD_ORG_ID><![CDATA[0]]></AD_ORG_ID>
<!--96F1FECA6E704FC6A2E60F479190A415-->  <ISACTIVE><![CDATA[Y]]></ISACTIVE>
<!--96F1FECA6E704FC6A2E60F479190A415-->  <TEXT><![CDATA[Tanggal]]></TEXT>
<!--96F1FECA6E704FC6A2E60F479190A415-->  <FILENAME><![CDATA[/org/wirabumi/hris/overtime/erpReports/Overtime_By_Employee.jrxml]]></FILENAME>
<!--96F1FECA6E704FC6A2E60F479190A415-->  <ISUSED><![CDATA[Y]]></ISUSED>
<!--96F1FECA6E704FC6A2E60F479190A415-->  <AD_MODULE_ID><![CDATA[3D7EA38195044083A47056E9A032004B]]></AD_MODULE_ID>
<!--96F1FECA6E704FC6A2E60F479190A415--></AD_TEXTINTERFACES>

<!--9B1072C814A549519784C4B94C1181ED--><AD_TEXTINTERFACES>
<!--9B1072C814A549519784C4B94C1181ED-->  <AD_TEXTINTERFACES_ID><![CDATA[9B1072C814A549519784C4B94C1181ED]]></AD_TEXTINTERFACES_ID>
<!--9B1072C814A549519784C4B94C1181ED-->  <AD_CLIENT_ID><![CDATA[0]]></AD_CLIENT_ID>
<!--9B1072C814A549519784C4B94C1181ED-->  <AD_ORG_ID><![CDATA[0]]></AD_ORG_ID>
<!--9B1072C814A549519784C4B94C1181ED-->  <ISACTIVE><![CDATA[Y]]></ISACTIVE>
<!--9B1072C814A549519784C4B94C1181ED-->  <TEXT><![CDATA[Berakhir]]></TEXT>
<!--9B1072C814A549519784C4B94C1181ED-->  <FILENAME><![CDATA[/org/wirabumi/hris/overtime/erpReports/overtime.jrxml]]></FILENAME>
<!--9B1072C814A549519784C4B94C1181ED-->  <ISUSED><![CDATA[Y]]></ISUSED>
<!--9B1072C814A549519784C4B94C1181ED-->  <AD_MODULE_ID><![CDATA[3D7EA38195044083A47056E9A032004B]]></AD_MODULE_ID>
<!--9B1072C814A549519784C4B94C1181ED--></AD_TEXTINTERFACES>

<!--9CEC32630F654B9A883896ABC004FD07--><AD_TEXTINTERFACES>
<!--9CEC32630F654B9A883896ABC004FD07-->  <AD_TEXTINTERFACES_ID><![CDATA[9CEC32630F654B9A883896ABC004FD07]]></AD_TEXTINTERFACES_ID>
<!--9CEC32630F654B9A883896ABC004FD07-->  <AD_CLIENT_ID><![CDATA[0]]></AD_CLIENT_ID>
<!--9CEC32630F654B9A883896ABC004FD07-->  <AD_ORG_ID><![CDATA[0]]></AD_ORG_ID>
<!--9CEC32630F654B9A883896ABC004FD07-->  <ISACTIVE><![CDATA[Y]]></ISACTIVE>
<!--9CEC32630F654B9A883896ABC004FD07-->  <TEXT><![CDATA[NAMA]]></TEXT>
<!--9CEC32630F654B9A883896ABC004FD07-->  <FILENAME><![CDATA[/org/wirabumi/hris/overtime/erpReports/overtime.jrxml]]></FILENAME>
<!--9CEC32630F654B9A883896ABC004FD07-->  <ISUSED><![CDATA[Y]]></ISUSED>
<!--9CEC32630F654B9A883896ABC004FD07-->  <AD_MODULE_ID><![CDATA[3D7EA38195044083A47056E9A032004B]]></AD_MODULE_ID>
<!--9CEC32630F654B9A883896ABC004FD07--></AD_TEXTINTERFACES>

<!--AE9E7A38377644DC9F31F4F1D158C32C--><AD_TEXTINTERFACES>
<!--AE9E7A38377644DC9F31F4F1D158C32C-->  <AD_TEXTINTERFACES_ID><![CDATA[AE9E7A38377644DC9F31F4F1D158C32C]]></AD_TEXTINTERFACES_ID>
<!--AE9E7A38377644DC9F31F4F1D158C32C-->  <AD_CLIENT_ID><![CDATA[0]]></AD_CLIENT_ID>
<!--AE9E7A38377644DC9F31F4F1D158C32C-->  <AD_ORG_ID><![CDATA[0]]></AD_ORG_ID>
<!--AE9E7A38377644DC9F31F4F1D158C32C-->  <ISACTIVE><![CDATA[Y]]></ISACTIVE>
<!--AE9E7A38377644DC9F31F4F1D158C32C-->  <TEXT><![CDATA[Checkin]]></TEXT>
<!--AE9E7A38377644DC9F31F4F1D158C32C-->  <FILENAME><![CDATA[/org/wirabumi/hris/overtime/erpReports/Overtime_By_Employee.jrxml]]></FILENAME>
<!--AE9E7A38377644DC9F31F4F1D158C32C-->  <ISUSED><![CDATA[Y]]></ISUSED>
<!--AE9E7A38377644DC9F31F4F1D158C32C-->  <AD_MODULE_ID><![CDATA[3D7EA38195044083A47056E9A032004B]]></AD_MODULE_ID>
<!--AE9E7A38377644DC9F31F4F1D158C32C--></AD_TEXTINTERFACES>

<!--B0DD0A21E14947A8976A9A6B939A12D6--><AD_TEXTINTERFACES>
<!--B0DD0A21E14947A8976A9A6B939A12D6-->  <AD_TEXTINTERFACES_ID><![CDATA[B0DD0A21E14947A8976A9A6B939A12D6]]></AD_TEXTINTERFACES_ID>
<!--B0DD0A21E14947A8976A9A6B939A12D6-->  <AD_CLIENT_ID><![CDATA[0]]></AD_CLIENT_ID>
<!--B0DD0A21E14947A8976A9A6B939A12D6-->  <AD_ORG_ID><![CDATA[0]]></AD_ORG_ID>
<!--B0DD0A21E14947A8976A9A6B939A12D6-->  <ISACTIVE><![CDATA[Y]]></ISACTIVE>
<!--B0DD0A21E14947A8976A9A6B939A12D6-->  <TEXT><![CDATA[Jabatan]]></TEXT>
<!--B0DD0A21E14947A8976A9A6B939A12D6-->  <FILENAME><![CDATA[/org/wirabumi/hris/overtime/erpReports/overtime.jrxml]]></FILENAME>
<!--B0DD0A21E14947A8976A9A6B939A12D6-->  <ISUSED><![CDATA[Y]]></ISUSED>
<!--B0DD0A21E14947A8976A9A6B939A12D6-->  <AD_MODULE_ID><![CDATA[3D7EA38195044083A47056E9A032004B]]></AD_MODULE_ID>
<!--B0DD0A21E14947A8976A9A6B939A12D6--></AD_TEXTINTERFACES>

<!--B0F745AA47FC4105A107F3194B3A7114--><AD_TEXTINTERFACES>
<!--B0F745AA47FC4105A107F3194B3A7114-->  <AD_TEXTINTERFACES_ID><![CDATA[B0F745AA47FC4105A107F3194B3A7114]]></AD_TEXTINTERFACES_ID>
<!--B0F745AA47FC4105A107F3194B3A7114-->  <AD_CLIENT_ID><![CDATA[0]]></AD_CLIENT_ID>
<!--B0F745AA47FC4105A107F3194B3A7114-->  <AD_ORG_ID><![CDATA[0]]></AD_ORG_ID>
<!--B0F745AA47FC4105A107F3194B3A7114-->  <ISACTIVE><![CDATA[Y]]></ISACTIVE>
<!--B0F745AA47FC4105A107F3194B3A7114-->  <TEXT><![CDATA[status]]></TEXT>
<!--B0F745AA47FC4105A107F3194B3A7114-->  <FILENAME><![CDATA[/org/wirabumi/hris/overtime/erpReports/overtime.jrxml]]></FILENAME>
<!--B0F745AA47FC4105A107F3194B3A7114-->  <ISUSED><![CDATA[Y]]></ISUSED>
<!--B0F745AA47FC4105A107F3194B3A7114-->  <AD_MODULE_ID><![CDATA[3D7EA38195044083A47056E9A032004B]]></AD_MODULE_ID>
<!--B0F745AA47FC4105A107F3194B3A7114--></AD_TEXTINTERFACES>

<!--BA381FF3B6514983A5DDEAB81D52E4F8--><AD_TEXTINTERFACES>
<!--BA381FF3B6514983A5DDEAB81D52E4F8-->  <AD_TEXTINTERFACES_ID><![CDATA[BA381FF3B6514983A5DDEAB81D52E4F8]]></AD_TEXTINTERFACES_ID>
<!--BA381FF3B6514983A5DDEAB81D52E4F8-->  <AD_CLIENT_ID><![CDATA[0]]></AD_CLIENT_ID>
<!--BA381FF3B6514983A5DDEAB81D52E4F8-->  <AD_ORG_ID><![CDATA[0]]></AD_ORG_ID>
<!--BA381FF3B6514983A5DDEAB81D52E4F8-->  <ISACTIVE><![CDATA[Y]]></ISACTIVE>
<!--BA381FF3B6514983A5DDEAB81D52E4F8-->  <TEXT><![CDATA[Tarif]]></TEXT>
<!--BA381FF3B6514983A5DDEAB81D52E4F8-->  <FILENAME><![CDATA[/org/wirabumi/hris/overtime/erpReports/Overtime_By_Date.jrxml]]></FILENAME>
<!--BA381FF3B6514983A5DDEAB81D52E4F8-->  <ISUSED><![CDATA[Y]]></ISUSED>
<!--BA381FF3B6514983A5DDEAB81D52E4F8-->  <AD_MODULE_ID><![CDATA[3D7EA38195044083A47056E9A032004B]]></AD_MODULE_ID>
<!--BA381FF3B6514983A5DDEAB81D52E4F8--></AD_TEXTINTERFACES>

<!--C94D72842059497EA29ED4697F60E579--><AD_TEXTINTERFACES>
<!--C94D72842059497EA29ED4697F60E579-->  <AD_TEXTINTERFACES_ID><![CDATA[C94D72842059497EA29ED4697F60E579]]></AD_TEXTINTERFACES_ID>
<!--C94D72842059497EA29ED4697F60E579-->  <AD_CLIENT_ID><![CDATA[0]]></AD_CLIENT_ID>
<!--C94D72842059497EA29ED4697F60E579-->  <AD_ORG_ID><![CDATA[0]]></AD_ORG_ID>
<!--C94D72842059497EA29ED4697F60E579-->  <ISACTIVE><![CDATA[Y]]></ISACTIVE>
<!--C94D72842059497EA29ED4697F60E579-->  <TEXT><![CDATA[NIK]]></TEXT>
<!--C94D72842059497EA29ED4697F60E579-->  <FILENAME><![CDATA[/org/wirabumi/hris/overtime/erpReports/overtime.jrxml]]></FILENAME>
<!--C94D72842059497EA29ED4697F60E579-->  <ISUSED><![CDATA[Y]]></ISUSED>
<!--C94D72842059497EA29ED4697F60E579-->  <AD_MODULE_ID><![CDATA[3D7EA38195044083A47056E9A032004B]]></AD_MODULE_ID>
<!--C94D72842059497EA29ED4697F60E579--></AD_TEXTINTERFACES>

<!--CBA80CD3D6F44CF38EFAA621CD5817D1--><AD_TEXTINTERFACES>
<!--CBA80CD3D6F44CF38EFAA621CD5817D1-->  <AD_TEXTINTERFACES_ID><![CDATA[CBA80CD3D6F44CF38EFAA621CD5817D1]]></AD_TEXTINTERFACES_ID>
<!--CBA80CD3D6F44CF38EFAA621CD5817D1-->  <AD_CLIENT_ID><![CDATA[0]]></AD_CLIENT_ID>
<!--CBA80CD3D6F44CF38EFAA621CD5817D1-->  <AD_ORG_ID><![CDATA[0]]></AD_ORG_ID>
<!--CBA80CD3D6F44CF38EFAA621CD5817D1-->  <ISACTIVE><![CDATA[Y]]></ISACTIVE>
<!--CBA80CD3D6F44CF38EFAA621CD5817D1-->  <TEXT><![CDATA[Overtime By Employee]]></TEXT>
<!--CBA80CD3D6F44CF38EFAA621CD5817D1-->  <FILENAME><![CDATA[/org/wirabumi/hris/overtime/erpReports/Overtime_By_Employee.jrxml]]></FILENAME>
<!--CBA80CD3D6F44CF38EFAA621CD5817D1-->  <ISUSED><![CDATA[Y]]></ISUSED>
<!--CBA80CD3D6F44CF38EFAA621CD5817D1-->  <AD_MODULE_ID><![CDATA[3D7EA38195044083A47056E9A032004B]]></AD_MODULE_ID>
<!--CBA80CD3D6F44CF38EFAA621CD5817D1--></AD_TEXTINTERFACES>

<!--CF51D043C16E458CA9D4EDD5BEB55CA4--><AD_TEXTINTERFACES>
<!--CF51D043C16E458CA9D4EDD5BEB55CA4-->  <AD_TEXTINTERFACES_ID><![CDATA[CF51D043C16E458CA9D4EDD5BEB55CA4]]></AD_TEXTINTERFACES_ID>
<!--CF51D043C16E458CA9D4EDD5BEB55CA4-->  <AD_CLIENT_ID><![CDATA[0]]></AD_CLIENT_ID>
<!--CF51D043C16E458CA9D4EDD5BEB55CA4-->  <AD_ORG_ID><![CDATA[0]]></AD_ORG_ID>
<!--CF51D043C16E458CA9D4EDD5BEB55CA4-->  <ISACTIVE><![CDATA[Y]]></ISACTIVE>
<!--CF51D043C16E458CA9D4EDD5BEB55CA4-->  <TEXT><![CDATA[pulang]]></TEXT>
<!--CF51D043C16E458CA9D4EDD5BEB55CA4-->  <FILENAME><![CDATA[/org/wirabumi/hris/overtime/erpReports/overtime.jrxml]]></FILENAME>
<!--CF51D043C16E458CA9D4EDD5BEB55CA4-->  <ISUSED><![CDATA[Y]]></ISUSED>
<!--CF51D043C16E458CA9D4EDD5BEB55CA4-->  <AD_MODULE_ID><![CDATA[3D7EA38195044083A47056E9A032004B]]></AD_MODULE_ID>
<!--CF51D043C16E458CA9D4EDD5BEB55CA4--></AD_TEXTINTERFACES>

<!--D13BAAB1D0A14C018C0DC7EFD83ECA94--><AD_TEXTINTERFACES>
<!--D13BAAB1D0A14C018C0DC7EFD83ECA94-->  <AD_TEXTINTERFACES_ID><![CDATA[D13BAAB1D0A14C018C0DC7EFD83ECA94]]></AD_TEXTINTERFACES_ID>
<!--D13BAAB1D0A14C018C0DC7EFD83ECA94-->  <AD_CLIENT_ID><![CDATA[0]]></AD_CLIENT_ID>
<!--D13BAAB1D0A14C018C0DC7EFD83ECA94-->  <AD_ORG_ID><![CDATA[0]]></AD_ORG_ID>
<!--D13BAAB1D0A14C018C0DC7EFD83ECA94-->  <ISACTIVE><![CDATA[Y]]></ISACTIVE>
<!--D13BAAB1D0A14C018C0DC7EFD83ECA94-->  <TEXT><![CDATA[Tanggal]]></TEXT>
<!--D13BAAB1D0A14C018C0DC7EFD83ECA94-->  <FILENAME><![CDATA[/org/wirabumi/hris/overtime/erpReports/Overtime_By_Date.jrxml]]></FILENAME>
<!--D13BAAB1D0A14C018C0DC7EFD83ECA94-->  <ISUSED><![CDATA[Y]]></ISUSED>
<!--D13BAAB1D0A14C018C0DC7EFD83ECA94-->  <AD_MODULE_ID><![CDATA[3D7EA38195044083A47056E9A032004B]]></AD_MODULE_ID>
<!--D13BAAB1D0A14C018C0DC7EFD83ECA94--></AD_TEXTINTERFACES>

<!--D190E930469A42FFA2D1B636BD096FB0--><AD_TEXTINTERFACES>
<!--D190E930469A42FFA2D1B636BD096FB0-->  <AD_TEXTINTERFACES_ID><![CDATA[D190E930469A42FFA2D1B636BD096FB0]]></AD_TEXTINTERFACES_ID>
<!--D190E930469A42FFA2D1B636BD096FB0-->  <AD_CLIENT_ID><![CDATA[0]]></AD_CLIENT_ID>
<!--D190E930469A42FFA2D1B636BD096FB0-->  <AD_ORG_ID><![CDATA[0]]></AD_ORG_ID>
<!--D190E930469A42FFA2D1B636BD096FB0-->  <ISACTIVE><![CDATA[Y]]></ISACTIVE>
<!--D190E930469A42FFA2D1B636BD096FB0-->  <TEXT><![CDATA[Actual]]></TEXT>
<!--D190E930469A42FFA2D1B636BD096FB0-->  <FILENAME><![CDATA[/org/wirabumi/hris/overtime/erpReports/Overtime_By_Date.jrxml]]></FILENAME>
<!--D190E930469A42FFA2D1B636BD096FB0-->  <ISUSED><![CDATA[Y]]></ISUSED>
<!--D190E930469A42FFA2D1B636BD096FB0-->  <AD_MODULE_ID><![CDATA[3D7EA38195044083A47056E9A032004B]]></AD_MODULE_ID>
<!--D190E930469A42FFA2D1B636BD096FB0--></AD_TEXTINTERFACES>

<!--DBE6C172CA954BEC929C575958642DEE--><AD_TEXTINTERFACES>
<!--DBE6C172CA954BEC929C575958642DEE-->  <AD_TEXTINTERFACES_ID><![CDATA[DBE6C172CA954BEC929C575958642DEE]]></AD_TEXTINTERFACES_ID>
<!--DBE6C172CA954BEC929C575958642DEE-->  <AD_CLIENT_ID><![CDATA[0]]></AD_CLIENT_ID>
<!--DBE6C172CA954BEC929C575958642DEE-->  <AD_ORG_ID><![CDATA[0]]></AD_ORG_ID>
<!--DBE6C172CA954BEC929C575958642DEE-->  <ISACTIVE><![CDATA[Y]]></ISACTIVE>
<!--DBE6C172CA954BEC929C575958642DEE-->  <TEXT><![CDATA[Checkin]]></TEXT>
<!--DBE6C172CA954BEC929C575958642DEE-->  <FILENAME><![CDATA[/org/wirabumi/hris/overtime/erpReports/Overtime_By_Date.jrxml]]></FILENAME>
<!--DBE6C172CA954BEC929C575958642DEE-->  <ISUSED><![CDATA[Y]]></ISUSED>
<!--DBE6C172CA954BEC929C575958642DEE-->  <AD_MODULE_ID><![CDATA[3D7EA38195044083A47056E9A032004B]]></AD_MODULE_ID>
<!--DBE6C172CA954BEC929C575958642DEE--></AD_TEXTINTERFACES>

<!--DF903DF07DFA41E2A7DE87B47459397E--><AD_TEXTINTERFACES>
<!--DF903DF07DFA41E2A7DE87B47459397E-->  <AD_TEXTINTERFACES_ID><![CDATA[DF903DF07DFA41E2A7DE87B47459397E]]></AD_TEXTINTERFACES_ID>
<!--DF903DF07DFA41E2A7DE87B47459397E-->  <AD_CLIENT_ID><![CDATA[0]]></AD_CLIENT_ID>
<!--DF903DF07DFA41E2A7DE87B47459397E-->  <AD_ORG_ID><![CDATA[0]]></AD_ORG_ID>
<!--DF903DF07DFA41E2A7DE87B47459397E-->  <ISACTIVE><![CDATA[Y]]></ISACTIVE>
<!--DF903DF07DFA41E2A7DE87B47459397E-->  <TEXT><![CDATA[Alasan]]></TEXT>
<!--DF903DF07DFA41E2A7DE87B47459397E-->  <FILENAME><![CDATA[/org/wirabumi/hris/overtime/erpReports/Overtime_By_Employee.jrxml]]></FILENAME>
<!--DF903DF07DFA41E2A7DE87B47459397E-->  <ISUSED><![CDATA[Y]]></ISUSED>
<!--DF903DF07DFA41E2A7DE87B47459397E-->  <AD_MODULE_ID><![CDATA[3D7EA38195044083A47056E9A032004B]]></AD_MODULE_ID>
<!--DF903DF07DFA41E2A7DE87B47459397E--></AD_TEXTINTERFACES>

<!--EC03E4E3DF7C418ABFA706400D37E375--><AD_TEXTINTERFACES>
<!--EC03E4E3DF7C418ABFA706400D37E375-->  <AD_TEXTINTERFACES_ID><![CDATA[EC03E4E3DF7C418ABFA706400D37E375]]></AD_TEXTINTERFACES_ID>
<!--EC03E4E3DF7C418ABFA706400D37E375-->  <AD_CLIENT_ID><![CDATA[0]]></AD_CLIENT_ID>
<!--EC03E4E3DF7C418ABFA706400D37E375-->  <AD_ORG_ID><![CDATA[0]]></AD_ORG_ID>
<!--EC03E4E3DF7C418ABFA706400D37E375-->  <ISACTIVE><![CDATA[Y]]></ISACTIVE>
<!--EC03E4E3DF7C418ABFA706400D37E375-->  <TEXT><![CDATA[SURAT PANGGILAN(CALL OUT)]]></TEXT>
<!--EC03E4E3DF7C418ABFA706400D37E375-->  <FILENAME><![CDATA[/org/wirabumi/hris/overtime/erpReports/overtime.jrxml]]></FILENAME>
<!--EC03E4E3DF7C418ABFA706400D37E375-->  <ISUSED><![CDATA[Y]]></ISUSED>
<!--EC03E4E3DF7C418ABFA706400D37E375-->  <AD_MODULE_ID><![CDATA[3D7EA38195044083A47056E9A032004B]]></AD_MODULE_ID>
<!--EC03E4E3DF7C418ABFA706400D37E375--></AD_TEXTINTERFACES>

<!--ED6FFCA962FE4D40B384E6D8E0E78B3E--><AD_TEXTINTERFACES>
<!--ED6FFCA962FE4D40B384E6D8E0E78B3E-->  <AD_TEXTINTERFACES_ID><![CDATA[ED6FFCA962FE4D40B384E6D8E0E78B3E]]></AD_TEXTINTERFACES_ID>
<!--ED6FFCA962FE4D40B384E6D8E0E78B3E-->  <AD_CLIENT_ID><![CDATA[0]]></AD_CLIENT_ID>
<!--ED6FFCA962FE4D40B384E6D8E0E78B3E-->  <AD_ORG_ID><![CDATA[0]]></AD_ORG_ID>
<!--ED6FFCA962FE4D40B384E6D8E0E78B3E-->  <ISACTIVE><![CDATA[Y]]></ISACTIVE>
<!--ED6FFCA962FE4D40B384E6D8E0E78B3E-->  <TEXT><![CDATA[Actual]]></TEXT>
<!--ED6FFCA962FE4D40B384E6D8E0E78B3E-->  <FILENAME><![CDATA[/org/wirabumi/hris/overtime/erpReports/Overtime_By_Employee.jrxml]]></FILENAME>
<!--ED6FFCA962FE4D40B384E6D8E0E78B3E-->  <ISUSED><![CDATA[Y]]></ISUSED>
<!--ED6FFCA962FE4D40B384E6D8E0E78B3E-->  <AD_MODULE_ID><![CDATA[3D7EA38195044083A47056E9A032004B]]></AD_MODULE_ID>
<!--ED6FFCA962FE4D40B384E6D8E0E78B3E--></AD_TEXTINTERFACES>

<!--F8FB5F3030114A44A4680FEE544C975B--><AD_TEXTINTERFACES>
<!--F8FB5F3030114A44A4680FEE544C975B-->  <AD_TEXTINTERFACES_ID><![CDATA[F8FB5F3030114A44A4680FEE544C975B]]></AD_TEXTINTERFACES_ID>
<!--F8FB5F3030114A44A4680FEE544C975B-->  <AD_CLIENT_ID><![CDATA[0]]></AD_CLIENT_ID>
<!--F8FB5F3030114A44A4680FEE544C975B-->  <AD_ORG_ID><![CDATA[0]]></AD_ORG_ID>
<!--F8FB5F3030114A44A4680FEE544C975B-->  <ISACTIVE><![CDATA[Y]]></ISACTIVE>
<!--F8FB5F3030114A44A4680FEE544C975B-->  <TEXT><![CDATA[Checkout]]></TEXT>
<!--F8FB5F3030114A44A4680FEE544C975B-->  <FILENAME><![CDATA[/org/wirabumi/hris/overtime/erpReports/Overtime_By_Employee.jrxml]]></FILENAME>
<!--F8FB5F3030114A44A4680FEE544C975B-->  <ISUSED><![CDATA[Y]]></ISUSED>
<!--F8FB5F3030114A44A4680FEE544C975B-->  <AD_MODULE_ID><![CDATA[3D7EA38195044083A47056E9A032004B]]></AD_MODULE_ID>
<!--F8FB5F3030114A44A4680FEE544C975B--></AD_TEXTINTERFACES>

</data>
