<?xml version="1.0" encoding="UTF-8"?>
<data>
<!--B28898E7BCB848ECB4A228A6B3703EE1--><AD_WINDOW>
<!--B28898E7BCB848ECB4A228A6B3703EE1-->  <AD_WINDOW_ID><![CDATA[B28898E7BCB848ECB4A228A6B3703EE1]]></AD_WINDOW_ID>
<!--B28898E7BCB848ECB4A228A6B3703EE1-->  <AD_CLIENT_ID><![CDATA[0]]></AD_CLIENT_ID>
<!--B28898E7BCB848ECB4A228A6B3703EE1-->  <AD_ORG_ID><![CDATA[0]]></AD_ORG_ID>
<!--B28898E7BCB848ECB4A228A6B3703EE1-->  <ISACTIVE><![CDATA[Y]]></ISACTIVE>
<!--B28898E7BCB848ECB4A228A6B3703EE1-->  <NAME><![CDATA[Overtime Request]]></NAME>
<!--B28898E7BCB848ECB4A228A6B3703EE1-->  <WINDOWTYPE><![CDATA[T]]></WINDOWTYPE>
<!--B28898E7BCB848ECB4A228A6B3703EE1-->  <ISSOTRX><![CDATA[Y]]></ISSOTRX>
<!--B28898E7BCB848ECB4A228A6B3703EE1-->  <PROCESSING><![CDATA[N]]></PROCESSING>
<!--B28898E7BCB848ECB4A228A6B3703EE1-->  <ISDEFAULT><![CDATA[N]]></ISDEFAULT>
<!--B28898E7BCB848ECB4A228A6B3703EE1-->  <AD_MODULE_ID><![CDATA[3D7EA38195044083A47056E9A032004B]]></AD_MODULE_ID>
<!--B28898E7BCB848ECB4A228A6B3703EE1-->  <ISTHREADSAFE><![CDATA[N]]></ISTHREADSAFE>
<!--B28898E7BCB848ECB4A228A6B3703EE1-->  <ISADVANCEDFEATURE><![CDATA[N]]></ISADVANCEDFEATURE>
<!--B28898E7BCB848ECB4A228A6B3703EE1--></AD_WINDOW>

<!--F5D4D22E90EB4EAF84211F708F67D350--><AD_WINDOW>
<!--F5D4D22E90EB4EAF84211F708F67D350-->  <AD_WINDOW_ID><![CDATA[F5D4D22E90EB4EAF84211F708F67D350]]></AD_WINDOW_ID>
<!--F5D4D22E90EB4EAF84211F708F67D350-->  <AD_CLIENT_ID><![CDATA[0]]></AD_CLIENT_ID>
<!--F5D4D22E90EB4EAF84211F708F67D350-->  <AD_ORG_ID><![CDATA[0]]></AD_ORG_ID>
<!--F5D4D22E90EB4EAF84211F708F67D350-->  <ISACTIVE><![CDATA[Y]]></ISACTIVE>
<!--F5D4D22E90EB4EAF84211F708F67D350-->  <NAME><![CDATA[Overtime Rule]]></NAME>
<!--F5D4D22E90EB4EAF84211F708F67D350-->  <WINDOWTYPE><![CDATA[M]]></WINDOWTYPE>
<!--F5D4D22E90EB4EAF84211F708F67D350-->  <ISSOTRX><![CDATA[Y]]></ISSOTRX>
<!--F5D4D22E90EB4EAF84211F708F67D350-->  <PROCESSING><![CDATA[N]]></PROCESSING>
<!--F5D4D22E90EB4EAF84211F708F67D350-->  <ISDEFAULT><![CDATA[N]]></ISDEFAULT>
<!--F5D4D22E90EB4EAF84211F708F67D350-->  <AD_MODULE_ID><![CDATA[3D7EA38195044083A47056E9A032004B]]></AD_MODULE_ID>
<!--F5D4D22E90EB4EAF84211F708F67D350-->  <ISTHREADSAFE><![CDATA[N]]></ISTHREADSAFE>
<!--F5D4D22E90EB4EAF84211F708F67D350-->  <ISADVANCEDFEATURE><![CDATA[N]]></ISADVANCEDFEATURE>
<!--F5D4D22E90EB4EAF84211F708F67D350--></AD_WINDOW>

<!--F5D6914B217540178E08E3AE6B7D826D--><AD_WINDOW>
<!--F5D6914B217540178E08E3AE6B7D826D-->  <AD_WINDOW_ID><![CDATA[F5D6914B217540178E08E3AE6B7D826D]]></AD_WINDOW_ID>
<!--F5D6914B217540178E08E3AE6B7D826D-->  <AD_CLIENT_ID><![CDATA[0]]></AD_CLIENT_ID>
<!--F5D6914B217540178E08E3AE6B7D826D-->  <AD_ORG_ID><![CDATA[0]]></AD_ORG_ID>
<!--F5D6914B217540178E08E3AE6B7D826D-->  <ISACTIVE><![CDATA[Y]]></ISACTIVE>
<!--F5D6914B217540178E08E3AE6B7D826D-->  <NAME><![CDATA[Emergency Call Request]]></NAME>
<!--F5D6914B217540178E08E3AE6B7D826D-->  <WINDOWTYPE><![CDATA[M]]></WINDOWTYPE>
<!--F5D6914B217540178E08E3AE6B7D826D-->  <ISSOTRX><![CDATA[Y]]></ISSOTRX>
<!--F5D6914B217540178E08E3AE6B7D826D-->  <PROCESSING><![CDATA[N]]></PROCESSING>
<!--F5D6914B217540178E08E3AE6B7D826D-->  <ISDEFAULT><![CDATA[N]]></ISDEFAULT>
<!--F5D6914B217540178E08E3AE6B7D826D-->  <AD_MODULE_ID><![CDATA[3D7EA38195044083A47056E9A032004B]]></AD_MODULE_ID>
<!--F5D6914B217540178E08E3AE6B7D826D-->  <ISTHREADSAFE><![CDATA[N]]></ISTHREADSAFE>
<!--F5D6914B217540178E08E3AE6B7D826D-->  <ISADVANCEDFEATURE><![CDATA[N]]></ISADVANCEDFEATURE>
<!--F5D6914B217540178E08E3AE6B7D826D--></AD_WINDOW>

</data>
