<?xml version="1.0"?>
  <database name="MODIFIED TABLE OEZ_DOCUMENTROUTING">
    <table name="OEZ_DOCUMENTROUTING" primaryKey="OEZ_DOCUMENTROUTING_KEY">
      <column name="EM_OT_MINTIME" primaryKey="false" required="true" type="DECIMAL" autoIncrement="false">
        <default><![CDATA[0]]></default>
        <onCreateDefault/>
      </column>
      <column name="EM_OT_MAXTIME" primaryKey="false" required="true" type="DECIMAL" autoIncrement="false">
        <default><![CDATA[0]]></default>
        <onCreateDefault/>
      </column>
    </table>
  </database>
