<?xml version="1.0" encoding="UTF-8"?>
<data>
<!--B6EE2E551EF3435BA448DF71CA2491A9--><AD_AUXILIARINPUT>
<!--B6EE2E551EF3435BA448DF71CA2491A9-->  <AD_AUXILIARINPUT_ID><![CDATA[B6EE2E551EF3435BA448DF71CA2491A9]]></AD_AUXILIARINPUT_ID>
<!--B6EE2E551EF3435BA448DF71CA2491A9-->  <AD_CLIENT_ID><![CDATA[0]]></AD_CLIENT_ID>
<!--B6EE2E551EF3435BA448DF71CA2491A9-->  <AD_ORG_ID><![CDATA[0]]></AD_ORG_ID>
<!--B6EE2E551EF3435BA448DF71CA2491A9-->  <ISACTIVE><![CDATA[Y]]></ISACTIVE>
<!--B6EE2E551EF3435BA448DF71CA2491A9-->  <AD_TAB_ID><![CDATA[E9130C1D656741E5BAFC0418530A1FB0]]></AD_TAB_ID>
<!--B6EE2E551EF3435BA448DF71CA2491A9-->  <NAME><![CDATA[Hris_IsNewEmployee]]></NAME>
<!--B6EE2E551EF3435BA448DF71CA2491A9-->  <CODE><![CDATA[@SQL=SELECT count(name)>0  FROM hris_ec_lines where contractno is not null  and hris_employee_candidate_id=@Hris_Employee_Candidate_ID@]]></CODE>
<!--B6EE2E551EF3435BA448DF71CA2491A9-->  <AD_MODULE_ID><![CDATA[D5FD35D6C7604921BA951B7E0EEE5DC2]]></AD_MODULE_ID>
<!--B6EE2E551EF3435BA448DF71CA2491A9--></AD_AUXILIARINPUT>

<!--F8FA940957844D8FAD09D17754F533FE--><AD_AUXILIARINPUT>
<!--F8FA940957844D8FAD09D17754F533FE-->  <AD_AUXILIARINPUT_ID><![CDATA[F8FA940957844D8FAD09D17754F533FE]]></AD_AUXILIARINPUT_ID>
<!--F8FA940957844D8FAD09D17754F533FE-->  <AD_CLIENT_ID><![CDATA[0]]></AD_CLIENT_ID>
<!--F8FA940957844D8FAD09D17754F533FE-->  <AD_ORG_ID><![CDATA[0]]></AD_ORG_ID>
<!--F8FA940957844D8FAD09D17754F533FE-->  <ISACTIVE><![CDATA[Y]]></ISACTIVE>
<!--F8FA940957844D8FAD09D17754F533FE-->  <AD_TAB_ID><![CDATA[E9130C1D656741E5BAFC0418530A1FB0]]></AD_TAB_ID>
<!--F8FA940957844D8FAD09D17754F533FE-->  <NAME><![CDATA[Hris_CreatedEmployee]]></NAME>
<!--F8FA940957844D8FAD09D17754F533FE-->  <CODE><![CDATA[@SQL=SELECT count(name)>0  FROM hris_ec_lines where contractno is not null and c_bpartner_id is not null and hris_employee_candidate_id=@Hris_Employee_Candidate_ID@]]></CODE>
<!--F8FA940957844D8FAD09D17754F533FE-->  <AD_MODULE_ID><![CDATA[D5FD35D6C7604921BA951B7E0EEE5DC2]]></AD_MODULE_ID>
<!--F8FA940957844D8FAD09D17754F533FE--></AD_AUXILIARINPUT>

</data>
