<?xml version="1.0" encoding="UTF-8"?>
<data>
<!--1B409A2BA57046C985964A9043A21944--><AD_CALLOUT>
<!--1B409A2BA57046C985964A9043A21944-->  <AD_CALLOUT_ID><![CDATA[1B409A2BA57046C985964A9043A21944]]></AD_CALLOUT_ID>
<!--1B409A2BA57046C985964A9043A21944-->  <AD_CLIENT_ID><![CDATA[0]]></AD_CLIENT_ID>
<!--1B409A2BA57046C985964A9043A21944-->  <AD_ORG_ID><![CDATA[0]]></AD_ORG_ID>
<!--1B409A2BA57046C985964A9043A21944-->  <ISACTIVE><![CDATA[Y]]></ISACTIVE>
<!--1B409A2BA57046C985964A9043A21944-->  <NAME><![CDATA[Employee-EducationPermitCallOut]]></NAME>
<!--1B409A2BA57046C985964A9043A21944-->  <AD_MODULE_ID><![CDATA[D5FD35D6C7604921BA951B7E0EEE5DC2]]></AD_MODULE_ID>
<!--1B409A2BA57046C985964A9043A21944--></AD_CALLOUT>

<!--1CAAE3E122144ADEBD9A489E248D1C2C--><AD_CALLOUT>
<!--1CAAE3E122144ADEBD9A489E248D1C2C-->  <AD_CALLOUT_ID><![CDATA[1CAAE3E122144ADEBD9A489E248D1C2C]]></AD_CALLOUT_ID>
<!--1CAAE3E122144ADEBD9A489E248D1C2C-->  <AD_CLIENT_ID><![CDATA[0]]></AD_CLIENT_ID>
<!--1CAAE3E122144ADEBD9A489E248D1C2C-->  <AD_ORG_ID><![CDATA[0]]></AD_ORG_ID>
<!--1CAAE3E122144ADEBD9A489E248D1C2C-->  <ISACTIVE><![CDATA[Y]]></ISACTIVE>
<!--1CAAE3E122144ADEBD9A489E248D1C2C-->  <NAME><![CDATA[KPI Achievement]]></NAME>
<!--1CAAE3E122144ADEBD9A489E248D1C2C-->  <AD_MODULE_ID><![CDATA[D5FD35D6C7604921BA951B7E0EEE5DC2]]></AD_MODULE_ID>
<!--1CAAE3E122144ADEBD9A489E248D1C2C--></AD_CALLOUT>

<!--23C350A97C374167BCF141CB55A11261--><AD_CALLOUT>
<!--23C350A97C374167BCF141CB55A11261-->  <AD_CALLOUT_ID><![CDATA[23C350A97C374167BCF141CB55A11261]]></AD_CALLOUT_ID>
<!--23C350A97C374167BCF141CB55A11261-->  <AD_CLIENT_ID><![CDATA[0]]></AD_CLIENT_ID>
<!--23C350A97C374167BCF141CB55A11261-->  <AD_ORG_ID><![CDATA[0]]></AD_ORG_ID>
<!--23C350A97C374167BCF141CB55A11261-->  <ISACTIVE><![CDATA[Y]]></ISACTIVE>
<!--23C350A97C374167BCF141CB55A11261-->  <NAME><![CDATA[EmployeeInfoCallOut]]></NAME>
<!--23C350A97C374167BCF141CB55A11261-->  <DESCRIPTION><![CDATA[set cost center in employement information record based on job title defitinon.]]></DESCRIPTION>
<!--23C350A97C374167BCF141CB55A11261-->  <AD_MODULE_ID><![CDATA[D5FD35D6C7604921BA951B7E0EEE5DC2]]></AD_MODULE_ID>
<!--23C350A97C374167BCF141CB55A11261--></AD_CALLOUT>

<!--3E4D989E98FC496D93A066F138939A17--><AD_CALLOUT>
<!--3E4D989E98FC496D93A066F138939A17-->  <AD_CALLOUT_ID><![CDATA[3E4D989E98FC496D93A066F138939A17]]></AD_CALLOUT_ID>
<!--3E4D989E98FC496D93A066F138939A17-->  <AD_CLIENT_ID><![CDATA[0]]></AD_CLIENT_ID>
<!--3E4D989E98FC496D93A066F138939A17-->  <AD_ORG_ID><![CDATA[0]]></AD_ORG_ID>
<!--3E4D989E98FC496D93A066F138939A17-->  <ISACTIVE><![CDATA[Y]]></ISACTIVE>
<!--3E4D989E98FC496D93A066F138939A17-->  <NAME><![CDATA[HrisCaseEmployee]]></NAME>
<!--3E4D989E98FC496D93A066F138939A17-->  <AD_MODULE_ID><![CDATA[D5FD35D6C7604921BA951B7E0EEE5DC2]]></AD_MODULE_ID>
<!--3E4D989E98FC496D93A066F138939A17--></AD_CALLOUT>

<!--484269E255F445D2B2B504764734256D--><AD_CALLOUT>
<!--484269E255F445D2B2B504764734256D-->  <AD_CALLOUT_ID><![CDATA[484269E255F445D2B2B504764734256D]]></AD_CALLOUT_ID>
<!--484269E255F445D2B2B504764734256D-->  <AD_CLIENT_ID><![CDATA[0]]></AD_CLIENT_ID>
<!--484269E255F445D2B2B504764734256D-->  <AD_ORG_ID><![CDATA[0]]></AD_ORG_ID>
<!--484269E255F445D2B2B504764734256D-->  <ISACTIVE><![CDATA[Y]]></ISACTIVE>
<!--484269E255F445D2B2B504764734256D-->  <NAME><![CDATA[KPI Target]]></NAME>
<!--484269E255F445D2B2B504764734256D-->  <AD_MODULE_ID><![CDATA[D5FD35D6C7604921BA951B7E0EEE5DC2]]></AD_MODULE_ID>
<!--484269E255F445D2B2B504764734256D--></AD_CALLOUT>

<!--5AEBB6D9C2D64BEAAFF8A64BD0579EF0--><AD_CALLOUT>
<!--5AEBB6D9C2D64BEAAFF8A64BD0579EF0-->  <AD_CALLOUT_ID><![CDATA[5AEBB6D9C2D64BEAAFF8A64BD0579EF0]]></AD_CALLOUT_ID>
<!--5AEBB6D9C2D64BEAAFF8A64BD0579EF0-->  <AD_CLIENT_ID><![CDATA[0]]></AD_CLIENT_ID>
<!--5AEBB6D9C2D64BEAAFF8A64BD0579EF0-->  <AD_ORG_ID><![CDATA[0]]></AD_ORG_ID>
<!--5AEBB6D9C2D64BEAAFF8A64BD0579EF0-->  <ISACTIVE><![CDATA[Y]]></ISACTIVE>
<!--5AEBB6D9C2D64BEAAFF8A64BD0579EF0-->  <NAME><![CDATA[Callout KPI uom and polarity]]></NAME>
<!--5AEBB6D9C2D64BEAAFF8A64BD0579EF0-->  <AD_MODULE_ID><![CDATA[D5FD35D6C7604921BA951B7E0EEE5DC2]]></AD_MODULE_ID>
<!--5AEBB6D9C2D64BEAAFF8A64BD0579EF0--></AD_CALLOUT>

<!--6C7360C5353C46DF98DBDF955A619A73--><AD_CALLOUT>
<!--6C7360C5353C46DF98DBDF955A619A73-->  <AD_CALLOUT_ID><![CDATA[6C7360C5353C46DF98DBDF955A619A73]]></AD_CALLOUT_ID>
<!--6C7360C5353C46DF98DBDF955A619A73-->  <AD_CLIENT_ID><![CDATA[0]]></AD_CLIENT_ID>
<!--6C7360C5353C46DF98DBDF955A619A73-->  <AD_ORG_ID><![CDATA[0]]></AD_ORG_ID>
<!--6C7360C5353C46DF98DBDF955A619A73-->  <ISACTIVE><![CDATA[Y]]></ISACTIVE>
<!--6C7360C5353C46DF98DBDF955A619A73-->  <NAME><![CDATA[TransferEmployeeData]]></NAME>
<!--6C7360C5353C46DF98DBDF955A619A73-->  <AD_MODULE_ID><![CDATA[D5FD35D6C7604921BA951B7E0EEE5DC2]]></AD_MODULE_ID>
<!--6C7360C5353C46DF98DBDF955A619A73--></AD_CALLOUT>

<!--6F79522A231D403285984BD8F33BC0CF--><AD_CALLOUT>
<!--6F79522A231D403285984BD8F33BC0CF-->  <AD_CALLOUT_ID><![CDATA[6F79522A231D403285984BD8F33BC0CF]]></AD_CALLOUT_ID>
<!--6F79522A231D403285984BD8F33BC0CF-->  <AD_CLIENT_ID><![CDATA[0]]></AD_CLIENT_ID>
<!--6F79522A231D403285984BD8F33BC0CF-->  <AD_ORG_ID><![CDATA[0]]></AD_ORG_ID>
<!--6F79522A231D403285984BD8F33BC0CF-->  <ISACTIVE><![CDATA[Y]]></ISACTIVE>
<!--6F79522A231D403285984BD8F33BC0CF-->  <NAME><![CDATA[Termintaion Employee Data]]></NAME>
<!--6F79522A231D403285984BD8F33BC0CF-->  <AD_MODULE_ID><![CDATA[D5FD35D6C7604921BA951B7E0EEE5DC2]]></AD_MODULE_ID>
<!--6F79522A231D403285984BD8F33BC0CF--></AD_CALLOUT>

<!--BA80059DFA8640E8999F056949C38F9C--><AD_CALLOUT>
<!--BA80059DFA8640E8999F056949C38F9C-->  <AD_CALLOUT_ID><![CDATA[BA80059DFA8640E8999F056949C38F9C]]></AD_CALLOUT_ID>
<!--BA80059DFA8640E8999F056949C38F9C-->  <AD_CLIENT_ID><![CDATA[0]]></AD_CLIENT_ID>
<!--BA80059DFA8640E8999F056949C38F9C-->  <AD_ORG_ID><![CDATA[0]]></AD_ORG_ID>
<!--BA80059DFA8640E8999F056949C38F9C-->  <ISACTIVE><![CDATA[Y]]></ISACTIVE>
<!--BA80059DFA8640E8999F056949C38F9C-->  <NAME><![CDATA[Education Exam Call out]]></NAME>
<!--BA80059DFA8640E8999F056949C38F9C-->  <AD_MODULE_ID><![CDATA[D5FD35D6C7604921BA951B7E0EEE5DC2]]></AD_MODULE_ID>
<!--BA80059DFA8640E8999F056949C38F9C--></AD_CALLOUT>

<!--BAD0224C29B54F15AAA128BC01319AAF--><AD_CALLOUT>
<!--BAD0224C29B54F15AAA128BC01319AAF-->  <AD_CALLOUT_ID><![CDATA[BAD0224C29B54F15AAA128BC01319AAF]]></AD_CALLOUT_ID>
<!--BAD0224C29B54F15AAA128BC01319AAF-->  <AD_CLIENT_ID><![CDATA[0]]></AD_CLIENT_ID>
<!--BAD0224C29B54F15AAA128BC01319AAF-->  <AD_ORG_ID><![CDATA[0]]></AD_ORG_ID>
<!--BAD0224C29B54F15AAA128BC01319AAF-->  <ISACTIVE><![CDATA[Y]]></ISACTIVE>
<!--BAD0224C29B54F15AAA128BC01319AAF-->  <NAME><![CDATA[EmployeeTransferGetContract]]></NAME>
<!--BAD0224C29B54F15AAA128BC01319AAF-->  <AD_MODULE_ID><![CDATA[D5FD35D6C7604921BA951B7E0EEE5DC2]]></AD_MODULE_ID>
<!--BAD0224C29B54F15AAA128BC01319AAF--></AD_CALLOUT>

<!--CA613A760ED74FB2B2BEE9026279C31D--><AD_CALLOUT>
<!--CA613A760ED74FB2B2BEE9026279C31D-->  <AD_CALLOUT_ID><![CDATA[CA613A760ED74FB2B2BEE9026279C31D]]></AD_CALLOUT_ID>
<!--CA613A760ED74FB2B2BEE9026279C31D-->  <AD_CLIENT_ID><![CDATA[0]]></AD_CLIENT_ID>
<!--CA613A760ED74FB2B2BEE9026279C31D-->  <AD_ORG_ID><![CDATA[0]]></AD_ORG_ID>
<!--CA613A760ED74FB2B2BEE9026279C31D-->  <ISACTIVE><![CDATA[Y]]></ISACTIVE>
<!--CA613A760ED74FB2B2BEE9026279C31D-->  <NAME><![CDATA[Resignation Call Out]]></NAME>
<!--CA613A760ED74FB2B2BEE9026279C31D-->  <AD_MODULE_ID><![CDATA[D5FD35D6C7604921BA951B7E0EEE5DC2]]></AD_MODULE_ID>
<!--CA613A760ED74FB2B2BEE9026279C31D--></AD_CALLOUT>

<!--ED75F08F2A6B47E9969565C6BB49714C--><AD_CALLOUT>
<!--ED75F08F2A6B47E9969565C6BB49714C-->  <AD_CALLOUT_ID><![CDATA[ED75F08F2A6B47E9969565C6BB49714C]]></AD_CALLOUT_ID>
<!--ED75F08F2A6B47E9969565C6BB49714C-->  <AD_CLIENT_ID><![CDATA[0]]></AD_CLIENT_ID>
<!--ED75F08F2A6B47E9969565C6BB49714C-->  <AD_ORG_ID><![CDATA[0]]></AD_ORG_ID>
<!--ED75F08F2A6B47E9969565C6BB49714C-->  <ISACTIVE><![CDATA[Y]]></ISACTIVE>
<!--ED75F08F2A6B47E9969565C6BB49714C-->  <NAME><![CDATA[Benefits_Data]]></NAME>
<!--ED75F08F2A6B47E9969565C6BB49714C-->  <AD_MODULE_ID><![CDATA[D5FD35D6C7604921BA951B7E0EEE5DC2]]></AD_MODULE_ID>
<!--ED75F08F2A6B47E9969565C6BB49714C--></AD_CALLOUT>

<!--EF49305E232E433DB6848DD3A725B809--><AD_CALLOUT>
<!--EF49305E232E433DB6848DD3A725B809-->  <AD_CALLOUT_ID><![CDATA[EF49305E232E433DB6848DD3A725B809]]></AD_CALLOUT_ID>
<!--EF49305E232E433DB6848DD3A725B809-->  <AD_CLIENT_ID><![CDATA[0]]></AD_CLIENT_ID>
<!--EF49305E232E433DB6848DD3A725B809-->  <AD_ORG_ID><![CDATA[0]]></AD_ORG_ID>
<!--EF49305E232E433DB6848DD3A725B809-->  <ISACTIVE><![CDATA[Y]]></ISACTIVE>
<!--EF49305E232E433DB6848DD3A725B809-->  <NAME><![CDATA[ReimbursmentCallOut]]></NAME>
<!--EF49305E232E433DB6848DD3A725B809-->  <AD_MODULE_ID><![CDATA[D5FD35D6C7604921BA951B7E0EEE5DC2]]></AD_MODULE_ID>
<!--EF49305E232E433DB6848DD3A725B809--></AD_CALLOUT>

<!--F9CC9B52CC514B9884C34355FC9FAED9--><AD_CALLOUT>
<!--F9CC9B52CC514B9884C34355FC9FAED9-->  <AD_CALLOUT_ID><![CDATA[F9CC9B52CC514B9884C34355FC9FAED9]]></AD_CALLOUT_ID>
<!--F9CC9B52CC514B9884C34355FC9FAED9-->  <AD_CLIENT_ID><![CDATA[0]]></AD_CLIENT_ID>
<!--F9CC9B52CC514B9884C34355FC9FAED9-->  <AD_ORG_ID><![CDATA[0]]></AD_ORG_ID>
<!--F9CC9B52CC514B9884C34355FC9FAED9-->  <ISACTIVE><![CDATA[Y]]></ISACTIVE>
<!--F9CC9B52CC514B9884C34355FC9FAED9-->  <NAME><![CDATA[EmployeeEducation]]></NAME>
<!--F9CC9B52CC514B9884C34355FC9FAED9-->  <AD_MODULE_ID><![CDATA[D5FD35D6C7604921BA951B7E0EEE5DC2]]></AD_MODULE_ID>
<!--F9CC9B52CC514B9884C34355FC9FAED9--></AD_CALLOUT>

</data>
