<?xml version="1.0" encoding="UTF-8"?>
<data>
<!--00F673EA16A940359BA04733DFFBB417--><AD_DATASET_TABLE>
<!--00F673EA16A940359BA04733DFFBB417-->  <AD_DATASET_TABLE_ID><![CDATA[00F673EA16A940359BA04733DFFBB417]]></AD_DATASET_TABLE_ID>
<!--00F673EA16A940359BA04733DFFBB417-->  <AD_CLIENT_ID><![CDATA[0]]></AD_CLIENT_ID>
<!--00F673EA16A940359BA04733DFFBB417-->  <AD_ORG_ID><![CDATA[0]]></AD_ORG_ID>
<!--00F673EA16A940359BA04733DFFBB417-->  <ISACTIVE><![CDATA[Y]]></ISACTIVE>
<!--00F673EA16A940359BA04733DFFBB417-->  <AD_DATASET_ID><![CDATA[852C609725AB467B89498E83DBE07B61]]></AD_DATASET_ID>
<!--00F673EA16A940359BA04733DFFBB417-->  <AD_TABLE_ID><![CDATA[381]]></AD_TABLE_ID>
<!--00F673EA16A940359BA04733DFFBB417-->  <INCLUDEALLCOLUMNS><![CDATA[Y]]></INCLUDEALLCOLUMNS>
<!--00F673EA16A940359BA04733DFFBB417-->  <WHERECLAUSE><![CDATA[ad_impformat_id='8E99247B328F4C61BC5EEEEAE4F225CB']]></WHERECLAUSE>
<!--00F673EA16A940359BA04733DFFBB417-->  <EXCLUDEAUDITINFO><![CDATA[N]]></EXCLUDEAUDITINFO>
<!--00F673EA16A940359BA04733DFFBB417-->  <ISBUSINESSOBJECT><![CDATA[N]]></ISBUSINESSOBJECT>
<!--00F673EA16A940359BA04733DFFBB417-->  <AD_MODULE_ID><![CDATA[D5FD35D6C7604921BA951B7E0EEE5DC2]]></AD_MODULE_ID>
<!--00F673EA16A940359BA04733DFFBB417--></AD_DATASET_TABLE>

<!--2C936F2062F146D394D28566BD2C1FD8--><AD_DATASET_TABLE>
<!--2C936F2062F146D394D28566BD2C1FD8-->  <AD_DATASET_TABLE_ID><![CDATA[2C936F2062F146D394D28566BD2C1FD8]]></AD_DATASET_TABLE_ID>
<!--2C936F2062F146D394D28566BD2C1FD8-->  <AD_CLIENT_ID><![CDATA[0]]></AD_CLIENT_ID>
<!--2C936F2062F146D394D28566BD2C1FD8-->  <AD_ORG_ID><![CDATA[0]]></AD_ORG_ID>
<!--2C936F2062F146D394D28566BD2C1FD8-->  <ISACTIVE><![CDATA[Y]]></ISACTIVE>
<!--2C936F2062F146D394D28566BD2C1FD8-->  <AD_DATASET_ID><![CDATA[AB480C4960D04B8ABFC56F6BB789057C]]></AD_DATASET_ID>
<!--2C936F2062F146D394D28566BD2C1FD8-->  <AD_TABLE_ID><![CDATA[127]]></AD_TABLE_ID>
<!--2C936F2062F146D394D28566BD2C1FD8-->  <INCLUDEALLCOLUMNS><![CDATA[Y]]></INCLUDEALLCOLUMNS>
<!--2C936F2062F146D394D28566BD2C1FD8-->  <WHERECLAUSE><![CDATA[name like 'Employee%']]></WHERECLAUSE>
<!--2C936F2062F146D394D28566BD2C1FD8-->  <EXCLUDEAUDITINFO><![CDATA[Y]]></EXCLUDEAUDITINFO>
<!--2C936F2062F146D394D28566BD2C1FD8-->  <ISBUSINESSOBJECT><![CDATA[N]]></ISBUSINESSOBJECT>
<!--2C936F2062F146D394D28566BD2C1FD8-->  <AD_MODULE_ID><![CDATA[D5FD35D6C7604921BA951B7E0EEE5DC2]]></AD_MODULE_ID>
<!--2C936F2062F146D394D28566BD2C1FD8--></AD_DATASET_TABLE>

<!--4ED410C758504C42967102DD468FB168--><AD_DATASET_TABLE>
<!--4ED410C758504C42967102DD468FB168-->  <AD_DATASET_TABLE_ID><![CDATA[4ED410C758504C42967102DD468FB168]]></AD_DATASET_TABLE_ID>
<!--4ED410C758504C42967102DD468FB168-->  <AD_CLIENT_ID><![CDATA[0]]></AD_CLIENT_ID>
<!--4ED410C758504C42967102DD468FB168-->  <AD_ORG_ID><![CDATA[0]]></AD_ORG_ID>
<!--4ED410C758504C42967102DD468FB168-->  <ISACTIVE><![CDATA[Y]]></ISACTIVE>
<!--4ED410C758504C42967102DD468FB168-->  <AD_DATASET_ID><![CDATA[C4F8DFAD60F94516BDCBD107BE29AB1C]]></AD_DATASET_ID>
<!--4ED410C758504C42967102DD468FB168-->  <AD_TABLE_ID><![CDATA[593]]></AD_TABLE_ID>
<!--4ED410C758504C42967102DD468FB168-->  <INCLUDEALLCOLUMNS><![CDATA[Y]]></INCLUDEALLCOLUMNS>
<!--4ED410C758504C42967102DD468FB168-->  <WHERECLAUSE><![CDATA[name like 'Employee%']]></WHERECLAUSE>
<!--4ED410C758504C42967102DD468FB168-->  <EXCLUDEAUDITINFO><![CDATA[Y]]></EXCLUDEAUDITINFO>
<!--4ED410C758504C42967102DD468FB168-->  <ISBUSINESSOBJECT><![CDATA[N]]></ISBUSINESSOBJECT>
<!--4ED410C758504C42967102DD468FB168-->  <AD_MODULE_ID><![CDATA[D5FD35D6C7604921BA951B7E0EEE5DC2]]></AD_MODULE_ID>
<!--4ED410C758504C42967102DD468FB168--></AD_DATASET_TABLE>

<!--C856FCB5E4B0459C9C8195AD843D46C9--><AD_DATASET_TABLE>
<!--C856FCB5E4B0459C9C8195AD843D46C9-->  <AD_DATASET_TABLE_ID><![CDATA[C856FCB5E4B0459C9C8195AD843D46C9]]></AD_DATASET_TABLE_ID>
<!--C856FCB5E4B0459C9C8195AD843D46C9-->  <AD_CLIENT_ID><![CDATA[0]]></AD_CLIENT_ID>
<!--C856FCB5E4B0459C9C8195AD843D46C9-->  <AD_ORG_ID><![CDATA[0]]></AD_ORG_ID>
<!--C856FCB5E4B0459C9C8195AD843D46C9-->  <ISACTIVE><![CDATA[Y]]></ISACTIVE>
<!--C856FCB5E4B0459C9C8195AD843D46C9-->  <AD_DATASET_ID><![CDATA[852C609725AB467B89498E83DBE07B61]]></AD_DATASET_ID>
<!--C856FCB5E4B0459C9C8195AD843D46C9-->  <AD_TABLE_ID><![CDATA[382]]></AD_TABLE_ID>
<!--C856FCB5E4B0459C9C8195AD843D46C9-->  <INCLUDEALLCOLUMNS><![CDATA[Y]]></INCLUDEALLCOLUMNS>
<!--C856FCB5E4B0459C9C8195AD843D46C9-->  <WHERECLAUSE><![CDATA[ad_impformat_id='8E99247B328F4C61BC5EEEEAE4F225CB']]></WHERECLAUSE>
<!--C856FCB5E4B0459C9C8195AD843D46C9-->  <EXCLUDEAUDITINFO><![CDATA[N]]></EXCLUDEAUDITINFO>
<!--C856FCB5E4B0459C9C8195AD843D46C9-->  <ISBUSINESSOBJECT><![CDATA[N]]></ISBUSINESSOBJECT>
<!--C856FCB5E4B0459C9C8195AD843D46C9-->  <AD_MODULE_ID><![CDATA[D5FD35D6C7604921BA951B7E0EEE5DC2]]></AD_MODULE_ID>
<!--C856FCB5E4B0459C9C8195AD843D46C9--></AD_DATASET_TABLE>

</data>
