<?xml version="1.0" encoding="UTF-8"?>
<data>
<!--852C609725AB467B89498E83DBE07B61--><AD_DATASET>
<!--852C609725AB467B89498E83DBE07B61-->  <AD_DATASET_ID><![CDATA[852C609725AB467B89498E83DBE07B61]]></AD_DATASET_ID>
<!--852C609725AB467B89498E83DBE07B61-->  <AD_CLIENT_ID><![CDATA[0]]></AD_CLIENT_ID>
<!--852C609725AB467B89498E83DBE07B61-->  <AD_ORG_ID><![CDATA[0]]></AD_ORG_ID>
<!--852C609725AB467B89498E83DBE07B61-->  <ISACTIVE><![CDATA[Y]]></ISACTIVE>
<!--852C609725AB467B89498E83DBE07B61-->  <VALUE><![CDATA[Import Loader Format]]></VALUE>
<!--852C609725AB467B89498E83DBE07B61-->  <NAME><![CDATA[Import Loader Format]]></NAME>
<!--852C609725AB467B89498E83DBE07B61-->  <DESCRIPTION><![CDATA[import loader format for HRIS]]></DESCRIPTION>
<!--852C609725AB467B89498E83DBE07B61-->  <AD_MODULE_ID><![CDATA[D5FD35D6C7604921BA951B7E0EEE5DC2]]></AD_MODULE_ID>
<!--852C609725AB467B89498E83DBE07B61-->  <EXPORT><![CDATA[N]]></EXPORT>
<!--852C609725AB467B89498E83DBE07B61-->  <ACCESSLEVEL><![CDATA[6]]></ACCESSLEVEL>
<!--852C609725AB467B89498E83DBE07B61-->  <EXPORTALLOWED><![CDATA[Y]]></EXPORTALLOWED>
<!--852C609725AB467B89498E83DBE07B61-->  <CHECKSUM><![CDATA[331682420917241526257406046639410396657]]></CHECKSUM>
<!--852C609725AB467B89498E83DBE07B61-->  <SEQNO><![CDATA[130]]></SEQNO>
<!--852C609725AB467B89498E83DBE07B61-->  <ISDEFAULTVALUESDATASET><![CDATA[N]]></ISDEFAULTVALUESDATASET>
<!--852C609725AB467B89498E83DBE07B61--></AD_DATASET>

<!--AB480C4960D04B8ABFC56F6BB789057C--><AD_DATASET>
<!--AB480C4960D04B8ABFC56F6BB789057C-->  <AD_DATASET_ID><![CDATA[AB480C4960D04B8ABFC56F6BB789057C]]></AD_DATASET_ID>
<!--AB480C4960D04B8ABFC56F6BB789057C-->  <AD_CLIENT_ID><![CDATA[0]]></AD_CLIENT_ID>
<!--AB480C4960D04B8ABFC56F6BB789057C-->  <AD_ORG_ID><![CDATA[0]]></AD_ORG_ID>
<!--AB480C4960D04B8ABFC56F6BB789057C-->  <ISACTIVE><![CDATA[Y]]></ISACTIVE>
<!--AB480C4960D04B8ABFC56F6BB789057C-->  <VALUE><![CDATA[HRIS_Emp]]></VALUE>
<!--AB480C4960D04B8ABFC56F6BB789057C-->  <NAME><![CDATA[Change name Business Partner To Employee]]></NAME>
<!--AB480C4960D04B8ABFC56F6BB789057C-->  <AD_MODULE_ID><![CDATA[D5FD35D6C7604921BA951B7E0EEE5DC2]]></AD_MODULE_ID>
<!--AB480C4960D04B8ABFC56F6BB789057C-->  <EXPORT><![CDATA[N]]></EXPORT>
<!--AB480C4960D04B8ABFC56F6BB789057C-->  <ACCESSLEVEL><![CDATA[4]]></ACCESSLEVEL>
<!--AB480C4960D04B8ABFC56F6BB789057C-->  <EXPORTALLOWED><![CDATA[Y]]></EXPORTALLOWED>
<!--AB480C4960D04B8ABFC56F6BB789057C-->  <CHECKSUM><![CDATA[244055588315096221432285948348072020975]]></CHECKSUM>
<!--AB480C4960D04B8ABFC56F6BB789057C-->  <SEQNO><![CDATA[70]]></SEQNO>
<!--AB480C4960D04B8ABFC56F6BB789057C-->  <ISDEFAULTVALUESDATASET><![CDATA[N]]></ISDEFAULTVALUESDATASET>
<!--AB480C4960D04B8ABFC56F6BB789057C--></AD_DATASET>

<!--C4F8DFAD60F94516BDCBD107BE29AB1C--><AD_DATASET>
<!--C4F8DFAD60F94516BDCBD107BE29AB1C-->  <AD_DATASET_ID><![CDATA[C4F8DFAD60F94516BDCBD107BE29AB1C]]></AD_DATASET_ID>
<!--C4F8DFAD60F94516BDCBD107BE29AB1C-->  <AD_CLIENT_ID><![CDATA[0]]></AD_CLIENT_ID>
<!--C4F8DFAD60F94516BDCBD107BE29AB1C-->  <AD_ORG_ID><![CDATA[0]]></AD_ORG_ID>
<!--C4F8DFAD60F94516BDCBD107BE29AB1C-->  <ISACTIVE><![CDATA[Y]]></ISACTIVE>
<!--C4F8DFAD60F94516BDCBD107BE29AB1C-->  <VALUE><![CDATA[HRIS_EmployeeAlert]]></VALUE>
<!--C4F8DFAD60F94516BDCBD107BE29AB1C-->  <NAME><![CDATA[Employee Career Administration Alert]]></NAME>
<!--C4F8DFAD60F94516BDCBD107BE29AB1C-->  <AD_MODULE_ID><![CDATA[D5FD35D6C7604921BA951B7E0EEE5DC2]]></AD_MODULE_ID>
<!--C4F8DFAD60F94516BDCBD107BE29AB1C-->  <EXPORT><![CDATA[N]]></EXPORT>
<!--C4F8DFAD60F94516BDCBD107BE29AB1C-->  <ACCESSLEVEL><![CDATA[4]]></ACCESSLEVEL>
<!--C4F8DFAD60F94516BDCBD107BE29AB1C-->  <EXPORTALLOWED><![CDATA[Y]]></EXPORTALLOWED>
<!--C4F8DFAD60F94516BDCBD107BE29AB1C-->  <CHECKSUM><![CDATA[227874186307226947700830064295648141701]]></CHECKSUM>
<!--C4F8DFAD60F94516BDCBD107BE29AB1C-->  <SEQNO><![CDATA[10]]></SEQNO>
<!--C4F8DFAD60F94516BDCBD107BE29AB1C-->  <ISDEFAULTVALUESDATASET><![CDATA[N]]></ISDEFAULTVALUESDATASET>
<!--C4F8DFAD60F94516BDCBD107BE29AB1C--></AD_DATASET>

</data>
