<?xml version="1.0" encoding="UTF-8"?>
<data>
<!--029F9F916DAC4F2DA77B49E74508E1C9--><AD_FIELDGROUP>
<!--029F9F916DAC4F2DA77B49E74508E1C9-->  <AD_FIELDGROUP_ID><![CDATA[029F9F916DAC4F2DA77B49E74508E1C9]]></AD_FIELDGROUP_ID>
<!--029F9F916DAC4F2DA77B49E74508E1C9-->  <AD_CLIENT_ID><![CDATA[0]]></AD_CLIENT_ID>
<!--029F9F916DAC4F2DA77B49E74508E1C9-->  <AD_ORG_ID><![CDATA[0]]></AD_ORG_ID>
<!--029F9F916DAC4F2DA77B49E74508E1C9-->  <ISACTIVE><![CDATA[Y]]></ISACTIVE>
<!--029F9F916DAC4F2DA77B49E74508E1C9-->  <NAME><![CDATA[Period of Employement]]></NAME>
<!--029F9F916DAC4F2DA77B49E74508E1C9-->  <AD_MODULE_ID><![CDATA[D5FD35D6C7604921BA951B7E0EEE5DC2]]></AD_MODULE_ID>
<!--029F9F916DAC4F2DA77B49E74508E1C9--></AD_FIELDGROUP>

<!--07CD93FFADA2408D85846A30EFD6E372--><AD_FIELDGROUP>
<!--07CD93FFADA2408D85846A30EFD6E372-->  <AD_FIELDGROUP_ID><![CDATA[07CD93FFADA2408D85846A30EFD6E372]]></AD_FIELDGROUP_ID>
<!--07CD93FFADA2408D85846A30EFD6E372-->  <AD_CLIENT_ID><![CDATA[0]]></AD_CLIENT_ID>
<!--07CD93FFADA2408D85846A30EFD6E372-->  <AD_ORG_ID><![CDATA[0]]></AD_ORG_ID>
<!--07CD93FFADA2408D85846A30EFD6E372-->  <ISACTIVE><![CDATA[Y]]></ISACTIVE>
<!--07CD93FFADA2408D85846A30EFD6E372-->  <NAME><![CDATA[Marital Detail]]></NAME>
<!--07CD93FFADA2408D85846A30EFD6E372-->  <AD_MODULE_ID><![CDATA[D5FD35D6C7604921BA951B7E0EEE5DC2]]></AD_MODULE_ID>
<!--07CD93FFADA2408D85846A30EFD6E372-->  <ISCOLLAPSED><![CDATA[Y]]></ISCOLLAPSED>
<!--07CD93FFADA2408D85846A30EFD6E372--></AD_FIELDGROUP>

<!--0BBA860F18474D858615B98F5F40B30B--><AD_FIELDGROUP>
<!--0BBA860F18474D858615B98F5F40B30B-->  <AD_FIELDGROUP_ID><![CDATA[0BBA860F18474D858615B98F5F40B30B]]></AD_FIELDGROUP_ID>
<!--0BBA860F18474D858615B98F5F40B30B-->  <AD_CLIENT_ID><![CDATA[0]]></AD_CLIENT_ID>
<!--0BBA860F18474D858615B98F5F40B30B-->  <AD_ORG_ID><![CDATA[0]]></AD_ORG_ID>
<!--0BBA860F18474D858615B98F5F40B30B-->  <ISACTIVE><![CDATA[Y]]></ISACTIVE>
<!--0BBA860F18474D858615B98F5F40B30B-->  <NAME><![CDATA[Family]]></NAME>
<!--0BBA860F18474D858615B98F5F40B30B-->  <AD_MODULE_ID><![CDATA[D5FD35D6C7604921BA951B7E0EEE5DC2]]></AD_MODULE_ID>
<!--0BBA860F18474D858615B98F5F40B30B--></AD_FIELDGROUP>

<!--11DAD30295774CF7BEE0BA3191DE734E--><AD_FIELDGROUP>
<!--11DAD30295774CF7BEE0BA3191DE734E-->  <AD_FIELDGROUP_ID><![CDATA[11DAD30295774CF7BEE0BA3191DE734E]]></AD_FIELDGROUP_ID>
<!--11DAD30295774CF7BEE0BA3191DE734E-->  <AD_CLIENT_ID><![CDATA[0]]></AD_CLIENT_ID>
<!--11DAD30295774CF7BEE0BA3191DE734E-->  <AD_ORG_ID><![CDATA[0]]></AD_ORG_ID>
<!--11DAD30295774CF7BEE0BA3191DE734E-->  <ISACTIVE><![CDATA[Y]]></ISACTIVE>
<!--11DAD30295774CF7BEE0BA3191DE734E-->  <NAME><![CDATA[Last Education]]></NAME>
<!--11DAD30295774CF7BEE0BA3191DE734E-->  <AD_MODULE_ID><![CDATA[D5FD35D6C7604921BA951B7E0EEE5DC2]]></AD_MODULE_ID>
<!--11DAD30295774CF7BEE0BA3191DE734E-->  <ISCOLLAPSED><![CDATA[N]]></ISCOLLAPSED>
<!--11DAD30295774CF7BEE0BA3191DE734E--></AD_FIELDGROUP>

<!--160DA1E4A91E4720B5AAE49A248581E5--><AD_FIELDGROUP>
<!--160DA1E4A91E4720B5AAE49A248581E5-->  <AD_FIELDGROUP_ID><![CDATA[160DA1E4A91E4720B5AAE49A248581E5]]></AD_FIELDGROUP_ID>
<!--160DA1E4A91E4720B5AAE49A248581E5-->  <AD_CLIENT_ID><![CDATA[0]]></AD_CLIENT_ID>
<!--160DA1E4A91E4720B5AAE49A248581E5-->  <AD_ORG_ID><![CDATA[0]]></AD_ORG_ID>
<!--160DA1E4A91E4720B5AAE49A248581E5-->  <ISACTIVE><![CDATA[Y]]></ISACTIVE>
<!--160DA1E4A91E4720B5AAE49A248581E5-->  <NAME><![CDATA[Education]]></NAME>
<!--160DA1E4A91E4720B5AAE49A248581E5-->  <AD_MODULE_ID><![CDATA[D5FD35D6C7604921BA951B7E0EEE5DC2]]></AD_MODULE_ID>
<!--160DA1E4A91E4720B5AAE49A248581E5-->  <ISCOLLAPSED><![CDATA[N]]></ISCOLLAPSED>
<!--160DA1E4A91E4720B5AAE49A248581E5--></AD_FIELDGROUP>

<!--1B15DBDE35B24A01A4742424F01208A1--><AD_FIELDGROUP>
<!--1B15DBDE35B24A01A4742424F01208A1-->  <AD_FIELDGROUP_ID><![CDATA[1B15DBDE35B24A01A4742424F01208A1]]></AD_FIELDGROUP_ID>
<!--1B15DBDE35B24A01A4742424F01208A1-->  <AD_CLIENT_ID><![CDATA[0]]></AD_CLIENT_ID>
<!--1B15DBDE35B24A01A4742424F01208A1-->  <AD_ORG_ID><![CDATA[0]]></AD_ORG_ID>
<!--1B15DBDE35B24A01A4742424F01208A1-->  <ISACTIVE><![CDATA[Y]]></ISACTIVE>
<!--1B15DBDE35B24A01A4742424F01208A1-->  <NAME><![CDATA[HR Information]]></NAME>
<!--1B15DBDE35B24A01A4742424F01208A1-->  <AD_MODULE_ID><![CDATA[D5FD35D6C7604921BA951B7E0EEE5DC2]]></AD_MODULE_ID>
<!--1B15DBDE35B24A01A4742424F01208A1-->  <ISCOLLAPSED><![CDATA[Y]]></ISCOLLAPSED>
<!--1B15DBDE35B24A01A4742424F01208A1--></AD_FIELDGROUP>

<!--1DA2FAB23DC54C65A4F9843514601864--><AD_FIELDGROUP>
<!--1DA2FAB23DC54C65A4F9843514601864-->  <AD_FIELDGROUP_ID><![CDATA[1DA2FAB23DC54C65A4F9843514601864]]></AD_FIELDGROUP_ID>
<!--1DA2FAB23DC54C65A4F9843514601864-->  <AD_CLIENT_ID><![CDATA[0]]></AD_CLIENT_ID>
<!--1DA2FAB23DC54C65A4F9843514601864-->  <AD_ORG_ID><![CDATA[0]]></AD_ORG_ID>
<!--1DA2FAB23DC54C65A4F9843514601864-->  <ISACTIVE><![CDATA[Y]]></ISACTIVE>
<!--1DA2FAB23DC54C65A4F9843514601864-->  <NAME><![CDATA[Contract Detail]]></NAME>
<!--1DA2FAB23DC54C65A4F9843514601864-->  <AD_MODULE_ID><![CDATA[D5FD35D6C7604921BA951B7E0EEE5DC2]]></AD_MODULE_ID>
<!--1DA2FAB23DC54C65A4F9843514601864-->  <ISCOLLAPSED><![CDATA[N]]></ISCOLLAPSED>
<!--1DA2FAB23DC54C65A4F9843514601864--></AD_FIELDGROUP>

<!--2917805B8C1E48EDA4131CEA27795272--><AD_FIELDGROUP>
<!--2917805B8C1E48EDA4131CEA27795272-->  <AD_FIELDGROUP_ID><![CDATA[2917805B8C1E48EDA4131CEA27795272]]></AD_FIELDGROUP_ID>
<!--2917805B8C1E48EDA4131CEA27795272-->  <AD_CLIENT_ID><![CDATA[0]]></AD_CLIENT_ID>
<!--2917805B8C1E48EDA4131CEA27795272-->  <AD_ORG_ID><![CDATA[0]]></AD_ORG_ID>
<!--2917805B8C1E48EDA4131CEA27795272-->  <ISACTIVE><![CDATA[Y]]></ISACTIVE>
<!--2917805B8C1E48EDA4131CEA27795272-->  <NAME><![CDATA[New Contract]]></NAME>
<!--2917805B8C1E48EDA4131CEA27795272-->  <AD_MODULE_ID><![CDATA[D5FD35D6C7604921BA951B7E0EEE5DC2]]></AD_MODULE_ID>
<!--2917805B8C1E48EDA4131CEA27795272-->  <ISCOLLAPSED><![CDATA[N]]></ISCOLLAPSED>
<!--2917805B8C1E48EDA4131CEA27795272--></AD_FIELDGROUP>

<!--2A85C61A6E39402AA0129E08ACC647BF--><AD_FIELDGROUP>
<!--2A85C61A6E39402AA0129E08ACC647BF-->  <AD_FIELDGROUP_ID><![CDATA[2A85C61A6E39402AA0129E08ACC647BF]]></AD_FIELDGROUP_ID>
<!--2A85C61A6E39402AA0129E08ACC647BF-->  <AD_CLIENT_ID><![CDATA[0]]></AD_CLIENT_ID>
<!--2A85C61A6E39402AA0129E08ACC647BF-->  <AD_ORG_ID><![CDATA[0]]></AD_ORG_ID>
<!--2A85C61A6E39402AA0129E08ACC647BF-->  <ISACTIVE><![CDATA[Y]]></ISACTIVE>
<!--2A85C61A6E39402AA0129E08ACC647BF-->  <NAME><![CDATA[Personal Information]]></NAME>
<!--2A85C61A6E39402AA0129E08ACC647BF-->  <AD_MODULE_ID><![CDATA[D5FD35D6C7604921BA951B7E0EEE5DC2]]></AD_MODULE_ID>
<!--2A85C61A6E39402AA0129E08ACC647BF-->  <ISCOLLAPSED><![CDATA[Y]]></ISCOLLAPSED>
<!--2A85C61A6E39402AA0129E08ACC647BF--></AD_FIELDGROUP>

<!--2DEF53B2E4D346D9B892B2ACF9632D21--><AD_FIELDGROUP>
<!--2DEF53B2E4D346D9B892B2ACF9632D21-->  <AD_FIELDGROUP_ID><![CDATA[2DEF53B2E4D346D9B892B2ACF9632D21]]></AD_FIELDGROUP_ID>
<!--2DEF53B2E4D346D9B892B2ACF9632D21-->  <AD_CLIENT_ID><![CDATA[0]]></AD_CLIENT_ID>
<!--2DEF53B2E4D346D9B892B2ACF9632D21-->  <AD_ORG_ID><![CDATA[0]]></AD_ORG_ID>
<!--2DEF53B2E4D346D9B892B2ACF9632D21-->  <ISACTIVE><![CDATA[Y]]></ISACTIVE>
<!--2DEF53B2E4D346D9B892B2ACF9632D21-->  <NAME><![CDATA[Manufacturing Salary Cost]]></NAME>
<!--2DEF53B2E4D346D9B892B2ACF9632D21-->  <AD_MODULE_ID><![CDATA[D5FD35D6C7604921BA951B7E0EEE5DC2]]></AD_MODULE_ID>
<!--2DEF53B2E4D346D9B892B2ACF9632D21--></AD_FIELDGROUP>

<!--5034FACC09C1471AA71808C03AC65A0F--><AD_FIELDGROUP>
<!--5034FACC09C1471AA71808C03AC65A0F-->  <AD_FIELDGROUP_ID><![CDATA[5034FACC09C1471AA71808C03AC65A0F]]></AD_FIELDGROUP_ID>
<!--5034FACC09C1471AA71808C03AC65A0F-->  <AD_CLIENT_ID><![CDATA[0]]></AD_CLIENT_ID>
<!--5034FACC09C1471AA71808C03AC65A0F-->  <AD_ORG_ID><![CDATA[0]]></AD_ORG_ID>
<!--5034FACC09C1471AA71808C03AC65A0F-->  <ISACTIVE><![CDATA[Y]]></ISACTIVE>
<!--5034FACC09C1471AA71808C03AC65A0F-->  <NAME><![CDATA[Education Permit]]></NAME>
<!--5034FACC09C1471AA71808C03AC65A0F-->  <AD_MODULE_ID><![CDATA[D5FD35D6C7604921BA951B7E0EEE5DC2]]></AD_MODULE_ID>
<!--5034FACC09C1471AA71808C03AC65A0F-->  <ISCOLLAPSED><![CDATA[N]]></ISCOLLAPSED>
<!--5034FACC09C1471AA71808C03AC65A0F--></AD_FIELDGROUP>

<!--514A2505F3AE46FB86E94BD2CBA87CAC--><AD_FIELDGROUP>
<!--514A2505F3AE46FB86E94BD2CBA87CAC-->  <AD_FIELDGROUP_ID><![CDATA[514A2505F3AE46FB86E94BD2CBA87CAC]]></AD_FIELDGROUP_ID>
<!--514A2505F3AE46FB86E94BD2CBA87CAC-->  <AD_CLIENT_ID><![CDATA[0]]></AD_CLIENT_ID>
<!--514A2505F3AE46FB86E94BD2CBA87CAC-->  <AD_ORG_ID><![CDATA[0]]></AD_ORG_ID>
<!--514A2505F3AE46FB86E94BD2CBA87CAC-->  <ISACTIVE><![CDATA[Y]]></ISACTIVE>
<!--514A2505F3AE46FB86E94BD2CBA87CAC-->  <NAME><![CDATA[Ijazah]]></NAME>
<!--514A2505F3AE46FB86E94BD2CBA87CAC-->  <AD_MODULE_ID><![CDATA[D5FD35D6C7604921BA951B7E0EEE5DC2]]></AD_MODULE_ID>
<!--514A2505F3AE46FB86E94BD2CBA87CAC-->  <ISCOLLAPSED><![CDATA[N]]></ISCOLLAPSED>
<!--514A2505F3AE46FB86E94BD2CBA87CAC--></AD_FIELDGROUP>

<!--585394000A4244DFA8B5DE0A343D7A8C--><AD_FIELDGROUP>
<!--585394000A4244DFA8B5DE0A343D7A8C-->  <AD_FIELDGROUP_ID><![CDATA[585394000A4244DFA8B5DE0A343D7A8C]]></AD_FIELDGROUP_ID>
<!--585394000A4244DFA8B5DE0A343D7A8C-->  <AD_CLIENT_ID><![CDATA[0]]></AD_CLIENT_ID>
<!--585394000A4244DFA8B5DE0A343D7A8C-->  <AD_ORG_ID><![CDATA[0]]></AD_ORG_ID>
<!--585394000A4244DFA8B5DE0A343D7A8C-->  <ISACTIVE><![CDATA[Y]]></ISACTIVE>
<!--585394000A4244DFA8B5DE0A343D7A8C-->  <NAME><![CDATA[Letter Of Assingment]]></NAME>
<!--585394000A4244DFA8B5DE0A343D7A8C-->  <AD_MODULE_ID><![CDATA[D5FD35D6C7604921BA951B7E0EEE5DC2]]></AD_MODULE_ID>
<!--585394000A4244DFA8B5DE0A343D7A8C-->  <ISCOLLAPSED><![CDATA[N]]></ISCOLLAPSED>
<!--585394000A4244DFA8B5DE0A343D7A8C--></AD_FIELDGROUP>

<!--5C7A0D09291C4FBFABE83F6B2947A0F5--><AD_FIELDGROUP>
<!--5C7A0D09291C4FBFABE83F6B2947A0F5-->  <AD_FIELDGROUP_ID><![CDATA[5C7A0D09291C4FBFABE83F6B2947A0F5]]></AD_FIELDGROUP_ID>
<!--5C7A0D09291C4FBFABE83F6B2947A0F5-->  <AD_CLIENT_ID><![CDATA[0]]></AD_CLIENT_ID>
<!--5C7A0D09291C4FBFABE83F6B2947A0F5-->  <AD_ORG_ID><![CDATA[0]]></AD_ORG_ID>
<!--5C7A0D09291C4FBFABE83F6B2947A0F5-->  <ISACTIVE><![CDATA[Y]]></ISACTIVE>
<!--5C7A0D09291C4FBFABE83F6B2947A0F5-->  <NAME><![CDATA[Attendance]]></NAME>
<!--5C7A0D09291C4FBFABE83F6B2947A0F5-->  <AD_MODULE_ID><![CDATA[D5FD35D6C7604921BA951B7E0EEE5DC2]]></AD_MODULE_ID>
<!--5C7A0D09291C4FBFABE83F6B2947A0F5-->  <ISCOLLAPSED><![CDATA[N]]></ISCOLLAPSED>
<!--5C7A0D09291C4FBFABE83F6B2947A0F5--></AD_FIELDGROUP>

<!--6576E10DC4864FBEAB75493ED6B26CAD--><AD_FIELDGROUP>
<!--6576E10DC4864FBEAB75493ED6B26CAD-->  <AD_FIELDGROUP_ID><![CDATA[6576E10DC4864FBEAB75493ED6B26CAD]]></AD_FIELDGROUP_ID>
<!--6576E10DC4864FBEAB75493ED6B26CAD-->  <AD_CLIENT_ID><![CDATA[0]]></AD_CLIENT_ID>
<!--6576E10DC4864FBEAB75493ED6B26CAD-->  <AD_ORG_ID><![CDATA[0]]></AD_ORG_ID>
<!--6576E10DC4864FBEAB75493ED6B26CAD-->  <ISACTIVE><![CDATA[Y]]></ISACTIVE>
<!--6576E10DC4864FBEAB75493ED6B26CAD-->  <NAME><![CDATA[Rule]]></NAME>
<!--6576E10DC4864FBEAB75493ED6B26CAD-->  <AD_MODULE_ID><![CDATA[D5FD35D6C7604921BA951B7E0EEE5DC2]]></AD_MODULE_ID>
<!--6576E10DC4864FBEAB75493ED6B26CAD-->  <ISCOLLAPSED><![CDATA[N]]></ISCOLLAPSED>
<!--6576E10DC4864FBEAB75493ED6B26CAD--></AD_FIELDGROUP>

<!--6B01E46CBA0B493FA31045504410A90B--><AD_FIELDGROUP>
<!--6B01E46CBA0B493FA31045504410A90B-->  <AD_FIELDGROUP_ID><![CDATA[6B01E46CBA0B493FA31045504410A90B]]></AD_FIELDGROUP_ID>
<!--6B01E46CBA0B493FA31045504410A90B-->  <AD_CLIENT_ID><![CDATA[0]]></AD_CLIENT_ID>
<!--6B01E46CBA0B493FA31045504410A90B-->  <AD_ORG_ID><![CDATA[0]]></AD_ORG_ID>
<!--6B01E46CBA0B493FA31045504410A90B-->  <ISACTIVE><![CDATA[Y]]></ISACTIVE>
<!--6B01E46CBA0B493FA31045504410A90B-->  <NAME><![CDATA[Menjadi]]></NAME>
<!--6B01E46CBA0B493FA31045504410A90B-->  <AD_MODULE_ID><![CDATA[D5FD35D6C7604921BA951B7E0EEE5DC2]]></AD_MODULE_ID>
<!--6B01E46CBA0B493FA31045504410A90B-->  <ISCOLLAPSED><![CDATA[N]]></ISCOLLAPSED>
<!--6B01E46CBA0B493FA31045504410A90B--></AD_FIELDGROUP>

<!--824CD0F89D8E4C5CBD2F944DDDBE6F28--><AD_FIELDGROUP>
<!--824CD0F89D8E4C5CBD2F944DDDBE6F28-->  <AD_FIELDGROUP_ID><![CDATA[824CD0F89D8E4C5CBD2F944DDDBE6F28]]></AD_FIELDGROUP_ID>
<!--824CD0F89D8E4C5CBD2F944DDDBE6F28-->  <AD_CLIENT_ID><![CDATA[0]]></AD_CLIENT_ID>
<!--824CD0F89D8E4C5CBD2F944DDDBE6F28-->  <AD_ORG_ID><![CDATA[0]]></AD_ORG_ID>
<!--824CD0F89D8E4C5CBD2F944DDDBE6F28-->  <ISACTIVE><![CDATA[Y]]></ISACTIVE>
<!--824CD0F89D8E4C5CBD2F944DDDBE6F28-->  <NAME><![CDATA[Pemohon]]></NAME>
<!--824CD0F89D8E4C5CBD2F944DDDBE6F28-->  <AD_MODULE_ID><![CDATA[D5FD35D6C7604921BA951B7E0EEE5DC2]]></AD_MODULE_ID>
<!--824CD0F89D8E4C5CBD2F944DDDBE6F28-->  <ISCOLLAPSED><![CDATA[N]]></ISCOLLAPSED>
<!--824CD0F89D8E4C5CBD2F944DDDBE6F28--></AD_FIELDGROUP>

<!--8628ED408ADA4946931F9978956A6097--><AD_FIELDGROUP>
<!--8628ED408ADA4946931F9978956A6097-->  <AD_FIELDGROUP_ID><![CDATA[8628ED408ADA4946931F9978956A6097]]></AD_FIELDGROUP_ID>
<!--8628ED408ADA4946931F9978956A6097-->  <AD_CLIENT_ID><![CDATA[0]]></AD_CLIENT_ID>
<!--8628ED408ADA4946931F9978956A6097-->  <AD_ORG_ID><![CDATA[0]]></AD_ORG_ID>
<!--8628ED408ADA4946931F9978956A6097-->  <ISACTIVE><![CDATA[Y]]></ISACTIVE>
<!--8628ED408ADA4946931F9978956A6097-->  <NAME><![CDATA[Izin Belajar]]></NAME>
<!--8628ED408ADA4946931F9978956A6097-->  <AD_MODULE_ID><![CDATA[D5FD35D6C7604921BA951B7E0EEE5DC2]]></AD_MODULE_ID>
<!--8628ED408ADA4946931F9978956A6097-->  <ISCOLLAPSED><![CDATA[N]]></ISCOLLAPSED>
<!--8628ED408ADA4946931F9978956A6097--></AD_FIELDGROUP>

<!--90A5AFAC9341491EBD135140B4629BDA--><AD_FIELDGROUP>
<!--90A5AFAC9341491EBD135140B4629BDA-->  <AD_FIELDGROUP_ID><![CDATA[90A5AFAC9341491EBD135140B4629BDA]]></AD_FIELDGROUP_ID>
<!--90A5AFAC9341491EBD135140B4629BDA-->  <AD_CLIENT_ID><![CDATA[0]]></AD_CLIENT_ID>
<!--90A5AFAC9341491EBD135140B4629BDA-->  <AD_ORG_ID><![CDATA[0]]></AD_ORG_ID>
<!--90A5AFAC9341491EBD135140B4629BDA-->  <ISACTIVE><![CDATA[Y]]></ISACTIVE>
<!--90A5AFAC9341491EBD135140B4629BDA-->  <NAME><![CDATA[Education Detail]]></NAME>
<!--90A5AFAC9341491EBD135140B4629BDA-->  <AD_MODULE_ID><![CDATA[D5FD35D6C7604921BA951B7E0EEE5DC2]]></AD_MODULE_ID>
<!--90A5AFAC9341491EBD135140B4629BDA-->  <ISCOLLAPSED><![CDATA[N]]></ISCOLLAPSED>
<!--90A5AFAC9341491EBD135140B4629BDA--></AD_FIELDGROUP>

<!--916031DA22A24BB7A9E0EF9D4B353750--><AD_FIELDGROUP>
<!--916031DA22A24BB7A9E0EF9D4B353750-->  <AD_FIELDGROUP_ID><![CDATA[916031DA22A24BB7A9E0EF9D4B353750]]></AD_FIELDGROUP_ID>
<!--916031DA22A24BB7A9E0EF9D4B353750-->  <AD_CLIENT_ID><![CDATA[0]]></AD_CLIENT_ID>
<!--916031DA22A24BB7A9E0EF9D4B353750-->  <AD_ORG_ID><![CDATA[0]]></AD_ORG_ID>
<!--916031DA22A24BB7A9E0EF9D4B353750-->  <ISACTIVE><![CDATA[Y]]></ISACTIVE>
<!--916031DA22A24BB7A9E0EF9D4B353750-->  <NAME><![CDATA[Old Contract]]></NAME>
<!--916031DA22A24BB7A9E0EF9D4B353750-->  <AD_MODULE_ID><![CDATA[D5FD35D6C7604921BA951B7E0EEE5DC2]]></AD_MODULE_ID>
<!--916031DA22A24BB7A9E0EF9D4B353750-->  <ISCOLLAPSED><![CDATA[N]]></ISCOLLAPSED>
<!--916031DA22A24BB7A9E0EF9D4B353750--></AD_FIELDGROUP>

<!--9CFCE44709314D03B99A4A9E9E14DBD4--><AD_FIELDGROUP>
<!--9CFCE44709314D03B99A4A9E9E14DBD4-->  <AD_FIELDGROUP_ID><![CDATA[9CFCE44709314D03B99A4A9E9E14DBD4]]></AD_FIELDGROUP_ID>
<!--9CFCE44709314D03B99A4A9E9E14DBD4-->  <AD_CLIENT_ID><![CDATA[0]]></AD_CLIENT_ID>
<!--9CFCE44709314D03B99A4A9E9E14DBD4-->  <AD_ORG_ID><![CDATA[0]]></AD_ORG_ID>
<!--9CFCE44709314D03B99A4A9E9E14DBD4-->  <ISACTIVE><![CDATA[Y]]></ISACTIVE>
<!--9CFCE44709314D03B99A4A9E9E14DBD4-->  <NAME><![CDATA[Employement Candidate]]></NAME>
<!--9CFCE44709314D03B99A4A9E9E14DBD4-->  <AD_MODULE_ID><![CDATA[D5FD35D6C7604921BA951B7E0EEE5DC2]]></AD_MODULE_ID>
<!--9CFCE44709314D03B99A4A9E9E14DBD4-->  <ISCOLLAPSED><![CDATA[N]]></ISCOLLAPSED>
<!--9CFCE44709314D03B99A4A9E9E14DBD4--></AD_FIELDGROUP>

<!--B73F04F510164EFC8CF3081D8CAAA0BB--><AD_FIELDGROUP>
<!--B73F04F510164EFC8CF3081D8CAAA0BB-->  <AD_FIELDGROUP_ID><![CDATA[B73F04F510164EFC8CF3081D8CAAA0BB]]></AD_FIELDGROUP_ID>
<!--B73F04F510164EFC8CF3081D8CAAA0BB-->  <AD_CLIENT_ID><![CDATA[0]]></AD_CLIENT_ID>
<!--B73F04F510164EFC8CF3081D8CAAA0BB-->  <AD_ORG_ID><![CDATA[0]]></AD_ORG_ID>
<!--B73F04F510164EFC8CF3081D8CAAA0BB-->  <ISACTIVE><![CDATA[Y]]></ISACTIVE>
<!--B73F04F510164EFC8CF3081D8CAAA0BB-->  <NAME><![CDATA[Link to Employee Candidate Window]]></NAME>
<!--B73F04F510164EFC8CF3081D8CAAA0BB-->  <AD_MODULE_ID><![CDATA[D5FD35D6C7604921BA951B7E0EEE5DC2]]></AD_MODULE_ID>
<!--B73F04F510164EFC8CF3081D8CAAA0BB-->  <ISCOLLAPSED><![CDATA[N]]></ISCOLLAPSED>
<!--B73F04F510164EFC8CF3081D8CAAA0BB--></AD_FIELDGROUP>

<!--B9BAD1C7AC264B7687A304E848A64D30--><AD_FIELDGROUP>
<!--B9BAD1C7AC264B7687A304E848A64D30-->  <AD_FIELDGROUP_ID><![CDATA[B9BAD1C7AC264B7687A304E848A64D30]]></AD_FIELDGROUP_ID>
<!--B9BAD1C7AC264B7687A304E848A64D30-->  <AD_CLIENT_ID><![CDATA[0]]></AD_CLIENT_ID>
<!--B9BAD1C7AC264B7687A304E848A64D30-->  <AD_ORG_ID><![CDATA[0]]></AD_ORG_ID>
<!--B9BAD1C7AC264B7687A304E848A64D30-->  <ISACTIVE><![CDATA[Y]]></ISACTIVE>
<!--B9BAD1C7AC264B7687A304E848A64D30-->  <NAME><![CDATA[Leave Information]]></NAME>
<!--B9BAD1C7AC264B7687A304E848A64D30-->  <AD_MODULE_ID><![CDATA[D5FD35D6C7604921BA951B7E0EEE5DC2]]></AD_MODULE_ID>
<!--B9BAD1C7AC264B7687A304E848A64D30--></AD_FIELDGROUP>

<!--BEE454DC012C4E4F9584C1E50493C095--><AD_FIELDGROUP>
<!--BEE454DC012C4E4F9584C1E50493C095-->  <AD_FIELDGROUP_ID><![CDATA[BEE454DC012C4E4F9584C1E50493C095]]></AD_FIELDGROUP_ID>
<!--BEE454DC012C4E4F9584C1E50493C095-->  <AD_CLIENT_ID><![CDATA[0]]></AD_CLIENT_ID>
<!--BEE454DC012C4E4F9584C1E50493C095-->  <AD_ORG_ID><![CDATA[0]]></AD_ORG_ID>
<!--BEE454DC012C4E4F9584C1E50493C095-->  <ISACTIVE><![CDATA[Y]]></ISACTIVE>
<!--BEE454DC012C4E4F9584C1E50493C095-->  <NAME><![CDATA[Saat Ini]]></NAME>
<!--BEE454DC012C4E4F9584C1E50493C095-->  <AD_MODULE_ID><![CDATA[D5FD35D6C7604921BA951B7E0EEE5DC2]]></AD_MODULE_ID>
<!--BEE454DC012C4E4F9584C1E50493C095-->  <ISCOLLAPSED><![CDATA[N]]></ISCOLLAPSED>
<!--BEE454DC012C4E4F9584C1E50493C095--></AD_FIELDGROUP>

<!--BF8BF58D4D0C4D3392DC4BB6FC401BB8--><AD_FIELDGROUP>
<!--BF8BF58D4D0C4D3392DC4BB6FC401BB8-->  <AD_FIELDGROUP_ID><![CDATA[BF8BF58D4D0C4D3392DC4BB6FC401BB8]]></AD_FIELDGROUP_ID>
<!--BF8BF58D4D0C4D3392DC4BB6FC401BB8-->  <AD_CLIENT_ID><![CDATA[0]]></AD_CLIENT_ID>
<!--BF8BF58D4D0C4D3392DC4BB6FC401BB8-->  <AD_ORG_ID><![CDATA[0]]></AD_ORG_ID>
<!--BF8BF58D4D0C4D3392DC4BB6FC401BB8-->  <ISACTIVE><![CDATA[Y]]></ISACTIVE>
<!--BF8BF58D4D0C4D3392DC4BB6FC401BB8-->  <NAME><![CDATA[Employee]]></NAME>
<!--BF8BF58D4D0C4D3392DC4BB6FC401BB8-->  <AD_MODULE_ID><![CDATA[D5FD35D6C7604921BA951B7E0EEE5DC2]]></AD_MODULE_ID>
<!--BF8BF58D4D0C4D3392DC4BB6FC401BB8-->  <ISCOLLAPSED><![CDATA[N]]></ISCOLLAPSED>
<!--BF8BF58D4D0C4D3392DC4BB6FC401BB8--></AD_FIELDGROUP>

<!--C31CC899BD924813A984981E9BA12DD3--><AD_FIELDGROUP>
<!--C31CC899BD924813A984981E9BA12DD3-->  <AD_FIELDGROUP_ID><![CDATA[C31CC899BD924813A984981E9BA12DD3]]></AD_FIELDGROUP_ID>
<!--C31CC899BD924813A984981E9BA12DD3-->  <AD_CLIENT_ID><![CDATA[0]]></AD_CLIENT_ID>
<!--C31CC899BD924813A984981E9BA12DD3-->  <AD_ORG_ID><![CDATA[0]]></AD_ORG_ID>
<!--C31CC899BD924813A984981E9BA12DD3-->  <ISACTIVE><![CDATA[Y]]></ISACTIVE>
<!--C31CC899BD924813A984981E9BA12DD3-->  <NAME><![CDATA[Employment Information]]></NAME>
<!--C31CC899BD924813A984981E9BA12DD3-->  <AD_MODULE_ID><![CDATA[D5FD35D6C7604921BA951B7E0EEE5DC2]]></AD_MODULE_ID>
<!--C31CC899BD924813A984981E9BA12DD3-->  <ISCOLLAPSED><![CDATA[N]]></ISCOLLAPSED>
<!--C31CC899BD924813A984981E9BA12DD3--></AD_FIELDGROUP>

<!--EF9EAD9CCF1642838C2C5F2F492A5CCD--><AD_FIELDGROUP>
<!--EF9EAD9CCF1642838C2C5F2F492A5CCD-->  <AD_FIELDGROUP_ID><![CDATA[EF9EAD9CCF1642838C2C5F2F492A5CCD]]></AD_FIELDGROUP_ID>
<!--EF9EAD9CCF1642838C2C5F2F492A5CCD-->  <AD_CLIENT_ID><![CDATA[0]]></AD_CLIENT_ID>
<!--EF9EAD9CCF1642838C2C5F2F492A5CCD-->  <AD_ORG_ID><![CDATA[0]]></AD_ORG_ID>
<!--EF9EAD9CCF1642838C2C5F2F492A5CCD-->  <ISACTIVE><![CDATA[Y]]></ISACTIVE>
<!--EF9EAD9CCF1642838C2C5F2F492A5CCD-->  <NAME><![CDATA[Location]]></NAME>
<!--EF9EAD9CCF1642838C2C5F2F492A5CCD-->  <AD_MODULE_ID><![CDATA[D5FD35D6C7604921BA951B7E0EEE5DC2]]></AD_MODULE_ID>
<!--EF9EAD9CCF1642838C2C5F2F492A5CCD-->  <ISCOLLAPSED><![CDATA[N]]></ISCOLLAPSED>
<!--EF9EAD9CCF1642838C2C5F2F492A5CCD--></AD_FIELDGROUP>

<!--F5F3A6088FF34AD8A7C526B08C196383--><AD_FIELDGROUP>
<!--F5F3A6088FF34AD8A7C526B08C196383-->  <AD_FIELDGROUP_ID><![CDATA[F5F3A6088FF34AD8A7C526B08C196383]]></AD_FIELDGROUP_ID>
<!--F5F3A6088FF34AD8A7C526B08C196383-->  <AD_CLIENT_ID><![CDATA[0]]></AD_CLIENT_ID>
<!--F5F3A6088FF34AD8A7C526B08C196383-->  <AD_ORG_ID><![CDATA[0]]></AD_ORG_ID>
<!--F5F3A6088FF34AD8A7C526B08C196383-->  <ISACTIVE><![CDATA[Y]]></ISACTIVE>
<!--F5F3A6088FF34AD8A7C526B08C196383-->  <NAME><![CDATA[Education Certificate]]></NAME>
<!--F5F3A6088FF34AD8A7C526B08C196383-->  <AD_MODULE_ID><![CDATA[D5FD35D6C7604921BA951B7E0EEE5DC2]]></AD_MODULE_ID>
<!--F5F3A6088FF34AD8A7C526B08C196383-->  <ISCOLLAPSED><![CDATA[N]]></ISCOLLAPSED>
<!--F5F3A6088FF34AD8A7C526B08C196383--></AD_FIELDGROUP>

<!--FEBCE316F33442C8AE970E8843C60035--><AD_FIELDGROUP>
<!--FEBCE316F33442C8AE970E8843C60035-->  <AD_FIELDGROUP_ID><![CDATA[FEBCE316F33442C8AE970E8843C60035]]></AD_FIELDGROUP_ID>
<!--FEBCE316F33442C8AE970E8843C60035-->  <AD_CLIENT_ID><![CDATA[0]]></AD_CLIENT_ID>
<!--FEBCE316F33442C8AE970E8843C60035-->  <AD_ORG_ID><![CDATA[0]]></AD_ORG_ID>
<!--FEBCE316F33442C8AE970E8843C60035-->  <ISACTIVE><![CDATA[Y]]></ISACTIVE>
<!--FEBCE316F33442C8AE970E8843C60035-->  <NAME><![CDATA[Biaya Pindah]]></NAME>
<!--FEBCE316F33442C8AE970E8843C60035-->  <AD_MODULE_ID><![CDATA[D5FD35D6C7604921BA951B7E0EEE5DC2]]></AD_MODULE_ID>
<!--FEBCE316F33442C8AE970E8843C60035-->  <ISCOLLAPSED><![CDATA[N]]></ISCOLLAPSED>
<!--FEBCE316F33442C8AE970E8843C60035--></AD_FIELDGROUP>

</data>
