<?xml version="1.0" encoding="UTF-8"?>
<data>
<!--2AD2EFE50867468199D7754F887BF7C0--><AD_MODULE_DBPREFIX>
<!--2AD2EFE50867468199D7754F887BF7C0-->  <AD_MODULE_DBPREFIX_ID><![CDATA[2AD2EFE50867468199D7754F887BF7C0]]></AD_MODULE_DBPREFIX_ID>
<!--2AD2EFE50867468199D7754F887BF7C0-->  <AD_CLIENT_ID><![CDATA[0]]></AD_CLIENT_ID>
<!--2AD2EFE50867468199D7754F887BF7C0-->  <AD_ORG_ID><![CDATA[0]]></AD_ORG_ID>
<!--2AD2EFE50867468199D7754F887BF7C0-->  <ISACTIVE><![CDATA[Y]]></ISACTIVE>
<!--2AD2EFE50867468199D7754F887BF7C0-->  <AD_MODULE_ID><![CDATA[D5FD35D6C7604921BA951B7E0EEE5DC2]]></AD_MODULE_ID>
<!--2AD2EFE50867468199D7754F887BF7C0-->  <NAME><![CDATA[HRIS]]></NAME>
<!--2AD2EFE50867468199D7754F887BF7C0--></AD_MODULE_DBPREFIX>

</data>
