<?xml version="1.0" encoding="UTF-8"?>
<data>
<!--00418FA96E6147638AB881615A0B1EEC--><AD_MENU>
<!--00418FA96E6147638AB881615A0B1EEC-->  <AD_MENU_ID><![CDATA[00418FA96E6147638AB881615A0B1EEC]]></AD_MENU_ID>
<!--00418FA96E6147638AB881615A0B1EEC-->  <AD_CLIENT_ID><![CDATA[0]]></AD_CLIENT_ID>
<!--00418FA96E6147638AB881615A0B1EEC-->  <AD_ORG_ID><![CDATA[0]]></AD_ORG_ID>
<!--00418FA96E6147638AB881615A0B1EEC-->  <ISACTIVE><![CDATA[Y]]></ISACTIVE>
<!--00418FA96E6147638AB881615A0B1EEC-->  <NAME><![CDATA[KPI Category]]></NAME>
<!--00418FA96E6147638AB881615A0B1EEC-->  <DESCRIPTION><![CDATA[KPI Category]]></DESCRIPTION>
<!--00418FA96E6147638AB881615A0B1EEC-->  <ISSUMMARY><![CDATA[N]]></ISSUMMARY>
<!--00418FA96E6147638AB881615A0B1EEC-->  <ACTION><![CDATA[W]]></ACTION>
<!--00418FA96E6147638AB881615A0B1EEC-->  <AD_WINDOW_ID><![CDATA[060FAB0B68F34794A28C31FF16AA1DFC]]></AD_WINDOW_ID>
<!--00418FA96E6147638AB881615A0B1EEC-->  <AD_MODULE_ID><![CDATA[D5FD35D6C7604921BA951B7E0EEE5DC2]]></AD_MODULE_ID>
<!--00418FA96E6147638AB881615A0B1EEC-->  <OPENLINKINBROWSER><![CDATA[N]]></OPENLINKINBROWSER>
<!--00418FA96E6147638AB881615A0B1EEC--></AD_MENU>

<!--01DF7C8BC47A4FAE9A95F16EE3901580--><AD_MENU>
<!--01DF7C8BC47A4FAE9A95F16EE3901580-->  <AD_MENU_ID><![CDATA[01DF7C8BC47A4FAE9A95F16EE3901580]]></AD_MENU_ID>
<!--01DF7C8BC47A4FAE9A95F16EE3901580-->  <AD_CLIENT_ID><![CDATA[0]]></AD_CLIENT_ID>
<!--01DF7C8BC47A4FAE9A95F16EE3901580-->  <AD_ORG_ID><![CDATA[0]]></AD_ORG_ID>
<!--01DF7C8BC47A4FAE9A95F16EE3901580-->  <ISACTIVE><![CDATA[Y]]></ISACTIVE>
<!--01DF7C8BC47A4FAE9A95F16EE3901580-->  <NAME><![CDATA[Education Permit]]></NAME>
<!--01DF7C8BC47A4FAE9A95F16EE3901580-->  <ISSUMMARY><![CDATA[N]]></ISSUMMARY>
<!--01DF7C8BC47A4FAE9A95F16EE3901580-->  <ACTION><![CDATA[W]]></ACTION>
<!--01DF7C8BC47A4FAE9A95F16EE3901580-->  <AD_WINDOW_ID><![CDATA[3368E8A2061F441FA95B9A9CB60EBB56]]></AD_WINDOW_ID>
<!--01DF7C8BC47A4FAE9A95F16EE3901580-->  <AD_MODULE_ID><![CDATA[D5FD35D6C7604921BA951B7E0EEE5DC2]]></AD_MODULE_ID>
<!--01DF7C8BC47A4FAE9A95F16EE3901580-->  <OPENLINKINBROWSER><![CDATA[N]]></OPENLINKINBROWSER>
<!--01DF7C8BC47A4FAE9A95F16EE3901580--></AD_MENU>

<!--04E3253C80F94C718651383489CD4FF4--><AD_MENU>
<!--04E3253C80F94C718651383489CD4FF4-->  <AD_MENU_ID><![CDATA[04E3253C80F94C718651383489CD4FF4]]></AD_MENU_ID>
<!--04E3253C80F94C718651383489CD4FF4-->  <AD_CLIENT_ID><![CDATA[0]]></AD_CLIENT_ID>
<!--04E3253C80F94C718651383489CD4FF4-->  <AD_ORG_ID><![CDATA[0]]></AD_ORG_ID>
<!--04E3253C80F94C718651383489CD4FF4-->  <ISACTIVE><![CDATA[Y]]></ISACTIVE>
<!--04E3253C80F94C718651383489CD4FF4-->  <NAME><![CDATA[Certificate/License Catalogue]]></NAME>
<!--04E3253C80F94C718651383489CD4FF4-->  <ISSUMMARY><![CDATA[N]]></ISSUMMARY>
<!--04E3253C80F94C718651383489CD4FF4-->  <ACTION><![CDATA[W]]></ACTION>
<!--04E3253C80F94C718651383489CD4FF4-->  <AD_WINDOW_ID><![CDATA[969A9247C47547A88A724B0B82EB5B6D]]></AD_WINDOW_ID>
<!--04E3253C80F94C718651383489CD4FF4-->  <AD_MODULE_ID><![CDATA[D5FD35D6C7604921BA951B7E0EEE5DC2]]></AD_MODULE_ID>
<!--04E3253C80F94C718651383489CD4FF4-->  <OPENLINKINBROWSER><![CDATA[N]]></OPENLINKINBROWSER>
<!--04E3253C80F94C718651383489CD4FF4--></AD_MENU>

<!--066996EB27BD45428E204856C07C6A0C--><AD_MENU>
<!--066996EB27BD45428E204856C07C6A0C-->  <AD_MENU_ID><![CDATA[066996EB27BD45428E204856C07C6A0C]]></AD_MENU_ID>
<!--066996EB27BD45428E204856C07C6A0C-->  <AD_CLIENT_ID><![CDATA[0]]></AD_CLIENT_ID>
<!--066996EB27BD45428E204856C07C6A0C-->  <AD_ORG_ID><![CDATA[0]]></AD_ORG_ID>
<!--066996EB27BD45428E204856C07C6A0C-->  <ISACTIVE><![CDATA[Y]]></ISACTIVE>
<!--066996EB27BD45428E204856C07C6A0C-->  <NAME><![CDATA[Required Training Report by Job Title by Personel]]></NAME>
<!--066996EB27BD45428E204856C07C6A0C-->  <DESCRIPTION><![CDATA[Required Training Report by Job Title by Personel]]></DESCRIPTION>
<!--066996EB27BD45428E204856C07C6A0C-->  <ISSUMMARY><![CDATA[N]]></ISSUMMARY>
<!--066996EB27BD45428E204856C07C6A0C-->  <ACTION><![CDATA[P]]></ACTION>
<!--066996EB27BD45428E204856C07C6A0C-->  <AD_PROCESS_ID><![CDATA[29954ADED42947329B05E01379B0C8A2]]></AD_PROCESS_ID>
<!--066996EB27BD45428E204856C07C6A0C-->  <AD_MODULE_ID><![CDATA[D5FD35D6C7604921BA951B7E0EEE5DC2]]></AD_MODULE_ID>
<!--066996EB27BD45428E204856C07C6A0C-->  <OPENLINKINBROWSER><![CDATA[N]]></OPENLINKINBROWSER>
<!--066996EB27BD45428E204856C07C6A0C--></AD_MENU>

<!--0ACB89E153EF40A48F0F453A1EF712F9--><AD_MENU>
<!--0ACB89E153EF40A48F0F453A1EF712F9-->  <AD_MENU_ID><![CDATA[0ACB89E153EF40A48F0F453A1EF712F9]]></AD_MENU_ID>
<!--0ACB89E153EF40A48F0F453A1EF712F9-->  <AD_CLIENT_ID><![CDATA[0]]></AD_CLIENT_ID>
<!--0ACB89E153EF40A48F0F453A1EF712F9-->  <AD_ORG_ID><![CDATA[0]]></AD_ORG_ID>
<!--0ACB89E153EF40A48F0F453A1EF712F9-->  <ISACTIVE><![CDATA[Y]]></ISACTIVE>
<!--0ACB89E153EF40A48F0F453A1EF712F9-->  <NAME><![CDATA[Setup]]></NAME>
<!--0ACB89E153EF40A48F0F453A1EF712F9-->  <DESCRIPTION><![CDATA[Setup For Employee]]></DESCRIPTION>
<!--0ACB89E153EF40A48F0F453A1EF712F9-->  <ISSUMMARY><![CDATA[Y]]></ISSUMMARY>
<!--0ACB89E153EF40A48F0F453A1EF712F9-->  <AD_MODULE_ID><![CDATA[D5FD35D6C7604921BA951B7E0EEE5DC2]]></AD_MODULE_ID>
<!--0ACB89E153EF40A48F0F453A1EF712F9-->  <OPENLINKINBROWSER><![CDATA[N]]></OPENLINKINBROWSER>
<!--0ACB89E153EF40A48F0F453A1EF712F9--></AD_MENU>

<!--0B3F85C844214F79A0CD206AD4334833--><AD_MENU>
<!--0B3F85C844214F79A0CD206AD4334833-->  <AD_MENU_ID><![CDATA[0B3F85C844214F79A0CD206AD4334833]]></AD_MENU_ID>
<!--0B3F85C844214F79A0CD206AD4334833-->  <AD_CLIENT_ID><![CDATA[0]]></AD_CLIENT_ID>
<!--0B3F85C844214F79A0CD206AD4334833-->  <AD_ORG_ID><![CDATA[0]]></AD_ORG_ID>
<!--0B3F85C844214F79A0CD206AD4334833-->  <ISACTIVE><![CDATA[Y]]></ISACTIVE>
<!--0B3F85C844214F79A0CD206AD4334833-->  <NAME><![CDATA[Overtime And Emergency Call]]></NAME>
<!--0B3F85C844214F79A0CD206AD4334833-->  <ISSUMMARY><![CDATA[Y]]></ISSUMMARY>
<!--0B3F85C844214F79A0CD206AD4334833-->  <AD_MODULE_ID><![CDATA[D5FD35D6C7604921BA951B7E0EEE5DC2]]></AD_MODULE_ID>
<!--0B3F85C844214F79A0CD206AD4334833-->  <OPENLINKINBROWSER><![CDATA[N]]></OPENLINKINBROWSER>
<!--0B3F85C844214F79A0CD206AD4334833--></AD_MENU>

<!--0EF2D3B6F1B24618B6BFAEAD12A88A54--><AD_MENU>
<!--0EF2D3B6F1B24618B6BFAEAD12A88A54-->  <AD_MENU_ID><![CDATA[0EF2D3B6F1B24618B6BFAEAD12A88A54]]></AD_MENU_ID>
<!--0EF2D3B6F1B24618B6BFAEAD12A88A54-->  <AD_CLIENT_ID><![CDATA[0]]></AD_CLIENT_ID>
<!--0EF2D3B6F1B24618B6BFAEAD12A88A54-->  <AD_ORG_ID><![CDATA[0]]></AD_ORG_ID>
<!--0EF2D3B6F1B24618B6BFAEAD12A88A54-->  <ISACTIVE><![CDATA[Y]]></ISACTIVE>
<!--0EF2D3B6F1B24618B6BFAEAD12A88A54-->  <NAME><![CDATA[KPI Job Title]]></NAME>
<!--0EF2D3B6F1B24618B6BFAEAD12A88A54-->  <ISSUMMARY><![CDATA[N]]></ISSUMMARY>
<!--0EF2D3B6F1B24618B6BFAEAD12A88A54-->  <ACTION><![CDATA[W]]></ACTION>
<!--0EF2D3B6F1B24618B6BFAEAD12A88A54-->  <AD_WINDOW_ID><![CDATA[7531D0DBE5F84F0BB6DACC328E9B9C39]]></AD_WINDOW_ID>
<!--0EF2D3B6F1B24618B6BFAEAD12A88A54-->  <AD_MODULE_ID><![CDATA[D5FD35D6C7604921BA951B7E0EEE5DC2]]></AD_MODULE_ID>
<!--0EF2D3B6F1B24618B6BFAEAD12A88A54-->  <OPENLINKINBROWSER><![CDATA[N]]></OPENLINKINBROWSER>
<!--0EF2D3B6F1B24618B6BFAEAD12A88A54--></AD_MENU>

<!--15A62031828049C4B3570446231F0AF7--><AD_MENU>
<!--15A62031828049C4B3570446231F0AF7-->  <AD_MENU_ID><![CDATA[15A62031828049C4B3570446231F0AF7]]></AD_MENU_ID>
<!--15A62031828049C4B3570446231F0AF7-->  <AD_CLIENT_ID><![CDATA[0]]></AD_CLIENT_ID>
<!--15A62031828049C4B3570446231F0AF7-->  <AD_ORG_ID><![CDATA[0]]></AD_ORG_ID>
<!--15A62031828049C4B3570446231F0AF7-->  <ISACTIVE><![CDATA[Y]]></ISACTIVE>
<!--15A62031828049C4B3570446231F0AF7-->  <NAME><![CDATA[Import Employee Candidate]]></NAME>
<!--15A62031828049C4B3570446231F0AF7-->  <ISSUMMARY><![CDATA[N]]></ISSUMMARY>
<!--15A62031828049C4B3570446231F0AF7-->  <ACTION><![CDATA[W]]></ACTION>
<!--15A62031828049C4B3570446231F0AF7-->  <AD_WINDOW_ID><![CDATA[4D26E44245394F20A232A6B4185C8EC1]]></AD_WINDOW_ID>
<!--15A62031828049C4B3570446231F0AF7-->  <AD_MODULE_ID><![CDATA[D5FD35D6C7604921BA951B7E0EEE5DC2]]></AD_MODULE_ID>
<!--15A62031828049C4B3570446231F0AF7-->  <OPENLINKINBROWSER><![CDATA[N]]></OPENLINKINBROWSER>
<!--15A62031828049C4B3570446231F0AF7--></AD_MENU>

<!--1A1BD4AF1A2D44A2912857FBA6511EA3--><AD_MENU>
<!--1A1BD4AF1A2D44A2912857FBA6511EA3-->  <AD_MENU_ID><![CDATA[1A1BD4AF1A2D44A2912857FBA6511EA3]]></AD_MENU_ID>
<!--1A1BD4AF1A2D44A2912857FBA6511EA3-->  <AD_CLIENT_ID><![CDATA[0]]></AD_CLIENT_ID>
<!--1A1BD4AF1A2D44A2912857FBA6511EA3-->  <AD_ORG_ID><![CDATA[0]]></AD_ORG_ID>
<!--1A1BD4AF1A2D44A2912857FBA6511EA3-->  <ISACTIVE><![CDATA[Y]]></ISACTIVE>
<!--1A1BD4AF1A2D44A2912857FBA6511EA3-->  <NAME><![CDATA[Insurance Membership]]></NAME>
<!--1A1BD4AF1A2D44A2912857FBA6511EA3-->  <ISSUMMARY><![CDATA[N]]></ISSUMMARY>
<!--1A1BD4AF1A2D44A2912857FBA6511EA3-->  <ACTION><![CDATA[W]]></ACTION>
<!--1A1BD4AF1A2D44A2912857FBA6511EA3-->  <AD_WINDOW_ID><![CDATA[1024136922A64FB9ABDDC959A6BF131E]]></AD_WINDOW_ID>
<!--1A1BD4AF1A2D44A2912857FBA6511EA3-->  <AD_MODULE_ID><![CDATA[D5FD35D6C7604921BA951B7E0EEE5DC2]]></AD_MODULE_ID>
<!--1A1BD4AF1A2D44A2912857FBA6511EA3-->  <OPENLINKINBROWSER><![CDATA[N]]></OPENLINKINBROWSER>
<!--1A1BD4AF1A2D44A2912857FBA6511EA3--></AD_MENU>

<!--257EB730106844DDA919105E3C66E94B--><AD_MENU>
<!--257EB730106844DDA919105E3C66E94B-->  <AD_MENU_ID><![CDATA[257EB730106844DDA919105E3C66E94B]]></AD_MENU_ID>
<!--257EB730106844DDA919105E3C66E94B-->  <AD_CLIENT_ID><![CDATA[0]]></AD_CLIENT_ID>
<!--257EB730106844DDA919105E3C66E94B-->  <AD_ORG_ID><![CDATA[0]]></AD_ORG_ID>
<!--257EB730106844DDA919105E3C66E94B-->  <ISACTIVE><![CDATA[Y]]></ISACTIVE>
<!--257EB730106844DDA919105E3C66E94B-->  <NAME><![CDATA[Salary Back Payment]]></NAME>
<!--257EB730106844DDA919105E3C66E94B-->  <ISSUMMARY><![CDATA[N]]></ISSUMMARY>
<!--257EB730106844DDA919105E3C66E94B-->  <ACTION><![CDATA[W]]></ACTION>
<!--257EB730106844DDA919105E3C66E94B-->  <AD_WINDOW_ID><![CDATA[7FD62F31F5634FF5BD3617E9A1FA8B6C]]></AD_WINDOW_ID>
<!--257EB730106844DDA919105E3C66E94B-->  <AD_MODULE_ID><![CDATA[D5FD35D6C7604921BA951B7E0EEE5DC2]]></AD_MODULE_ID>
<!--257EB730106844DDA919105E3C66E94B-->  <OPENLINKINBROWSER><![CDATA[N]]></OPENLINKINBROWSER>
<!--257EB730106844DDA919105E3C66E94B--></AD_MENU>

<!--2D0D34BA2CFB4B8DAECE935948C3DF31--><AD_MENU>
<!--2D0D34BA2CFB4B8DAECE935948C3DF31-->  <AD_MENU_ID><![CDATA[2D0D34BA2CFB4B8DAECE935948C3DF31]]></AD_MENU_ID>
<!--2D0D34BA2CFB4B8DAECE935948C3DF31-->  <AD_CLIENT_ID><![CDATA[0]]></AD_CLIENT_ID>
<!--2D0D34BA2CFB4B8DAECE935948C3DF31-->  <AD_ORG_ID><![CDATA[0]]></AD_ORG_ID>
<!--2D0D34BA2CFB4B8DAECE935948C3DF31-->  <ISACTIVE><![CDATA[Y]]></ISACTIVE>
<!--2D0D34BA2CFB4B8DAECE935948C3DF31-->  <NAME><![CDATA[ARCI Matrix Report]]></NAME>
<!--2D0D34BA2CFB4B8DAECE935948C3DF31-->  <DESCRIPTION><![CDATA[Print ARCI Matrix]]></DESCRIPTION>
<!--2D0D34BA2CFB4B8DAECE935948C3DF31-->  <ISSUMMARY><![CDATA[N]]></ISSUMMARY>
<!--2D0D34BA2CFB4B8DAECE935948C3DF31-->  <ACTION><![CDATA[P]]></ACTION>
<!--2D0D34BA2CFB4B8DAECE935948C3DF31-->  <AD_PROCESS_ID><![CDATA[2CFFB51D2FB04D85B18AAD4C1741FED3]]></AD_PROCESS_ID>
<!--2D0D34BA2CFB4B8DAECE935948C3DF31-->  <AD_MODULE_ID><![CDATA[D5FD35D6C7604921BA951B7E0EEE5DC2]]></AD_MODULE_ID>
<!--2D0D34BA2CFB4B8DAECE935948C3DF31-->  <OPENLINKINBROWSER><![CDATA[N]]></OPENLINKINBROWSER>
<!--2D0D34BA2CFB4B8DAECE935948C3DF31--></AD_MENU>

<!--2F278DAD5C88482295BD7F302681D2FF--><AD_MENU>
<!--2F278DAD5C88482295BD7F302681D2FF-->  <AD_MENU_ID><![CDATA[2F278DAD5C88482295BD7F302681D2FF]]></AD_MENU_ID>
<!--2F278DAD5C88482295BD7F302681D2FF-->  <AD_CLIENT_ID><![CDATA[0]]></AD_CLIENT_ID>
<!--2F278DAD5C88482295BD7F302681D2FF-->  <AD_ORG_ID><![CDATA[0]]></AD_ORG_ID>
<!--2F278DAD5C88482295BD7F302681D2FF-->  <ISACTIVE><![CDATA[Y]]></ISACTIVE>
<!--2F278DAD5C88482295BD7F302681D2FF-->  <NAME><![CDATA[Job Title]]></NAME>
<!--2F278DAD5C88482295BD7F302681D2FF-->  <DESCRIPTION><![CDATA[Job Title]]></DESCRIPTION>
<!--2F278DAD5C88482295BD7F302681D2FF-->  <ISSUMMARY><![CDATA[N]]></ISSUMMARY>
<!--2F278DAD5C88482295BD7F302681D2FF-->  <ACTION><![CDATA[W]]></ACTION>
<!--2F278DAD5C88482295BD7F302681D2FF-->  <AD_WINDOW_ID><![CDATA[51BC2F45125544458B939C3040B69A43]]></AD_WINDOW_ID>
<!--2F278DAD5C88482295BD7F302681D2FF-->  <AD_MODULE_ID><![CDATA[D5FD35D6C7604921BA951B7E0EEE5DC2]]></AD_MODULE_ID>
<!--2F278DAD5C88482295BD7F302681D2FF-->  <OPENLINKINBROWSER><![CDATA[N]]></OPENLINKINBROWSER>
<!--2F278DAD5C88482295BD7F302681D2FF--></AD_MENU>

<!--2FCD2323CF074D059991793939C76DCD--><AD_MENU>
<!--2FCD2323CF074D059991793939C76DCD-->  <AD_MENU_ID><![CDATA[2FCD2323CF074D059991793939C76DCD]]></AD_MENU_ID>
<!--2FCD2323CF074D059991793939C76DCD-->  <AD_CLIENT_ID><![CDATA[0]]></AD_CLIENT_ID>
<!--2FCD2323CF074D059991793939C76DCD-->  <AD_ORG_ID><![CDATA[0]]></AD_ORG_ID>
<!--2FCD2323CF074D059991793939C76DCD-->  <ISACTIVE><![CDATA[Y]]></ISACTIVE>
<!--2FCD2323CF074D059991793939C76DCD-->  <NAME><![CDATA[Required Competency Report by Job Title by Personel]]></NAME>
<!--2FCD2323CF074D059991793939C76DCD-->  <DESCRIPTION><![CDATA[Required Competency Report by Job Title by Personel]]></DESCRIPTION>
<!--2FCD2323CF074D059991793939C76DCD-->  <ISSUMMARY><![CDATA[N]]></ISSUMMARY>
<!--2FCD2323CF074D059991793939C76DCD-->  <ACTION><![CDATA[P]]></ACTION>
<!--2FCD2323CF074D059991793939C76DCD-->  <AD_PROCESS_ID><![CDATA[151AE91995A24463A7861B81CB403F43]]></AD_PROCESS_ID>
<!--2FCD2323CF074D059991793939C76DCD-->  <AD_MODULE_ID><![CDATA[D5FD35D6C7604921BA951B7E0EEE5DC2]]></AD_MODULE_ID>
<!--2FCD2323CF074D059991793939C76DCD-->  <OPENLINKINBROWSER><![CDATA[N]]></OPENLINKINBROWSER>
<!--2FCD2323CF074D059991793939C76DCD--></AD_MENU>

<!--31F781A1053A437DBA7D8ECF33F529B0--><AD_MENU>
<!--31F781A1053A437DBA7D8ECF33F529B0-->  <AD_MENU_ID><![CDATA[31F781A1053A437DBA7D8ECF33F529B0]]></AD_MENU_ID>
<!--31F781A1053A437DBA7D8ECF33F529B0-->  <AD_CLIENT_ID><![CDATA[0]]></AD_CLIENT_ID>
<!--31F781A1053A437DBA7D8ECF33F529B0-->  <AD_ORG_ID><![CDATA[0]]></AD_ORG_ID>
<!--31F781A1053A437DBA7D8ECF33F529B0-->  <ISACTIVE><![CDATA[Y]]></ISACTIVE>
<!--31F781A1053A437DBA7D8ECF33F529B0-->  <NAME><![CDATA[Training Plan]]></NAME>
<!--31F781A1053A437DBA7D8ECF33F529B0-->  <ISSUMMARY><![CDATA[N]]></ISSUMMARY>
<!--31F781A1053A437DBA7D8ECF33F529B0-->  <ACTION><![CDATA[W]]></ACTION>
<!--31F781A1053A437DBA7D8ECF33F529B0-->  <AD_WINDOW_ID><![CDATA[85C0F38EB78F44CCBCBA96750E077709]]></AD_WINDOW_ID>
<!--31F781A1053A437DBA7D8ECF33F529B0-->  <AD_MODULE_ID><![CDATA[D5FD35D6C7604921BA951B7E0EEE5DC2]]></AD_MODULE_ID>
<!--31F781A1053A437DBA7D8ECF33F529B0-->  <OPENLINKINBROWSER><![CDATA[N]]></OPENLINKINBROWSER>
<!--31F781A1053A437DBA7D8ECF33F529B0--></AD_MENU>

<!--32B72A126F9844E9A7A4A0637450FFBC--><AD_MENU>
<!--32B72A126F9844E9A7A4A0637450FFBC-->  <AD_MENU_ID><![CDATA[32B72A126F9844E9A7A4A0637450FFBC]]></AD_MENU_ID>
<!--32B72A126F9844E9A7A4A0637450FFBC-->  <AD_CLIENT_ID><![CDATA[0]]></AD_CLIENT_ID>
<!--32B72A126F9844E9A7A4A0637450FFBC-->  <AD_ORG_ID><![CDATA[0]]></AD_ORG_ID>
<!--32B72A126F9844E9A7A4A0637450FFBC-->  <ISACTIVE><![CDATA[Y]]></ISACTIVE>
<!--32B72A126F9844E9A7A4A0637450FFBC-->  <NAME><![CDATA[Punishment Classification]]></NAME>
<!--32B72A126F9844E9A7A4A0637450FFBC-->  <ISSUMMARY><![CDATA[N]]></ISSUMMARY>
<!--32B72A126F9844E9A7A4A0637450FFBC-->  <ACTION><![CDATA[W]]></ACTION>
<!--32B72A126F9844E9A7A4A0637450FFBC-->  <AD_WINDOW_ID><![CDATA[CB34CF8E36F248C1BE7B258319F53874]]></AD_WINDOW_ID>
<!--32B72A126F9844E9A7A4A0637450FFBC-->  <AD_MODULE_ID><![CDATA[D5FD35D6C7604921BA951B7E0EEE5DC2]]></AD_MODULE_ID>
<!--32B72A126F9844E9A7A4A0637450FFBC-->  <OPENLINKINBROWSER><![CDATA[N]]></OPENLINKINBROWSER>
<!--32B72A126F9844E9A7A4A0637450FFBC--></AD_MENU>

<!--38D58329F8DD4460ADCD5E70E78D9A44--><AD_MENU>
<!--38D58329F8DD4460ADCD5E70E78D9A44-->  <AD_MENU_ID><![CDATA[38D58329F8DD4460ADCD5E70E78D9A44]]></AD_MENU_ID>
<!--38D58329F8DD4460ADCD5E70E78D9A44-->  <AD_CLIENT_ID><![CDATA[0]]></AD_CLIENT_ID>
<!--38D58329F8DD4460ADCD5E70E78D9A44-->  <AD_ORG_ID><![CDATA[0]]></AD_ORG_ID>
<!--38D58329F8DD4460ADCD5E70E78D9A44-->  <ISACTIVE><![CDATA[Y]]></ISACTIVE>
<!--38D58329F8DD4460ADCD5E70E78D9A44-->  <NAME><![CDATA[Training Calendar]]></NAME>
<!--38D58329F8DD4460ADCD5E70E78D9A44-->  <ISSUMMARY><![CDATA[N]]></ISSUMMARY>
<!--38D58329F8DD4460ADCD5E70E78D9A44-->  <ACTION><![CDATA[W]]></ACTION>
<!--38D58329F8DD4460ADCD5E70E78D9A44-->  <AD_WINDOW_ID><![CDATA[740754A8DE014B86A87A18100707D318]]></AD_WINDOW_ID>
<!--38D58329F8DD4460ADCD5E70E78D9A44-->  <AD_MODULE_ID><![CDATA[D5FD35D6C7604921BA951B7E0EEE5DC2]]></AD_MODULE_ID>
<!--38D58329F8DD4460ADCD5E70E78D9A44-->  <OPENLINKINBROWSER><![CDATA[N]]></OPENLINKINBROWSER>
<!--38D58329F8DD4460ADCD5E70E78D9A44--></AD_MENU>

<!--414AF0BAD12646D6B0FD5678F66B52FA--><AD_MENU>
<!--414AF0BAD12646D6B0FD5678F66B52FA-->  <AD_MENU_ID><![CDATA[414AF0BAD12646D6B0FD5678F66B52FA]]></AD_MENU_ID>
<!--414AF0BAD12646D6B0FD5678F66B52FA-->  <AD_CLIENT_ID><![CDATA[0]]></AD_CLIENT_ID>
<!--414AF0BAD12646D6B0FD5678F66B52FA-->  <AD_ORG_ID><![CDATA[0]]></AD_ORG_ID>
<!--414AF0BAD12646D6B0FD5678F66B52FA-->  <ISACTIVE><![CDATA[Y]]></ISACTIVE>
<!--414AF0BAD12646D6B0FD5678F66B52FA-->  <NAME><![CDATA[Family Information Change Request]]></NAME>
<!--414AF0BAD12646D6B0FD5678F66B52FA-->  <ISSUMMARY><![CDATA[N]]></ISSUMMARY>
<!--414AF0BAD12646D6B0FD5678F66B52FA-->  <ACTION><![CDATA[W]]></ACTION>
<!--414AF0BAD12646D6B0FD5678F66B52FA-->  <AD_WINDOW_ID><![CDATA[FF10269006494B1F971010036D75B39E]]></AD_WINDOW_ID>
<!--414AF0BAD12646D6B0FD5678F66B52FA-->  <AD_MODULE_ID><![CDATA[D5FD35D6C7604921BA951B7E0EEE5DC2]]></AD_MODULE_ID>
<!--414AF0BAD12646D6B0FD5678F66B52FA-->  <OPENLINKINBROWSER><![CDATA[N]]></OPENLINKINBROWSER>
<!--414AF0BAD12646D6B0FD5678F66B52FA--></AD_MENU>

<!--4270D4DD885C41D89D55EDB6D34018DE--><AD_MENU>
<!--4270D4DD885C41D89D55EDB6D34018DE-->  <AD_MENU_ID><![CDATA[4270D4DD885C41D89D55EDB6D34018DE]]></AD_MENU_ID>
<!--4270D4DD885C41D89D55EDB6D34018DE-->  <AD_CLIENT_ID><![CDATA[0]]></AD_CLIENT_ID>
<!--4270D4DD885C41D89D55EDB6D34018DE-->  <AD_ORG_ID><![CDATA[0]]></AD_ORG_ID>
<!--4270D4DD885C41D89D55EDB6D34018DE-->  <ISACTIVE><![CDATA[Y]]></ISACTIVE>
<!--4270D4DD885C41D89D55EDB6D34018DE-->  <NAME><![CDATA[Installment]]></NAME>
<!--4270D4DD885C41D89D55EDB6D34018DE-->  <ISSUMMARY><![CDATA[N]]></ISSUMMARY>
<!--4270D4DD885C41D89D55EDB6D34018DE-->  <ACTION><![CDATA[W]]></ACTION>
<!--4270D4DD885C41D89D55EDB6D34018DE-->  <AD_WINDOW_ID><![CDATA[4933EC8DAA4A497A8D248951B3120AAA]]></AD_WINDOW_ID>
<!--4270D4DD885C41D89D55EDB6D34018DE-->  <AD_MODULE_ID><![CDATA[D5FD35D6C7604921BA951B7E0EEE5DC2]]></AD_MODULE_ID>
<!--4270D4DD885C41D89D55EDB6D34018DE-->  <OPENLINKINBROWSER><![CDATA[N]]></OPENLINKINBROWSER>
<!--4270D4DD885C41D89D55EDB6D34018DE--></AD_MENU>

<!--46A3FB2DD020468C8D08820D93444A83--><AD_MENU>
<!--46A3FB2DD020468C8D08820D93444A83-->  <AD_MENU_ID><![CDATA[46A3FB2DD020468C8D08820D93444A83]]></AD_MENU_ID>
<!--46A3FB2DD020468C8D08820D93444A83-->  <AD_CLIENT_ID><![CDATA[0]]></AD_CLIENT_ID>
<!--46A3FB2DD020468C8D08820D93444A83-->  <AD_ORG_ID><![CDATA[0]]></AD_ORG_ID>
<!--46A3FB2DD020468C8D08820D93444A83-->  <ISACTIVE><![CDATA[Y]]></ISACTIVE>
<!--46A3FB2DD020468C8D08820D93444A83-->  <NAME><![CDATA[Benefit Claim]]></NAME>
<!--46A3FB2DD020468C8D08820D93444A83-->  <ISSUMMARY><![CDATA[N]]></ISSUMMARY>
<!--46A3FB2DD020468C8D08820D93444A83-->  <ACTION><![CDATA[W]]></ACTION>
<!--46A3FB2DD020468C8D08820D93444A83-->  <AD_WINDOW_ID><![CDATA[7496A3EC1AF14E7797F167F2EFB10922]]></AD_WINDOW_ID>
<!--46A3FB2DD020468C8D08820D93444A83-->  <AD_MODULE_ID><![CDATA[D5FD35D6C7604921BA951B7E0EEE5DC2]]></AD_MODULE_ID>
<!--46A3FB2DD020468C8D08820D93444A83-->  <OPENLINKINBROWSER><![CDATA[N]]></OPENLINKINBROWSER>
<!--46A3FB2DD020468C8D08820D93444A83--></AD_MENU>

<!--4BC024D440F64359812032907E19E20A--><AD_MENU>
<!--4BC024D440F64359812032907E19E20A-->  <AD_MENU_ID><![CDATA[4BC024D440F64359812032907E19E20A]]></AD_MENU_ID>
<!--4BC024D440F64359812032907E19E20A-->  <AD_CLIENT_ID><![CDATA[0]]></AD_CLIENT_ID>
<!--4BC024D440F64359812032907E19E20A-->  <AD_ORG_ID><![CDATA[0]]></AD_ORG_ID>
<!--4BC024D440F64359812032907E19E20A-->  <ISACTIVE><![CDATA[Y]]></ISACTIVE>
<!--4BC024D440F64359812032907E19E20A-->  <NAME><![CDATA[Training Catalogue]]></NAME>
<!--4BC024D440F64359812032907E19E20A-->  <ISSUMMARY><![CDATA[N]]></ISSUMMARY>
<!--4BC024D440F64359812032907E19E20A-->  <ACTION><![CDATA[W]]></ACTION>
<!--4BC024D440F64359812032907E19E20A-->  <AD_WINDOW_ID><![CDATA[DA244CFE8DDC45399F2263ADAE9A4C99]]></AD_WINDOW_ID>
<!--4BC024D440F64359812032907E19E20A-->  <AD_MODULE_ID><![CDATA[D5FD35D6C7604921BA951B7E0EEE5DC2]]></AD_MODULE_ID>
<!--4BC024D440F64359812032907E19E20A-->  <OPENLINKINBROWSER><![CDATA[N]]></OPENLINKINBROWSER>
<!--4BC024D440F64359812032907E19E20A--></AD_MENU>

<!--4FCA43BEC3EB4B1AAE6451BC4F1F3CFD--><AD_MENU>
<!--4FCA43BEC3EB4B1AAE6451BC4F1F3CFD-->  <AD_MENU_ID><![CDATA[4FCA43BEC3EB4B1AAE6451BC4F1F3CFD]]></AD_MENU_ID>
<!--4FCA43BEC3EB4B1AAE6451BC4F1F3CFD-->  <AD_CLIENT_ID><![CDATA[0]]></AD_CLIENT_ID>
<!--4FCA43BEC3EB4B1AAE6451BC4F1F3CFD-->  <AD_ORG_ID><![CDATA[0]]></AD_ORG_ID>
<!--4FCA43BEC3EB4B1AAE6451BC4F1F3CFD-->  <ISACTIVE><![CDATA[Y]]></ISACTIVE>
<!--4FCA43BEC3EB4B1AAE6451BC4F1F3CFD-->  <NAME><![CDATA[Employee Information]]></NAME>
<!--4FCA43BEC3EB4B1AAE6451BC4F1F3CFD-->  <ISSUMMARY><![CDATA[N]]></ISSUMMARY>
<!--4FCA43BEC3EB4B1AAE6451BC4F1F3CFD-->  <ACTION><![CDATA[W]]></ACTION>
<!--4FCA43BEC3EB4B1AAE6451BC4F1F3CFD-->  <AD_WINDOW_ID><![CDATA[F6C2A66D5D7D42EAA324E2105C24BCEC]]></AD_WINDOW_ID>
<!--4FCA43BEC3EB4B1AAE6451BC4F1F3CFD-->  <AD_MODULE_ID><![CDATA[D5FD35D6C7604921BA951B7E0EEE5DC2]]></AD_MODULE_ID>
<!--4FCA43BEC3EB4B1AAE6451BC4F1F3CFD-->  <OPENLINKINBROWSER><![CDATA[N]]></OPENLINKINBROWSER>
<!--4FCA43BEC3EB4B1AAE6451BC4F1F3CFD--></AD_MENU>

<!--54048AB7EECC4BD88A6F0F919D247F34--><AD_MENU>
<!--54048AB7EECC4BD88A6F0F919D247F34-->  <AD_MENU_ID><![CDATA[54048AB7EECC4BD88A6F0F919D247F34]]></AD_MENU_ID>
<!--54048AB7EECC4BD88A6F0F919D247F34-->  <AD_CLIENT_ID><![CDATA[0]]></AD_CLIENT_ID>
<!--54048AB7EECC4BD88A6F0F919D247F34-->  <AD_ORG_ID><![CDATA[0]]></AD_ORG_ID>
<!--54048AB7EECC4BD88A6F0F919D247F34-->  <ISACTIVE><![CDATA[Y]]></ISACTIVE>
<!--54048AB7EECC4BD88A6F0F919D247F34-->  <NAME><![CDATA[Job Competency Catalogue]]></NAME>
<!--54048AB7EECC4BD88A6F0F919D247F34-->  <DESCRIPTION><![CDATA[Competency]]></DESCRIPTION>
<!--54048AB7EECC4BD88A6F0F919D247F34-->  <ISSUMMARY><![CDATA[N]]></ISSUMMARY>
<!--54048AB7EECC4BD88A6F0F919D247F34-->  <ACTION><![CDATA[W]]></ACTION>
<!--54048AB7EECC4BD88A6F0F919D247F34-->  <AD_WINDOW_ID><![CDATA[C549CEAFE6294E0EB17FB45B6A8F17B7]]></AD_WINDOW_ID>
<!--54048AB7EECC4BD88A6F0F919D247F34-->  <AD_MODULE_ID><![CDATA[D5FD35D6C7604921BA951B7E0EEE5DC2]]></AD_MODULE_ID>
<!--54048AB7EECC4BD88A6F0F919D247F34-->  <OPENLINKINBROWSER><![CDATA[N]]></OPENLINKINBROWSER>
<!--54048AB7EECC4BD88A6F0F919D247F34--></AD_MENU>

<!--5486520488C142A598DA2BFAEBE85B6E--><AD_MENU>
<!--5486520488C142A598DA2BFAEBE85B6E-->  <AD_MENU_ID><![CDATA[5486520488C142A598DA2BFAEBE85B6E]]></AD_MENU_ID>
<!--5486520488C142A598DA2BFAEBE85B6E-->  <AD_CLIENT_ID><![CDATA[0]]></AD_CLIENT_ID>
<!--5486520488C142A598DA2BFAEBE85B6E-->  <AD_ORG_ID><![CDATA[0]]></AD_ORG_ID>
<!--5486520488C142A598DA2BFAEBE85B6E-->  <ISACTIVE><![CDATA[Y]]></ISACTIVE>
<!--5486520488C142A598DA2BFAEBE85B6E-->  <NAME><![CDATA[Employee Transfer]]></NAME>
<!--5486520488C142A598DA2BFAEBE85B6E-->  <ISSUMMARY><![CDATA[N]]></ISSUMMARY>
<!--5486520488C142A598DA2BFAEBE85B6E-->  <ACTION><![CDATA[W]]></ACTION>
<!--5486520488C142A598DA2BFAEBE85B6E-->  <AD_WINDOW_ID><![CDATA[0BAD3ACFA6554BF9BADD6F964B57BC56]]></AD_WINDOW_ID>
<!--5486520488C142A598DA2BFAEBE85B6E-->  <AD_MODULE_ID><![CDATA[D5FD35D6C7604921BA951B7E0EEE5DC2]]></AD_MODULE_ID>
<!--5486520488C142A598DA2BFAEBE85B6E-->  <OPENLINKINBROWSER><![CDATA[N]]></OPENLINKINBROWSER>
<!--5486520488C142A598DA2BFAEBE85B6E--></AD_MENU>

<!--5508A7C2CDE243CDBC016624A074FA5C--><AD_MENU>
<!--5508A7C2CDE243CDBC016624A074FA5C-->  <AD_MENU_ID><![CDATA[5508A7C2CDE243CDBC016624A074FA5C]]></AD_MENU_ID>
<!--5508A7C2CDE243CDBC016624A074FA5C-->  <AD_CLIENT_ID><![CDATA[0]]></AD_CLIENT_ID>
<!--5508A7C2CDE243CDBC016624A074FA5C-->  <AD_ORG_ID><![CDATA[0]]></AD_ORG_ID>
<!--5508A7C2CDE243CDBC016624A074FA5C-->  <ISACTIVE><![CDATA[Y]]></ISACTIVE>
<!--5508A7C2CDE243CDBC016624A074FA5C-->  <NAME><![CDATA[Employee Case]]></NAME>
<!--5508A7C2CDE243CDBC016624A074FA5C-->  <DESCRIPTION><![CDATA[Employee Case History]]></DESCRIPTION>
<!--5508A7C2CDE243CDBC016624A074FA5C-->  <ISSUMMARY><![CDATA[N]]></ISSUMMARY>
<!--5508A7C2CDE243CDBC016624A074FA5C-->  <ACTION><![CDATA[W]]></ACTION>
<!--5508A7C2CDE243CDBC016624A074FA5C-->  <AD_WINDOW_ID><![CDATA[F71F1E2860D94878AF710DDF5530A9D9]]></AD_WINDOW_ID>
<!--5508A7C2CDE243CDBC016624A074FA5C-->  <AD_MODULE_ID><![CDATA[D5FD35D6C7604921BA951B7E0EEE5DC2]]></AD_MODULE_ID>
<!--5508A7C2CDE243CDBC016624A074FA5C-->  <OPENLINKINBROWSER><![CDATA[N]]></OPENLINKINBROWSER>
<!--5508A7C2CDE243CDBC016624A074FA5C--></AD_MENU>

<!--5682D5143CD9404C9AC9249122912F51--><AD_MENU>
<!--5682D5143CD9404C9AC9249122912F51-->  <AD_MENU_ID><![CDATA[5682D5143CD9404C9AC9249122912F51]]></AD_MENU_ID>
<!--5682D5143CD9404C9AC9249122912F51-->  <AD_CLIENT_ID><![CDATA[0]]></AD_CLIENT_ID>
<!--5682D5143CD9404C9AC9249122912F51-->  <AD_ORG_ID><![CDATA[0]]></AD_ORG_ID>
<!--5682D5143CD9404C9AC9249122912F51-->  <ISACTIVE><![CDATA[Y]]></ISACTIVE>
<!--5682D5143CD9404C9AC9249122912F51-->  <NAME><![CDATA[Set Applicable Contract]]></NAME>
<!--5682D5143CD9404C9AC9249122912F51-->  <ISSUMMARY><![CDATA[N]]></ISSUMMARY>
<!--5682D5143CD9404C9AC9249122912F51-->  <ACTION><![CDATA[P]]></ACTION>
<!--5682D5143CD9404C9AC9249122912F51-->  <AD_PROCESS_ID><![CDATA[E2A09C3C7EE8431DAD0FBB6818D91DF4]]></AD_PROCESS_ID>
<!--5682D5143CD9404C9AC9249122912F51-->  <AD_MODULE_ID><![CDATA[D5FD35D6C7604921BA951B7E0EEE5DC2]]></AD_MODULE_ID>
<!--5682D5143CD9404C9AC9249122912F51-->  <OPENLINKINBROWSER><![CDATA[N]]></OPENLINKINBROWSER>
<!--5682D5143CD9404C9AC9249122912F51--></AD_MENU>

<!--57E63750DF604E4B86B4158DDEBBCF8E--><AD_MENU>
<!--57E63750DF604E4B86B4158DDEBBCF8E-->  <AD_MENU_ID><![CDATA[57E63750DF604E4B86B4158DDEBBCF8E]]></AD_MENU_ID>
<!--57E63750DF604E4B86B4158DDEBBCF8E-->  <AD_CLIENT_ID><![CDATA[0]]></AD_CLIENT_ID>
<!--57E63750DF604E4B86B4158DDEBBCF8E-->  <AD_ORG_ID><![CDATA[0]]></AD_ORG_ID>
<!--57E63750DF604E4B86B4158DDEBBCF8E-->  <ISACTIVE><![CDATA[Y]]></ISACTIVE>
<!--57E63750DF604E4B86B4158DDEBBCF8E-->  <NAME><![CDATA[Case Management]]></NAME>
<!--57E63750DF604E4B86B4158DDEBBCF8E-->  <ISSUMMARY><![CDATA[Y]]></ISSUMMARY>
<!--57E63750DF604E4B86B4158DDEBBCF8E-->  <AD_MODULE_ID><![CDATA[D5FD35D6C7604921BA951B7E0EEE5DC2]]></AD_MODULE_ID>
<!--57E63750DF604E4B86B4158DDEBBCF8E-->  <OPENLINKINBROWSER><![CDATA[N]]></OPENLINKINBROWSER>
<!--57E63750DF604E4B86B4158DDEBBCF8E--></AD_MENU>

<!--63D58C198AF34B1BBDDC98C46FC49C71--><AD_MENU>
<!--63D58C198AF34B1BBDDC98C46FC49C71-->  <AD_MENU_ID><![CDATA[63D58C198AF34B1BBDDC98C46FC49C71]]></AD_MENU_ID>
<!--63D58C198AF34B1BBDDC98C46FC49C71-->  <AD_CLIENT_ID><![CDATA[0]]></AD_CLIENT_ID>
<!--63D58C198AF34B1BBDDC98C46FC49C71-->  <AD_ORG_ID><![CDATA[0]]></AD_ORG_ID>
<!--63D58C198AF34B1BBDDC98C46FC49C71-->  <ISACTIVE><![CDATA[Y]]></ISACTIVE>
<!--63D58C198AF34B1BBDDC98C46FC49C71-->  <NAME><![CDATA[KPI]]></NAME>
<!--63D58C198AF34B1BBDDC98C46FC49C71-->  <DESCRIPTION><![CDATA[Key Performance Indicator]]></DESCRIPTION>
<!--63D58C198AF34B1BBDDC98C46FC49C71-->  <ISSUMMARY><![CDATA[N]]></ISSUMMARY>
<!--63D58C198AF34B1BBDDC98C46FC49C71-->  <ACTION><![CDATA[W]]></ACTION>
<!--63D58C198AF34B1BBDDC98C46FC49C71-->  <AD_WINDOW_ID><![CDATA[AC9D6644B7B242FFB0AA7471DE11A636]]></AD_WINDOW_ID>
<!--63D58C198AF34B1BBDDC98C46FC49C71-->  <AD_MODULE_ID><![CDATA[D5FD35D6C7604921BA951B7E0EEE5DC2]]></AD_MODULE_ID>
<!--63D58C198AF34B1BBDDC98C46FC49C71-->  <OPENLINKINBROWSER><![CDATA[N]]></OPENLINKINBROWSER>
<!--63D58C198AF34B1BBDDC98C46FC49C71--></AD_MENU>

<!--6FF3FA410B4E400C8D63B8C99D2ACC66--><AD_MENU>
<!--6FF3FA410B4E400C8D63B8C99D2ACC66-->  <AD_MENU_ID><![CDATA[6FF3FA410B4E400C8D63B8C99D2ACC66]]></AD_MENU_ID>
<!--6FF3FA410B4E400C8D63B8C99D2ACC66-->  <AD_CLIENT_ID><![CDATA[0]]></AD_CLIENT_ID>
<!--6FF3FA410B4E400C8D63B8C99D2ACC66-->  <AD_ORG_ID><![CDATA[0]]></AD_ORG_ID>
<!--6FF3FA410B4E400C8D63B8C99D2ACC66-->  <ISACTIVE><![CDATA[Y]]></ISACTIVE>
<!--6FF3FA410B4E400C8D63B8C99D2ACC66-->  <NAME><![CDATA[Insurance Payee]]></NAME>
<!--6FF3FA410B4E400C8D63B8C99D2ACC66-->  <ISSUMMARY><![CDATA[N]]></ISSUMMARY>
<!--6FF3FA410B4E400C8D63B8C99D2ACC66-->  <ACTION><![CDATA[W]]></ACTION>
<!--6FF3FA410B4E400C8D63B8C99D2ACC66-->  <AD_WINDOW_ID><![CDATA[8BD2CE9C7A1849E78C6AF75F57FA7BEB]]></AD_WINDOW_ID>
<!--6FF3FA410B4E400C8D63B8C99D2ACC66-->  <AD_MODULE_ID><![CDATA[D5FD35D6C7604921BA951B7E0EEE5DC2]]></AD_MODULE_ID>
<!--6FF3FA410B4E400C8D63B8C99D2ACC66-->  <OPENLINKINBROWSER><![CDATA[N]]></OPENLINKINBROWSER>
<!--6FF3FA410B4E400C8D63B8C99D2ACC66--></AD_MENU>

<!--7779B31D6E1B40D9BE6DAB670F939AC8--><AD_MENU>
<!--7779B31D6E1B40D9BE6DAB670F939AC8-->  <AD_MENU_ID><![CDATA[7779B31D6E1B40D9BE6DAB670F939AC8]]></AD_MENU_ID>
<!--7779B31D6E1B40D9BE6DAB670F939AC8-->  <AD_CLIENT_ID><![CDATA[0]]></AD_CLIENT_ID>
<!--7779B31D6E1B40D9BE6DAB670F939AC8-->  <AD_ORG_ID><![CDATA[0]]></AD_ORG_ID>
<!--7779B31D6E1B40D9BE6DAB670F939AC8-->  <ISACTIVE><![CDATA[Y]]></ISACTIVE>
<!--7779B31D6E1B40D9BE6DAB670F939AC8-->  <NAME><![CDATA[Employee Competency]]></NAME>
<!--7779B31D6E1B40D9BE6DAB670F939AC8-->  <ISSUMMARY><![CDATA[N]]></ISSUMMARY>
<!--7779B31D6E1B40D9BE6DAB670F939AC8-->  <ACTION><![CDATA[W]]></ACTION>
<!--7779B31D6E1B40D9BE6DAB670F939AC8-->  <AD_WINDOW_ID><![CDATA[BE792B7473504EF091C93ED8CB647037]]></AD_WINDOW_ID>
<!--7779B31D6E1B40D9BE6DAB670F939AC8-->  <AD_MODULE_ID><![CDATA[D5FD35D6C7604921BA951B7E0EEE5DC2]]></AD_MODULE_ID>
<!--7779B31D6E1B40D9BE6DAB670F939AC8-->  <OPENLINKINBROWSER><![CDATA[N]]></OPENLINKINBROWSER>
<!--7779B31D6E1B40D9BE6DAB670F939AC8--></AD_MENU>

<!--7ADF6C95F1E744298A6236089D1F1526--><AD_MENU>
<!--7ADF6C95F1E744298A6236089D1F1526-->  <AD_MENU_ID><![CDATA[7ADF6C95F1E744298A6236089D1F1526]]></AD_MENU_ID>
<!--7ADF6C95F1E744298A6236089D1F1526-->  <AD_CLIENT_ID><![CDATA[0]]></AD_CLIENT_ID>
<!--7ADF6C95F1E744298A6236089D1F1526-->  <AD_ORG_ID><![CDATA[0]]></AD_ORG_ID>
<!--7ADF6C95F1E744298A6236089D1F1526-->  <ISACTIVE><![CDATA[Y]]></ISACTIVE>
<!--7ADF6C95F1E744298A6236089D1F1526-->  <NAME><![CDATA[Performance Management]]></NAME>
<!--7ADF6C95F1E744298A6236089D1F1526-->  <DESCRIPTION><![CDATA[key performance indicator]]></DESCRIPTION>
<!--7ADF6C95F1E744298A6236089D1F1526-->  <ISSUMMARY><![CDATA[Y]]></ISSUMMARY>
<!--7ADF6C95F1E744298A6236089D1F1526-->  <AD_MODULE_ID><![CDATA[D5FD35D6C7604921BA951B7E0EEE5DC2]]></AD_MODULE_ID>
<!--7ADF6C95F1E744298A6236089D1F1526-->  <OPENLINKINBROWSER><![CDATA[N]]></OPENLINKINBROWSER>
<!--7ADF6C95F1E744298A6236089D1F1526--></AD_MENU>

<!--7DBA7E032B644C53A46BD6BA848E00DF--><AD_MENU>
<!--7DBA7E032B644C53A46BD6BA848E00DF-->  <AD_MENU_ID><![CDATA[7DBA7E032B644C53A46BD6BA848E00DF]]></AD_MENU_ID>
<!--7DBA7E032B644C53A46BD6BA848E00DF-->  <AD_CLIENT_ID><![CDATA[0]]></AD_CLIENT_ID>
<!--7DBA7E032B644C53A46BD6BA848E00DF-->  <AD_ORG_ID><![CDATA[0]]></AD_ORG_ID>
<!--7DBA7E032B644C53A46BD6BA848E00DF-->  <ISACTIVE><![CDATA[Y]]></ISACTIVE>
<!--7DBA7E032B644C53A46BD6BA848E00DF-->  <NAME><![CDATA[ARCI Matrix]]></NAME>
<!--7DBA7E032B644C53A46BD6BA848E00DF-->  <DESCRIPTION><![CDATA[ARCI Matrix]]></DESCRIPTION>
<!--7DBA7E032B644C53A46BD6BA848E00DF-->  <ISSUMMARY><![CDATA[N]]></ISSUMMARY>
<!--7DBA7E032B644C53A46BD6BA848E00DF-->  <ACTION><![CDATA[W]]></ACTION>
<!--7DBA7E032B644C53A46BD6BA848E00DF-->  <AD_WINDOW_ID><![CDATA[F4F354C55D7F435581506736C95C38DA]]></AD_WINDOW_ID>
<!--7DBA7E032B644C53A46BD6BA848E00DF-->  <AD_MODULE_ID><![CDATA[D5FD35D6C7604921BA951B7E0EEE5DC2]]></AD_MODULE_ID>
<!--7DBA7E032B644C53A46BD6BA848E00DF-->  <OPENLINKINBROWSER><![CDATA[N]]></OPENLINKINBROWSER>
<!--7DBA7E032B644C53A46BD6BA848E00DF--></AD_MENU>

<!--80F7AA9F0D3D4C9B9A256331497BDE75--><AD_MENU>
<!--80F7AA9F0D3D4C9B9A256331497BDE75-->  <AD_MENU_ID><![CDATA[80F7AA9F0D3D4C9B9A256331497BDE75]]></AD_MENU_ID>
<!--80F7AA9F0D3D4C9B9A256331497BDE75-->  <AD_CLIENT_ID><![CDATA[0]]></AD_CLIENT_ID>
<!--80F7AA9F0D3D4C9B9A256331497BDE75-->  <AD_ORG_ID><![CDATA[0]]></AD_ORG_ID>
<!--80F7AA9F0D3D4C9B9A256331497BDE75-->  <ISACTIVE><![CDATA[Y]]></ISACTIVE>
<!--80F7AA9F0D3D4C9B9A256331497BDE75-->  <NAME><![CDATA[Education Dicipline]]></NAME>
<!--80F7AA9F0D3D4C9B9A256331497BDE75-->  <ISSUMMARY><![CDATA[N]]></ISSUMMARY>
<!--80F7AA9F0D3D4C9B9A256331497BDE75-->  <ACTION><![CDATA[W]]></ACTION>
<!--80F7AA9F0D3D4C9B9A256331497BDE75-->  <AD_WINDOW_ID><![CDATA[76184D9A52F246C2977A7D609445C49F]]></AD_WINDOW_ID>
<!--80F7AA9F0D3D4C9B9A256331497BDE75-->  <AD_MODULE_ID><![CDATA[D5FD35D6C7604921BA951B7E0EEE5DC2]]></AD_MODULE_ID>
<!--80F7AA9F0D3D4C9B9A256331497BDE75-->  <OPENLINKINBROWSER><![CDATA[N]]></OPENLINKINBROWSER>
<!--80F7AA9F0D3D4C9B9A256331497BDE75--></AD_MENU>

<!--86009AC985FB4C91B988690C93119370--><AD_MENU>
<!--86009AC985FB4C91B988690C93119370-->  <AD_MENU_ID><![CDATA[86009AC985FB4C91B988690C93119370]]></AD_MENU_ID>
<!--86009AC985FB4C91B988690C93119370-->  <AD_CLIENT_ID><![CDATA[0]]></AD_CLIENT_ID>
<!--86009AC985FB4C91B988690C93119370-->  <AD_ORG_ID><![CDATA[0]]></AD_ORG_ID>
<!--86009AC985FB4C91B988690C93119370-->  <ISACTIVE><![CDATA[Y]]></ISACTIVE>
<!--86009AC985FB4C91B988690C93119370-->  <NAME><![CDATA[Competency By Employee]]></NAME>
<!--86009AC985FB4C91B988690C93119370-->  <ISSUMMARY><![CDATA[N]]></ISSUMMARY>
<!--86009AC985FB4C91B988690C93119370-->  <ACTION><![CDATA[P]]></ACTION>
<!--86009AC985FB4C91B988690C93119370-->  <AD_PROCESS_ID><![CDATA[6327905FF65D4D42A3A667B8ADE5380D]]></AD_PROCESS_ID>
<!--86009AC985FB4C91B988690C93119370-->  <AD_MODULE_ID><![CDATA[D5FD35D6C7604921BA951B7E0EEE5DC2]]></AD_MODULE_ID>
<!--86009AC985FB4C91B988690C93119370-->  <OPENLINKINBROWSER><![CDATA[N]]></OPENLINKINBROWSER>
<!--86009AC985FB4C91B988690C93119370--></AD_MENU>

<!--8A128933877448E08BBD7B279E96E63E--><AD_MENU>
<!--8A128933877448E08BBD7B279E96E63E-->  <AD_MENU_ID><![CDATA[8A128933877448E08BBD7B279E96E63E]]></AD_MENU_ID>
<!--8A128933877448E08BBD7B279E96E63E-->  <AD_CLIENT_ID><![CDATA[0]]></AD_CLIENT_ID>
<!--8A128933877448E08BBD7B279E96E63E-->  <AD_ORG_ID><![CDATA[0]]></AD_ORG_ID>
<!--8A128933877448E08BBD7B279E96E63E-->  <ISACTIVE><![CDATA[Y]]></ISACTIVE>
<!--8A128933877448E08BBD7B279E96E63E-->  <NAME><![CDATA[Education Admission]]></NAME>
<!--8A128933877448E08BBD7B279E96E63E-->  <ISSUMMARY><![CDATA[N]]></ISSUMMARY>
<!--8A128933877448E08BBD7B279E96E63E-->  <ACTION><![CDATA[W]]></ACTION>
<!--8A128933877448E08BBD7B279E96E63E-->  <AD_WINDOW_ID><![CDATA[6A7C36AFEF574A93AFE54E811916BA18]]></AD_WINDOW_ID>
<!--8A128933877448E08BBD7B279E96E63E-->  <AD_MODULE_ID><![CDATA[D5FD35D6C7604921BA951B7E0EEE5DC2]]></AD_MODULE_ID>
<!--8A128933877448E08BBD7B279E96E63E-->  <OPENLINKINBROWSER><![CDATA[N]]></OPENLINKINBROWSER>
<!--8A128933877448E08BBD7B279E96E63E--></AD_MENU>

<!--915ECA07ADAE4C2EA39CAE740A42BD9B--><AD_MENU>
<!--915ECA07ADAE4C2EA39CAE740A42BD9B-->  <AD_MENU_ID><![CDATA[915ECA07ADAE4C2EA39CAE740A42BD9B]]></AD_MENU_ID>
<!--915ECA07ADAE4C2EA39CAE740A42BD9B-->  <AD_CLIENT_ID><![CDATA[0]]></AD_CLIENT_ID>
<!--915ECA07ADAE4C2EA39CAE740A42BD9B-->  <AD_ORG_ID><![CDATA[0]]></AD_ORG_ID>
<!--915ECA07ADAE4C2EA39CAE740A42BD9B-->  <ISACTIVE><![CDATA[Y]]></ISACTIVE>
<!--915ECA07ADAE4C2EA39CAE740A42BD9B-->  <NAME><![CDATA[Violation Catalogue]]></NAME>
<!--915ECA07ADAE4C2EA39CAE740A42BD9B-->  <ISSUMMARY><![CDATA[N]]></ISSUMMARY>
<!--915ECA07ADAE4C2EA39CAE740A42BD9B-->  <ACTION><![CDATA[W]]></ACTION>
<!--915ECA07ADAE4C2EA39CAE740A42BD9B-->  <AD_WINDOW_ID><![CDATA[D4EF0CA107C04FB096D439C2DF0A43A7]]></AD_WINDOW_ID>
<!--915ECA07ADAE4C2EA39CAE740A42BD9B-->  <AD_MODULE_ID><![CDATA[D5FD35D6C7604921BA951B7E0EEE5DC2]]></AD_MODULE_ID>
<!--915ECA07ADAE4C2EA39CAE740A42BD9B-->  <OPENLINKINBROWSER><![CDATA[N]]></OPENLINKINBROWSER>
<!--915ECA07ADAE4C2EA39CAE740A42BD9B--></AD_MENU>

<!--9183FE3D121E482BB6475B4BF16FB893--><AD_MENU>
<!--9183FE3D121E482BB6475B4BF16FB893-->  <AD_MENU_ID><![CDATA[9183FE3D121E482BB6475B4BF16FB893]]></AD_MENU_ID>
<!--9183FE3D121E482BB6475B4BF16FB893-->  <AD_CLIENT_ID><![CDATA[0]]></AD_CLIENT_ID>
<!--9183FE3D121E482BB6475B4BF16FB893-->  <AD_ORG_ID><![CDATA[0]]></AD_ORG_ID>
<!--9183FE3D121E482BB6475B4BF16FB893-->  <ISACTIVE><![CDATA[Y]]></ISACTIVE>
<!--9183FE3D121E482BB6475B4BF16FB893-->  <NAME><![CDATA[Employee Grade]]></NAME>
<!--9183FE3D121E482BB6475B4BF16FB893-->  <ISSUMMARY><![CDATA[N]]></ISSUMMARY>
<!--9183FE3D121E482BB6475B4BF16FB893-->  <ACTION><![CDATA[W]]></ACTION>
<!--9183FE3D121E482BB6475B4BF16FB893-->  <AD_WINDOW_ID><![CDATA[621FCE92AE914C138F090072E8439FF8]]></AD_WINDOW_ID>
<!--9183FE3D121E482BB6475B4BF16FB893-->  <AD_MODULE_ID><![CDATA[D5FD35D6C7604921BA951B7E0EEE5DC2]]></AD_MODULE_ID>
<!--9183FE3D121E482BB6475B4BF16FB893-->  <OPENLINKINBROWSER><![CDATA[N]]></OPENLINKINBROWSER>
<!--9183FE3D121E482BB6475B4BF16FB893--></AD_MENU>

<!--95ED39FD20344CE4BE640143186D6934--><AD_MENU>
<!--95ED39FD20344CE4BE640143186D6934-->  <AD_MENU_ID><![CDATA[95ED39FD20344CE4BE640143186D6934]]></AD_MENU_ID>
<!--95ED39FD20344CE4BE640143186D6934-->  <AD_CLIENT_ID><![CDATA[0]]></AD_CLIENT_ID>
<!--95ED39FD20344CE4BE640143186D6934-->  <AD_ORG_ID><![CDATA[0]]></AD_ORG_ID>
<!--95ED39FD20344CE4BE640143186D6934-->  <ISACTIVE><![CDATA[Y]]></ISACTIVE>
<!--95ED39FD20344CE4BE640143186D6934-->  <NAME><![CDATA[Retirement]]></NAME>
<!--95ED39FD20344CE4BE640143186D6934-->  <ISSUMMARY><![CDATA[N]]></ISSUMMARY>
<!--95ED39FD20344CE4BE640143186D6934-->  <ACTION><![CDATA[W]]></ACTION>
<!--95ED39FD20344CE4BE640143186D6934-->  <AD_WINDOW_ID><![CDATA[00F6A69B3C8B4277A1A2A3B2D98C7121]]></AD_WINDOW_ID>
<!--95ED39FD20344CE4BE640143186D6934-->  <AD_MODULE_ID><![CDATA[D5FD35D6C7604921BA951B7E0EEE5DC2]]></AD_MODULE_ID>
<!--95ED39FD20344CE4BE640143186D6934-->  <OPENLINKINBROWSER><![CDATA[N]]></OPENLINKINBROWSER>
<!--95ED39FD20344CE4BE640143186D6934--></AD_MENU>

<!--9600F75874AA46F386F819275CB5870B--><AD_MENU>
<!--9600F75874AA46F386F819275CB5870B-->  <AD_MENU_ID><![CDATA[9600F75874AA46F386F819275CB5870B]]></AD_MENU_ID>
<!--9600F75874AA46F386F819275CB5870B-->  <AD_CLIENT_ID><![CDATA[0]]></AD_CLIENT_ID>
<!--9600F75874AA46F386F819275CB5870B-->  <AD_ORG_ID><![CDATA[0]]></AD_ORG_ID>
<!--9600F75874AA46F386F819275CB5870B-->  <ISACTIVE><![CDATA[Y]]></ISACTIVE>
<!--9600F75874AA46F386F819275CB5870B-->  <NAME><![CDATA[Employee Job Experience]]></NAME>
<!--9600F75874AA46F386F819275CB5870B-->  <ISSUMMARY><![CDATA[N]]></ISSUMMARY>
<!--9600F75874AA46F386F819275CB5870B-->  <ACTION><![CDATA[W]]></ACTION>
<!--9600F75874AA46F386F819275CB5870B-->  <AD_WINDOW_ID><![CDATA[6AC924794F864213B7575DA0E3A5C660]]></AD_WINDOW_ID>
<!--9600F75874AA46F386F819275CB5870B-->  <AD_MODULE_ID><![CDATA[D5FD35D6C7604921BA951B7E0EEE5DC2]]></AD_MODULE_ID>
<!--9600F75874AA46F386F819275CB5870B-->  <OPENLINKINBROWSER><![CDATA[N]]></OPENLINKINBROWSER>
<!--9600F75874AA46F386F819275CB5870B--></AD_MENU>

<!--9902FAC5893B44BFB69279299EBD4304--><AD_MENU>
<!--9902FAC5893B44BFB69279299EBD4304-->  <AD_MENU_ID><![CDATA[9902FAC5893B44BFB69279299EBD4304]]></AD_MENU_ID>
<!--9902FAC5893B44BFB69279299EBD4304-->  <AD_CLIENT_ID><![CDATA[0]]></AD_CLIENT_ID>
<!--9902FAC5893B44BFB69279299EBD4304-->  <AD_ORG_ID><![CDATA[0]]></AD_ORG_ID>
<!--9902FAC5893B44BFB69279299EBD4304-->  <ISACTIVE><![CDATA[Y]]></ISACTIVE>
<!--9902FAC5893B44BFB69279299EBD4304-->  <NAME><![CDATA[Employee Education]]></NAME>
<!--9902FAC5893B44BFB69279299EBD4304-->  <ISSUMMARY><![CDATA[N]]></ISSUMMARY>
<!--9902FAC5893B44BFB69279299EBD4304-->  <ACTION><![CDATA[W]]></ACTION>
<!--9902FAC5893B44BFB69279299EBD4304-->  <AD_WINDOW_ID><![CDATA[7AD8365CD77B48BCA2D641E35E294ED5]]></AD_WINDOW_ID>
<!--9902FAC5893B44BFB69279299EBD4304-->  <AD_MODULE_ID><![CDATA[D5FD35D6C7604921BA951B7E0EEE5DC2]]></AD_MODULE_ID>
<!--9902FAC5893B44BFB69279299EBD4304-->  <OPENLINKINBROWSER><![CDATA[N]]></OPENLINKINBROWSER>
<!--9902FAC5893B44BFB69279299EBD4304--></AD_MENU>

<!--991FF63982F443DEAA1BA2B7F12F857E--><AD_MENU>
<!--991FF63982F443DEAA1BA2B7F12F857E-->  <AD_MENU_ID><![CDATA[991FF63982F443DEAA1BA2B7F12F857E]]></AD_MENU_ID>
<!--991FF63982F443DEAA1BA2B7F12F857E-->  <AD_CLIENT_ID><![CDATA[0]]></AD_CLIENT_ID>
<!--991FF63982F443DEAA1BA2B7F12F857E-->  <AD_ORG_ID><![CDATA[0]]></AD_ORG_ID>
<!--991FF63982F443DEAA1BA2B7F12F857E-->  <ISACTIVE><![CDATA[Y]]></ISACTIVE>
<!--991FF63982F443DEAA1BA2B7F12F857E-->  <NAME><![CDATA[Site]]></NAME>
<!--991FF63982F443DEAA1BA2B7F12F857E-->  <ISSUMMARY><![CDATA[N]]></ISSUMMARY>
<!--991FF63982F443DEAA1BA2B7F12F857E-->  <ACTION><![CDATA[W]]></ACTION>
<!--991FF63982F443DEAA1BA2B7F12F857E-->  <AD_WINDOW_ID><![CDATA[1FC960B042F0440492AA013F13E0A005]]></AD_WINDOW_ID>
<!--991FF63982F443DEAA1BA2B7F12F857E-->  <AD_MODULE_ID><![CDATA[D5FD35D6C7604921BA951B7E0EEE5DC2]]></AD_MODULE_ID>
<!--991FF63982F443DEAA1BA2B7F12F857E-->  <OPENLINKINBROWSER><![CDATA[N]]></OPENLINKINBROWSER>
<!--991FF63982F443DEAA1BA2B7F12F857E--></AD_MENU>

<!--9CD9ED2286364669A5FAA5351C5735D2--><AD_MENU>
<!--9CD9ED2286364669A5FAA5351C5735D2-->  <AD_MENU_ID><![CDATA[9CD9ED2286364669A5FAA5351C5735D2]]></AD_MENU_ID>
<!--9CD9ED2286364669A5FAA5351C5735D2-->  <AD_CLIENT_ID><![CDATA[0]]></AD_CLIENT_ID>
<!--9CD9ED2286364669A5FAA5351C5735D2-->  <AD_ORG_ID><![CDATA[0]]></AD_ORG_ID>
<!--9CD9ED2286364669A5FAA5351C5735D2-->  <ISACTIVE><![CDATA[Y]]></ISACTIVE>
<!--9CD9ED2286364669A5FAA5351C5735D2-->  <NAME><![CDATA[General Exam]]></NAME>
<!--9CD9ED2286364669A5FAA5351C5735D2-->  <ISSUMMARY><![CDATA[N]]></ISSUMMARY>
<!--9CD9ED2286364669A5FAA5351C5735D2-->  <ACTION><![CDATA[W]]></ACTION>
<!--9CD9ED2286364669A5FAA5351C5735D2-->  <AD_WINDOW_ID><![CDATA[3C2E63984B08402B92D9C9E7DB3EB52B]]></AD_WINDOW_ID>
<!--9CD9ED2286364669A5FAA5351C5735D2-->  <AD_MODULE_ID><![CDATA[D5FD35D6C7604921BA951B7E0EEE5DC2]]></AD_MODULE_ID>
<!--9CD9ED2286364669A5FAA5351C5735D2-->  <OPENLINKINBROWSER><![CDATA[N]]></OPENLINKINBROWSER>
<!--9CD9ED2286364669A5FAA5351C5735D2--></AD_MENU>

<!--A6E62D1AD147464B8F726844259B188A--><AD_MENU>
<!--A6E62D1AD147464B8F726844259B188A-->  <AD_MENU_ID><![CDATA[A6E62D1AD147464B8F726844259B188A]]></AD_MENU_ID>
<!--A6E62D1AD147464B8F726844259B188A-->  <AD_CLIENT_ID><![CDATA[0]]></AD_CLIENT_ID>
<!--A6E62D1AD147464B8F726844259B188A-->  <AD_ORG_ID><![CDATA[0]]></AD_ORG_ID>
<!--A6E62D1AD147464B8F726844259B188A-->  <ISACTIVE><![CDATA[Y]]></ISACTIVE>
<!--A6E62D1AD147464B8F726844259B188A-->  <NAME><![CDATA[Employee Candidate]]></NAME>
<!--A6E62D1AD147464B8F726844259B188A-->  <ISSUMMARY><![CDATA[N]]></ISSUMMARY>
<!--A6E62D1AD147464B8F726844259B188A-->  <ACTION><![CDATA[W]]></ACTION>
<!--A6E62D1AD147464B8F726844259B188A-->  <AD_WINDOW_ID><![CDATA[318A38AFC4A3420FAA6317F852BB5474]]></AD_WINDOW_ID>
<!--A6E62D1AD147464B8F726844259B188A-->  <AD_MODULE_ID><![CDATA[D5FD35D6C7604921BA951B7E0EEE5DC2]]></AD_MODULE_ID>
<!--A6E62D1AD147464B8F726844259B188A-->  <OPENLINKINBROWSER><![CDATA[N]]></OPENLINKINBROWSER>
<!--A6E62D1AD147464B8F726844259B188A--></AD_MENU>

<!--AA0C91C364B9407E862124680E6A38A6--><AD_MENU>
<!--AA0C91C364B9407E862124680E6A38A6-->  <AD_MENU_ID><![CDATA[AA0C91C364B9407E862124680E6A38A6]]></AD_MENU_ID>
<!--AA0C91C364B9407E862124680E6A38A6-->  <AD_CLIENT_ID><![CDATA[0]]></AD_CLIENT_ID>
<!--AA0C91C364B9407E862124680E6A38A6-->  <AD_ORG_ID><![CDATA[0]]></AD_ORG_ID>
<!--AA0C91C364B9407E862124680E6A38A6-->  <ISACTIVE><![CDATA[Y]]></ISACTIVE>
<!--AA0C91C364B9407E862124680E6A38A6-->  <NAME><![CDATA[Generate Employee Closure]]></NAME>
<!--AA0C91C364B9407E862124680E6A38A6-->  <DESCRIPTION><![CDATA[Generate Employee Closure]]></DESCRIPTION>
<!--AA0C91C364B9407E862124680E6A38A6-->  <ISSUMMARY><![CDATA[N]]></ISSUMMARY>
<!--AA0C91C364B9407E862124680E6A38A6-->  <ACTION><![CDATA[P]]></ACTION>
<!--AA0C91C364B9407E862124680E6A38A6-->  <AD_PROCESS_ID><![CDATA[03E56616272845EA9F662AD983F1595F]]></AD_PROCESS_ID>
<!--AA0C91C364B9407E862124680E6A38A6-->  <AD_MODULE_ID><![CDATA[D5FD35D6C7604921BA951B7E0EEE5DC2]]></AD_MODULE_ID>
<!--AA0C91C364B9407E862124680E6A38A6-->  <OPENLINKINBROWSER><![CDATA[N]]></OPENLINKINBROWSER>
<!--AA0C91C364B9407E862124680E6A38A6--></AD_MENU>

<!--AF2EE49085A14989B1BB9D352DAFEA95--><AD_MENU>
<!--AF2EE49085A14989B1BB9D352DAFEA95-->  <AD_MENU_ID><![CDATA[AF2EE49085A14989B1BB9D352DAFEA95]]></AD_MENU_ID>
<!--AF2EE49085A14989B1BB9D352DAFEA95-->  <AD_CLIENT_ID><![CDATA[0]]></AD_CLIENT_ID>
<!--AF2EE49085A14989B1BB9D352DAFEA95-->  <AD_ORG_ID><![CDATA[0]]></AD_ORG_ID>
<!--AF2EE49085A14989B1BB9D352DAFEA95-->  <ISACTIVE><![CDATA[Y]]></ISACTIVE>
<!--AF2EE49085A14989B1BB9D352DAFEA95-->  <NAME><![CDATA[Analysis Tools]]></NAME>
<!--AF2EE49085A14989B1BB9D352DAFEA95-->  <ISSUMMARY><![CDATA[Y]]></ISSUMMARY>
<!--AF2EE49085A14989B1BB9D352DAFEA95-->  <AD_MODULE_ID><![CDATA[D5FD35D6C7604921BA951B7E0EEE5DC2]]></AD_MODULE_ID>
<!--AF2EE49085A14989B1BB9D352DAFEA95-->  <OPENLINKINBROWSER><![CDATA[N]]></OPENLINKINBROWSER>
<!--AF2EE49085A14989B1BB9D352DAFEA95--></AD_MENU>

<!--B3FF7D6ED5274A65907C4B800B479F3A--><AD_MENU>
<!--B3FF7D6ED5274A65907C4B800B479F3A-->  <AD_MENU_ID><![CDATA[B3FF7D6ED5274A65907C4B800B479F3A]]></AD_MENU_ID>
<!--B3FF7D6ED5274A65907C4B800B479F3A-->  <AD_CLIENT_ID><![CDATA[0]]></AD_CLIENT_ID>
<!--B3FF7D6ED5274A65907C4B800B479F3A-->  <AD_ORG_ID><![CDATA[0]]></AD_ORG_ID>
<!--B3FF7D6ED5274A65907C4B800B479F3A-->  <ISACTIVE><![CDATA[Y]]></ISACTIVE>
<!--B3FF7D6ED5274A65907C4B800B479F3A-->  <NAME><![CDATA[Achievement Catalogue]]></NAME>
<!--B3FF7D6ED5274A65907C4B800B479F3A-->  <ISSUMMARY><![CDATA[N]]></ISSUMMARY>
<!--B3FF7D6ED5274A65907C4B800B479F3A-->  <ACTION><![CDATA[W]]></ACTION>
<!--B3FF7D6ED5274A65907C4B800B479F3A-->  <AD_WINDOW_ID><![CDATA[38CEAB2F540F4289B209999FD9D62DB1]]></AD_WINDOW_ID>
<!--B3FF7D6ED5274A65907C4B800B479F3A-->  <AD_MODULE_ID><![CDATA[D5FD35D6C7604921BA951B7E0EEE5DC2]]></AD_MODULE_ID>
<!--B3FF7D6ED5274A65907C4B800B479F3A-->  <OPENLINKINBROWSER><![CDATA[N]]></OPENLINKINBROWSER>
<!--B3FF7D6ED5274A65907C4B800B479F3A--></AD_MENU>

<!--BC233B5EBA5D4D51A724750D93F6C55A--><AD_MENU>
<!--BC233B5EBA5D4D51A724750D93F6C55A-->  <AD_MENU_ID><![CDATA[BC233B5EBA5D4D51A724750D93F6C55A]]></AD_MENU_ID>
<!--BC233B5EBA5D4D51A724750D93F6C55A-->  <AD_CLIENT_ID><![CDATA[0]]></AD_CLIENT_ID>
<!--BC233B5EBA5D4D51A724750D93F6C55A-->  <AD_ORG_ID><![CDATA[0]]></AD_ORG_ID>
<!--BC233B5EBA5D4D51A724750D93F6C55A-->  <ISACTIVE><![CDATA[Y]]></ISACTIVE>
<!--BC233B5EBA5D4D51A724750D93F6C55A-->  <NAME><![CDATA[KPI Measurement]]></NAME>
<!--BC233B5EBA5D4D51A724750D93F6C55A-->  <ISSUMMARY><![CDATA[N]]></ISSUMMARY>
<!--BC233B5EBA5D4D51A724750D93F6C55A-->  <ACTION><![CDATA[W]]></ACTION>
<!--BC233B5EBA5D4D51A724750D93F6C55A-->  <AD_WINDOW_ID><![CDATA[A93208B28D6A4E6A87DD2C75D1E6307C]]></AD_WINDOW_ID>
<!--BC233B5EBA5D4D51A724750D93F6C55A-->  <AD_MODULE_ID><![CDATA[D5FD35D6C7604921BA951B7E0EEE5DC2]]></AD_MODULE_ID>
<!--BC233B5EBA5D4D51A724750D93F6C55A-->  <OPENLINKINBROWSER><![CDATA[N]]></OPENLINKINBROWSER>
<!--BC233B5EBA5D4D51A724750D93F6C55A--></AD_MENU>

<!--BDD54A6FFF394213A2A9C48D07C1626F--><AD_MENU>
<!--BDD54A6FFF394213A2A9C48D07C1626F-->  <AD_MENU_ID><![CDATA[BDD54A6FFF394213A2A9C48D07C1626F]]></AD_MENU_ID>
<!--BDD54A6FFF394213A2A9C48D07C1626F-->  <AD_CLIENT_ID><![CDATA[0]]></AD_CLIENT_ID>
<!--BDD54A6FFF394213A2A9C48D07C1626F-->  <AD_ORG_ID><![CDATA[0]]></AD_ORG_ID>
<!--BDD54A6FFF394213A2A9C48D07C1626F-->  <ISACTIVE><![CDATA[Y]]></ISACTIVE>
<!--BDD54A6FFF394213A2A9C48D07C1626F-->  <NAME><![CDATA[Insurance Provider]]></NAME>
<!--BDD54A6FFF394213A2A9C48D07C1626F-->  <DESCRIPTION><![CDATA[Insurance provider]]></DESCRIPTION>
<!--BDD54A6FFF394213A2A9C48D07C1626F-->  <ISSUMMARY><![CDATA[N]]></ISSUMMARY>
<!--BDD54A6FFF394213A2A9C48D07C1626F-->  <ACTION><![CDATA[W]]></ACTION>
<!--BDD54A6FFF394213A2A9C48D07C1626F-->  <AD_WINDOW_ID><![CDATA[A14581C13597471EB281EE4277BC6712]]></AD_WINDOW_ID>
<!--BDD54A6FFF394213A2A9C48D07C1626F-->  <AD_MODULE_ID><![CDATA[D5FD35D6C7604921BA951B7E0EEE5DC2]]></AD_MODULE_ID>
<!--BDD54A6FFF394213A2A9C48D07C1626F-->  <OPENLINKINBROWSER><![CDATA[N]]></OPENLINKINBROWSER>
<!--BDD54A6FFF394213A2A9C48D07C1626F--></AD_MENU>

<!--BFC0E41BDED348148079AA5BFAC633EA--><AD_MENU>
<!--BFC0E41BDED348148079AA5BFAC633EA-->  <AD_MENU_ID><![CDATA[BFC0E41BDED348148079AA5BFAC633EA]]></AD_MENU_ID>
<!--BFC0E41BDED348148079AA5BFAC633EA-->  <AD_CLIENT_ID><![CDATA[0]]></AD_CLIENT_ID>
<!--BFC0E41BDED348148079AA5BFAC633EA-->  <AD_ORG_ID><![CDATA[0]]></AD_ORG_ID>
<!--BFC0E41BDED348148079AA5BFAC633EA-->  <ISACTIVE><![CDATA[Y]]></ISACTIVE>
<!--BFC0E41BDED348148079AA5BFAC633EA-->  <NAME><![CDATA[Department]]></NAME>
<!--BFC0E41BDED348148079AA5BFAC633EA-->  <ISSUMMARY><![CDATA[N]]></ISSUMMARY>
<!--BFC0E41BDED348148079AA5BFAC633EA-->  <ACTION><![CDATA[W]]></ACTION>
<!--BFC0E41BDED348148079AA5BFAC633EA-->  <AD_WINDOW_ID><![CDATA[192E9C30FE5F432CBA2DE2680E4FC1B6]]></AD_WINDOW_ID>
<!--BFC0E41BDED348148079AA5BFAC633EA-->  <AD_MODULE_ID><![CDATA[D5FD35D6C7604921BA951B7E0EEE5DC2]]></AD_MODULE_ID>
<!--BFC0E41BDED348148079AA5BFAC633EA-->  <OPENLINKINBROWSER><![CDATA[N]]></OPENLINKINBROWSER>
<!--BFC0E41BDED348148079AA5BFAC633EA--></AD_MENU>

<!--C0DF1934039946029B0C661202876DA3--><AD_MENU>
<!--C0DF1934039946029B0C661202876DA3-->  <AD_MENU_ID><![CDATA[C0DF1934039946029B0C661202876DA3]]></AD_MENU_ID>
<!--C0DF1934039946029B0C661202876DA3-->  <AD_CLIENT_ID><![CDATA[0]]></AD_CLIENT_ID>
<!--C0DF1934039946029B0C661202876DA3-->  <AD_ORG_ID><![CDATA[0]]></AD_ORG_ID>
<!--C0DF1934039946029B0C661202876DA3-->  <ISACTIVE><![CDATA[Y]]></ISACTIVE>
<!--C0DF1934039946029B0C661202876DA3-->  <NAME><![CDATA[Position Rule]]></NAME>
<!--C0DF1934039946029B0C661202876DA3-->  <DESCRIPTION><![CDATA[Position rule]]></DESCRIPTION>
<!--C0DF1934039946029B0C661202876DA3-->  <ISSUMMARY><![CDATA[N]]></ISSUMMARY>
<!--C0DF1934039946029B0C661202876DA3-->  <ACTION><![CDATA[W]]></ACTION>
<!--C0DF1934039946029B0C661202876DA3-->  <AD_WINDOW_ID><![CDATA[F7E1DB9C4BE04C08A6FDEC1BF2C677DB]]></AD_WINDOW_ID>
<!--C0DF1934039946029B0C661202876DA3-->  <AD_MODULE_ID><![CDATA[D5FD35D6C7604921BA951B7E0EEE5DC2]]></AD_MODULE_ID>
<!--C0DF1934039946029B0C661202876DA3-->  <OPENLINKINBROWSER><![CDATA[N]]></OPENLINKINBROWSER>
<!--C0DF1934039946029B0C661202876DA3--></AD_MENU>

<!--C0DFFCF4404240BD9507506D0980F9F5--><AD_MENU>
<!--C0DFFCF4404240BD9507506D0980F9F5-->  <AD_MENU_ID><![CDATA[C0DFFCF4404240BD9507506D0980F9F5]]></AD_MENU_ID>
<!--C0DFFCF4404240BD9507506D0980F9F5-->  <AD_CLIENT_ID><![CDATA[0]]></AD_CLIENT_ID>
<!--C0DFFCF4404240BD9507506D0980F9F5-->  <AD_ORG_ID><![CDATA[0]]></AD_ORG_ID>
<!--C0DFFCF4404240BD9507506D0980F9F5-->  <ISACTIVE><![CDATA[Y]]></ISACTIVE>
<!--C0DFFCF4404240BD9507506D0980F9F5-->  <NAME><![CDATA[Employee Training]]></NAME>
<!--C0DFFCF4404240BD9507506D0980F9F5-->  <ISSUMMARY><![CDATA[N]]></ISSUMMARY>
<!--C0DFFCF4404240BD9507506D0980F9F5-->  <ACTION><![CDATA[W]]></ACTION>
<!--C0DFFCF4404240BD9507506D0980F9F5-->  <AD_WINDOW_ID><![CDATA[61B7E50DC50946BB9B9F9554B3EFA2FC]]></AD_WINDOW_ID>
<!--C0DFFCF4404240BD9507506D0980F9F5-->  <AD_MODULE_ID><![CDATA[D5FD35D6C7604921BA951B7E0EEE5DC2]]></AD_MODULE_ID>
<!--C0DFFCF4404240BD9507506D0980F9F5-->  <OPENLINKINBROWSER><![CDATA[N]]></OPENLINKINBROWSER>
<!--C0DFFCF4404240BD9507506D0980F9F5--></AD_MENU>

<!--C97248489BD74968915A24865AA2C823--><AD_MENU>
<!--C97248489BD74968915A24865AA2C823-->  <AD_MENU_ID><![CDATA[C97248489BD74968915A24865AA2C823]]></AD_MENU_ID>
<!--C97248489BD74968915A24865AA2C823-->  <AD_CLIENT_ID><![CDATA[0]]></AD_CLIENT_ID>
<!--C97248489BD74968915A24865AA2C823-->  <AD_ORG_ID><![CDATA[0]]></AD_ORG_ID>
<!--C97248489BD74968915A24865AA2C823-->  <ISACTIVE><![CDATA[Y]]></ISACTIVE>
<!--C97248489BD74968915A24865AA2C823-->  <NAME><![CDATA[Recruitment]]></NAME>
<!--C97248489BD74968915A24865AA2C823-->  <ISSUMMARY><![CDATA[Y]]></ISSUMMARY>
<!--C97248489BD74968915A24865AA2C823-->  <ACTION><![CDATA[W]]></ACTION>
<!--C97248489BD74968915A24865AA2C823-->  <AD_MODULE_ID><![CDATA[D5FD35D6C7604921BA951B7E0EEE5DC2]]></AD_MODULE_ID>
<!--C97248489BD74968915A24865AA2C823-->  <OPENLINKINBROWSER><![CDATA[N]]></OPENLINKINBROWSER>
<!--C97248489BD74968915A24865AA2C823--></AD_MENU>

<!--CD170D1C71104FFB87F1E5ECEE540677--><AD_MENU>
<!--CD170D1C71104FFB87F1E5ECEE540677-->  <AD_MENU_ID><![CDATA[CD170D1C71104FFB87F1E5ECEE540677]]></AD_MENU_ID>
<!--CD170D1C71104FFB87F1E5ECEE540677-->  <AD_CLIENT_ID><![CDATA[0]]></AD_CLIENT_ID>
<!--CD170D1C71104FFB87F1E5ECEE540677-->  <AD_ORG_ID><![CDATA[0]]></AD_ORG_ID>
<!--CD170D1C71104FFB87F1E5ECEE540677-->  <ISACTIVE><![CDATA[Y]]></ISACTIVE>
<!--CD170D1C71104FFB87F1E5ECEE540677-->  <NAME><![CDATA[Reimbursment]]></NAME>
<!--CD170D1C71104FFB87F1E5ECEE540677-->  <DESCRIPTION><![CDATA[Reimbursment request]]></DESCRIPTION>
<!--CD170D1C71104FFB87F1E5ECEE540677-->  <ISSUMMARY><![CDATA[N]]></ISSUMMARY>
<!--CD170D1C71104FFB87F1E5ECEE540677-->  <ACTION><![CDATA[W]]></ACTION>
<!--CD170D1C71104FFB87F1E5ECEE540677-->  <AD_WINDOW_ID><![CDATA[FE4E14F938BC40DA842779AD7A826685]]></AD_WINDOW_ID>
<!--CD170D1C71104FFB87F1E5ECEE540677-->  <AD_MODULE_ID><![CDATA[D5FD35D6C7604921BA951B7E0EEE5DC2]]></AD_MODULE_ID>
<!--CD170D1C71104FFB87F1E5ECEE540677-->  <OPENLINKINBROWSER><![CDATA[N]]></OPENLINKINBROWSER>
<!--CD170D1C71104FFB87F1E5ECEE540677--></AD_MENU>

<!--CD2C5EED167B42819C97554FBB49F6C3--><AD_MENU>
<!--CD2C5EED167B42819C97554FBB49F6C3-->  <AD_MENU_ID><![CDATA[CD2C5EED167B42819C97554FBB49F6C3]]></AD_MENU_ID>
<!--CD2C5EED167B42819C97554FBB49F6C3-->  <AD_CLIENT_ID><![CDATA[0]]></AD_CLIENT_ID>
<!--CD2C5EED167B42819C97554FBB49F6C3-->  <AD_ORG_ID><![CDATA[0]]></AD_ORG_ID>
<!--CD2C5EED167B42819C97554FBB49F6C3-->  <ISACTIVE><![CDATA[Y]]></ISACTIVE>
<!--CD2C5EED167B42819C97554FBB49F6C3-->  <NAME><![CDATA[Employee Achievement]]></NAME>
<!--CD2C5EED167B42819C97554FBB49F6C3-->  <ISSUMMARY><![CDATA[N]]></ISSUMMARY>
<!--CD2C5EED167B42819C97554FBB49F6C3-->  <ACTION><![CDATA[W]]></ACTION>
<!--CD2C5EED167B42819C97554FBB49F6C3-->  <AD_WINDOW_ID><![CDATA[1A37B2C3A3D94416B93E2A462E03E624]]></AD_WINDOW_ID>
<!--CD2C5EED167B42819C97554FBB49F6C3-->  <AD_MODULE_ID><![CDATA[D5FD35D6C7604921BA951B7E0EEE5DC2]]></AD_MODULE_ID>
<!--CD2C5EED167B42819C97554FBB49F6C3-->  <OPENLINKINBROWSER><![CDATA[N]]></OPENLINKINBROWSER>
<!--CD2C5EED167B42819C97554FBB49F6C3--></AD_MENU>

<!--CF224743084D44508AA5946988FAF4EF--><AD_MENU>
<!--CF224743084D44508AA5946988FAF4EF-->  <AD_MENU_ID><![CDATA[CF224743084D44508AA5946988FAF4EF]]></AD_MENU_ID>
<!--CF224743084D44508AA5946988FAF4EF-->  <AD_CLIENT_ID><![CDATA[0]]></AD_CLIENT_ID>
<!--CF224743084D44508AA5946988FAF4EF-->  <AD_ORG_ID><![CDATA[0]]></AD_ORG_ID>
<!--CF224743084D44508AA5946988FAF4EF-->  <ISACTIVE><![CDATA[Y]]></ISACTIVE>
<!--CF224743084D44508AA5946988FAF4EF-->  <NAME><![CDATA[Setup]]></NAME>
<!--CF224743084D44508AA5946988FAF4EF-->  <ISSUMMARY><![CDATA[Y]]></ISSUMMARY>
<!--CF224743084D44508AA5946988FAF4EF-->  <AD_MODULE_ID><![CDATA[D5FD35D6C7604921BA951B7E0EEE5DC2]]></AD_MODULE_ID>
<!--CF224743084D44508AA5946988FAF4EF-->  <OPENLINKINBROWSER><![CDATA[N]]></OPENLINKINBROWSER>
<!--CF224743084D44508AA5946988FAF4EF--></AD_MENU>

<!--D17AC47164994BCDA09B96989701B961--><AD_MENU>
<!--D17AC47164994BCDA09B96989701B961-->  <AD_MENU_ID><![CDATA[D17AC47164994BCDA09B96989701B961]]></AD_MENU_ID>
<!--D17AC47164994BCDA09B96989701B961-->  <AD_CLIENT_ID><![CDATA[0]]></AD_CLIENT_ID>
<!--D17AC47164994BCDA09B96989701B961-->  <AD_ORG_ID><![CDATA[0]]></AD_ORG_ID>
<!--D17AC47164994BCDA09B96989701B961-->  <ISACTIVE><![CDATA[Y]]></ISACTIVE>
<!--D17AC47164994BCDA09B96989701B961-->  <NAME><![CDATA[Setup]]></NAME>
<!--D17AC47164994BCDA09B96989701B961-->  <ISSUMMARY><![CDATA[Y]]></ISSUMMARY>
<!--D17AC47164994BCDA09B96989701B961-->  <AD_MODULE_ID><![CDATA[D5FD35D6C7604921BA951B7E0EEE5DC2]]></AD_MODULE_ID>
<!--D17AC47164994BCDA09B96989701B961-->  <OPENLINKINBROWSER><![CDATA[N]]></OPENLINKINBROWSER>
<!--D17AC47164994BCDA09B96989701B961--></AD_MENU>

<!--D400AC4267F341E3BCAC4E85DC012B4B--><AD_MENU>
<!--D400AC4267F341E3BCAC4E85DC012B4B-->  <AD_MENU_ID><![CDATA[D400AC4267F341E3BCAC4E85DC012B4B]]></AD_MENU_ID>
<!--D400AC4267F341E3BCAC4E85DC012B4B-->  <AD_CLIENT_ID><![CDATA[0]]></AD_CLIENT_ID>
<!--D400AC4267F341E3BCAC4E85DC012B4B-->  <AD_ORG_ID><![CDATA[0]]></AD_ORG_ID>
<!--D400AC4267F341E3BCAC4E85DC012B4B-->  <ISACTIVE><![CDATA[Y]]></ISACTIVE>
<!--D400AC4267F341E3BCAC4E85DC012B4B-->  <NAME><![CDATA[Analysis Tools]]></NAME>
<!--D400AC4267F341E3BCAC4E85DC012B4B-->  <ISSUMMARY><![CDATA[Y]]></ISSUMMARY>
<!--D400AC4267F341E3BCAC4E85DC012B4B-->  <AD_MODULE_ID><![CDATA[D5FD35D6C7604921BA951B7E0EEE5DC2]]></AD_MODULE_ID>
<!--D400AC4267F341E3BCAC4E85DC012B4B-->  <OPENLINKINBROWSER><![CDATA[N]]></OPENLINKINBROWSER>
<!--D400AC4267F341E3BCAC4E85DC012B4B--></AD_MENU>

<!--D6F90833DF6C40BAA5C1047DE0C4A73E--><AD_MENU>
<!--D6F90833DF6C40BAA5C1047DE0C4A73E-->  <AD_MENU_ID><![CDATA[D6F90833DF6C40BAA5C1047DE0C4A73E]]></AD_MENU_ID>
<!--D6F90833DF6C40BAA5C1047DE0C4A73E-->  <AD_CLIENT_ID><![CDATA[0]]></AD_CLIENT_ID>
<!--D6F90833DF6C40BAA5C1047DE0C4A73E-->  <AD_ORG_ID><![CDATA[0]]></AD_ORG_ID>
<!--D6F90833DF6C40BAA5C1047DE0C4A73E-->  <ISACTIVE><![CDATA[Y]]></ISACTIVE>
<!--D6F90833DF6C40BAA5C1047DE0C4A73E-->  <NAME><![CDATA[Manufacturing Cost Center]]></NAME>
<!--D6F90833DF6C40BAA5C1047DE0C4A73E-->  <DESCRIPTION><![CDATA[Create and edit cost centers related to production to sum up charges associated with a specific transaction.]]></DESCRIPTION>
<!--D6F90833DF6C40BAA5C1047DE0C4A73E-->  <ISSUMMARY><![CDATA[N]]></ISSUMMARY>
<!--D6F90833DF6C40BAA5C1047DE0C4A73E-->  <ACTION><![CDATA[W]]></ACTION>
<!--D6F90833DF6C40BAA5C1047DE0C4A73E-->  <AD_WINDOW_ID><![CDATA[800030]]></AD_WINDOW_ID>
<!--D6F90833DF6C40BAA5C1047DE0C4A73E-->  <AD_MODULE_ID><![CDATA[D5FD35D6C7604921BA951B7E0EEE5DC2]]></AD_MODULE_ID>
<!--D6F90833DF6C40BAA5C1047DE0C4A73E-->  <OPENLINKINBROWSER><![CDATA[N]]></OPENLINKINBROWSER>
<!--D6F90833DF6C40BAA5C1047DE0C4A73E--></AD_MENU>

<!--D799640050BC4D20835F1CD95CBE8A86--><AD_MENU>
<!--D799640050BC4D20835F1CD95CBE8A86-->  <AD_MENU_ID><![CDATA[D799640050BC4D20835F1CD95CBE8A86]]></AD_MENU_ID>
<!--D799640050BC4D20835F1CD95CBE8A86-->  <AD_CLIENT_ID><![CDATA[0]]></AD_CLIENT_ID>
<!--D799640050BC4D20835F1CD95CBE8A86-->  <AD_ORG_ID><![CDATA[0]]></AD_ORG_ID>
<!--D799640050BC4D20835F1CD95CBE8A86-->  <ISACTIVE><![CDATA[Y]]></ISACTIVE>
<!--D799640050BC4D20835F1CD95CBE8A86-->  <NAME><![CDATA[Employee Certificate/License]]></NAME>
<!--D799640050BC4D20835F1CD95CBE8A86-->  <ISSUMMARY><![CDATA[N]]></ISSUMMARY>
<!--D799640050BC4D20835F1CD95CBE8A86-->  <ACTION><![CDATA[W]]></ACTION>
<!--D799640050BC4D20835F1CD95CBE8A86-->  <AD_WINDOW_ID><![CDATA[CF764C8FE1744043A1355CECFA3C0EF0]]></AD_WINDOW_ID>
<!--D799640050BC4D20835F1CD95CBE8A86-->  <AD_MODULE_ID><![CDATA[D5FD35D6C7604921BA951B7E0EEE5DC2]]></AD_MODULE_ID>
<!--D799640050BC4D20835F1CD95CBE8A86-->  <OPENLINKINBROWSER><![CDATA[N]]></OPENLINKINBROWSER>
<!--D799640050BC4D20835F1CD95CBE8A86--></AD_MENU>

<!--D80B8C953BC945A6A33C0A1F2ACE1EBD--><AD_MENU>
<!--D80B8C953BC945A6A33C0A1F2ACE1EBD-->  <AD_MENU_ID><![CDATA[D80B8C953BC945A6A33C0A1F2ACE1EBD]]></AD_MENU_ID>
<!--D80B8C953BC945A6A33C0A1F2ACE1EBD-->  <AD_CLIENT_ID><![CDATA[0]]></AD_CLIENT_ID>
<!--D80B8C953BC945A6A33C0A1F2ACE1EBD-->  <AD_ORG_ID><![CDATA[0]]></AD_ORG_ID>
<!--D80B8C953BC945A6A33C0A1F2ACE1EBD-->  <ISACTIVE><![CDATA[Y]]></ISACTIVE>
<!--D80B8C953BC945A6A33C0A1F2ACE1EBD-->  <NAME><![CDATA[Employee Supervisor Management]]></NAME>
<!--D80B8C953BC945A6A33C0A1F2ACE1EBD-->  <ISSUMMARY><![CDATA[N]]></ISSUMMARY>
<!--D80B8C953BC945A6A33C0A1F2ACE1EBD-->  <ACTION><![CDATA[W]]></ACTION>
<!--D80B8C953BC945A6A33C0A1F2ACE1EBD-->  <AD_WINDOW_ID><![CDATA[CB4DA7909FF04ECD9730B325127D272E]]></AD_WINDOW_ID>
<!--D80B8C953BC945A6A33C0A1F2ACE1EBD-->  <AD_MODULE_ID><![CDATA[D5FD35D6C7604921BA951B7E0EEE5DC2]]></AD_MODULE_ID>
<!--D80B8C953BC945A6A33C0A1F2ACE1EBD-->  <OPENLINKINBROWSER><![CDATA[N]]></OPENLINKINBROWSER>
<!--D80B8C953BC945A6A33C0A1F2ACE1EBD--></AD_MENU>

<!--D85DCBA47CF248678B0298CF7162152A--><AD_MENU>
<!--D85DCBA47CF248678B0298CF7162152A-->  <AD_MENU_ID><![CDATA[D85DCBA47CF248678B0298CF7162152A]]></AD_MENU_ID>
<!--D85DCBA47CF248678B0298CF7162152A-->  <AD_CLIENT_ID><![CDATA[0]]></AD_CLIENT_ID>
<!--D85DCBA47CF248678B0298CF7162152A-->  <AD_ORG_ID><![CDATA[0]]></AD_ORG_ID>
<!--D85DCBA47CF248678B0298CF7162152A-->  <ISACTIVE><![CDATA[Y]]></ISACTIVE>
<!--D85DCBA47CF248678B0298CF7162152A-->  <NAME><![CDATA[Education Exam]]></NAME>
<!--D85DCBA47CF248678B0298CF7162152A-->  <ISSUMMARY><![CDATA[N]]></ISSUMMARY>
<!--D85DCBA47CF248678B0298CF7162152A-->  <ACTION><![CDATA[W]]></ACTION>
<!--D85DCBA47CF248678B0298CF7162152A-->  <AD_WINDOW_ID><![CDATA[F1C7BD2153B84DBE9D9C30FD9281611F]]></AD_WINDOW_ID>
<!--D85DCBA47CF248678B0298CF7162152A-->  <AD_MODULE_ID><![CDATA[D5FD35D6C7604921BA951B7E0EEE5DC2]]></AD_MODULE_ID>
<!--D85DCBA47CF248678B0298CF7162152A-->  <OPENLINKINBROWSER><![CDATA[N]]></OPENLINKINBROWSER>
<!--D85DCBA47CF248678B0298CF7162152A--></AD_MENU>

<!--DD3F60CB76C7487FB12784DD1D7CACD4--><AD_MENU>
<!--DD3F60CB76C7487FB12784DD1D7CACD4-->  <AD_MENU_ID><![CDATA[DD3F60CB76C7487FB12784DD1D7CACD4]]></AD_MENU_ID>
<!--DD3F60CB76C7487FB12784DD1D7CACD4-->  <AD_CLIENT_ID><![CDATA[0]]></AD_CLIENT_ID>
<!--DD3F60CB76C7487FB12784DD1D7CACD4-->  <AD_ORG_ID><![CDATA[0]]></AD_ORG_ID>
<!--DD3F60CB76C7487FB12784DD1D7CACD4-->  <ISACTIVE><![CDATA[Y]]></ISACTIVE>
<!--DD3F60CB76C7487FB12784DD1D7CACD4-->  <NAME><![CDATA[Employee Grade Rule]]></NAME>
<!--DD3F60CB76C7487FB12784DD1D7CACD4-->  <ISSUMMARY><![CDATA[N]]></ISSUMMARY>
<!--DD3F60CB76C7487FB12784DD1D7CACD4-->  <ACTION><![CDATA[W]]></ACTION>
<!--DD3F60CB76C7487FB12784DD1D7CACD4-->  <AD_WINDOW_ID><![CDATA[1096B2F37757402AA8F9D2E07979FFC4]]></AD_WINDOW_ID>
<!--DD3F60CB76C7487FB12784DD1D7CACD4-->  <AD_MODULE_ID><![CDATA[D5FD35D6C7604921BA951B7E0EEE5DC2]]></AD_MODULE_ID>
<!--DD3F60CB76C7487FB12784DD1D7CACD4-->  <OPENLINKINBROWSER><![CDATA[N]]></OPENLINKINBROWSER>
<!--DD3F60CB76C7487FB12784DD1D7CACD4--></AD_MENU>

<!--EA5954E08BD24BBBB62EE27B7CA862AE--><AD_MENU>
<!--EA5954E08BD24BBBB62EE27B7CA862AE-->  <AD_MENU_ID><![CDATA[EA5954E08BD24BBBB62EE27B7CA862AE]]></AD_MENU_ID>
<!--EA5954E08BD24BBBB62EE27B7CA862AE-->  <AD_CLIENT_ID><![CDATA[0]]></AD_CLIENT_ID>
<!--EA5954E08BD24BBBB62EE27B7CA862AE-->  <AD_ORG_ID><![CDATA[0]]></AD_ORG_ID>
<!--EA5954E08BD24BBBB62EE27B7CA862AE-->  <ISACTIVE><![CDATA[Y]]></ISACTIVE>
<!--EA5954E08BD24BBBB62EE27B7CA862AE-->  <NAME><![CDATA[Employee Position]]></NAME>
<!--EA5954E08BD24BBBB62EE27B7CA862AE-->  <ISSUMMARY><![CDATA[N]]></ISSUMMARY>
<!--EA5954E08BD24BBBB62EE27B7CA862AE-->  <ACTION><![CDATA[W]]></ACTION>
<!--EA5954E08BD24BBBB62EE27B7CA862AE-->  <AD_WINDOW_ID><![CDATA[55A009FDAA594988871A5F503EC7F23D]]></AD_WINDOW_ID>
<!--EA5954E08BD24BBBB62EE27B7CA862AE-->  <AD_MODULE_ID><![CDATA[D5FD35D6C7604921BA951B7E0EEE5DC2]]></AD_MODULE_ID>
<!--EA5954E08BD24BBBB62EE27B7CA862AE-->  <OPENLINKINBROWSER><![CDATA[N]]></OPENLINKINBROWSER>
<!--EA5954E08BD24BBBB62EE27B7CA862AE--></AD_MENU>

<!--ED3D7C37A0F149109ADD89E0DFD1DD66--><AD_MENU>
<!--ED3D7C37A0F149109ADD89E0DFD1DD66-->  <AD_MENU_ID><![CDATA[ED3D7C37A0F149109ADD89E0DFD1DD66]]></AD_MENU_ID>
<!--ED3D7C37A0F149109ADD89E0DFD1DD66-->  <AD_CLIENT_ID><![CDATA[0]]></AD_CLIENT_ID>
<!--ED3D7C37A0F149109ADD89E0DFD1DD66-->  <AD_ORG_ID><![CDATA[0]]></AD_ORG_ID>
<!--ED3D7C37A0F149109ADD89E0DFD1DD66-->  <ISACTIVE><![CDATA[Y]]></ISACTIVE>
<!--ED3D7C37A0F149109ADD89E0DFD1DD66-->  <NAME><![CDATA[Employee Administration]]></NAME>
<!--ED3D7C37A0F149109ADD89E0DFD1DD66-->  <ISSUMMARY><![CDATA[Y]]></ISSUMMARY>
<!--ED3D7C37A0F149109ADD89E0DFD1DD66-->  <AD_MODULE_ID><![CDATA[D5FD35D6C7604921BA951B7E0EEE5DC2]]></AD_MODULE_ID>
<!--ED3D7C37A0F149109ADD89E0DFD1DD66-->  <OPENLINKINBROWSER><![CDATA[N]]></OPENLINKINBROWSER>
<!--ED3D7C37A0F149109ADD89E0DFD1DD66--></AD_MENU>

<!--F07352E4E9094245B3F762A0C250AA11--><AD_MENU>
<!--F07352E4E9094245B3F762A0C250AA11-->  <AD_MENU_ID><![CDATA[F07352E4E9094245B3F762A0C250AA11]]></AD_MENU_ID>
<!--F07352E4E9094245B3F762A0C250AA11-->  <AD_CLIENT_ID><![CDATA[0]]></AD_CLIENT_ID>
<!--F07352E4E9094245B3F762A0C250AA11-->  <AD_ORG_ID><![CDATA[0]]></AD_ORG_ID>
<!--F07352E4E9094245B3F762A0C250AA11-->  <ISACTIVE><![CDATA[N]]></ISACTIVE>
<!--F07352E4E9094245B3F762A0C250AA11-->  <NAME><![CDATA[Employee Transfer (OLD)]]></NAME>
<!--F07352E4E9094245B3F762A0C250AA11-->  <ISSUMMARY><![CDATA[N]]></ISSUMMARY>
<!--F07352E4E9094245B3F762A0C250AA11-->  <ACTION><![CDATA[W]]></ACTION>
<!--F07352E4E9094245B3F762A0C250AA11-->  <AD_WINDOW_ID><![CDATA[4E41DB4F32424F45B9C6A3767BB07F07]]></AD_WINDOW_ID>
<!--F07352E4E9094245B3F762A0C250AA11-->  <AD_MODULE_ID><![CDATA[D5FD35D6C7604921BA951B7E0EEE5DC2]]></AD_MODULE_ID>
<!--F07352E4E9094245B3F762A0C250AA11-->  <OPENLINKINBROWSER><![CDATA[N]]></OPENLINKINBROWSER>
<!--F07352E4E9094245B3F762A0C250AA11--></AD_MENU>

<!--F2399DA3A8634579AE749D3B9B70DCFD--><AD_MENU>
<!--F2399DA3A8634579AE749D3B9B70DCFD-->  <AD_MENU_ID><![CDATA[F2399DA3A8634579AE749D3B9B70DCFD]]></AD_MENU_ID>
<!--F2399DA3A8634579AE749D3B9B70DCFD-->  <AD_CLIENT_ID><![CDATA[0]]></AD_CLIENT_ID>
<!--F2399DA3A8634579AE749D3B9B70DCFD-->  <AD_ORG_ID><![CDATA[0]]></AD_ORG_ID>
<!--F2399DA3A8634579AE749D3B9B70DCFD-->  <ISACTIVE><![CDATA[Y]]></ISACTIVE>
<!--F2399DA3A8634579AE749D3B9B70DCFD-->  <NAME><![CDATA[Human Resource Management]]></NAME>
<!--F2399DA3A8634579AE749D3B9B70DCFD-->  <ISSUMMARY><![CDATA[Y]]></ISSUMMARY>
<!--F2399DA3A8634579AE749D3B9B70DCFD-->  <AD_MODULE_ID><![CDATA[D5FD35D6C7604921BA951B7E0EEE5DC2]]></AD_MODULE_ID>
<!--F2399DA3A8634579AE749D3B9B70DCFD-->  <OPENLINKINBROWSER><![CDATA[N]]></OPENLINKINBROWSER>
<!--F2399DA3A8634579AE749D3B9B70DCFD--></AD_MENU>

<!--FFCDF46C32C94179867C6E3E9E3DC291--><AD_MENU>
<!--FFCDF46C32C94179867C6E3E9E3DC291-->  <AD_MENU_ID><![CDATA[FFCDF46C32C94179867C6E3E9E3DC291]]></AD_MENU_ID>
<!--FFCDF46C32C94179867C6E3E9E3DC291-->  <AD_CLIENT_ID><![CDATA[0]]></AD_CLIENT_ID>
<!--FFCDF46C32C94179867C6E3E9E3DC291-->  <AD_ORG_ID><![CDATA[0]]></AD_ORG_ID>
<!--FFCDF46C32C94179867C6E3E9E3DC291-->  <ISACTIVE><![CDATA[Y]]></ISACTIVE>
<!--FFCDF46C32C94179867C6E3E9E3DC291-->  <NAME><![CDATA[People Development]]></NAME>
<!--FFCDF46C32C94179867C6E3E9E3DC291-->  <ISSUMMARY><![CDATA[Y]]></ISSUMMARY>
<!--FFCDF46C32C94179867C6E3E9E3DC291-->  <AD_MODULE_ID><![CDATA[D5FD35D6C7604921BA951B7E0EEE5DC2]]></AD_MODULE_ID>
<!--FFCDF46C32C94179867C6E3E9E3DC291-->  <OPENLINKINBROWSER><![CDATA[N]]></OPENLINKINBROWSER>
<!--FFCDF46C32C94179867C6E3E9E3DC291--></AD_MENU>

</data>
