<?xml version="1.0" encoding="UTF-8"?>
<data>
<!--D5FD35D6C7604921BA951B7E0EEE5DC2--><AD_MODULE>
<!--D5FD35D6C7604921BA951B7E0EEE5DC2-->  <AD_MODULE_ID><![CDATA[D5FD35D6C7604921BA951B7E0EEE5DC2]]></AD_MODULE_ID>
<!--D5FD35D6C7604921BA951B7E0EEE5DC2-->  <AD_CLIENT_ID><![CDATA[0]]></AD_CLIENT_ID>
<!--D5FD35D6C7604921BA951B7E0EEE5DC2-->  <AD_ORG_ID><![CDATA[0]]></AD_ORG_ID>
<!--D5FD35D6C7604921BA951B7E0EEE5DC2-->  <ISACTIVE><![CDATA[Y]]></ISACTIVE>
<!--D5FD35D6C7604921BA951B7E0EEE5DC2-->  <NAME><![CDATA[Employee Administration]]></NAME>
<!--D5FD35D6C7604921BA951B7E0EEE5DC2-->  <VERSION><![CDATA[1.0.58]]></VERSION>
<!--D5FD35D6C7604921BA951B7E0EEE5DC2-->  <DESCRIPTION><![CDATA[Employee Module for Openbravo Payroll Pro Package]]></DESCRIPTION>
<!--D5FD35D6C7604921BA951B7E0EEE5DC2-->  <HELP><![CDATA[Employee Module for Openbravo Payroll Pro Package]]></HELP>
<!--D5FD35D6C7604921BA951B7E0EEE5DC2-->  <URL><![CDATA[www.wirabumisoftware.com]]></URL>
<!--D5FD35D6C7604921BA951B7E0EEE5DC2-->  <TYPE><![CDATA[M]]></TYPE>
<!--D5FD35D6C7604921BA951B7E0EEE5DC2-->  <LICENSE><![CDATA[The Wirabumi Public License 1.1. (OWPL)]]></LICENSE>
<!--D5FD35D6C7604921BA951B7E0EEE5DC2-->  <JAVAPACKAGE><![CDATA[org.wirabumi.hris.employee.master]]></JAVAPACKAGE>
<!--D5FD35D6C7604921BA951B7E0EEE5DC2-->  <LICENSETYPE><![CDATA[OBPL]]></LICENSETYPE>
<!--D5FD35D6C7604921BA951B7E0EEE5DC2-->  <ISTRANSLATIONREQUIRED><![CDATA[Y]]></ISTRANSLATIONREQUIRED>
<!--D5FD35D6C7604921BA951B7E0EEE5DC2-->  <AD_LANGUAGE><![CDATA[en_US]]></AD_LANGUAGE>
<!--D5FD35D6C7604921BA951B7E0EEE5DC2-->  <HASCHARTOFACCOUNTS><![CDATA[N]]></HASCHARTOFACCOUNTS>
<!--D5FD35D6C7604921BA951B7E0EEE5DC2-->  <ISTRANSLATIONMODULE><![CDATA[N]]></ISTRANSLATIONMODULE>
<!--D5FD35D6C7604921BA951B7E0EEE5DC2-->  <HASREFERENCEDATA><![CDATA[Y]]></HASREFERENCEDATA>
<!--D5FD35D6C7604921BA951B7E0EEE5DC2-->  <ISCOMMERCIAL><![CDATA[N]]></ISCOMMERCIAL>
<!--D5FD35D6C7604921BA951B7E0EEE5DC2-->  <ISTRIALALLOWED><![CDATA[N]]></ISTRIALALLOWED>
<!--D5FD35D6C7604921BA951B7E0EEE5DC2--></AD_MODULE>

</data>
