<?xml version="1.0" encoding="UTF-8"?>
<data>
<!--6F140B9086AB4409843019AD4F5DCAE5--><AD_MODULE_DEPENDENCY>
<!--6F140B9086AB4409843019AD4F5DCAE5-->  <AD_MODULE_DEPENDENCY_ID><![CDATA[6F140B9086AB4409843019AD4F5DCAE5]]></AD_MODULE_DEPENDENCY_ID>
<!--6F140B9086AB4409843019AD4F5DCAE5-->  <AD_CLIENT_ID><![CDATA[0]]></AD_CLIENT_ID>
<!--6F140B9086AB4409843019AD4F5DCAE5-->  <AD_ORG_ID><![CDATA[0]]></AD_ORG_ID>
<!--6F140B9086AB4409843019AD4F5DCAE5-->  <ISACTIVE><![CDATA[Y]]></ISACTIVE>
<!--6F140B9086AB4409843019AD4F5DCAE5-->  <AD_MODULE_ID><![CDATA[D5FD35D6C7604921BA951B7E0EEE5DC2]]></AD_MODULE_ID>
<!--6F140B9086AB4409843019AD4F5DCAE5-->  <AD_DEPENDENT_MODULE_ID><![CDATA[7E48CDD73B7E493A8BED4F7253E7C989]]></AD_DEPENDENT_MODULE_ID>
<!--6F140B9086AB4409843019AD4F5DCAE5-->  <STARTVERSION><![CDATA[2.1.20689]]></STARTVERSION>
<!--6F140B9086AB4409843019AD4F5DCAE5-->  <ISINCLUDED><![CDATA[N]]></ISINCLUDED>
<!--6F140B9086AB4409843019AD4F5DCAE5-->  <DEPENDANT_MODULE_NAME><![CDATA[Openbravo 3.0 Framework]]></DEPENDANT_MODULE_NAME>
<!--6F140B9086AB4409843019AD4F5DCAE5-->  <DEPENDENCY_ENFORCEMENT><![CDATA[MAJOR]]></DEPENDENCY_ENFORCEMENT>
<!--6F140B9086AB4409843019AD4F5DCAE5-->  <USER_EDITABLE_ENFORCEMENT><![CDATA[N]]></USER_EDITABLE_ENFORCEMENT>
<!--6F140B9086AB4409843019AD4F5DCAE5--></AD_MODULE_DEPENDENCY>

<!--A6F36E1BD9054E4D9CEDF93027002D96--><AD_MODULE_DEPENDENCY>
<!--A6F36E1BD9054E4D9CEDF93027002D96-->  <AD_MODULE_DEPENDENCY_ID><![CDATA[A6F36E1BD9054E4D9CEDF93027002D96]]></AD_MODULE_DEPENDENCY_ID>
<!--A6F36E1BD9054E4D9CEDF93027002D96-->  <AD_CLIENT_ID><![CDATA[0]]></AD_CLIENT_ID>
<!--A6F36E1BD9054E4D9CEDF93027002D96-->  <AD_ORG_ID><![CDATA[0]]></AD_ORG_ID>
<!--A6F36E1BD9054E4D9CEDF93027002D96-->  <ISACTIVE><![CDATA[Y]]></ISACTIVE>
<!--A6F36E1BD9054E4D9CEDF93027002D96-->  <AD_MODULE_ID><![CDATA[D5FD35D6C7604921BA951B7E0EEE5DC2]]></AD_MODULE_ID>
<!--A6F36E1BD9054E4D9CEDF93027002D96-->  <AD_DEPENDENT_MODULE_ID><![CDATA[27445C8270364452BEB29669FBB21CED]]></AD_DEPENDENT_MODULE_ID>
<!--A6F36E1BD9054E4D9CEDF93027002D96-->  <STARTVERSION><![CDATA[1.0.29]]></STARTVERSION>
<!--A6F36E1BD9054E4D9CEDF93027002D96-->  <ISINCLUDED><![CDATA[N]]></ISINCLUDED>
<!--A6F36E1BD9054E4D9CEDF93027002D96-->  <DEPENDANT_MODULE_NAME><![CDATA[Openbravo EZ]]></DEPENDANT_MODULE_NAME>
<!--A6F36E1BD9054E4D9CEDF93027002D96-->  <DEPENDENCY_ENFORCEMENT><![CDATA[MAJOR]]></DEPENDENCY_ENFORCEMENT>
<!--A6F36E1BD9054E4D9CEDF93027002D96-->  <USER_EDITABLE_ENFORCEMENT><![CDATA[N]]></USER_EDITABLE_ENFORCEMENT>
<!--A6F36E1BD9054E4D9CEDF93027002D96--></AD_MODULE_DEPENDENCY>

<!--D1E6788CC4C94C39B222CE7F2AAD7242--><AD_MODULE_DEPENDENCY>
<!--D1E6788CC4C94C39B222CE7F2AAD7242-->  <AD_MODULE_DEPENDENCY_ID><![CDATA[D1E6788CC4C94C39B222CE7F2AAD7242]]></AD_MODULE_DEPENDENCY_ID>
<!--D1E6788CC4C94C39B222CE7F2AAD7242-->  <AD_CLIENT_ID><![CDATA[0]]></AD_CLIENT_ID>
<!--D1E6788CC4C94C39B222CE7F2AAD7242-->  <AD_ORG_ID><![CDATA[0]]></AD_ORG_ID>
<!--D1E6788CC4C94C39B222CE7F2AAD7242-->  <ISACTIVE><![CDATA[Y]]></ISACTIVE>
<!--D1E6788CC4C94C39B222CE7F2AAD7242-->  <AD_MODULE_ID><![CDATA[D5FD35D6C7604921BA951B7E0EEE5DC2]]></AD_MODULE_ID>
<!--D1E6788CC4C94C39B222CE7F2AAD7242-->  <AD_DEPENDENT_MODULE_ID><![CDATA[0]]></AD_DEPENDENT_MODULE_ID>
<!--D1E6788CC4C94C39B222CE7F2AAD7242-->  <STARTVERSION><![CDATA[3.0.0]]></STARTVERSION>
<!--D1E6788CC4C94C39B222CE7F2AAD7242-->  <ISINCLUDED><![CDATA[N]]></ISINCLUDED>
<!--D1E6788CC4C94C39B222CE7F2AAD7242-->  <DEPENDANT_MODULE_NAME><![CDATA[Core]]></DEPENDANT_MODULE_NAME>
<!--D1E6788CC4C94C39B222CE7F2AAD7242-->  <DEPENDENCY_ENFORCEMENT><![CDATA[MAJOR]]></DEPENDENCY_ENFORCEMENT>
<!--D1E6788CC4C94C39B222CE7F2AAD7242-->  <USER_EDITABLE_ENFORCEMENT><![CDATA[Y]]></USER_EDITABLE_ENFORCEMENT>
<!--D1E6788CC4C94C39B222CE7F2AAD7242--></AD_MODULE_DEPENDENCY>

</data>
