<?xml version="1.0" encoding="UTF-8"?>
<data>
<!--0B9E1979C8584145B80691BAEC76C105--><AD_MODEL_OBJECT>
<!--0B9E1979C8584145B80691BAEC76C105-->  <AD_MODEL_OBJECT_ID><![CDATA[0B9E1979C8584145B80691BAEC76C105]]></AD_MODEL_OBJECT_ID>
<!--0B9E1979C8584145B80691BAEC76C105-->  <AD_CLIENT_ID><![CDATA[0]]></AD_CLIENT_ID>
<!--0B9E1979C8584145B80691BAEC76C105-->  <AD_ORG_ID><![CDATA[0]]></AD_ORG_ID>
<!--0B9E1979C8584145B80691BAEC76C105-->  <ISACTIVE><![CDATA[Y]]></ISACTIVE>
<!--0B9E1979C8584145B80691BAEC76C105-->  <ACTION><![CDATA[C]]></ACTION>
<!--0B9E1979C8584145B80691BAEC76C105-->  <CLASSNAME><![CDATA[org.wirabumi.hris.employee.master.ad_callout.TransferEmployeeData]]></CLASSNAME>
<!--0B9E1979C8584145B80691BAEC76C105-->  <ISDEFAULT><![CDATA[Y]]></ISDEFAULT>
<!--0B9E1979C8584145B80691BAEC76C105-->  <AD_CALLOUT_ID><![CDATA[6C7360C5353C46DF98DBDF955A619A73]]></AD_CALLOUT_ID>
<!--0B9E1979C8584145B80691BAEC76C105-->  <OBJECT_TYPE><![CDATA[S]]></OBJECT_TYPE>
<!--0B9E1979C8584145B80691BAEC76C105--></AD_MODEL_OBJECT>

<!--10A3123DA12D40AC8D059E095FC2F9FA--><AD_MODEL_OBJECT>
<!--10A3123DA12D40AC8D059E095FC2F9FA-->  <AD_MODEL_OBJECT_ID><![CDATA[10A3123DA12D40AC8D059E095FC2F9FA]]></AD_MODEL_OBJECT_ID>
<!--10A3123DA12D40AC8D059E095FC2F9FA-->  <AD_CLIENT_ID><![CDATA[0]]></AD_CLIENT_ID>
<!--10A3123DA12D40AC8D059E095FC2F9FA-->  <AD_ORG_ID><![CDATA[0]]></AD_ORG_ID>
<!--10A3123DA12D40AC8D059E095FC2F9FA-->  <ISACTIVE><![CDATA[Y]]></ISACTIVE>
<!--10A3123DA12D40AC8D059E095FC2F9FA-->  <ACTION><![CDATA[P]]></ACTION>
<!--10A3123DA12D40AC8D059E095FC2F9FA-->  <CLASSNAME><![CDATA[org.wirabumi.hris.employee.master.Actionbutton.CreateContactData]]></CLASSNAME>
<!--10A3123DA12D40AC8D059E095FC2F9FA-->  <ISDEFAULT><![CDATA[Y]]></ISDEFAULT>
<!--10A3123DA12D40AC8D059E095FC2F9FA-->  <AD_PROCESS_ID><![CDATA[62525FB7D809411C98C7AE053BBC3676]]></AD_PROCESS_ID>
<!--10A3123DA12D40AC8D059E095FC2F9FA-->  <OBJECT_TYPE><![CDATA[S]]></OBJECT_TYPE>
<!--10A3123DA12D40AC8D059E095FC2F9FA--></AD_MODEL_OBJECT>

<!--13EECF7551E143EF9A33D90298690A01--><AD_MODEL_OBJECT>
<!--13EECF7551E143EF9A33D90298690A01-->  <AD_MODEL_OBJECT_ID><![CDATA[13EECF7551E143EF9A33D90298690A01]]></AD_MODEL_OBJECT_ID>
<!--13EECF7551E143EF9A33D90298690A01-->  <AD_CLIENT_ID><![CDATA[0]]></AD_CLIENT_ID>
<!--13EECF7551E143EF9A33D90298690A01-->  <AD_ORG_ID><![CDATA[0]]></AD_ORG_ID>
<!--13EECF7551E143EF9A33D90298690A01-->  <ISACTIVE><![CDATA[Y]]></ISACTIVE>
<!--13EECF7551E143EF9A33D90298690A01-->  <ACTION><![CDATA[P]]></ACTION>
<!--13EECF7551E143EF9A33D90298690A01-->  <CLASSNAME><![CDATA[org.wirabumi.hris.employee.master.ad_process.KPIAcc]]></CLASSNAME>
<!--13EECF7551E143EF9A33D90298690A01-->  <ISDEFAULT><![CDATA[Y]]></ISDEFAULT>
<!--13EECF7551E143EF9A33D90298690A01-->  <AD_PROCESS_ID><![CDATA[C384DFB29934414B84ED4204CE8B8F10]]></AD_PROCESS_ID>
<!--13EECF7551E143EF9A33D90298690A01-->  <OBJECT_TYPE><![CDATA[S]]></OBJECT_TYPE>
<!--13EECF7551E143EF9A33D90298690A01--></AD_MODEL_OBJECT>

<!--306F09F3201D4879AAE60309EDA04A88--><AD_MODEL_OBJECT>
<!--306F09F3201D4879AAE60309EDA04A88-->  <AD_MODEL_OBJECT_ID><![CDATA[306F09F3201D4879AAE60309EDA04A88]]></AD_MODEL_OBJECT_ID>
<!--306F09F3201D4879AAE60309EDA04A88-->  <AD_CLIENT_ID><![CDATA[0]]></AD_CLIENT_ID>
<!--306F09F3201D4879AAE60309EDA04A88-->  <AD_ORG_ID><![CDATA[0]]></AD_ORG_ID>
<!--306F09F3201D4879AAE60309EDA04A88-->  <ISACTIVE><![CDATA[Y]]></ISACTIVE>
<!--306F09F3201D4879AAE60309EDA04A88-->  <ACTION><![CDATA[C]]></ACTION>
<!--306F09F3201D4879AAE60309EDA04A88-->  <CLASSNAME><![CDATA[org.wirabumi.hris.employee.master.ad_callout.EmployeeTransferGetContract]]></CLASSNAME>
<!--306F09F3201D4879AAE60309EDA04A88-->  <ISDEFAULT><![CDATA[Y]]></ISDEFAULT>
<!--306F09F3201D4879AAE60309EDA04A88-->  <AD_CALLOUT_ID><![CDATA[BAD0224C29B54F15AAA128BC01319AAF]]></AD_CALLOUT_ID>
<!--306F09F3201D4879AAE60309EDA04A88-->  <OBJECT_TYPE><![CDATA[S]]></OBJECT_TYPE>
<!--306F09F3201D4879AAE60309EDA04A88--></AD_MODEL_OBJECT>

<!--30B699BF6D944FB191BBDE14327010FD--><AD_MODEL_OBJECT>
<!--30B699BF6D944FB191BBDE14327010FD-->  <AD_MODEL_OBJECT_ID><![CDATA[30B699BF6D944FB191BBDE14327010FD]]></AD_MODEL_OBJECT_ID>
<!--30B699BF6D944FB191BBDE14327010FD-->  <AD_CLIENT_ID><![CDATA[0]]></AD_CLIENT_ID>
<!--30B699BF6D944FB191BBDE14327010FD-->  <AD_ORG_ID><![CDATA[0]]></AD_ORG_ID>
<!--30B699BF6D944FB191BBDE14327010FD-->  <ISACTIVE><![CDATA[Y]]></ISACTIVE>
<!--30B699BF6D944FB191BBDE14327010FD-->  <ACTION><![CDATA[P]]></ACTION>
<!--30B699BF6D944FB191BBDE14327010FD-->  <CLASSNAME><![CDATA[org.wirabumi.hris.employee.master.Actionbutton.UpdateContactData]]></CLASSNAME>
<!--30B699BF6D944FB191BBDE14327010FD-->  <ISDEFAULT><![CDATA[Y]]></ISDEFAULT>
<!--30B699BF6D944FB191BBDE14327010FD-->  <AD_PROCESS_ID><![CDATA[1511B5CDC40B4F7CBD99EAB57F53AD5E]]></AD_PROCESS_ID>
<!--30B699BF6D944FB191BBDE14327010FD-->  <OBJECT_TYPE><![CDATA[S]]></OBJECT_TYPE>
<!--30B699BF6D944FB191BBDE14327010FD--></AD_MODEL_OBJECT>

<!--3971782788FC4567A8C6B9ED14F491F1--><AD_MODEL_OBJECT>
<!--3971782788FC4567A8C6B9ED14F491F1-->  <AD_MODEL_OBJECT_ID><![CDATA[3971782788FC4567A8C6B9ED14F491F1]]></AD_MODEL_OBJECT_ID>
<!--3971782788FC4567A8C6B9ED14F491F1-->  <AD_CLIENT_ID><![CDATA[0]]></AD_CLIENT_ID>
<!--3971782788FC4567A8C6B9ED14F491F1-->  <AD_ORG_ID><![CDATA[0]]></AD_ORG_ID>
<!--3971782788FC4567A8C6B9ED14F491F1-->  <ISACTIVE><![CDATA[Y]]></ISACTIVE>
<!--3971782788FC4567A8C6B9ED14F491F1-->  <ACTION><![CDATA[P]]></ACTION>
<!--3971782788FC4567A8C6B9ED14F491F1-->  <CLASSNAME><![CDATA[org.wirabumi.hris.employee.master.Actionbutton.CreateTransferContract]]></CLASSNAME>
<!--3971782788FC4567A8C6B9ED14F491F1-->  <ISDEFAULT><![CDATA[Y]]></ISDEFAULT>
<!--3971782788FC4567A8C6B9ED14F491F1-->  <AD_PROCESS_ID><![CDATA[CCA562AC11004AE0AA35D2CA54CE8B3A]]></AD_PROCESS_ID>
<!--3971782788FC4567A8C6B9ED14F491F1-->  <OBJECT_TYPE><![CDATA[S]]></OBJECT_TYPE>
<!--3971782788FC4567A8C6B9ED14F491F1--></AD_MODEL_OBJECT>

<!--43B29CA8D06C4BC59A0C1002A5B70DF7--><AD_MODEL_OBJECT>
<!--43B29CA8D06C4BC59A0C1002A5B70DF7-->  <AD_MODEL_OBJECT_ID><![CDATA[43B29CA8D06C4BC59A0C1002A5B70DF7]]></AD_MODEL_OBJECT_ID>
<!--43B29CA8D06C4BC59A0C1002A5B70DF7-->  <AD_CLIENT_ID><![CDATA[0]]></AD_CLIENT_ID>
<!--43B29CA8D06C4BC59A0C1002A5B70DF7-->  <AD_ORG_ID><![CDATA[0]]></AD_ORG_ID>
<!--43B29CA8D06C4BC59A0C1002A5B70DF7-->  <ISACTIVE><![CDATA[Y]]></ISACTIVE>
<!--43B29CA8D06C4BC59A0C1002A5B70DF7-->  <ACTION><![CDATA[C]]></ACTION>
<!--43B29CA8D06C4BC59A0C1002A5B70DF7-->  <CLASSNAME><![CDATA[org.wirabumi.hris.employee.master.ad_callout.TerminationEmployeeData]]></CLASSNAME>
<!--43B29CA8D06C4BC59A0C1002A5B70DF7-->  <ISDEFAULT><![CDATA[Y]]></ISDEFAULT>
<!--43B29CA8D06C4BC59A0C1002A5B70DF7-->  <AD_CALLOUT_ID><![CDATA[6F79522A231D403285984BD8F33BC0CF]]></AD_CALLOUT_ID>
<!--43B29CA8D06C4BC59A0C1002A5B70DF7-->  <OBJECT_TYPE><![CDATA[S]]></OBJECT_TYPE>
<!--43B29CA8D06C4BC59A0C1002A5B70DF7--></AD_MODEL_OBJECT>

<!--50030AA4ADE541909F41972E325A4D34--><AD_MODEL_OBJECT>
<!--50030AA4ADE541909F41972E325A4D34-->  <AD_MODEL_OBJECT_ID><![CDATA[50030AA4ADE541909F41972E325A4D34]]></AD_MODEL_OBJECT_ID>
<!--50030AA4ADE541909F41972E325A4D34-->  <AD_CLIENT_ID><![CDATA[0]]></AD_CLIENT_ID>
<!--50030AA4ADE541909F41972E325A4D34-->  <AD_ORG_ID><![CDATA[0]]></AD_ORG_ID>
<!--50030AA4ADE541909F41972E325A4D34-->  <ISACTIVE><![CDATA[Y]]></ISACTIVE>
<!--50030AA4ADE541909F41972E325A4D34-->  <ACTION><![CDATA[C]]></ACTION>
<!--50030AA4ADE541909F41972E325A4D34-->  <CLASSNAME><![CDATA[org.wirabumi.hris.employee.master.ad_callout.EmployeeEduPermit]]></CLASSNAME>
<!--50030AA4ADE541909F41972E325A4D34-->  <ISDEFAULT><![CDATA[Y]]></ISDEFAULT>
<!--50030AA4ADE541909F41972E325A4D34-->  <AD_CALLOUT_ID><![CDATA[1B409A2BA57046C985964A9043A21944]]></AD_CALLOUT_ID>
<!--50030AA4ADE541909F41972E325A4D34-->  <OBJECT_TYPE><![CDATA[S]]></OBJECT_TYPE>
<!--50030AA4ADE541909F41972E325A4D34--></AD_MODEL_OBJECT>

<!--51E00B054C46473D9D1C06D17784F936--><AD_MODEL_OBJECT>
<!--51E00B054C46473D9D1C06D17784F936-->  <AD_MODEL_OBJECT_ID><![CDATA[51E00B054C46473D9D1C06D17784F936]]></AD_MODEL_OBJECT_ID>
<!--51E00B054C46473D9D1C06D17784F936-->  <AD_CLIENT_ID><![CDATA[0]]></AD_CLIENT_ID>
<!--51E00B054C46473D9D1C06D17784F936-->  <AD_ORG_ID><![CDATA[0]]></AD_ORG_ID>
<!--51E00B054C46473D9D1C06D17784F936-->  <ISACTIVE><![CDATA[Y]]></ISACTIVE>
<!--51E00B054C46473D9D1C06D17784F936-->  <ACTION><![CDATA[C]]></ACTION>
<!--51E00B054C46473D9D1C06D17784F936-->  <CLASSNAME><![CDATA[org.wirabumi.hris.employee.master.ad_callout.HrisCaseEmployee]]></CLASSNAME>
<!--51E00B054C46473D9D1C06D17784F936-->  <ISDEFAULT><![CDATA[Y]]></ISDEFAULT>
<!--51E00B054C46473D9D1C06D17784F936-->  <AD_CALLOUT_ID><![CDATA[3E4D989E98FC496D93A066F138939A17]]></AD_CALLOUT_ID>
<!--51E00B054C46473D9D1C06D17784F936-->  <OBJECT_TYPE><![CDATA[S]]></OBJECT_TYPE>
<!--51E00B054C46473D9D1C06D17784F936--></AD_MODEL_OBJECT>

<!--5671BA1758104327B16B653E23DC0F31--><AD_MODEL_OBJECT>
<!--5671BA1758104327B16B653E23DC0F31-->  <AD_MODEL_OBJECT_ID><![CDATA[5671BA1758104327B16B653E23DC0F31]]></AD_MODEL_OBJECT_ID>
<!--5671BA1758104327B16B653E23DC0F31-->  <AD_CLIENT_ID><![CDATA[0]]></AD_CLIENT_ID>
<!--5671BA1758104327B16B653E23DC0F31-->  <AD_ORG_ID><![CDATA[0]]></AD_ORG_ID>
<!--5671BA1758104327B16B653E23DC0F31-->  <ISACTIVE><![CDATA[Y]]></ISACTIVE>
<!--5671BA1758104327B16B653E23DC0F31-->  <ACTION><![CDATA[P]]></ACTION>
<!--5671BA1758104327B16B653E23DC0F31-->  <CLASSNAME><![CDATA[org.wirabumi.hris.employee.master.ad_process.GenerateKpiMeasurement]]></CLASSNAME>
<!--5671BA1758104327B16B653E23DC0F31-->  <ISDEFAULT><![CDATA[Y]]></ISDEFAULT>
<!--5671BA1758104327B16B653E23DC0F31-->  <AD_PROCESS_ID><![CDATA[34C1DF029D234BA29FC8DBCBC4AC4B28]]></AD_PROCESS_ID>
<!--5671BA1758104327B16B653E23DC0F31-->  <OBJECT_TYPE><![CDATA[S]]></OBJECT_TYPE>
<!--5671BA1758104327B16B653E23DC0F31--></AD_MODEL_OBJECT>

<!--664435CA2F27471383E2BE0E90F04280--><AD_MODEL_OBJECT>
<!--664435CA2F27471383E2BE0E90F04280-->  <AD_MODEL_OBJECT_ID><![CDATA[664435CA2F27471383E2BE0E90F04280]]></AD_MODEL_OBJECT_ID>
<!--664435CA2F27471383E2BE0E90F04280-->  <AD_CLIENT_ID><![CDATA[0]]></AD_CLIENT_ID>
<!--664435CA2F27471383E2BE0E90F04280-->  <AD_ORG_ID><![CDATA[0]]></AD_ORG_ID>
<!--664435CA2F27471383E2BE0E90F04280-->  <ISACTIVE><![CDATA[Y]]></ISACTIVE>
<!--664435CA2F27471383E2BE0E90F04280-->  <ACTION><![CDATA[C]]></ACTION>
<!--664435CA2F27471383E2BE0E90F04280-->  <CLASSNAME><![CDATA[org.wirabumi.hris.employee.master.ad_callout.EducationPermit]]></CLASSNAME>
<!--664435CA2F27471383E2BE0E90F04280-->  <ISDEFAULT><![CDATA[Y]]></ISDEFAULT>
<!--664435CA2F27471383E2BE0E90F04280-->  <AD_CALLOUT_ID><![CDATA[BA80059DFA8640E8999F056949C38F9C]]></AD_CALLOUT_ID>
<!--664435CA2F27471383E2BE0E90F04280-->  <OBJECT_TYPE><![CDATA[S]]></OBJECT_TYPE>
<!--664435CA2F27471383E2BE0E90F04280--></AD_MODEL_OBJECT>

<!--6C65FC3D4BBD4E0BAB1EB9A76792949E--><AD_MODEL_OBJECT>
<!--6C65FC3D4BBD4E0BAB1EB9A76792949E-->  <AD_MODEL_OBJECT_ID><![CDATA[6C65FC3D4BBD4E0BAB1EB9A76792949E]]></AD_MODEL_OBJECT_ID>
<!--6C65FC3D4BBD4E0BAB1EB9A76792949E-->  <AD_CLIENT_ID><![CDATA[0]]></AD_CLIENT_ID>
<!--6C65FC3D4BBD4E0BAB1EB9A76792949E-->  <AD_ORG_ID><![CDATA[0]]></AD_ORG_ID>
<!--6C65FC3D4BBD4E0BAB1EB9A76792949E-->  <ISACTIVE><![CDATA[Y]]></ISACTIVE>
<!--6C65FC3D4BBD4E0BAB1EB9A76792949E-->  <ACTION><![CDATA[C]]></ACTION>
<!--6C65FC3D4BBD4E0BAB1EB9A76792949E-->  <CLASSNAME><![CDATA[org.wirabumi.hris.employee.master.ad_callout.ResignationEmployeeData]]></CLASSNAME>
<!--6C65FC3D4BBD4E0BAB1EB9A76792949E-->  <ISDEFAULT><![CDATA[Y]]></ISDEFAULT>
<!--6C65FC3D4BBD4E0BAB1EB9A76792949E-->  <AD_CALLOUT_ID><![CDATA[CA613A760ED74FB2B2BEE9026279C31D]]></AD_CALLOUT_ID>
<!--6C65FC3D4BBD4E0BAB1EB9A76792949E-->  <OBJECT_TYPE><![CDATA[S]]></OBJECT_TYPE>
<!--6C65FC3D4BBD4E0BAB1EB9A76792949E--></AD_MODEL_OBJECT>

<!--70612020953D4A479D11864D8AAD5412--><AD_MODEL_OBJECT>
<!--70612020953D4A479D11864D8AAD5412-->  <AD_MODEL_OBJECT_ID><![CDATA[70612020953D4A479D11864D8AAD5412]]></AD_MODEL_OBJECT_ID>
<!--70612020953D4A479D11864D8AAD5412-->  <AD_CLIENT_ID><![CDATA[0]]></AD_CLIENT_ID>
<!--70612020953D4A479D11864D8AAD5412-->  <AD_ORG_ID><![CDATA[0]]></AD_ORG_ID>
<!--70612020953D4A479D11864D8AAD5412-->  <ISACTIVE><![CDATA[Y]]></ISACTIVE>
<!--70612020953D4A479D11864D8AAD5412-->  <ACTION><![CDATA[C]]></ACTION>
<!--70612020953D4A479D11864D8AAD5412-->  <CLASSNAME><![CDATA[org.wirabumi.hris.employee.master.ad_callout.EmployeeEducation]]></CLASSNAME>
<!--70612020953D4A479D11864D8AAD5412-->  <ISDEFAULT><![CDATA[Y]]></ISDEFAULT>
<!--70612020953D4A479D11864D8AAD5412-->  <AD_CALLOUT_ID><![CDATA[F9CC9B52CC514B9884C34355FC9FAED9]]></AD_CALLOUT_ID>
<!--70612020953D4A479D11864D8AAD5412-->  <OBJECT_TYPE><![CDATA[S]]></OBJECT_TYPE>
<!--70612020953D4A479D11864D8AAD5412--></AD_MODEL_OBJECT>

<!--7F99F4D8D34643BBBB6406D525A8A821--><AD_MODEL_OBJECT>
<!--7F99F4D8D34643BBBB6406D525A8A821-->  <AD_MODEL_OBJECT_ID><![CDATA[7F99F4D8D34643BBBB6406D525A8A821]]></AD_MODEL_OBJECT_ID>
<!--7F99F4D8D34643BBBB6406D525A8A821-->  <AD_CLIENT_ID><![CDATA[0]]></AD_CLIENT_ID>
<!--7F99F4D8D34643BBBB6406D525A8A821-->  <AD_ORG_ID><![CDATA[0]]></AD_ORG_ID>
<!--7F99F4D8D34643BBBB6406D525A8A821-->  <ISACTIVE><![CDATA[Y]]></ISACTIVE>
<!--7F99F4D8D34643BBBB6406D525A8A821-->  <ACTION><![CDATA[C]]></ACTION>
<!--7F99F4D8D34643BBBB6406D525A8A821-->  <CLASSNAME><![CDATA[org.wirabumi.hris.employee.master.ad_callout.ReimbursmentCallOut]]></CLASSNAME>
<!--7F99F4D8D34643BBBB6406D525A8A821-->  <ISDEFAULT><![CDATA[Y]]></ISDEFAULT>
<!--7F99F4D8D34643BBBB6406D525A8A821-->  <AD_CALLOUT_ID><![CDATA[EF49305E232E433DB6848DD3A725B809]]></AD_CALLOUT_ID>
<!--7F99F4D8D34643BBBB6406D525A8A821-->  <OBJECT_TYPE><![CDATA[S]]></OBJECT_TYPE>
<!--7F99F4D8D34643BBBB6406D525A8A821--></AD_MODEL_OBJECT>

<!--872E5AC3F2D94200A95C26C9415C9CAD--><AD_MODEL_OBJECT>
<!--872E5AC3F2D94200A95C26C9415C9CAD-->  <AD_MODEL_OBJECT_ID><![CDATA[872E5AC3F2D94200A95C26C9415C9CAD]]></AD_MODEL_OBJECT_ID>
<!--872E5AC3F2D94200A95C26C9415C9CAD-->  <AD_CLIENT_ID><![CDATA[0]]></AD_CLIENT_ID>
<!--872E5AC3F2D94200A95C26C9415C9CAD-->  <AD_ORG_ID><![CDATA[0]]></AD_ORG_ID>
<!--872E5AC3F2D94200A95C26C9415C9CAD-->  <ISACTIVE><![CDATA[Y]]></ISACTIVE>
<!--872E5AC3F2D94200A95C26C9415C9CAD-->  <ACTION><![CDATA[C]]></ACTION>
<!--872E5AC3F2D94200A95C26C9415C9CAD-->  <CLASSNAME><![CDATA[org.wirabumi.hris.employee.master.ad_callout.KPItarget]]></CLASSNAME>
<!--872E5AC3F2D94200A95C26C9415C9CAD-->  <ISDEFAULT><![CDATA[Y]]></ISDEFAULT>
<!--872E5AC3F2D94200A95C26C9415C9CAD-->  <AD_CALLOUT_ID><![CDATA[484269E255F445D2B2B504764734256D]]></AD_CALLOUT_ID>
<!--872E5AC3F2D94200A95C26C9415C9CAD-->  <OBJECT_TYPE><![CDATA[S]]></OBJECT_TYPE>
<!--872E5AC3F2D94200A95C26C9415C9CAD--></AD_MODEL_OBJECT>

<!--87FCD49FC1F741D482EAB813B5E225A8--><AD_MODEL_OBJECT>
<!--87FCD49FC1F741D482EAB813B5E225A8-->  <AD_MODEL_OBJECT_ID><![CDATA[87FCD49FC1F741D482EAB813B5E225A8]]></AD_MODEL_OBJECT_ID>
<!--87FCD49FC1F741D482EAB813B5E225A8-->  <AD_CLIENT_ID><![CDATA[0]]></AD_CLIENT_ID>
<!--87FCD49FC1F741D482EAB813B5E225A8-->  <AD_ORG_ID><![CDATA[0]]></AD_ORG_ID>
<!--87FCD49FC1F741D482EAB813B5E225A8-->  <ISACTIVE><![CDATA[Y]]></ISACTIVE>
<!--87FCD49FC1F741D482EAB813B5E225A8-->  <ACTION><![CDATA[P]]></ACTION>
<!--87FCD49FC1F741D482EAB813B5E225A8-->  <CLASSNAME><![CDATA[org.wirabumi.hris.employee.master.report.RptActivity]]></CLASSNAME>
<!--87FCD49FC1F741D482EAB813B5E225A8-->  <ISDEFAULT><![CDATA[Y]]></ISDEFAULT>
<!--87FCD49FC1F741D482EAB813B5E225A8-->  <AD_PROCESS_ID><![CDATA[5895BF18709A4268A218C519EF4451F3]]></AD_PROCESS_ID>
<!--87FCD49FC1F741D482EAB813B5E225A8-->  <OBJECT_TYPE><![CDATA[S]]></OBJECT_TYPE>
<!--87FCD49FC1F741D482EAB813B5E225A8--></AD_MODEL_OBJECT>

<!--8A0DA477F2774184B27B52891896137C--><AD_MODEL_OBJECT>
<!--8A0DA477F2774184B27B52891896137C-->  <AD_MODEL_OBJECT_ID><![CDATA[8A0DA477F2774184B27B52891896137C]]></AD_MODEL_OBJECT_ID>
<!--8A0DA477F2774184B27B52891896137C-->  <AD_CLIENT_ID><![CDATA[0]]></AD_CLIENT_ID>
<!--8A0DA477F2774184B27B52891896137C-->  <AD_ORG_ID><![CDATA[0]]></AD_ORG_ID>
<!--8A0DA477F2774184B27B52891896137C-->  <ISACTIVE><![CDATA[Y]]></ISACTIVE>
<!--8A0DA477F2774184B27B52891896137C-->  <ACTION><![CDATA[P]]></ACTION>
<!--8A0DA477F2774184B27B52891896137C-->  <CLASSNAME><![CDATA[org.wirabumi.hris.employee.master.Actionbutton.CreateContactData]]></CLASSNAME>
<!--8A0DA477F2774184B27B52891896137C-->  <ISDEFAULT><![CDATA[Y]]></ISDEFAULT>
<!--8A0DA477F2774184B27B52891896137C-->  <AD_PROCESS_ID><![CDATA[547E4F03BBA5495EAF63CA3B31023C48]]></AD_PROCESS_ID>
<!--8A0DA477F2774184B27B52891896137C-->  <OBJECT_TYPE><![CDATA[S]]></OBJECT_TYPE>
<!--8A0DA477F2774184B27B52891896137C--></AD_MODEL_OBJECT>

<!--8C743D48E889461EA660F0E0F656BFF6--><AD_MODEL_OBJECT>
<!--8C743D48E889461EA660F0E0F656BFF6-->  <AD_MODEL_OBJECT_ID><![CDATA[8C743D48E889461EA660F0E0F656BFF6]]></AD_MODEL_OBJECT_ID>
<!--8C743D48E889461EA660F0E0F656BFF6-->  <AD_CLIENT_ID><![CDATA[0]]></AD_CLIENT_ID>
<!--8C743D48E889461EA660F0E0F656BFF6-->  <AD_ORG_ID><![CDATA[0]]></AD_ORG_ID>
<!--8C743D48E889461EA660F0E0F656BFF6-->  <ISACTIVE><![CDATA[Y]]></ISACTIVE>
<!--8C743D48E889461EA660F0E0F656BFF6-->  <ACTION><![CDATA[P]]></ACTION>
<!--8C743D48E889461EA660F0E0F656BFF6-->  <CLASSNAME><![CDATA[org.wirabumi.hris.employee.master.ad_callout.ReimbursmentCallOut]]></CLASSNAME>
<!--8C743D48E889461EA660F0E0F656BFF6-->  <ISDEFAULT><![CDATA[Y]]></ISDEFAULT>
<!--8C743D48E889461EA660F0E0F656BFF6-->  <AD_CALLOUT_ID><![CDATA[EF49305E232E433DB6848DD3A725B809]]></AD_CALLOUT_ID>
<!--8C743D48E889461EA660F0E0F656BFF6-->  <OBJECT_TYPE><![CDATA[S]]></OBJECT_TYPE>
<!--8C743D48E889461EA660F0E0F656BFF6--></AD_MODEL_OBJECT>

<!--8FF2D9877FF54F3D97264B664D76892F--><AD_MODEL_OBJECT>
<!--8FF2D9877FF54F3D97264B664D76892F-->  <AD_MODEL_OBJECT_ID><![CDATA[8FF2D9877FF54F3D97264B664D76892F]]></AD_MODEL_OBJECT_ID>
<!--8FF2D9877FF54F3D97264B664D76892F-->  <AD_CLIENT_ID><![CDATA[0]]></AD_CLIENT_ID>
<!--8FF2D9877FF54F3D97264B664D76892F-->  <AD_ORG_ID><![CDATA[0]]></AD_ORG_ID>
<!--8FF2D9877FF54F3D97264B664D76892F-->  <ISACTIVE><![CDATA[Y]]></ISACTIVE>
<!--8FF2D9877FF54F3D97264B664D76892F-->  <ACTION><![CDATA[P]]></ACTION>
<!--8FF2D9877FF54F3D97264B664D76892F-->  <CLASSNAME><![CDATA[org.wirabumi.hris.employee.master.Actionbutton.CreateHistoryTraining]]></CLASSNAME>
<!--8FF2D9877FF54F3D97264B664D76892F-->  <ISDEFAULT><![CDATA[Y]]></ISDEFAULT>
<!--8FF2D9877FF54F3D97264B664D76892F-->  <AD_PROCESS_ID><![CDATA[556420A9A9F746E887227511AF3079AA]]></AD_PROCESS_ID>
<!--8FF2D9877FF54F3D97264B664D76892F-->  <OBJECT_TYPE><![CDATA[S]]></OBJECT_TYPE>
<!--8FF2D9877FF54F3D97264B664D76892F--></AD_MODEL_OBJECT>

<!--92198AE03C494B09969C5DB788829920--><AD_MODEL_OBJECT>
<!--92198AE03C494B09969C5DB788829920-->  <AD_MODEL_OBJECT_ID><![CDATA[92198AE03C494B09969C5DB788829920]]></AD_MODEL_OBJECT_ID>
<!--92198AE03C494B09969C5DB788829920-->  <AD_CLIENT_ID><![CDATA[0]]></AD_CLIENT_ID>
<!--92198AE03C494B09969C5DB788829920-->  <AD_ORG_ID><![CDATA[0]]></AD_ORG_ID>
<!--92198AE03C494B09969C5DB788829920-->  <ISACTIVE><![CDATA[Y]]></ISACTIVE>
<!--92198AE03C494B09969C5DB788829920-->  <ACTION><![CDATA[C]]></ACTION>
<!--92198AE03C494B09969C5DB788829920-->  <CLASSNAME><![CDATA[org.wirabumi.hris.employee.master.ad_callout.KPI]]></CLASSNAME>
<!--92198AE03C494B09969C5DB788829920-->  <ISDEFAULT><![CDATA[Y]]></ISDEFAULT>
<!--92198AE03C494B09969C5DB788829920-->  <AD_CALLOUT_ID><![CDATA[5AEBB6D9C2D64BEAAFF8A64BD0579EF0]]></AD_CALLOUT_ID>
<!--92198AE03C494B09969C5DB788829920-->  <OBJECT_TYPE><![CDATA[S]]></OBJECT_TYPE>
<!--92198AE03C494B09969C5DB788829920--></AD_MODEL_OBJECT>

<!--9915DF88135F435CB9EBC6D1C6B7C3F2--><AD_MODEL_OBJECT>
<!--9915DF88135F435CB9EBC6D1C6B7C3F2-->  <AD_MODEL_OBJECT_ID><![CDATA[9915DF88135F435CB9EBC6D1C6B7C3F2]]></AD_MODEL_OBJECT_ID>
<!--9915DF88135F435CB9EBC6D1C6B7C3F2-->  <AD_CLIENT_ID><![CDATA[0]]></AD_CLIENT_ID>
<!--9915DF88135F435CB9EBC6D1C6B7C3F2-->  <AD_ORG_ID><![CDATA[0]]></AD_ORG_ID>
<!--9915DF88135F435CB9EBC6D1C6B7C3F2-->  <ISACTIVE><![CDATA[Y]]></ISACTIVE>
<!--9915DF88135F435CB9EBC6D1C6B7C3F2-->  <ACTION><![CDATA[C]]></ACTION>
<!--9915DF88135F435CB9EBC6D1C6B7C3F2-->  <CLASSNAME><![CDATA[org.wirabumi.hris.employee.master.ad_callout.KPIachievement]]></CLASSNAME>
<!--9915DF88135F435CB9EBC6D1C6B7C3F2-->  <ISDEFAULT><![CDATA[Y]]></ISDEFAULT>
<!--9915DF88135F435CB9EBC6D1C6B7C3F2-->  <AD_CALLOUT_ID><![CDATA[1CAAE3E122144ADEBD9A489E248D1C2C]]></AD_CALLOUT_ID>
<!--9915DF88135F435CB9EBC6D1C6B7C3F2-->  <OBJECT_TYPE><![CDATA[S]]></OBJECT_TYPE>
<!--9915DF88135F435CB9EBC6D1C6B7C3F2--></AD_MODEL_OBJECT>

<!--B42A7B2F866740E18EA145FB8DED55C1--><AD_MODEL_OBJECT>
<!--B42A7B2F866740E18EA145FB8DED55C1-->  <AD_MODEL_OBJECT_ID><![CDATA[B42A7B2F866740E18EA145FB8DED55C1]]></AD_MODEL_OBJECT_ID>
<!--B42A7B2F866740E18EA145FB8DED55C1-->  <AD_CLIENT_ID><![CDATA[0]]></AD_CLIENT_ID>
<!--B42A7B2F866740E18EA145FB8DED55C1-->  <AD_ORG_ID><![CDATA[0]]></AD_ORG_ID>
<!--B42A7B2F866740E18EA145FB8DED55C1-->  <ISACTIVE><![CDATA[Y]]></ISACTIVE>
<!--B42A7B2F866740E18EA145FB8DED55C1-->  <ACTION><![CDATA[C]]></ACTION>
<!--B42A7B2F866740E18EA145FB8DED55C1-->  <CLASSNAME><![CDATA[org.wirabumi.hris.employee.master.ad_callout.EmployeeInfoCallOut]]></CLASSNAME>
<!--B42A7B2F866740E18EA145FB8DED55C1-->  <ISDEFAULT><![CDATA[Y]]></ISDEFAULT>
<!--B42A7B2F866740E18EA145FB8DED55C1-->  <AD_CALLOUT_ID><![CDATA[23C350A97C374167BCF141CB55A11261]]></AD_CALLOUT_ID>
<!--B42A7B2F866740E18EA145FB8DED55C1-->  <OBJECT_TYPE><![CDATA[S]]></OBJECT_TYPE>
<!--B42A7B2F866740E18EA145FB8DED55C1--></AD_MODEL_OBJECT>

<!--BB0237A40DFB44DB83263BF3F9A7630B--><AD_MODEL_OBJECT>
<!--BB0237A40DFB44DB83263BF3F9A7630B-->  <AD_MODEL_OBJECT_ID><![CDATA[BB0237A40DFB44DB83263BF3F9A7630B]]></AD_MODEL_OBJECT_ID>
<!--BB0237A40DFB44DB83263BF3F9A7630B-->  <AD_CLIENT_ID><![CDATA[0]]></AD_CLIENT_ID>
<!--BB0237A40DFB44DB83263BF3F9A7630B-->  <AD_ORG_ID><![CDATA[0]]></AD_ORG_ID>
<!--BB0237A40DFB44DB83263BF3F9A7630B-->  <ISACTIVE><![CDATA[Y]]></ISACTIVE>
<!--BB0237A40DFB44DB83263BF3F9A7630B-->  <ACTION><![CDATA[C]]></ACTION>
<!--BB0237A40DFB44DB83263BF3F9A7630B-->  <CLASSNAME><![CDATA[org.wirabumi.hris.employee.master.ad_callout.BenefitsData]]></CLASSNAME>
<!--BB0237A40DFB44DB83263BF3F9A7630B-->  <ISDEFAULT><![CDATA[Y]]></ISDEFAULT>
<!--BB0237A40DFB44DB83263BF3F9A7630B-->  <AD_CALLOUT_ID><![CDATA[ED75F08F2A6B47E9969565C6BB49714C]]></AD_CALLOUT_ID>
<!--BB0237A40DFB44DB83263BF3F9A7630B-->  <OBJECT_TYPE><![CDATA[S]]></OBJECT_TYPE>
<!--BB0237A40DFB44DB83263BF3F9A7630B--></AD_MODEL_OBJECT>

<!--C64505DF83804EDC8459BA91EC41028D--><AD_MODEL_OBJECT>
<!--C64505DF83804EDC8459BA91EC41028D-->  <AD_MODEL_OBJECT_ID><![CDATA[C64505DF83804EDC8459BA91EC41028D]]></AD_MODEL_OBJECT_ID>
<!--C64505DF83804EDC8459BA91EC41028D-->  <AD_CLIENT_ID><![CDATA[0]]></AD_CLIENT_ID>
<!--C64505DF83804EDC8459BA91EC41028D-->  <AD_ORG_ID><![CDATA[0]]></AD_ORG_ID>
<!--C64505DF83804EDC8459BA91EC41028D-->  <ISACTIVE><![CDATA[Y]]></ISACTIVE>
<!--C64505DF83804EDC8459BA91EC41028D-->  <ACTION><![CDATA[P]]></ACTION>
<!--C64505DF83804EDC8459BA91EC41028D-->  <CLASSNAME><![CDATA[org.wirabumi.hris.employee.master.ad_process.RunClosure]]></CLASSNAME>
<!--C64505DF83804EDC8459BA91EC41028D-->  <ISDEFAULT><![CDATA[Y]]></ISDEFAULT>
<!--C64505DF83804EDC8459BA91EC41028D-->  <AD_PROCESS_ID><![CDATA[03E56616272845EA9F662AD983F1595F]]></AD_PROCESS_ID>
<!--C64505DF83804EDC8459BA91EC41028D-->  <OBJECT_TYPE><![CDATA[S]]></OBJECT_TYPE>
<!--C64505DF83804EDC8459BA91EC41028D--></AD_MODEL_OBJECT>

<!--C72B538309FD43AD991C2EBA777CD740--><AD_MODEL_OBJECT>
<!--C72B538309FD43AD991C2EBA777CD740-->  <AD_MODEL_OBJECT_ID><![CDATA[C72B538309FD43AD991C2EBA777CD740]]></AD_MODEL_OBJECT_ID>
<!--C72B538309FD43AD991C2EBA777CD740-->  <AD_CLIENT_ID><![CDATA[0]]></AD_CLIENT_ID>
<!--C72B538309FD43AD991C2EBA777CD740-->  <AD_ORG_ID><![CDATA[0]]></AD_ORG_ID>
<!--C72B538309FD43AD991C2EBA777CD740-->  <ISACTIVE><![CDATA[Y]]></ISACTIVE>
<!--C72B538309FD43AD991C2EBA777CD740-->  <ACTION><![CDATA[P]]></ACTION>
<!--C72B538309FD43AD991C2EBA777CD740-->  <CLASSNAME><![CDATA[org.wirabumi.hris.employee.master.Actionbutton.CreateRetirementContract]]></CLASSNAME>
<!--C72B538309FD43AD991C2EBA777CD740-->  <ISDEFAULT><![CDATA[Y]]></ISDEFAULT>
<!--C72B538309FD43AD991C2EBA777CD740-->  <AD_PROCESS_ID><![CDATA[BC22C0CB91014A6CB8AEA65E2460F003]]></AD_PROCESS_ID>
<!--C72B538309FD43AD991C2EBA777CD740-->  <OBJECT_TYPE><![CDATA[S]]></OBJECT_TYPE>
<!--C72B538309FD43AD991C2EBA777CD740--></AD_MODEL_OBJECT>

<!--D77AAD8B3D0F41C19D152CF73369D302--><AD_MODEL_OBJECT>
<!--D77AAD8B3D0F41C19D152CF73369D302-->  <AD_MODEL_OBJECT_ID><![CDATA[D77AAD8B3D0F41C19D152CF73369D302]]></AD_MODEL_OBJECT_ID>
<!--D77AAD8B3D0F41C19D152CF73369D302-->  <AD_CLIENT_ID><![CDATA[0]]></AD_CLIENT_ID>
<!--D77AAD8B3D0F41C19D152CF73369D302-->  <AD_ORG_ID><![CDATA[0]]></AD_ORG_ID>
<!--D77AAD8B3D0F41C19D152CF73369D302-->  <ISACTIVE><![CDATA[Y]]></ISACTIVE>
<!--D77AAD8B3D0F41C19D152CF73369D302-->  <ACTION><![CDATA[P]]></ACTION>
<!--D77AAD8B3D0F41C19D152CF73369D302-->  <CLASSNAME><![CDATA[org.wirabumi.hris.employee.master.Actionbutton.CreatePunisment]]></CLASSNAME>
<!--D77AAD8B3D0F41C19D152CF73369D302-->  <ISDEFAULT><![CDATA[Y]]></ISDEFAULT>
<!--D77AAD8B3D0F41C19D152CF73369D302-->  <AD_PROCESS_ID><![CDATA[9E673FD989FB49779E7E9B3DFB58040D]]></AD_PROCESS_ID>
<!--D77AAD8B3D0F41C19D152CF73369D302-->  <OBJECT_TYPE><![CDATA[S]]></OBJECT_TYPE>
<!--D77AAD8B3D0F41C19D152CF73369D302--></AD_MODEL_OBJECT>

<!--D91E56690580457B9DB4CBED60F9DEB4--><AD_MODEL_OBJECT>
<!--D91E56690580457B9DB4CBED60F9DEB4-->  <AD_MODEL_OBJECT_ID><![CDATA[D91E56690580457B9DB4CBED60F9DEB4]]></AD_MODEL_OBJECT_ID>
<!--D91E56690580457B9DB4CBED60F9DEB4-->  <AD_CLIENT_ID><![CDATA[0]]></AD_CLIENT_ID>
<!--D91E56690580457B9DB4CBED60F9DEB4-->  <AD_ORG_ID><![CDATA[0]]></AD_ORG_ID>
<!--D91E56690580457B9DB4CBED60F9DEB4-->  <ISACTIVE><![CDATA[Y]]></ISACTIVE>
<!--D91E56690580457B9DB4CBED60F9DEB4-->  <ACTION><![CDATA[P]]></ACTION>
<!--D91E56690580457B9DB4CBED60F9DEB4-->  <CLASSNAME><![CDATA[org.wirabumi.hris.employee.master.Actionbutton.ImportEmployeeCandidates]]></CLASSNAME>
<!--D91E56690580457B9DB4CBED60F9DEB4-->  <ISDEFAULT><![CDATA[Y]]></ISDEFAULT>
<!--D91E56690580457B9DB4CBED60F9DEB4-->  <AD_PROCESS_ID><![CDATA[7D1FD4B0FCBB4CC698DD502C8BB4DC4F]]></AD_PROCESS_ID>
<!--D91E56690580457B9DB4CBED60F9DEB4-->  <OBJECT_TYPE><![CDATA[S]]></OBJECT_TYPE>
<!--D91E56690580457B9DB4CBED60F9DEB4--></AD_MODEL_OBJECT>

<!--DF59DA5AA0AF46B0905EB1079685A926--><AD_MODEL_OBJECT>
<!--DF59DA5AA0AF46B0905EB1079685A926-->  <AD_MODEL_OBJECT_ID><![CDATA[DF59DA5AA0AF46B0905EB1079685A926]]></AD_MODEL_OBJECT_ID>
<!--DF59DA5AA0AF46B0905EB1079685A926-->  <AD_CLIENT_ID><![CDATA[0]]></AD_CLIENT_ID>
<!--DF59DA5AA0AF46B0905EB1079685A926-->  <AD_ORG_ID><![CDATA[0]]></AD_ORG_ID>
<!--DF59DA5AA0AF46B0905EB1079685A926-->  <ISACTIVE><![CDATA[Y]]></ISACTIVE>
<!--DF59DA5AA0AF46B0905EB1079685A926-->  <ACTION><![CDATA[P]]></ACTION>
<!--DF59DA5AA0AF46B0905EB1079685A926-->  <CLASSNAME><![CDATA[org.wirabumi.hris.employee.master.ad_process.SetApplicableContract]]></CLASSNAME>
<!--DF59DA5AA0AF46B0905EB1079685A926-->  <ISDEFAULT><![CDATA[Y]]></ISDEFAULT>
<!--DF59DA5AA0AF46B0905EB1079685A926-->  <AD_PROCESS_ID><![CDATA[E2A09C3C7EE8431DAD0FBB6818D91DF4]]></AD_PROCESS_ID>
<!--DF59DA5AA0AF46B0905EB1079685A926-->  <OBJECT_TYPE><![CDATA[S]]></OBJECT_TYPE>
<!--DF59DA5AA0AF46B0905EB1079685A926--></AD_MODEL_OBJECT>

<!--E1B4B6CC680D4F758A3E8B0424D60E88--><AD_MODEL_OBJECT>
<!--E1B4B6CC680D4F758A3E8B0424D60E88-->  <AD_MODEL_OBJECT_ID><![CDATA[E1B4B6CC680D4F758A3E8B0424D60E88]]></AD_MODEL_OBJECT_ID>
<!--E1B4B6CC680D4F758A3E8B0424D60E88-->  <AD_CLIENT_ID><![CDATA[0]]></AD_CLIENT_ID>
<!--E1B4B6CC680D4F758A3E8B0424D60E88-->  <AD_ORG_ID><![CDATA[0]]></AD_ORG_ID>
<!--E1B4B6CC680D4F758A3E8B0424D60E88-->  <ISACTIVE><![CDATA[Y]]></ISACTIVE>
<!--E1B4B6CC680D4F758A3E8B0424D60E88-->  <ACTION><![CDATA[P]]></ACTION>
<!--E1B4B6CC680D4F758A3E8B0424D60E88-->  <CLASSNAME><![CDATA[org.wirabumi.hris.employee.master.report.RptCVEmployee]]></CLASSNAME>
<!--E1B4B6CC680D4F758A3E8B0424D60E88-->  <ISDEFAULT><![CDATA[Y]]></ISDEFAULT>
<!--E1B4B6CC680D4F758A3E8B0424D60E88-->  <AD_PROCESS_ID><![CDATA[07724A96E8344288B8C61A94CCBFFFC9]]></AD_PROCESS_ID>
<!--E1B4B6CC680D4F758A3E8B0424D60E88-->  <OBJECT_TYPE><![CDATA[S]]></OBJECT_TYPE>
<!--E1B4B6CC680D4F758A3E8B0424D60E88--></AD_MODEL_OBJECT>

<!--F604098AEB4E43DEA7FCE90E6ACD551E--><AD_MODEL_OBJECT>
<!--F604098AEB4E43DEA7FCE90E6ACD551E-->  <AD_MODEL_OBJECT_ID><![CDATA[F604098AEB4E43DEA7FCE90E6ACD551E]]></AD_MODEL_OBJECT_ID>
<!--F604098AEB4E43DEA7FCE90E6ACD551E-->  <AD_CLIENT_ID><![CDATA[0]]></AD_CLIENT_ID>
<!--F604098AEB4E43DEA7FCE90E6ACD551E-->  <AD_ORG_ID><![CDATA[0]]></AD_ORG_ID>
<!--F604098AEB4E43DEA7FCE90E6ACD551E-->  <ISACTIVE><![CDATA[Y]]></ISACTIVE>
<!--F604098AEB4E43DEA7FCE90E6ACD551E-->  <ACTION><![CDATA[C]]></ACTION>
<!--F604098AEB4E43DEA7FCE90E6ACD551E-->  <CLASSNAME><![CDATA[org.wirabumi.hris.employee.master.ad_callout.ReimbursmentCallOut]]></CLASSNAME>
<!--F604098AEB4E43DEA7FCE90E6ACD551E-->  <ISDEFAULT><![CDATA[Y]]></ISDEFAULT>
<!--F604098AEB4E43DEA7FCE90E6ACD551E-->  <AD_CALLOUT_ID><![CDATA[EF49305E232E433DB6848DD3A725B809]]></AD_CALLOUT_ID>
<!--F604098AEB4E43DEA7FCE90E6ACD551E-->  <OBJECT_TYPE><![CDATA[S]]></OBJECT_TYPE>
<!--F604098AEB4E43DEA7FCE90E6ACD551E--></AD_MODEL_OBJECT>

<!--F681B1D215CF43DBA4178B56A0F7EC3D--><AD_MODEL_OBJECT>
<!--F681B1D215CF43DBA4178B56A0F7EC3D-->  <AD_MODEL_OBJECT_ID><![CDATA[F681B1D215CF43DBA4178B56A0F7EC3D]]></AD_MODEL_OBJECT_ID>
<!--F681B1D215CF43DBA4178B56A0F7EC3D-->  <AD_CLIENT_ID><![CDATA[0]]></AD_CLIENT_ID>
<!--F681B1D215CF43DBA4178B56A0F7EC3D-->  <AD_ORG_ID><![CDATA[0]]></AD_ORG_ID>
<!--F681B1D215CF43DBA4178B56A0F7EC3D-->  <ISACTIVE><![CDATA[Y]]></ISACTIVE>
<!--F681B1D215CF43DBA4178B56A0F7EC3D-->  <ACTION><![CDATA[P]]></ACTION>
<!--F681B1D215CF43DBA4178B56A0F7EC3D-->  <CLASSNAME><![CDATA[org.wirabumi.hris.employee.master.Actionbutton.PublishContract]]></CLASSNAME>
<!--F681B1D215CF43DBA4178B56A0F7EC3D-->  <ISDEFAULT><![CDATA[Y]]></ISDEFAULT>
<!--F681B1D215CF43DBA4178B56A0F7EC3D-->  <AD_PROCESS_ID><![CDATA[ABA6FABCB88F4CD4976DD34BBAA3F226]]></AD_PROCESS_ID>
<!--F681B1D215CF43DBA4178B56A0F7EC3D-->  <OBJECT_TYPE><![CDATA[S]]></OBJECT_TYPE>
<!--F681B1D215CF43DBA4178B56A0F7EC3D--></AD_MODEL_OBJECT>

<!--F6D98F2060394721ACDB3332E652F386--><AD_MODEL_OBJECT>
<!--F6D98F2060394721ACDB3332E652F386-->  <AD_MODEL_OBJECT_ID><![CDATA[F6D98F2060394721ACDB3332E652F386]]></AD_MODEL_OBJECT_ID>
<!--F6D98F2060394721ACDB3332E652F386-->  <AD_CLIENT_ID><![CDATA[0]]></AD_CLIENT_ID>
<!--F6D98F2060394721ACDB3332E652F386-->  <AD_ORG_ID><![CDATA[0]]></AD_ORG_ID>
<!--F6D98F2060394721ACDB3332E652F386-->  <ISACTIVE><![CDATA[Y]]></ISACTIVE>
<!--F6D98F2060394721ACDB3332E652F386-->  <ACTION><![CDATA[P]]></ACTION>
<!--F6D98F2060394721ACDB3332E652F386-->  <CLASSNAME><![CDATA[org.wirabumi.hris.employee.master.Actionbutton.CreateResignContract]]></CLASSNAME>
<!--F6D98F2060394721ACDB3332E652F386-->  <ISDEFAULT><![CDATA[Y]]></ISDEFAULT>
<!--F6D98F2060394721ACDB3332E652F386-->  <AD_PROCESS_ID><![CDATA[53A720D166714A208F2B43060E47A049]]></AD_PROCESS_ID>
<!--F6D98F2060394721ACDB3332E652F386-->  <OBJECT_TYPE><![CDATA[S]]></OBJECT_TYPE>
<!--F6D98F2060394721ACDB3332E652F386--></AD_MODEL_OBJECT>

<!--F70A35F64BC34EAD90F394E500A4C3DE--><AD_MODEL_OBJECT>
<!--F70A35F64BC34EAD90F394E500A4C3DE-->  <AD_MODEL_OBJECT_ID><![CDATA[F70A35F64BC34EAD90F394E500A4C3DE]]></AD_MODEL_OBJECT_ID>
<!--F70A35F64BC34EAD90F394E500A4C3DE-->  <AD_CLIENT_ID><![CDATA[0]]></AD_CLIENT_ID>
<!--F70A35F64BC34EAD90F394E500A4C3DE-->  <AD_ORG_ID><![CDATA[0]]></AD_ORG_ID>
<!--F70A35F64BC34EAD90F394E500A4C3DE-->  <ISACTIVE><![CDATA[Y]]></ISACTIVE>
<!--F70A35F64BC34EAD90F394E500A4C3DE-->  <ACTION><![CDATA[P]]></ACTION>
<!--F70A35F64BC34EAD90F394E500A4C3DE-->  <CLASSNAME><![CDATA[org.wirabumi.hris.employee.master.ad_process.GenerateKpiMeasurement]]></CLASSNAME>
<!--F70A35F64BC34EAD90F394E500A4C3DE-->  <ISDEFAULT><![CDATA[Y]]></ISDEFAULT>
<!--F70A35F64BC34EAD90F394E500A4C3DE-->  <AD_PROCESS_ID><![CDATA[4CD83C2A2470454DA1762133E0744572]]></AD_PROCESS_ID>
<!--F70A35F64BC34EAD90F394E500A4C3DE-->  <OBJECT_TYPE><![CDATA[S]]></OBJECT_TYPE>
<!--F70A35F64BC34EAD90F394E500A4C3DE--></AD_MODEL_OBJECT>

<!--FBBFDD8FE8F14807B90045AE2243CD6A--><AD_MODEL_OBJECT>
<!--FBBFDD8FE8F14807B90045AE2243CD6A-->  <AD_MODEL_OBJECT_ID><![CDATA[FBBFDD8FE8F14807B90045AE2243CD6A]]></AD_MODEL_OBJECT_ID>
<!--FBBFDD8FE8F14807B90045AE2243CD6A-->  <AD_CLIENT_ID><![CDATA[0]]></AD_CLIENT_ID>
<!--FBBFDD8FE8F14807B90045AE2243CD6A-->  <AD_ORG_ID><![CDATA[0]]></AD_ORG_ID>
<!--FBBFDD8FE8F14807B90045AE2243CD6A-->  <ISACTIVE><![CDATA[Y]]></ISACTIVE>
<!--FBBFDD8FE8F14807B90045AE2243CD6A-->  <ACTION><![CDATA[P]]></ACTION>
<!--FBBFDD8FE8F14807B90045AE2243CD6A-->  <CLASSNAME><![CDATA[org.wirabumi.hris.employee.master.Actionbutton.CreateEmployee]]></CLASSNAME>
<!--FBBFDD8FE8F14807B90045AE2243CD6A-->  <ISDEFAULT><![CDATA[Y]]></ISDEFAULT>
<!--FBBFDD8FE8F14807B90045AE2243CD6A-->  <AD_PROCESS_ID><![CDATA[0A218C05221F4AD8AF530FAC0548FB09]]></AD_PROCESS_ID>
<!--FBBFDD8FE8F14807B90045AE2243CD6A-->  <OBJECT_TYPE><![CDATA[S]]></OBJECT_TYPE>
<!--FBBFDD8FE8F14807B90045AE2243CD6A--></AD_MODEL_OBJECT>

</data>
