<?xml version="1.0" encoding="UTF-8"?>
<data>
<!--0963B260D8CA46FAA4F1827400A34BFB--><AD_MODEL_OBJECT_MAPPING>
<!--0963B260D8CA46FAA4F1827400A34BFB-->  <AD_MODEL_OBJECT_MAPPING_ID><![CDATA[0963B260D8CA46FAA4F1827400A34BFB]]></AD_MODEL_OBJECT_MAPPING_ID>
<!--0963B260D8CA46FAA4F1827400A34BFB-->  <AD_CLIENT_ID><![CDATA[0]]></AD_CLIENT_ID>
<!--0963B260D8CA46FAA4F1827400A34BFB-->  <AD_ORG_ID><![CDATA[0]]></AD_ORG_ID>
<!--0963B260D8CA46FAA4F1827400A34BFB-->  <ISACTIVE><![CDATA[Y]]></ISACTIVE>
<!--0963B260D8CA46FAA4F1827400A34BFB-->  <AD_MODEL_OBJECT_ID><![CDATA[0B9E1979C8584145B80691BAEC76C105]]></AD_MODEL_OBJECT_ID>
<!--0963B260D8CA46FAA4F1827400A34BFB-->  <MAPPINGNAME><![CDATA[/org.wirabumi.hris.employee.master.ad_callouts/TransferEmployeeData.html]]></MAPPINGNAME>
<!--0963B260D8CA46FAA4F1827400A34BFB-->  <ISDEFAULT><![CDATA[Y]]></ISDEFAULT>
<!--0963B260D8CA46FAA4F1827400A34BFB--></AD_MODEL_OBJECT_MAPPING>

<!--1D2F82C07C7E40F38ED2063375C6BD0B--><AD_MODEL_OBJECT_MAPPING>
<!--1D2F82C07C7E40F38ED2063375C6BD0B-->  <AD_MODEL_OBJECT_MAPPING_ID><![CDATA[1D2F82C07C7E40F38ED2063375C6BD0B]]></AD_MODEL_OBJECT_MAPPING_ID>
<!--1D2F82C07C7E40F38ED2063375C6BD0B-->  <AD_CLIENT_ID><![CDATA[0]]></AD_CLIENT_ID>
<!--1D2F82C07C7E40F38ED2063375C6BD0B-->  <AD_ORG_ID><![CDATA[0]]></AD_ORG_ID>
<!--1D2F82C07C7E40F38ED2063375C6BD0B-->  <ISACTIVE><![CDATA[Y]]></ISACTIVE>
<!--1D2F82C07C7E40F38ED2063375C6BD0B-->  <AD_MODEL_OBJECT_ID><![CDATA[6C65FC3D4BBD4E0BAB1EB9A76792949E]]></AD_MODEL_OBJECT_ID>
<!--1D2F82C07C7E40F38ED2063375C6BD0B-->  <MAPPINGNAME><![CDATA[/org.wirabumi.hris.employee.master.ad_callouts/ResignationCallOut.html]]></MAPPINGNAME>
<!--1D2F82C07C7E40F38ED2063375C6BD0B-->  <ISDEFAULT><![CDATA[Y]]></ISDEFAULT>
<!--1D2F82C07C7E40F38ED2063375C6BD0B--></AD_MODEL_OBJECT_MAPPING>

<!--282969DC65FB44B389D572C9041B2EFB--><AD_MODEL_OBJECT_MAPPING>
<!--282969DC65FB44B389D572C9041B2EFB-->  <AD_MODEL_OBJECT_MAPPING_ID><![CDATA[282969DC65FB44B389D572C9041B2EFB]]></AD_MODEL_OBJECT_MAPPING_ID>
<!--282969DC65FB44B389D572C9041B2EFB-->  <AD_CLIENT_ID><![CDATA[0]]></AD_CLIENT_ID>
<!--282969DC65FB44B389D572C9041B2EFB-->  <AD_ORG_ID><![CDATA[0]]></AD_ORG_ID>
<!--282969DC65FB44B389D572C9041B2EFB-->  <ISACTIVE><![CDATA[Y]]></ISACTIVE>
<!--282969DC65FB44B389D572C9041B2EFB-->  <AD_MODEL_OBJECT_ID><![CDATA[92198AE03C494B09969C5DB788829920]]></AD_MODEL_OBJECT_ID>
<!--282969DC65FB44B389D572C9041B2EFB-->  <MAPPINGNAME><![CDATA[/org.wirabumi.hris.employee.master.ad_callouts/CalloutKPIuomandpolarity.html]]></MAPPINGNAME>
<!--282969DC65FB44B389D572C9041B2EFB-->  <ISDEFAULT><![CDATA[Y]]></ISDEFAULT>
<!--282969DC65FB44B389D572C9041B2EFB--></AD_MODEL_OBJECT_MAPPING>

<!--4153C6C37C054911A72CA3E9C24D1055--><AD_MODEL_OBJECT_MAPPING>
<!--4153C6C37C054911A72CA3E9C24D1055-->  <AD_MODEL_OBJECT_MAPPING_ID><![CDATA[4153C6C37C054911A72CA3E9C24D1055]]></AD_MODEL_OBJECT_MAPPING_ID>
<!--4153C6C37C054911A72CA3E9C24D1055-->  <AD_CLIENT_ID><![CDATA[0]]></AD_CLIENT_ID>
<!--4153C6C37C054911A72CA3E9C24D1055-->  <AD_ORG_ID><![CDATA[0]]></AD_ORG_ID>
<!--4153C6C37C054911A72CA3E9C24D1055-->  <ISACTIVE><![CDATA[Y]]></ISACTIVE>
<!--4153C6C37C054911A72CA3E9C24D1055-->  <AD_MODEL_OBJECT_ID><![CDATA[BB0237A40DFB44DB83263BF3F9A7630B]]></AD_MODEL_OBJECT_ID>
<!--4153C6C37C054911A72CA3E9C24D1055-->  <MAPPINGNAME><![CDATA[/org.wirabumi.hris.employee.master.ad_callouts/Benefits_Data.html]]></MAPPINGNAME>
<!--4153C6C37C054911A72CA3E9C24D1055-->  <ISDEFAULT><![CDATA[Y]]></ISDEFAULT>
<!--4153C6C37C054911A72CA3E9C24D1055--></AD_MODEL_OBJECT_MAPPING>

<!--42B0275DB5C14F3FB2A5BD89E566CA77--><AD_MODEL_OBJECT_MAPPING>
<!--42B0275DB5C14F3FB2A5BD89E566CA77-->  <AD_MODEL_OBJECT_MAPPING_ID><![CDATA[42B0275DB5C14F3FB2A5BD89E566CA77]]></AD_MODEL_OBJECT_MAPPING_ID>
<!--42B0275DB5C14F3FB2A5BD89E566CA77-->  <AD_CLIENT_ID><![CDATA[0]]></AD_CLIENT_ID>
<!--42B0275DB5C14F3FB2A5BD89E566CA77-->  <AD_ORG_ID><![CDATA[0]]></AD_ORG_ID>
<!--42B0275DB5C14F3FB2A5BD89E566CA77-->  <ISACTIVE><![CDATA[Y]]></ISACTIVE>
<!--42B0275DB5C14F3FB2A5BD89E566CA77-->  <AD_MODEL_OBJECT_ID><![CDATA[70612020953D4A479D11864D8AAD5412]]></AD_MODEL_OBJECT_ID>
<!--42B0275DB5C14F3FB2A5BD89E566CA77-->  <MAPPINGNAME><![CDATA[/org.wirabumi.hris.employee.master.ad_callouts/EmployeeEducation.html]]></MAPPINGNAME>
<!--42B0275DB5C14F3FB2A5BD89E566CA77-->  <ISDEFAULT><![CDATA[Y]]></ISDEFAULT>
<!--42B0275DB5C14F3FB2A5BD89E566CA77--></AD_MODEL_OBJECT_MAPPING>

<!--702B8E4AC2CC40168B936DB2E357553E--><AD_MODEL_OBJECT_MAPPING>
<!--702B8E4AC2CC40168B936DB2E357553E-->  <AD_MODEL_OBJECT_MAPPING_ID><![CDATA[702B8E4AC2CC40168B936DB2E357553E]]></AD_MODEL_OBJECT_MAPPING_ID>
<!--702B8E4AC2CC40168B936DB2E357553E-->  <AD_CLIENT_ID><![CDATA[0]]></AD_CLIENT_ID>
<!--702B8E4AC2CC40168B936DB2E357553E-->  <AD_ORG_ID><![CDATA[0]]></AD_ORG_ID>
<!--702B8E4AC2CC40168B936DB2E357553E-->  <ISACTIVE><![CDATA[Y]]></ISACTIVE>
<!--702B8E4AC2CC40168B936DB2E357553E-->  <AD_MODEL_OBJECT_ID><![CDATA[B42A7B2F866740E18EA145FB8DED55C1]]></AD_MODEL_OBJECT_ID>
<!--702B8E4AC2CC40168B936DB2E357553E-->  <MAPPINGNAME><![CDATA[/org.wirabumi.hris.employee.master.ad_callouts/EmployeeInfoCallOut.html]]></MAPPINGNAME>
<!--702B8E4AC2CC40168B936DB2E357553E-->  <ISDEFAULT><![CDATA[Y]]></ISDEFAULT>
<!--702B8E4AC2CC40168B936DB2E357553E--></AD_MODEL_OBJECT_MAPPING>

<!--79B42CED11194A94BB4C664F8038969C--><AD_MODEL_OBJECT_MAPPING>
<!--79B42CED11194A94BB4C664F8038969C-->  <AD_MODEL_OBJECT_MAPPING_ID><![CDATA[79B42CED11194A94BB4C664F8038969C]]></AD_MODEL_OBJECT_MAPPING_ID>
<!--79B42CED11194A94BB4C664F8038969C-->  <AD_CLIENT_ID><![CDATA[0]]></AD_CLIENT_ID>
<!--79B42CED11194A94BB4C664F8038969C-->  <AD_ORG_ID><![CDATA[0]]></AD_ORG_ID>
<!--79B42CED11194A94BB4C664F8038969C-->  <ISACTIVE><![CDATA[Y]]></ISACTIVE>
<!--79B42CED11194A94BB4C664F8038969C-->  <AD_MODEL_OBJECT_ID><![CDATA[E1B4B6CC680D4F758A3E8B0424D60E88]]></AD_MODEL_OBJECT_ID>
<!--79B42CED11194A94BB4C664F8038969C-->  <MAPPINGNAME><![CDATA[/org.wirabumi.hris.employee.master/src/org/wirabumi/hris/employee/master/report/RptEmployeeCard]]></MAPPINGNAME>
<!--79B42CED11194A94BB4C664F8038969C-->  <ISDEFAULT><![CDATA[Y]]></ISDEFAULT>
<!--79B42CED11194A94BB4C664F8038969C--></AD_MODEL_OBJECT_MAPPING>

<!--83C49490BDB04D1DA82F59DAE985CDEF--><AD_MODEL_OBJECT_MAPPING>
<!--83C49490BDB04D1DA82F59DAE985CDEF-->  <AD_MODEL_OBJECT_MAPPING_ID><![CDATA[83C49490BDB04D1DA82F59DAE985CDEF]]></AD_MODEL_OBJECT_MAPPING_ID>
<!--83C49490BDB04D1DA82F59DAE985CDEF-->  <AD_CLIENT_ID><![CDATA[0]]></AD_CLIENT_ID>
<!--83C49490BDB04D1DA82F59DAE985CDEF-->  <AD_ORG_ID><![CDATA[0]]></AD_ORG_ID>
<!--83C49490BDB04D1DA82F59DAE985CDEF-->  <ISACTIVE><![CDATA[Y]]></ISACTIVE>
<!--83C49490BDB04D1DA82F59DAE985CDEF-->  <AD_MODEL_OBJECT_ID><![CDATA[50030AA4ADE541909F41972E325A4D34]]></AD_MODEL_OBJECT_ID>
<!--83C49490BDB04D1DA82F59DAE985CDEF-->  <MAPPINGNAME><![CDATA[/org.wirabumi.hris.employee.master.ad_callouts/EmployeeEducationPermitCallOut.html]]></MAPPINGNAME>
<!--83C49490BDB04D1DA82F59DAE985CDEF-->  <ISDEFAULT><![CDATA[Y]]></ISDEFAULT>
<!--83C49490BDB04D1DA82F59DAE985CDEF--></AD_MODEL_OBJECT_MAPPING>

<!--AB4B45E4F37A46A296412B5CDF934109--><AD_MODEL_OBJECT_MAPPING>
<!--AB4B45E4F37A46A296412B5CDF934109-->  <AD_MODEL_OBJECT_MAPPING_ID><![CDATA[AB4B45E4F37A46A296412B5CDF934109]]></AD_MODEL_OBJECT_MAPPING_ID>
<!--AB4B45E4F37A46A296412B5CDF934109-->  <AD_CLIENT_ID><![CDATA[0]]></AD_CLIENT_ID>
<!--AB4B45E4F37A46A296412B5CDF934109-->  <AD_ORG_ID><![CDATA[0]]></AD_ORG_ID>
<!--AB4B45E4F37A46A296412B5CDF934109-->  <ISACTIVE><![CDATA[Y]]></ISACTIVE>
<!--AB4B45E4F37A46A296412B5CDF934109-->  <AD_MODEL_OBJECT_ID><![CDATA[9915DF88135F435CB9EBC6D1C6B7C3F2]]></AD_MODEL_OBJECT_ID>
<!--AB4B45E4F37A46A296412B5CDF934109-->  <MAPPINGNAME><![CDATA[/org.wirabumi.hris.employee.master.ad_callouts/KPIAchievement.html]]></MAPPINGNAME>
<!--AB4B45E4F37A46A296412B5CDF934109-->  <ISDEFAULT><![CDATA[Y]]></ISDEFAULT>
<!--AB4B45E4F37A46A296412B5CDF934109--></AD_MODEL_OBJECT_MAPPING>

<!--B701E4EE0FCA49A9A80D1BBFCD0A5B2A--><AD_MODEL_OBJECT_MAPPING>
<!--B701E4EE0FCA49A9A80D1BBFCD0A5B2A-->  <AD_MODEL_OBJECT_MAPPING_ID><![CDATA[B701E4EE0FCA49A9A80D1BBFCD0A5B2A]]></AD_MODEL_OBJECT_MAPPING_ID>
<!--B701E4EE0FCA49A9A80D1BBFCD0A5B2A-->  <AD_CLIENT_ID><![CDATA[0]]></AD_CLIENT_ID>
<!--B701E4EE0FCA49A9A80D1BBFCD0A5B2A-->  <AD_ORG_ID><![CDATA[0]]></AD_ORG_ID>
<!--B701E4EE0FCA49A9A80D1BBFCD0A5B2A-->  <ISACTIVE><![CDATA[Y]]></ISACTIVE>
<!--B701E4EE0FCA49A9A80D1BBFCD0A5B2A-->  <AD_MODEL_OBJECT_ID><![CDATA[306F09F3201D4879AAE60309EDA04A88]]></AD_MODEL_OBJECT_ID>
<!--B701E4EE0FCA49A9A80D1BBFCD0A5B2A-->  <MAPPINGNAME><![CDATA[/org.wirabumi.hris.employee.master.ad_callouts/EmployeeTransferGetContract.html]]></MAPPINGNAME>
<!--B701E4EE0FCA49A9A80D1BBFCD0A5B2A-->  <ISDEFAULT><![CDATA[Y]]></ISDEFAULT>
<!--B701E4EE0FCA49A9A80D1BBFCD0A5B2A--></AD_MODEL_OBJECT_MAPPING>

<!--BE842256CE4841A19721FF47DA3A830C--><AD_MODEL_OBJECT_MAPPING>
<!--BE842256CE4841A19721FF47DA3A830C-->  <AD_MODEL_OBJECT_MAPPING_ID><![CDATA[BE842256CE4841A19721FF47DA3A830C]]></AD_MODEL_OBJECT_MAPPING_ID>
<!--BE842256CE4841A19721FF47DA3A830C-->  <AD_CLIENT_ID><![CDATA[0]]></AD_CLIENT_ID>
<!--BE842256CE4841A19721FF47DA3A830C-->  <AD_ORG_ID><![CDATA[0]]></AD_ORG_ID>
<!--BE842256CE4841A19721FF47DA3A830C-->  <ISACTIVE><![CDATA[Y]]></ISACTIVE>
<!--BE842256CE4841A19721FF47DA3A830C-->  <AD_MODEL_OBJECT_ID><![CDATA[43B29CA8D06C4BC59A0C1002A5B70DF7]]></AD_MODEL_OBJECT_ID>
<!--BE842256CE4841A19721FF47DA3A830C-->  <MAPPINGNAME><![CDATA[/org.wirabumi.hris.employee.master.ad_callouts/TermintaionEmployeeData.html]]></MAPPINGNAME>
<!--BE842256CE4841A19721FF47DA3A830C-->  <ISDEFAULT><![CDATA[Y]]></ISDEFAULT>
<!--BE842256CE4841A19721FF47DA3A830C--></AD_MODEL_OBJECT_MAPPING>

<!--CDAC2A5A64DB479DAC1941B025F4AEF0--><AD_MODEL_OBJECT_MAPPING>
<!--CDAC2A5A64DB479DAC1941B025F4AEF0-->  <AD_MODEL_OBJECT_MAPPING_ID><![CDATA[CDAC2A5A64DB479DAC1941B025F4AEF0]]></AD_MODEL_OBJECT_MAPPING_ID>
<!--CDAC2A5A64DB479DAC1941B025F4AEF0-->  <AD_CLIENT_ID><![CDATA[0]]></AD_CLIENT_ID>
<!--CDAC2A5A64DB479DAC1941B025F4AEF0-->  <AD_ORG_ID><![CDATA[0]]></AD_ORG_ID>
<!--CDAC2A5A64DB479DAC1941B025F4AEF0-->  <ISACTIVE><![CDATA[Y]]></ISACTIVE>
<!--CDAC2A5A64DB479DAC1941B025F4AEF0-->  <AD_MODEL_OBJECT_ID><![CDATA[51E00B054C46473D9D1C06D17784F936]]></AD_MODEL_OBJECT_ID>
<!--CDAC2A5A64DB479DAC1941B025F4AEF0-->  <MAPPINGNAME><![CDATA[/org.wirabumi.hris.employee.master.ad_callouts/HrisCaseEmployee.html]]></MAPPINGNAME>
<!--CDAC2A5A64DB479DAC1941B025F4AEF0-->  <ISDEFAULT><![CDATA[Y]]></ISDEFAULT>
<!--CDAC2A5A64DB479DAC1941B025F4AEF0--></AD_MODEL_OBJECT_MAPPING>

<!--E14D6821327F41F281098DBB86DD094A--><AD_MODEL_OBJECT_MAPPING>
<!--E14D6821327F41F281098DBB86DD094A-->  <AD_MODEL_OBJECT_MAPPING_ID><![CDATA[E14D6821327F41F281098DBB86DD094A]]></AD_MODEL_OBJECT_MAPPING_ID>
<!--E14D6821327F41F281098DBB86DD094A-->  <AD_CLIENT_ID><![CDATA[0]]></AD_CLIENT_ID>
<!--E14D6821327F41F281098DBB86DD094A-->  <AD_ORG_ID><![CDATA[0]]></AD_ORG_ID>
<!--E14D6821327F41F281098DBB86DD094A-->  <ISACTIVE><![CDATA[Y]]></ISACTIVE>
<!--E14D6821327F41F281098DBB86DD094A-->  <AD_MODEL_OBJECT_ID><![CDATA[872E5AC3F2D94200A95C26C9415C9CAD]]></AD_MODEL_OBJECT_ID>
<!--E14D6821327F41F281098DBB86DD094A-->  <MAPPINGNAME><![CDATA[/org.wirabumi.hris.employee.master.ad_callouts/KPITarget.html]]></MAPPINGNAME>
<!--E14D6821327F41F281098DBB86DD094A-->  <ISDEFAULT><![CDATA[Y]]></ISDEFAULT>
<!--E14D6821327F41F281098DBB86DD094A--></AD_MODEL_OBJECT_MAPPING>

<!--E4C513277A7D48AC9FA4FB8AD96B1566--><AD_MODEL_OBJECT_MAPPING>
<!--E4C513277A7D48AC9FA4FB8AD96B1566-->  <AD_MODEL_OBJECT_MAPPING_ID><![CDATA[E4C513277A7D48AC9FA4FB8AD96B1566]]></AD_MODEL_OBJECT_MAPPING_ID>
<!--E4C513277A7D48AC9FA4FB8AD96B1566-->  <AD_CLIENT_ID><![CDATA[0]]></AD_CLIENT_ID>
<!--E4C513277A7D48AC9FA4FB8AD96B1566-->  <AD_ORG_ID><![CDATA[0]]></AD_ORG_ID>
<!--E4C513277A7D48AC9FA4FB8AD96B1566-->  <ISACTIVE><![CDATA[Y]]></ISACTIVE>
<!--E4C513277A7D48AC9FA4FB8AD96B1566-->  <AD_MODEL_OBJECT_ID><![CDATA[7F99F4D8D34643BBBB6406D525A8A821]]></AD_MODEL_OBJECT_ID>
<!--E4C513277A7D48AC9FA4FB8AD96B1566-->  <MAPPINGNAME><![CDATA[/org.wirabumi.hris.employee.master.ad_callouts/ReimbursmentCallOut.html]]></MAPPINGNAME>
<!--E4C513277A7D48AC9FA4FB8AD96B1566-->  <ISDEFAULT><![CDATA[Y]]></ISDEFAULT>
<!--E4C513277A7D48AC9FA4FB8AD96B1566--></AD_MODEL_OBJECT_MAPPING>

<!--E83536ABBCF34488B5850950BE81DEE2--><AD_MODEL_OBJECT_MAPPING>
<!--E83536ABBCF34488B5850950BE81DEE2-->  <AD_MODEL_OBJECT_MAPPING_ID><![CDATA[E83536ABBCF34488B5850950BE81DEE2]]></AD_MODEL_OBJECT_MAPPING_ID>
<!--E83536ABBCF34488B5850950BE81DEE2-->  <AD_CLIENT_ID><![CDATA[0]]></AD_CLIENT_ID>
<!--E83536ABBCF34488B5850950BE81DEE2-->  <AD_ORG_ID><![CDATA[0]]></AD_ORG_ID>
<!--E83536ABBCF34488B5850950BE81DEE2-->  <ISACTIVE><![CDATA[Y]]></ISACTIVE>
<!--E83536ABBCF34488B5850950BE81DEE2-->  <AD_MODEL_OBJECT_ID><![CDATA[87FCD49FC1F741D482EAB813B5E225A8]]></AD_MODEL_OBJECT_ID>
<!--E83536ABBCF34488B5850950BE81DEE2-->  <MAPPINGNAME><![CDATA[/org.wirabumi.hris.employee.master/src/org/wirabumi/hris/employee/master/report/RptActivity]]></MAPPINGNAME>
<!--E83536ABBCF34488B5850950BE81DEE2-->  <ISDEFAULT><![CDATA[Y]]></ISDEFAULT>
<!--E83536ABBCF34488B5850950BE81DEE2--></AD_MODEL_OBJECT_MAPPING>

<!--FA514681B4A44EA3974155E600D0A4A6--><AD_MODEL_OBJECT_MAPPING>
<!--FA514681B4A44EA3974155E600D0A4A6-->  <AD_MODEL_OBJECT_MAPPING_ID><![CDATA[FA514681B4A44EA3974155E600D0A4A6]]></AD_MODEL_OBJECT_MAPPING_ID>
<!--FA514681B4A44EA3974155E600D0A4A6-->  <AD_CLIENT_ID><![CDATA[0]]></AD_CLIENT_ID>
<!--FA514681B4A44EA3974155E600D0A4A6-->  <AD_ORG_ID><![CDATA[0]]></AD_ORG_ID>
<!--FA514681B4A44EA3974155E600D0A4A6-->  <ISACTIVE><![CDATA[Y]]></ISACTIVE>
<!--FA514681B4A44EA3974155E600D0A4A6-->  <AD_MODEL_OBJECT_ID><![CDATA[F604098AEB4E43DEA7FCE90E6ACD551E]]></AD_MODEL_OBJECT_ID>
<!--FA514681B4A44EA3974155E600D0A4A6-->  <MAPPINGNAME><![CDATA[/org.wirabumi.hris.employee.master.ad_callouts/ReimbursmentCallOut.html]]></MAPPINGNAME>
<!--FA514681B4A44EA3974155E600D0A4A6-->  <ISDEFAULT><![CDATA[Y]]></ISDEFAULT>
<!--FA514681B4A44EA3974155E600D0A4A6--></AD_MODEL_OBJECT_MAPPING>

</data>
