<?xml version="1.0" encoding="UTF-8"?>
<data>
<!--3791CD188E244108A810A6422829B73C--><AD_MESSAGE>
<!--3791CD188E244108A810A6422829B73C-->  <AD_MESSAGE_ID><![CDATA[3791CD188E244108A810A6422829B73C]]></AD_MESSAGE_ID>
<!--3791CD188E244108A810A6422829B73C-->  <AD_CLIENT_ID><![CDATA[0]]></AD_CLIENT_ID>
<!--3791CD188E244108A810A6422829B73C-->  <AD_ORG_ID><![CDATA[0]]></AD_ORG_ID>
<!--3791CD188E244108A810A6422829B73C-->  <ISACTIVE><![CDATA[Y]]></ISACTIVE>
<!--3791CD188E244108A810A6422829B73C-->  <VALUE><![CDATA[Hris_DataCreated]]></VALUE>
<!--3791CD188E244108A810A6422829B73C-->  <MSGTEXT><![CDATA[Data Created Succesfull]]></MSGTEXT>
<!--3791CD188E244108A810A6422829B73C-->  <MSGTYPE><![CDATA[S]]></MSGTYPE>
<!--3791CD188E244108A810A6422829B73C-->  <AD_MODULE_ID><![CDATA[D5FD35D6C7604921BA951B7E0EEE5DC2]]></AD_MODULE_ID>
<!--3791CD188E244108A810A6422829B73C-->  <ISINCLUDEINI18N><![CDATA[N]]></ISINCLUDEINI18N>
<!--3791CD188E244108A810A6422829B73C--></AD_MESSAGE>

<!--38A6E4F85BF54C679123CF562CFFAF91--><AD_MESSAGE>
<!--38A6E4F85BF54C679123CF562CFFAF91-->  <AD_MESSAGE_ID><![CDATA[38A6E4F85BF54C679123CF562CFFAF91]]></AD_MESSAGE_ID>
<!--38A6E4F85BF54C679123CF562CFFAF91-->  <AD_CLIENT_ID><![CDATA[0]]></AD_CLIENT_ID>
<!--38A6E4F85BF54C679123CF562CFFAF91-->  <AD_ORG_ID><![CDATA[0]]></AD_ORG_ID>
<!--38A6E4F85BF54C679123CF562CFFAF91-->  <ISACTIVE><![CDATA[Y]]></ISACTIVE>
<!--38A6E4F85BF54C679123CF562CFFAF91-->  <VALUE><![CDATA[Hris_DocDate]]></VALUE>
<!--38A6E4F85BF54C679123CF562CFFAF91-->  <MSGTEXT><![CDATA[Release Date]]></MSGTEXT>
<!--38A6E4F85BF54C679123CF562CFFAF91-->  <MSGTYPE><![CDATA[I]]></MSGTYPE>
<!--38A6E4F85BF54C679123CF562CFFAF91-->  <AD_MODULE_ID><![CDATA[D5FD35D6C7604921BA951B7E0EEE5DC2]]></AD_MODULE_ID>
<!--38A6E4F85BF54C679123CF562CFFAF91-->  <ISINCLUDEINI18N><![CDATA[N]]></ISINCLUDEINI18N>
<!--38A6E4F85BF54C679123CF562CFFAF91--></AD_MESSAGE>

<!--49B44CC7E3714FAFA8E5C31F81F6FDBE--><AD_MESSAGE>
<!--49B44CC7E3714FAFA8E5C31F81F6FDBE-->  <AD_MESSAGE_ID><![CDATA[49B44CC7E3714FAFA8E5C31F81F6FDBE]]></AD_MESSAGE_ID>
<!--49B44CC7E3714FAFA8E5C31F81F6FDBE-->  <AD_CLIENT_ID><![CDATA[0]]></AD_CLIENT_ID>
<!--49B44CC7E3714FAFA8E5C31F81F6FDBE-->  <AD_ORG_ID><![CDATA[0]]></AD_ORG_ID>
<!--49B44CC7E3714FAFA8E5C31F81F6FDBE-->  <ISACTIVE><![CDATA[Y]]></ISACTIVE>
<!--49B44CC7E3714FAFA8E5C31F81F6FDBE-->  <VALUE><![CDATA[Hris_DataFailed]]></VALUE>
<!--49B44CC7E3714FAFA8E5C31F81F6FDBE-->  <MSGTEXT><![CDATA[Data Failed To Create Unknow Error]]></MSGTEXT>
<!--49B44CC7E3714FAFA8E5C31F81F6FDBE-->  <MSGTYPE><![CDATA[E]]></MSGTYPE>
<!--49B44CC7E3714FAFA8E5C31F81F6FDBE-->  <AD_MODULE_ID><![CDATA[D5FD35D6C7604921BA951B7E0EEE5DC2]]></AD_MODULE_ID>
<!--49B44CC7E3714FAFA8E5C31F81F6FDBE-->  <ISINCLUDEINI18N><![CDATA[N]]></ISINCLUDEINI18N>
<!--49B44CC7E3714FAFA8E5C31F81F6FDBE--></AD_MESSAGE>

<!--6A18A837780149309AE6267C3DD2EA8B--><AD_MESSAGE>
<!--6A18A837780149309AE6267C3DD2EA8B-->  <AD_MESSAGE_ID><![CDATA[6A18A837780149309AE6267C3DD2EA8B]]></AD_MESSAGE_ID>
<!--6A18A837780149309AE6267C3DD2EA8B-->  <AD_CLIENT_ID><![CDATA[0]]></AD_CLIENT_ID>
<!--6A18A837780149309AE6267C3DD2EA8B-->  <AD_ORG_ID><![CDATA[0]]></AD_ORG_ID>
<!--6A18A837780149309AE6267C3DD2EA8B-->  <ISACTIVE><![CDATA[Y]]></ISACTIVE>
<!--6A18A837780149309AE6267C3DD2EA8B-->  <VALUE><![CDATA[HRIS_CostCenterNotFound]]></VALUE>
<!--6A18A837780149309AE6267C3DD2EA8B-->  <MSGTEXT><![CDATA[is not Deffined in Cost Center table]]></MSGTEXT>
<!--6A18A837780149309AE6267C3DD2EA8B-->  <MSGTYPE><![CDATA[E]]></MSGTYPE>
<!--6A18A837780149309AE6267C3DD2EA8B-->  <AD_MODULE_ID><![CDATA[D5FD35D6C7604921BA951B7E0EEE5DC2]]></AD_MODULE_ID>
<!--6A18A837780149309AE6267C3DD2EA8B-->  <ISINCLUDEINI18N><![CDATA[N]]></ISINCLUDEINI18N>
<!--6A18A837780149309AE6267C3DD2EA8B--></AD_MESSAGE>

<!--6AD46D227D094C1792510807A57DB4CF--><AD_MESSAGE>
<!--6AD46D227D094C1792510807A57DB4CF-->  <AD_MESSAGE_ID><![CDATA[6AD46D227D094C1792510807A57DB4CF]]></AD_MESSAGE_ID>
<!--6AD46D227D094C1792510807A57DB4CF-->  <AD_CLIENT_ID><![CDATA[0]]></AD_CLIENT_ID>
<!--6AD46D227D094C1792510807A57DB4CF-->  <AD_ORG_ID><![CDATA[0]]></AD_ORG_ID>
<!--6AD46D227D094C1792510807A57DB4CF-->  <ISACTIVE><![CDATA[Y]]></ISACTIVE>
<!--6AD46D227D094C1792510807A57DB4CF-->  <VALUE><![CDATA[hris_newjobtitleroleisnull]]></VALUE>
<!--6AD46D227D094C1792510807A57DB4CF-->  <MSGTEXT><![CDATA[Role in new job title master data is null. Role is used to define new role for transfered employee.]]></MSGTEXT>
<!--6AD46D227D094C1792510807A57DB4CF-->  <MSGTYPE><![CDATA[E]]></MSGTYPE>
<!--6AD46D227D094C1792510807A57DB4CF-->  <AD_MODULE_ID><![CDATA[D5FD35D6C7604921BA951B7E0EEE5DC2]]></AD_MODULE_ID>
<!--6AD46D227D094C1792510807A57DB4CF-->  <ISINCLUDEINI18N><![CDATA[N]]></ISINCLUDEINI18N>
<!--6AD46D227D094C1792510807A57DB4CF--></AD_MESSAGE>

<!--73007F9DAE7E48A4B1B8388D7ECD054D--><AD_MESSAGE>
<!--73007F9DAE7E48A4B1B8388D7ECD054D-->  <AD_MESSAGE_ID><![CDATA[73007F9DAE7E48A4B1B8388D7ECD054D]]></AD_MESSAGE_ID>
<!--73007F9DAE7E48A4B1B8388D7ECD054D-->  <AD_CLIENT_ID><![CDATA[0]]></AD_CLIENT_ID>
<!--73007F9DAE7E48A4B1B8388D7ECD054D-->  <AD_ORG_ID><![CDATA[0]]></AD_ORG_ID>
<!--73007F9DAE7E48A4B1B8388D7ECD054D-->  <ISACTIVE><![CDATA[Y]]></ISACTIVE>
<!--73007F9DAE7E48A4B1B8388D7ECD054D-->  <VALUE><![CDATA[Hris_CountryNA]]></VALUE>
<!--73007F9DAE7E48A4B1B8388D7ECD054D-->  <MSGTEXT><![CDATA[is not Defined in Country table]]></MSGTEXT>
<!--73007F9DAE7E48A4B1B8388D7ECD054D-->  <MSGTYPE><![CDATA[I]]></MSGTYPE>
<!--73007F9DAE7E48A4B1B8388D7ECD054D-->  <AD_MODULE_ID><![CDATA[D5FD35D6C7604921BA951B7E0EEE5DC2]]></AD_MODULE_ID>
<!--73007F9DAE7E48A4B1B8388D7ECD054D-->  <ISINCLUDEINI18N><![CDATA[N]]></ISINCLUDEINI18N>
<!--73007F9DAE7E48A4B1B8388D7ECD054D--></AD_MESSAGE>

<!--76EE3A14DDFE4F07B474577D14589CE7--><AD_MESSAGE>
<!--76EE3A14DDFE4F07B474577D14589CE7-->  <AD_MESSAGE_ID><![CDATA[76EE3A14DDFE4F07B474577D14589CE7]]></AD_MESSAGE_ID>
<!--76EE3A14DDFE4F07B474577D14589CE7-->  <AD_CLIENT_ID><![CDATA[0]]></AD_CLIENT_ID>
<!--76EE3A14DDFE4F07B474577D14589CE7-->  <AD_ORG_ID><![CDATA[0]]></AD_ORG_ID>
<!--76EE3A14DDFE4F07B474577D14589CE7-->  <ISACTIVE><![CDATA[Y]]></ISACTIVE>
<!--76EE3A14DDFE4F07B474577D14589CE7-->  <VALUE><![CDATA[HRIS_ImportSucces]]></VALUE>
<!--76EE3A14DDFE4F07B474577D14589CE7-->  <MSGTEXT><![CDATA[Data Imported Succesfully]]></MSGTEXT>
<!--76EE3A14DDFE4F07B474577D14589CE7-->  <MSGTYPE><![CDATA[S]]></MSGTYPE>
<!--76EE3A14DDFE4F07B474577D14589CE7-->  <AD_MODULE_ID><![CDATA[D5FD35D6C7604921BA951B7E0EEE5DC2]]></AD_MODULE_ID>
<!--76EE3A14DDFE4F07B474577D14589CE7-->  <ISINCLUDEINI18N><![CDATA[N]]></ISINCLUDEINI18N>
<!--76EE3A14DDFE4F07B474577D14589CE7--></AD_MESSAGE>

<!--88315FA1CF77415DB95654290FB61035--><AD_MESSAGE>
<!--88315FA1CF77415DB95654290FB61035-->  <AD_MESSAGE_ID><![CDATA[88315FA1CF77415DB95654290FB61035]]></AD_MESSAGE_ID>
<!--88315FA1CF77415DB95654290FB61035-->  <AD_CLIENT_ID><![CDATA[0]]></AD_CLIENT_ID>
<!--88315FA1CF77415DB95654290FB61035-->  <AD_ORG_ID><![CDATA[0]]></AD_ORG_ID>
<!--88315FA1CF77415DB95654290FB61035-->  <ISACTIVE><![CDATA[Y]]></ISACTIVE>
<!--88315FA1CF77415DB95654290FB61035-->  <VALUE><![CDATA[hris_no_departnment]]></VALUE>
<!--88315FA1CF77415DB95654290FB61035-->  <MSGTEXT><![CDATA[No department defined. Department entity is required in Employee Contract Creation.]]></MSGTEXT>
<!--88315FA1CF77415DB95654290FB61035-->  <MSGTYPE><![CDATA[E]]></MSGTYPE>
<!--88315FA1CF77415DB95654290FB61035-->  <AD_MODULE_ID><![CDATA[D5FD35D6C7604921BA951B7E0EEE5DC2]]></AD_MODULE_ID>
<!--88315FA1CF77415DB95654290FB61035-->  <ISINCLUDEINI18N><![CDATA[N]]></ISINCLUDEINI18N>
<!--88315FA1CF77415DB95654290FB61035--></AD_MESSAGE>

<!--8832B61840564562B85728164A93D13A--><AD_MESSAGE>
<!--8832B61840564562B85728164A93D13A-->  <AD_MESSAGE_ID><![CDATA[8832B61840564562B85728164A93D13A]]></AD_MESSAGE_ID>
<!--8832B61840564562B85728164A93D13A-->  <AD_CLIENT_ID><![CDATA[0]]></AD_CLIENT_ID>
<!--8832B61840564562B85728164A93D13A-->  <AD_ORG_ID><![CDATA[0]]></AD_ORG_ID>
<!--8832B61840564562B85728164A93D13A-->  <ISACTIVE><![CDATA[Y]]></ISACTIVE>
<!--8832B61840564562B85728164A93D13A-->  <VALUE><![CDATA[HRIS_DataMatch]]></VALUE>
<!--8832B61840564562B85728164A93D13A-->  <MSGTEXT><![CDATA[Data Matched to Defined Criteria]]></MSGTEXT>
<!--8832B61840564562B85728164A93D13A-->  <MSGTYPE><![CDATA[I]]></MSGTYPE>
<!--8832B61840564562B85728164A93D13A-->  <AD_MODULE_ID><![CDATA[D5FD35D6C7604921BA951B7E0EEE5DC2]]></AD_MODULE_ID>
<!--8832B61840564562B85728164A93D13A-->  <ISINCLUDEINI18N><![CDATA[N]]></ISINCLUDEINI18N>
<!--8832B61840564562B85728164A93D13A--></AD_MESSAGE>

<!--8DBAAC6DE1814D01AE3C97F9D091E32A--><AD_MESSAGE>
<!--8DBAAC6DE1814D01AE3C97F9D091E32A-->  <AD_MESSAGE_ID><![CDATA[8DBAAC6DE1814D01AE3C97F9D091E32A]]></AD_MESSAGE_ID>
<!--8DBAAC6DE1814D01AE3C97F9D091E32A-->  <AD_CLIENT_ID><![CDATA[0]]></AD_CLIENT_ID>
<!--8DBAAC6DE1814D01AE3C97F9D091E32A-->  <AD_ORG_ID><![CDATA[0]]></AD_ORG_ID>
<!--8DBAAC6DE1814D01AE3C97F9D091E32A-->  <ISACTIVE><![CDATA[Y]]></ISACTIVE>
<!--8DBAAC6DE1814D01AE3C97F9D091E32A-->  <VALUE><![CDATA[hris_competencydependencyerror]]></VALUE>
<!--8DBAAC6DE1814D01AE3C97F9D091E32A-->  <MSGTEXT><![CDATA[Competency Depencency Error.
Employee does not have all required competency before take this competency.]]></MSGTEXT>
<!--8DBAAC6DE1814D01AE3C97F9D091E32A-->  <MSGTYPE><![CDATA[E]]></MSGTYPE>
<!--8DBAAC6DE1814D01AE3C97F9D091E32A-->  <AD_MODULE_ID><![CDATA[D5FD35D6C7604921BA951B7E0EEE5DC2]]></AD_MODULE_ID>
<!--8DBAAC6DE1814D01AE3C97F9D091E32A-->  <ISINCLUDEINI18N><![CDATA[N]]></ISINCLUDEINI18N>
<!--8DBAAC6DE1814D01AE3C97F9D091E32A--></AD_MESSAGE>

<!--9398AF0DDF9747978536E416A59DE4C4--><AD_MESSAGE>
<!--9398AF0DDF9747978536E416A59DE4C4-->  <AD_MESSAGE_ID><![CDATA[9398AF0DDF9747978536E416A59DE4C4]]></AD_MESSAGE_ID>
<!--9398AF0DDF9747978536E416A59DE4C4-->  <AD_CLIENT_ID><![CDATA[0]]></AD_CLIENT_ID>
<!--9398AF0DDF9747978536E416A59DE4C4-->  <AD_ORG_ID><![CDATA[0]]></AD_ORG_ID>
<!--9398AF0DDF9747978536E416A59DE4C4-->  <ISACTIVE><![CDATA[Y]]></ISACTIVE>
<!--9398AF0DDF9747978536E416A59DE4C4-->  <VALUE><![CDATA[Hris_JobNotFound]]></VALUE>
<!--9398AF0DDF9747978536E416A59DE4C4-->  <MSGTEXT><![CDATA[is not match to pair of position and job title configuration or not defined in job title table.]]></MSGTEXT>
<!--9398AF0DDF9747978536E416A59DE4C4-->  <MSGTYPE><![CDATA[E]]></MSGTYPE>
<!--9398AF0DDF9747978536E416A59DE4C4-->  <AD_MODULE_ID><![CDATA[D5FD35D6C7604921BA951B7E0EEE5DC2]]></AD_MODULE_ID>
<!--9398AF0DDF9747978536E416A59DE4C4-->  <ISINCLUDEINI18N><![CDATA[N]]></ISINCLUDEINI18N>
<!--9398AF0DDF9747978536E416A59DE4C4--></AD_MESSAGE>

<!--B6267D52DC464C48BC1E4F36105E9BA1--><AD_MESSAGE>
<!--B6267D52DC464C48BC1E4F36105E9BA1-->  <AD_MESSAGE_ID><![CDATA[B6267D52DC464C48BC1E4F36105E9BA1]]></AD_MESSAGE_ID>
<!--B6267D52DC464C48BC1E4F36105E9BA1-->  <AD_CLIENT_ID><![CDATA[0]]></AD_CLIENT_ID>
<!--B6267D52DC464C48BC1E4F36105E9BA1-->  <AD_ORG_ID><![CDATA[0]]></AD_ORG_ID>
<!--B6267D52DC464C48BC1E4F36105E9BA1-->  <ISACTIVE><![CDATA[Y]]></ISACTIVE>
<!--B6267D52DC464C48BC1E4F36105E9BA1-->  <VALUE><![CDATA[HRIS_RegionNA]]></VALUE>
<!--B6267D52DC464C48BC1E4F36105E9BA1-->  <MSGTEXT><![CDATA[Is Not defines As region in Country]]></MSGTEXT>
<!--B6267D52DC464C48BC1E4F36105E9BA1-->  <MSGTYPE><![CDATA[I]]></MSGTYPE>
<!--B6267D52DC464C48BC1E4F36105E9BA1-->  <AD_MODULE_ID><![CDATA[D5FD35D6C7604921BA951B7E0EEE5DC2]]></AD_MODULE_ID>
<!--B6267D52DC464C48BC1E4F36105E9BA1-->  <ISINCLUDEINI18N><![CDATA[N]]></ISINCLUDEINI18N>
<!--B6267D52DC464C48BC1E4F36105E9BA1--></AD_MESSAGE>

<!--BDB24ECA7DB0419BBBB8D464B38CBE7B--><AD_MESSAGE>
<!--BDB24ECA7DB0419BBBB8D464B38CBE7B-->  <AD_MESSAGE_ID><![CDATA[BDB24ECA7DB0419BBBB8D464B38CBE7B]]></AD_MESSAGE_ID>
<!--BDB24ECA7DB0419BBBB8D464B38CBE7B-->  <AD_CLIENT_ID><![CDATA[0]]></AD_CLIENT_ID>
<!--BDB24ECA7DB0419BBBB8D464B38CBE7B-->  <AD_ORG_ID><![CDATA[0]]></AD_ORG_ID>
<!--BDB24ECA7DB0419BBBB8D464B38CBE7B-->  <ISACTIVE><![CDATA[Y]]></ISACTIVE>
<!--BDB24ECA7DB0419BBBB8D464B38CBE7B-->  <VALUE><![CDATA[hris_oldjobtitleroleisnull]]></VALUE>
<!--BDB24ECA7DB0419BBBB8D464B38CBE7B-->  <MSGTEXT><![CDATA[Role in old job title master data is null. Role is used to define new role for transfered employee.]]></MSGTEXT>
<!--BDB24ECA7DB0419BBBB8D464B38CBE7B-->  <MSGTYPE><![CDATA[I]]></MSGTYPE>
<!--BDB24ECA7DB0419BBBB8D464B38CBE7B-->  <AD_MODULE_ID><![CDATA[D5FD35D6C7604921BA951B7E0EEE5DC2]]></AD_MODULE_ID>
<!--BDB24ECA7DB0419BBBB8D464B38CBE7B-->  <ISINCLUDEINI18N><![CDATA[N]]></ISINCLUDEINI18N>
<!--BDB24ECA7DB0419BBBB8D464B38CBE7B--></AD_MESSAGE>

<!--D267E97E485B41658D2F2AA3740AB801--><AD_MESSAGE>
<!--D267E97E485B41658D2F2AA3740AB801-->  <AD_MESSAGE_ID><![CDATA[D267E97E485B41658D2F2AA3740AB801]]></AD_MESSAGE_ID>
<!--D267E97E485B41658D2F2AA3740AB801-->  <AD_CLIENT_ID><![CDATA[0]]></AD_CLIENT_ID>
<!--D267E97E485B41658D2F2AA3740AB801-->  <AD_ORG_ID><![CDATA[0]]></AD_ORG_ID>
<!--D267E97E485B41658D2F2AA3740AB801-->  <ISACTIVE><![CDATA[Y]]></ISACTIVE>
<!--D267E97E485B41658D2F2AA3740AB801-->  <VALUE><![CDATA[Hris_InvalidParamater]]></VALUE>
<!--D267E97E485B41658D2F2AA3740AB801-->  <MSGTEXT><![CDATA[Record Update Failed due to Invalid Paramater]]></MSGTEXT>
<!--D267E97E485B41658D2F2AA3740AB801-->  <MSGTYPE><![CDATA[E]]></MSGTYPE>
<!--D267E97E485B41658D2F2AA3740AB801-->  <AD_MODULE_ID><![CDATA[D5FD35D6C7604921BA951B7E0EEE5DC2]]></AD_MODULE_ID>
<!--D267E97E485B41658D2F2AA3740AB801-->  <ISINCLUDEINI18N><![CDATA[N]]></ISINCLUDEINI18N>
<!--D267E97E485B41658D2F2AA3740AB801--></AD_MESSAGE>

<!--D4FEF6015BAC4974B4AAEE499CB8E0D5--><AD_MESSAGE>
<!--D4FEF6015BAC4974B4AAEE499CB8E0D5-->  <AD_MESSAGE_ID><![CDATA[D4FEF6015BAC4974B4AAEE499CB8E0D5]]></AD_MESSAGE_ID>
<!--D4FEF6015BAC4974B4AAEE499CB8E0D5-->  <AD_CLIENT_ID><![CDATA[0]]></AD_CLIENT_ID>
<!--D4FEF6015BAC4974B4AAEE499CB8E0D5-->  <AD_ORG_ID><![CDATA[0]]></AD_ORG_ID>
<!--D4FEF6015BAC4974B4AAEE499CB8E0D5-->  <ISACTIVE><![CDATA[Y]]></ISACTIVE>
<!--D4FEF6015BAC4974B4AAEE499CB8E0D5-->  <VALUE><![CDATA[Hris_ValidDate]]></VALUE>
<!--D4FEF6015BAC4974B4AAEE499CB8E0D5-->  <MSGTEXT><![CDATA[Effective Date]]></MSGTEXT>
<!--D4FEF6015BAC4974B4AAEE499CB8E0D5-->  <MSGTYPE><![CDATA[I]]></MSGTYPE>
<!--D4FEF6015BAC4974B4AAEE499CB8E0D5-->  <AD_MODULE_ID><![CDATA[D5FD35D6C7604921BA951B7E0EEE5DC2]]></AD_MODULE_ID>
<!--D4FEF6015BAC4974B4AAEE499CB8E0D5-->  <ISINCLUDEINI18N><![CDATA[N]]></ISINCLUDEINI18N>
<!--D4FEF6015BAC4974B4AAEE499CB8E0D5--></AD_MESSAGE>

<!--ED9519549C8C4F5A95CE0CC536A09532--><AD_MESSAGE>
<!--ED9519549C8C4F5A95CE0CC536A09532-->  <AD_MESSAGE_ID><![CDATA[ED9519549C8C4F5A95CE0CC536A09532]]></AD_MESSAGE_ID>
<!--ED9519549C8C4F5A95CE0CC536A09532-->  <AD_CLIENT_ID><![CDATA[0]]></AD_CLIENT_ID>
<!--ED9519549C8C4F5A95CE0CC536A09532-->  <AD_ORG_ID><![CDATA[0]]></AD_ORG_ID>
<!--ED9519549C8C4F5A95CE0CC536A09532-->  <ISACTIVE><![CDATA[Y]]></ISACTIVE>
<!--ED9519549C8C4F5A95CE0CC536A09532-->  <VALUE><![CDATA[Hris_ContractNo]]></VALUE>
<!--ED9519549C8C4F5A95CE0CC536A09532-->  <MSGTEXT><![CDATA[Contract No.]]></MSGTEXT>
<!--ED9519549C8C4F5A95CE0CC536A09532-->  <MSGTYPE><![CDATA[I]]></MSGTYPE>
<!--ED9519549C8C4F5A95CE0CC536A09532-->  <AD_MODULE_ID><![CDATA[D5FD35D6C7604921BA951B7E0EEE5DC2]]></AD_MODULE_ID>
<!--ED9519549C8C4F5A95CE0CC536A09532-->  <ISINCLUDEINI18N><![CDATA[N]]></ISINCLUDEINI18N>
<!--ED9519549C8C4F5A95CE0CC536A09532--></AD_MESSAGE>

</data>
