<?xml version="1.0" encoding="UTF-8"?>
<data>
<!--C6D8676E9E0F4842A704FE5974D62DB8--><AD_PACKAGE>
<!--C6D8676E9E0F4842A704FE5974D62DB8-->  <AD_PACKAGE_ID><![CDATA[C6D8676E9E0F4842A704FE5974D62DB8]]></AD_PACKAGE_ID>
<!--C6D8676E9E0F4842A704FE5974D62DB8-->  <AD_CLIENT_ID><![CDATA[0]]></AD_CLIENT_ID>
<!--C6D8676E9E0F4842A704FE5974D62DB8-->  <AD_ORG_ID><![CDATA[0]]></AD_ORG_ID>
<!--C6D8676E9E0F4842A704FE5974D62DB8-->  <NAME><![CDATA[org.wirabumi.hris.employee.master.data]]></NAME>
<!--C6D8676E9E0F4842A704FE5974D62DB8-->  <DESCRIPTION><![CDATA[Employee Master Data Package]]></DESCRIPTION>
<!--C6D8676E9E0F4842A704FE5974D62DB8-->  <JAVAPACKAGE><![CDATA[org.wirabumi.hris.employee.master.data]]></JAVAPACKAGE>
<!--C6D8676E9E0F4842A704FE5974D62DB8-->  <AD_MODULE_ID><![CDATA[D5FD35D6C7604921BA951B7E0EEE5DC2]]></AD_MODULE_ID>
<!--C6D8676E9E0F4842A704FE5974D62DB8-->  <ISACTIVE><![CDATA[Y]]></ISACTIVE>
<!--C6D8676E9E0F4842A704FE5974D62DB8--></AD_PACKAGE>

</data>
