<?xml version="1.0" encoding="UTF-8"?>
<data>
<!--1302DF5AEC014B2DB62AE9D6A60719AA--><AD_PROCESS_PARA>
<!--1302DF5AEC014B2DB62AE9D6A60719AA-->  <AD_PROCESS_PARA_ID><![CDATA[1302DF5AEC014B2DB62AE9D6A60719AA]]></AD_PROCESS_PARA_ID>
<!--1302DF5AEC014B2DB62AE9D6A60719AA-->  <AD_CLIENT_ID><![CDATA[0]]></AD_CLIENT_ID>
<!--1302DF5AEC014B2DB62AE9D6A60719AA-->  <AD_ORG_ID><![CDATA[0]]></AD_ORG_ID>
<!--1302DF5AEC014B2DB62AE9D6A60719AA-->  <ISACTIVE><![CDATA[Y]]></ISACTIVE>
<!--1302DF5AEC014B2DB62AE9D6A60719AA-->  <NAME><![CDATA[Execution Date]]></NAME>
<!--1302DF5AEC014B2DB62AE9D6A60719AA-->  <AD_PROCESS_ID><![CDATA[E2A09C3C7EE8431DAD0FBB6818D91DF4]]></AD_PROCESS_ID>
<!--1302DF5AEC014B2DB62AE9D6A60719AA-->  <SEQNO><![CDATA[10]]></SEQNO>
<!--1302DF5AEC014B2DB62AE9D6A60719AA-->  <AD_REFERENCE_ID><![CDATA[15]]></AD_REFERENCE_ID>
<!--1302DF5AEC014B2DB62AE9D6A60719AA-->  <COLUMNNAME><![CDATA[Executiondate]]></COLUMNNAME>
<!--1302DF5AEC014B2DB62AE9D6A60719AA-->  <ISCENTRALLYMAINTAINED><![CDATA[Y]]></ISCENTRALLYMAINTAINED>
<!--1302DF5AEC014B2DB62AE9D6A60719AA-->  <FIELDLENGTH><![CDATA[32]]></FIELDLENGTH>
<!--1302DF5AEC014B2DB62AE9D6A60719AA-->  <ISMANDATORY><![CDATA[N]]></ISMANDATORY>
<!--1302DF5AEC014B2DB62AE9D6A60719AA-->  <ISRANGE><![CDATA[N]]></ISRANGE>
<!--1302DF5AEC014B2DB62AE9D6A60719AA-->  <AD_ELEMENT_ID><![CDATA[351D155A0C174FB4B9B338A7A222F31E]]></AD_ELEMENT_ID>
<!--1302DF5AEC014B2DB62AE9D6A60719AA--></AD_PROCESS_PARA>

<!--27A2B5EB43F4445A8F875294211A04F4--><AD_PROCESS_PARA>
<!--27A2B5EB43F4445A8F875294211A04F4-->  <AD_PROCESS_PARA_ID><![CDATA[27A2B5EB43F4445A8F875294211A04F4]]></AD_PROCESS_PARA_ID>
<!--27A2B5EB43F4445A8F875294211A04F4-->  <AD_CLIENT_ID><![CDATA[0]]></AD_CLIENT_ID>
<!--27A2B5EB43F4445A8F875294211A04F4-->  <AD_ORG_ID><![CDATA[0]]></AD_ORG_ID>
<!--27A2B5EB43F4445A8F875294211A04F4-->  <ISACTIVE><![CDATA[Y]]></ISACTIVE>
<!--27A2B5EB43F4445A8F875294211A04F4-->  <NAME><![CDATA[Client]]></NAME>
<!--27A2B5EB43F4445A8F875294211A04F4-->  <DESCRIPTION><![CDATA[Client for this installation.]]></DESCRIPTION>
<!--27A2B5EB43F4445A8F875294211A04F4-->  <HELP><![CDATA[A Client is a company or a legal entity. You cannot share data between Clients.]]></HELP>
<!--27A2B5EB43F4445A8F875294211A04F4-->  <AD_PROCESS_ID><![CDATA[6327905FF65D4D42A3A667B8ADE5380D]]></AD_PROCESS_ID>
<!--27A2B5EB43F4445A8F875294211A04F4-->  <SEQNO><![CDATA[10]]></SEQNO>
<!--27A2B5EB43F4445A8F875294211A04F4-->  <AD_REFERENCE_ID><![CDATA[19]]></AD_REFERENCE_ID>
<!--27A2B5EB43F4445A8F875294211A04F4-->  <AD_VAL_RULE_ID><![CDATA[116]]></AD_VAL_RULE_ID>
<!--27A2B5EB43F4445A8F875294211A04F4-->  <COLUMNNAME><![CDATA[ad_client_id]]></COLUMNNAME>
<!--27A2B5EB43F4445A8F875294211A04F4-->  <ISCENTRALLYMAINTAINED><![CDATA[Y]]></ISCENTRALLYMAINTAINED>
<!--27A2B5EB43F4445A8F875294211A04F4-->  <FIELDLENGTH><![CDATA[32]]></FIELDLENGTH>
<!--27A2B5EB43F4445A8F875294211A04F4-->  <ISMANDATORY><![CDATA[Y]]></ISMANDATORY>
<!--27A2B5EB43F4445A8F875294211A04F4-->  <ISRANGE><![CDATA[N]]></ISRANGE>
<!--27A2B5EB43F4445A8F875294211A04F4-->  <AD_ELEMENT_ID><![CDATA[102]]></AD_ELEMENT_ID>
<!--27A2B5EB43F4445A8F875294211A04F4--></AD_PROCESS_PARA>

<!--2D689F8FBFC040A7934E553A815326DD--><AD_PROCESS_PARA>
<!--2D689F8FBFC040A7934E553A815326DD-->  <AD_PROCESS_PARA_ID><![CDATA[2D689F8FBFC040A7934E553A815326DD]]></AD_PROCESS_PARA_ID>
<!--2D689F8FBFC040A7934E553A815326DD-->  <AD_CLIENT_ID><![CDATA[0]]></AD_CLIENT_ID>
<!--2D689F8FBFC040A7934E553A815326DD-->  <AD_ORG_ID><![CDATA[0]]></AD_ORG_ID>
<!--2D689F8FBFC040A7934E553A815326DD-->  <ISACTIVE><![CDATA[Y]]></ISACTIVE>
<!--2D689F8FBFC040A7934E553A815326DD-->  <NAME><![CDATA[Client]]></NAME>
<!--2D689F8FBFC040A7934E553A815326DD-->  <DESCRIPTION><![CDATA[Client for this installation.]]></DESCRIPTION>
<!--2D689F8FBFC040A7934E553A815326DD-->  <HELP><![CDATA[A Client is a company or a legal entity. You cannot share data between Clients.]]></HELP>
<!--2D689F8FBFC040A7934E553A815326DD-->  <AD_PROCESS_ID><![CDATA[2CFFB51D2FB04D85B18AAD4C1741FED3]]></AD_PROCESS_ID>
<!--2D689F8FBFC040A7934E553A815326DD-->  <SEQNO><![CDATA[10]]></SEQNO>
<!--2D689F8FBFC040A7934E553A815326DD-->  <AD_REFERENCE_ID><![CDATA[19]]></AD_REFERENCE_ID>
<!--2D689F8FBFC040A7934E553A815326DD-->  <AD_VAL_RULE_ID><![CDATA[116]]></AD_VAL_RULE_ID>
<!--2D689F8FBFC040A7934E553A815326DD-->  <COLUMNNAME><![CDATA[ad_client_id]]></COLUMNNAME>
<!--2D689F8FBFC040A7934E553A815326DD-->  <ISCENTRALLYMAINTAINED><![CDATA[Y]]></ISCENTRALLYMAINTAINED>
<!--2D689F8FBFC040A7934E553A815326DD-->  <FIELDLENGTH><![CDATA[32]]></FIELDLENGTH>
<!--2D689F8FBFC040A7934E553A815326DD-->  <ISMANDATORY><![CDATA[Y]]></ISMANDATORY>
<!--2D689F8FBFC040A7934E553A815326DD-->  <ISRANGE><![CDATA[N]]></ISRANGE>
<!--2D689F8FBFC040A7934E553A815326DD-->  <AD_ELEMENT_ID><![CDATA[102]]></AD_ELEMENT_ID>
<!--2D689F8FBFC040A7934E553A815326DD--></AD_PROCESS_PARA>

<!--308ED6862CA8495FBFE249DB87DDA506--><AD_PROCESS_PARA>
<!--308ED6862CA8495FBFE249DB87DDA506-->  <AD_PROCESS_PARA_ID><![CDATA[308ED6862CA8495FBFE249DB87DDA506]]></AD_PROCESS_PARA_ID>
<!--308ED6862CA8495FBFE249DB87DDA506-->  <AD_CLIENT_ID><![CDATA[0]]></AD_CLIENT_ID>
<!--308ED6862CA8495FBFE249DB87DDA506-->  <AD_ORG_ID><![CDATA[0]]></AD_ORG_ID>
<!--308ED6862CA8495FBFE249DB87DDA506-->  <ISACTIVE><![CDATA[Y]]></ISACTIVE>
<!--308ED6862CA8495FBFE249DB87DDA506-->  <NAME><![CDATA[Proposal name]]></NAME>
<!--308ED6862CA8495FBFE249DB87DDA506-->  <DESCRIPTION><![CDATA[Proposal name]]></DESCRIPTION>
<!--308ED6862CA8495FBFE249DB87DDA506-->  <HELP><![CDATA[proposal name]]></HELP>
<!--308ED6862CA8495FBFE249DB87DDA506-->  <AD_PROCESS_ID><![CDATA[7D1FD4B0FCBB4CC698DD502C8BB4DC4F]]></AD_PROCESS_ID>
<!--308ED6862CA8495FBFE249DB87DDA506-->  <SEQNO><![CDATA[10]]></SEQNO>
<!--308ED6862CA8495FBFE249DB87DDA506-->  <AD_REFERENCE_ID><![CDATA[19]]></AD_REFERENCE_ID>
<!--308ED6862CA8495FBFE249DB87DDA506-->  <COLUMNNAME><![CDATA[hris_employee_candidate_id]]></COLUMNNAME>
<!--308ED6862CA8495FBFE249DB87DDA506-->  <ISCENTRALLYMAINTAINED><![CDATA[Y]]></ISCENTRALLYMAINTAINED>
<!--308ED6862CA8495FBFE249DB87DDA506-->  <FIELDLENGTH><![CDATA[60]]></FIELDLENGTH>
<!--308ED6862CA8495FBFE249DB87DDA506-->  <ISMANDATORY><![CDATA[Y]]></ISMANDATORY>
<!--308ED6862CA8495FBFE249DB87DDA506-->  <ISRANGE><![CDATA[N]]></ISRANGE>
<!--308ED6862CA8495FBFE249DB87DDA506-->  <AD_ELEMENT_ID><![CDATA[9E54FFFF10604285B89012C47503919C]]></AD_ELEMENT_ID>
<!--308ED6862CA8495FBFE249DB87DDA506--></AD_PROCESS_PARA>

<!--628BD4B5784C49AA8F9B456FECB28239--><AD_PROCESS_PARA>
<!--628BD4B5784C49AA8F9B456FECB28239-->  <AD_PROCESS_PARA_ID><![CDATA[628BD4B5784C49AA8F9B456FECB28239]]></AD_PROCESS_PARA_ID>
<!--628BD4B5784C49AA8F9B456FECB28239-->  <AD_CLIENT_ID><![CDATA[0]]></AD_CLIENT_ID>
<!--628BD4B5784C49AA8F9B456FECB28239-->  <AD_ORG_ID><![CDATA[0]]></AD_ORG_ID>
<!--628BD4B5784C49AA8F9B456FECB28239-->  <ISACTIVE><![CDATA[Y]]></ISACTIVE>
<!--628BD4B5784C49AA8F9B456FECB28239-->  <NAME><![CDATA[Year]]></NAME>
<!--628BD4B5784C49AA8F9B456FECB28239-->  <DESCRIPTION><![CDATA[Calendar Year]]></DESCRIPTION>
<!--628BD4B5784C49AA8F9B456FECB28239-->  <HELP><![CDATA[The Year uniquely identifies an accounting year for a calendar.]]></HELP>
<!--628BD4B5784C49AA8F9B456FECB28239-->  <AD_PROCESS_ID><![CDATA[4CD83C2A2470454DA1762133E0744572]]></AD_PROCESS_ID>
<!--628BD4B5784C49AA8F9B456FECB28239-->  <SEQNO><![CDATA[5]]></SEQNO>
<!--628BD4B5784C49AA8F9B456FECB28239-->  <AD_REFERENCE_ID><![CDATA[19]]></AD_REFERENCE_ID>
<!--628BD4B5784C49AA8F9B456FECB28239-->  <COLUMNNAME><![CDATA[C_Year_Id]]></COLUMNNAME>
<!--628BD4B5784C49AA8F9B456FECB28239-->  <ISCENTRALLYMAINTAINED><![CDATA[Y]]></ISCENTRALLYMAINTAINED>
<!--628BD4B5784C49AA8F9B456FECB28239-->  <FIELDLENGTH><![CDATA[0]]></FIELDLENGTH>
<!--628BD4B5784C49AA8F9B456FECB28239-->  <ISMANDATORY><![CDATA[N]]></ISMANDATORY>
<!--628BD4B5784C49AA8F9B456FECB28239-->  <ISRANGE><![CDATA[N]]></ISRANGE>
<!--628BD4B5784C49AA8F9B456FECB28239-->  <AD_ELEMENT_ID><![CDATA[223]]></AD_ELEMENT_ID>
<!--628BD4B5784C49AA8F9B456FECB28239--></AD_PROCESS_PARA>

<!--6C99EABE095849409D5E8CA627A24BC9--><AD_PROCESS_PARA>
<!--6C99EABE095849409D5E8CA627A24BC9-->  <AD_PROCESS_PARA_ID><![CDATA[6C99EABE095849409D5E8CA627A24BC9]]></AD_PROCESS_PARA_ID>
<!--6C99EABE095849409D5E8CA627A24BC9-->  <AD_CLIENT_ID><![CDATA[0]]></AD_CLIENT_ID>
<!--6C99EABE095849409D5E8CA627A24BC9-->  <AD_ORG_ID><![CDATA[0]]></AD_ORG_ID>
<!--6C99EABE095849409D5E8CA627A24BC9-->  <ISACTIVE><![CDATA[Y]]></ISACTIVE>
<!--6C99EABE095849409D5E8CA627A24BC9-->  <NAME><![CDATA[Year]]></NAME>
<!--6C99EABE095849409D5E8CA627A24BC9-->  <DESCRIPTION><![CDATA[Calendar Year]]></DESCRIPTION>
<!--6C99EABE095849409D5E8CA627A24BC9-->  <HELP><![CDATA[The Year uniquely identifies an accounting year for a calendar.]]></HELP>
<!--6C99EABE095849409D5E8CA627A24BC9-->  <AD_PROCESS_ID><![CDATA[34C1DF029D234BA29FC8DBCBC4AC4B28]]></AD_PROCESS_ID>
<!--6C99EABE095849409D5E8CA627A24BC9-->  <SEQNO><![CDATA[10]]></SEQNO>
<!--6C99EABE095849409D5E8CA627A24BC9-->  <AD_REFERENCE_ID><![CDATA[19]]></AD_REFERENCE_ID>
<!--6C99EABE095849409D5E8CA627A24BC9-->  <COLUMNNAME><![CDATA[C_Year_Id]]></COLUMNNAME>
<!--6C99EABE095849409D5E8CA627A24BC9-->  <ISCENTRALLYMAINTAINED><![CDATA[Y]]></ISCENTRALLYMAINTAINED>
<!--6C99EABE095849409D5E8CA627A24BC9-->  <FIELDLENGTH><![CDATA[0]]></FIELDLENGTH>
<!--6C99EABE095849409D5E8CA627A24BC9-->  <ISMANDATORY><![CDATA[N]]></ISMANDATORY>
<!--6C99EABE095849409D5E8CA627A24BC9-->  <ISRANGE><![CDATA[N]]></ISRANGE>
<!--6C99EABE095849409D5E8CA627A24BC9-->  <AD_ELEMENT_ID><![CDATA[223]]></AD_ELEMENT_ID>
<!--6C99EABE095849409D5E8CA627A24BC9--></AD_PROCESS_PARA>

<!--6D45DFCFC88B4C97B8B80B07C73D792B--><AD_PROCESS_PARA>
<!--6D45DFCFC88B4C97B8B80B07C73D792B-->  <AD_PROCESS_PARA_ID><![CDATA[6D45DFCFC88B4C97B8B80B07C73D792B]]></AD_PROCESS_PARA_ID>
<!--6D45DFCFC88B4C97B8B80B07C73D792B-->  <AD_CLIENT_ID><![CDATA[0]]></AD_CLIENT_ID>
<!--6D45DFCFC88B4C97B8B80B07C73D792B-->  <AD_ORG_ID><![CDATA[0]]></AD_ORG_ID>
<!--6D45DFCFC88B4C97B8B80B07C73D792B-->  <ISACTIVE><![CDATA[Y]]></ISACTIVE>
<!--6D45DFCFC88B4C97B8B80B07C73D792B-->  <NAME><![CDATA[Job Title]]></NAME>
<!--6D45DFCFC88B4C97B8B80B07C73D792B-->  <AD_PROCESS_ID><![CDATA[6327905FF65D4D42A3A667B8ADE5380D]]></AD_PROCESS_ID>
<!--6D45DFCFC88B4C97B8B80B07C73D792B-->  <SEQNO><![CDATA[30]]></SEQNO>
<!--6D45DFCFC88B4C97B8B80B07C73D792B-->  <AD_REFERENCE_ID><![CDATA[19]]></AD_REFERENCE_ID>
<!--6D45DFCFC88B4C97B8B80B07C73D792B-->  <COLUMNNAME><![CDATA[hris_jobtitle_id]]></COLUMNNAME>
<!--6D45DFCFC88B4C97B8B80B07C73D792B-->  <ISCENTRALLYMAINTAINED><![CDATA[Y]]></ISCENTRALLYMAINTAINED>
<!--6D45DFCFC88B4C97B8B80B07C73D792B-->  <FIELDLENGTH><![CDATA[32]]></FIELDLENGTH>
<!--6D45DFCFC88B4C97B8B80B07C73D792B-->  <ISMANDATORY><![CDATA[Y]]></ISMANDATORY>
<!--6D45DFCFC88B4C97B8B80B07C73D792B-->  <ISRANGE><![CDATA[N]]></ISRANGE>
<!--6D45DFCFC88B4C97B8B80B07C73D792B-->  <AD_ELEMENT_ID><![CDATA[43C598B9B50D445E995AFB4D8CCA1F0D]]></AD_ELEMENT_ID>
<!--6D45DFCFC88B4C97B8B80B07C73D792B--></AD_PROCESS_PARA>

<!--903E97F896744B1D95DF82293A1068FD--><AD_PROCESS_PARA>
<!--903E97F896744B1D95DF82293A1068FD-->  <AD_PROCESS_PARA_ID><![CDATA[903E97F896744B1D95DF82293A1068FD]]></AD_PROCESS_PARA_ID>
<!--903E97F896744B1D95DF82293A1068FD-->  <AD_CLIENT_ID><![CDATA[0]]></AD_CLIENT_ID>
<!--903E97F896744B1D95DF82293A1068FD-->  <AD_ORG_ID><![CDATA[0]]></AD_ORG_ID>
<!--903E97F896744B1D95DF82293A1068FD-->  <ISACTIVE><![CDATA[Y]]></ISACTIVE>
<!--903E97F896744B1D95DF82293A1068FD-->  <NAME><![CDATA[Period]]></NAME>
<!--903E97F896744B1D95DF82293A1068FD-->  <DESCRIPTION><![CDATA[A specified time period.]]></DESCRIPTION>
<!--903E97F896744B1D95DF82293A1068FD-->  <HELP><![CDATA[The Period indicates an exclusive range of dates for a calendar.]]></HELP>
<!--903E97F896744B1D95DF82293A1068FD-->  <AD_PROCESS_ID><![CDATA[4CD83C2A2470454DA1762133E0744572]]></AD_PROCESS_ID>
<!--903E97F896744B1D95DF82293A1068FD-->  <SEQNO><![CDATA[10]]></SEQNO>
<!--903E97F896744B1D95DF82293A1068FD-->  <AD_REFERENCE_ID><![CDATA[18]]></AD_REFERENCE_ID>
<!--903E97F896744B1D95DF82293A1068FD-->  <AD_REFERENCE_VALUE_ID><![CDATA[275]]></AD_REFERENCE_VALUE_ID>
<!--903E97F896744B1D95DF82293A1068FD-->  <AD_VAL_RULE_ID><![CDATA[C3AB162BAFED423CB8D5107902FD621B]]></AD_VAL_RULE_ID>
<!--903E97F896744B1D95DF82293A1068FD-->  <COLUMNNAME><![CDATA[C_Period_Id]]></COLUMNNAME>
<!--903E97F896744B1D95DF82293A1068FD-->  <ISCENTRALLYMAINTAINED><![CDATA[Y]]></ISCENTRALLYMAINTAINED>
<!--903E97F896744B1D95DF82293A1068FD-->  <FIELDLENGTH><![CDATA[0]]></FIELDLENGTH>
<!--903E97F896744B1D95DF82293A1068FD-->  <ISMANDATORY><![CDATA[N]]></ISMANDATORY>
<!--903E97F896744B1D95DF82293A1068FD-->  <ISRANGE><![CDATA[N]]></ISRANGE>
<!--903E97F896744B1D95DF82293A1068FD-->  <AD_ELEMENT_ID><![CDATA[206]]></AD_ELEMENT_ID>
<!--903E97F896744B1D95DF82293A1068FD--></AD_PROCESS_PARA>

<!--9057A7F8854F4E37A00634949A74C8FF--><AD_PROCESS_PARA>
<!--9057A7F8854F4E37A00634949A74C8FF-->  <AD_PROCESS_PARA_ID><![CDATA[9057A7F8854F4E37A00634949A74C8FF]]></AD_PROCESS_PARA_ID>
<!--9057A7F8854F4E37A00634949A74C8FF-->  <AD_CLIENT_ID><![CDATA[0]]></AD_CLIENT_ID>
<!--9057A7F8854F4E37A00634949A74C8FF-->  <AD_ORG_ID><![CDATA[0]]></AD_ORG_ID>
<!--9057A7F8854F4E37A00634949A74C8FF-->  <ISACTIVE><![CDATA[Y]]></ISACTIVE>
<!--9057A7F8854F4E37A00634949A74C8FF-->  <NAME><![CDATA[Business Partner]]></NAME>
<!--9057A7F8854F4E37A00634949A74C8FF-->  <DESCRIPTION><![CDATA[Anyone who takes part in daily business operations by acting as a customer, employee, etc.]]></DESCRIPTION>
<!--9057A7F8854F4E37A00634949A74C8FF-->  <HELP><![CDATA[A Business Partner is anyone with whom you transact.  This can include a customer, vendor, employee or any combination of these.]]></HELP>
<!--9057A7F8854F4E37A00634949A74C8FF-->  <AD_PROCESS_ID><![CDATA[6327905FF65D4D42A3A667B8ADE5380D]]></AD_PROCESS_ID>
<!--9057A7F8854F4E37A00634949A74C8FF-->  <SEQNO><![CDATA[20]]></SEQNO>
<!--9057A7F8854F4E37A00634949A74C8FF-->  <AD_REFERENCE_ID><![CDATA[30]]></AD_REFERENCE_ID>
<!--9057A7F8854F4E37A00634949A74C8FF-->  <AD_REFERENCE_VALUE_ID><![CDATA[800057]]></AD_REFERENCE_VALUE_ID>
<!--9057A7F8854F4E37A00634949A74C8FF-->  <COLUMNNAME><![CDATA[c_bpartner_id]]></COLUMNNAME>
<!--9057A7F8854F4E37A00634949A74C8FF-->  <ISCENTRALLYMAINTAINED><![CDATA[Y]]></ISCENTRALLYMAINTAINED>
<!--9057A7F8854F4E37A00634949A74C8FF-->  <FIELDLENGTH><![CDATA[32]]></FIELDLENGTH>
<!--9057A7F8854F4E37A00634949A74C8FF-->  <ISMANDATORY><![CDATA[Y]]></ISMANDATORY>
<!--9057A7F8854F4E37A00634949A74C8FF-->  <ISRANGE><![CDATA[N]]></ISRANGE>
<!--9057A7F8854F4E37A00634949A74C8FF-->  <AD_ELEMENT_ID><![CDATA[187]]></AD_ELEMENT_ID>
<!--9057A7F8854F4E37A00634949A74C8FF--></AD_PROCESS_PARA>

<!--B78B718ADE05409A8F5AE556FFFA10A0--><AD_PROCESS_PARA>
<!--B78B718ADE05409A8F5AE556FFFA10A0-->  <AD_PROCESS_PARA_ID><![CDATA[B78B718ADE05409A8F5AE556FFFA10A0]]></AD_PROCESS_PARA_ID>
<!--B78B718ADE05409A8F5AE556FFFA10A0-->  <AD_CLIENT_ID><![CDATA[0]]></AD_CLIENT_ID>
<!--B78B718ADE05409A8F5AE556FFFA10A0-->  <AD_ORG_ID><![CDATA[0]]></AD_ORG_ID>
<!--B78B718ADE05409A8F5AE556FFFA10A0-->  <ISACTIVE><![CDATA[Y]]></ISACTIVE>
<!--B78B718ADE05409A8F5AE556FFFA10A0-->  <NAME><![CDATA[Output type]]></NAME>
<!--B78B718ADE05409A8F5AE556FFFA10A0-->  <HELP><![CDATA[Defines the output format type from the available list.]]></HELP>
<!--B78B718ADE05409A8F5AE556FFFA10A0-->  <AD_PROCESS_ID><![CDATA[6327905FF65D4D42A3A667B8ADE5380D]]></AD_PROCESS_ID>
<!--B78B718ADE05409A8F5AE556FFFA10A0-->  <SEQNO><![CDATA[40]]></SEQNO>
<!--B78B718ADE05409A8F5AE556FFFA10A0-->  <AD_REFERENCE_ID><![CDATA[17]]></AD_REFERENCE_ID>
<!--B78B718ADE05409A8F5AE556FFFA10A0-->  <AD_REFERENCE_VALUE_ID><![CDATA[800104]]></AD_REFERENCE_VALUE_ID>
<!--B78B718ADE05409A8F5AE556FFFA10A0-->  <AD_VAL_RULE_ID><![CDATA[95588BA11F5640B79FCA52E570B597F5]]></AD_VAL_RULE_ID>
<!--B78B718ADE05409A8F5AE556FFFA10A0-->  <COLUMNNAME><![CDATA[outputType]]></COLUMNNAME>
<!--B78B718ADE05409A8F5AE556FFFA10A0-->  <ISCENTRALLYMAINTAINED><![CDATA[Y]]></ISCENTRALLYMAINTAINED>
<!--B78B718ADE05409A8F5AE556FFFA10A0-->  <FIELDLENGTH><![CDATA[32]]></FIELDLENGTH>
<!--B78B718ADE05409A8F5AE556FFFA10A0-->  <ISMANDATORY><![CDATA[Y]]></ISMANDATORY>
<!--B78B718ADE05409A8F5AE556FFFA10A0-->  <ISRANGE><![CDATA[N]]></ISRANGE>
<!--B78B718ADE05409A8F5AE556FFFA10A0-->  <DEFAULTVALUE><![CDATA[pdf]]></DEFAULTVALUE>
<!--B78B718ADE05409A8F5AE556FFFA10A0-->  <AD_ELEMENT_ID><![CDATA[800812]]></AD_ELEMENT_ID>
<!--B78B718ADE05409A8F5AE556FFFA10A0--></AD_PROCESS_PARA>

<!--CED9A30D86F64EAE9D2B94F33388CB47--><AD_PROCESS_PARA>
<!--CED9A30D86F64EAE9D2B94F33388CB47-->  <AD_PROCESS_PARA_ID><![CDATA[CED9A30D86F64EAE9D2B94F33388CB47]]></AD_PROCESS_PARA_ID>
<!--CED9A30D86F64EAE9D2B94F33388CB47-->  <AD_CLIENT_ID><![CDATA[0]]></AD_CLIENT_ID>
<!--CED9A30D86F64EAE9D2B94F33388CB47-->  <AD_ORG_ID><![CDATA[0]]></AD_ORG_ID>
<!--CED9A30D86F64EAE9D2B94F33388CB47-->  <ISACTIVE><![CDATA[Y]]></ISACTIVE>
<!--CED9A30D86F64EAE9D2B94F33388CB47-->  <NAME><![CDATA[Output type]]></NAME>
<!--CED9A30D86F64EAE9D2B94F33388CB47-->  <HELP><![CDATA[Defines the output format type from the available list.]]></HELP>
<!--CED9A30D86F64EAE9D2B94F33388CB47-->  <AD_PROCESS_ID><![CDATA[29954ADED42947329B05E01379B0C8A2]]></AD_PROCESS_ID>
<!--CED9A30D86F64EAE9D2B94F33388CB47-->  <SEQNO><![CDATA[20]]></SEQNO>
<!--CED9A30D86F64EAE9D2B94F33388CB47-->  <AD_REFERENCE_ID><![CDATA[17]]></AD_REFERENCE_ID>
<!--CED9A30D86F64EAE9D2B94F33388CB47-->  <AD_REFERENCE_VALUE_ID><![CDATA[800104]]></AD_REFERENCE_VALUE_ID>
<!--CED9A30D86F64EAE9D2B94F33388CB47-->  <AD_VAL_RULE_ID><![CDATA[95588BA11F5640B79FCA52E570B597F5]]></AD_VAL_RULE_ID>
<!--CED9A30D86F64EAE9D2B94F33388CB47-->  <COLUMNNAME><![CDATA[outputType]]></COLUMNNAME>
<!--CED9A30D86F64EAE9D2B94F33388CB47-->  <ISCENTRALLYMAINTAINED><![CDATA[Y]]></ISCENTRALLYMAINTAINED>
<!--CED9A30D86F64EAE9D2B94F33388CB47-->  <FIELDLENGTH><![CDATA[32]]></FIELDLENGTH>
<!--CED9A30D86F64EAE9D2B94F33388CB47-->  <ISMANDATORY><![CDATA[Y]]></ISMANDATORY>
<!--CED9A30D86F64EAE9D2B94F33388CB47-->  <ISRANGE><![CDATA[N]]></ISRANGE>
<!--CED9A30D86F64EAE9D2B94F33388CB47-->  <DEFAULTVALUE><![CDATA[pdf]]></DEFAULTVALUE>
<!--CED9A30D86F64EAE9D2B94F33388CB47-->  <AD_ELEMENT_ID><![CDATA[800812]]></AD_ELEMENT_ID>
<!--CED9A30D86F64EAE9D2B94F33388CB47--></AD_PROCESS_PARA>

<!--D970C25A3E3543BCAB7DC95755978A54--><AD_PROCESS_PARA>
<!--D970C25A3E3543BCAB7DC95755978A54-->  <AD_PROCESS_PARA_ID><![CDATA[D970C25A3E3543BCAB7DC95755978A54]]></AD_PROCESS_PARA_ID>
<!--D970C25A3E3543BCAB7DC95755978A54-->  <AD_CLIENT_ID><![CDATA[0]]></AD_CLIENT_ID>
<!--D970C25A3E3543BCAB7DC95755978A54-->  <AD_ORG_ID><![CDATA[0]]></AD_ORG_ID>
<!--D970C25A3E3543BCAB7DC95755978A54-->  <ISACTIVE><![CDATA[Y]]></ISACTIVE>
<!--D970C25A3E3543BCAB7DC95755978A54-->  <NAME><![CDATA[Client]]></NAME>
<!--D970C25A3E3543BCAB7DC95755978A54-->  <DESCRIPTION><![CDATA[Client for this installation.]]></DESCRIPTION>
<!--D970C25A3E3543BCAB7DC95755978A54-->  <HELP><![CDATA[A Client is a company or a legal entity. You cannot share data between Clients.]]></HELP>
<!--D970C25A3E3543BCAB7DC95755978A54-->  <AD_PROCESS_ID><![CDATA[151AE91995A24463A7861B81CB403F43]]></AD_PROCESS_ID>
<!--D970C25A3E3543BCAB7DC95755978A54-->  <SEQNO><![CDATA[10]]></SEQNO>
<!--D970C25A3E3543BCAB7DC95755978A54-->  <AD_REFERENCE_ID><![CDATA[19]]></AD_REFERENCE_ID>
<!--D970C25A3E3543BCAB7DC95755978A54-->  <AD_VAL_RULE_ID><![CDATA[116]]></AD_VAL_RULE_ID>
<!--D970C25A3E3543BCAB7DC95755978A54-->  <COLUMNNAME><![CDATA[ad_client_id]]></COLUMNNAME>
<!--D970C25A3E3543BCAB7DC95755978A54-->  <ISCENTRALLYMAINTAINED><![CDATA[Y]]></ISCENTRALLYMAINTAINED>
<!--D970C25A3E3543BCAB7DC95755978A54-->  <FIELDLENGTH><![CDATA[32]]></FIELDLENGTH>
<!--D970C25A3E3543BCAB7DC95755978A54-->  <ISMANDATORY><![CDATA[Y]]></ISMANDATORY>
<!--D970C25A3E3543BCAB7DC95755978A54-->  <ISRANGE><![CDATA[N]]></ISRANGE>
<!--D970C25A3E3543BCAB7DC95755978A54-->  <AD_ELEMENT_ID><![CDATA[102]]></AD_ELEMENT_ID>
<!--D970C25A3E3543BCAB7DC95755978A54--></AD_PROCESS_PARA>

<!--E6CC590147794869A4AE29273BB876D4--><AD_PROCESS_PARA>
<!--E6CC590147794869A4AE29273BB876D4-->  <AD_PROCESS_PARA_ID><![CDATA[E6CC590147794869A4AE29273BB876D4]]></AD_PROCESS_PARA_ID>
<!--E6CC590147794869A4AE29273BB876D4-->  <AD_CLIENT_ID><![CDATA[0]]></AD_CLIENT_ID>
<!--E6CC590147794869A4AE29273BB876D4-->  <AD_ORG_ID><![CDATA[0]]></AD_ORG_ID>
<!--E6CC590147794869A4AE29273BB876D4-->  <ISACTIVE><![CDATA[Y]]></ISACTIVE>
<!--E6CC590147794869A4AE29273BB876D4-->  <NAME><![CDATA[Client]]></NAME>
<!--E6CC590147794869A4AE29273BB876D4-->  <DESCRIPTION><![CDATA[Client for this installation.]]></DESCRIPTION>
<!--E6CC590147794869A4AE29273BB876D4-->  <HELP><![CDATA[A Client is a company or a legal entity. You cannot share data between Clients.]]></HELP>
<!--E6CC590147794869A4AE29273BB876D4-->  <AD_PROCESS_ID><![CDATA[29954ADED42947329B05E01379B0C8A2]]></AD_PROCESS_ID>
<!--E6CC590147794869A4AE29273BB876D4-->  <SEQNO><![CDATA[10]]></SEQNO>
<!--E6CC590147794869A4AE29273BB876D4-->  <AD_REFERENCE_ID><![CDATA[19]]></AD_REFERENCE_ID>
<!--E6CC590147794869A4AE29273BB876D4-->  <AD_VAL_RULE_ID><![CDATA[116]]></AD_VAL_RULE_ID>
<!--E6CC590147794869A4AE29273BB876D4-->  <COLUMNNAME><![CDATA[ad_client_id]]></COLUMNNAME>
<!--E6CC590147794869A4AE29273BB876D4-->  <ISCENTRALLYMAINTAINED><![CDATA[Y]]></ISCENTRALLYMAINTAINED>
<!--E6CC590147794869A4AE29273BB876D4-->  <FIELDLENGTH><![CDATA[32]]></FIELDLENGTH>
<!--E6CC590147794869A4AE29273BB876D4-->  <ISMANDATORY><![CDATA[Y]]></ISMANDATORY>
<!--E6CC590147794869A4AE29273BB876D4-->  <ISRANGE><![CDATA[N]]></ISRANGE>
<!--E6CC590147794869A4AE29273BB876D4-->  <AD_ELEMENT_ID><![CDATA[102]]></AD_ELEMENT_ID>
<!--E6CC590147794869A4AE29273BB876D4--></AD_PROCESS_PARA>

<!--E980F325C9114AADBC9C199934EA7890--><AD_PROCESS_PARA>
<!--E980F325C9114AADBC9C199934EA7890-->  <AD_PROCESS_PARA_ID><![CDATA[E980F325C9114AADBC9C199934EA7890]]></AD_PROCESS_PARA_ID>
<!--E980F325C9114AADBC9C199934EA7890-->  <AD_CLIENT_ID><![CDATA[0]]></AD_CLIENT_ID>
<!--E980F325C9114AADBC9C199934EA7890-->  <AD_ORG_ID><![CDATA[0]]></AD_ORG_ID>
<!--E980F325C9114AADBC9C199934EA7890-->  <ISACTIVE><![CDATA[Y]]></ISACTIVE>
<!--E980F325C9114AADBC9C199934EA7890-->  <NAME><![CDATA[Output type]]></NAME>
<!--E980F325C9114AADBC9C199934EA7890-->  <HELP><![CDATA[Defines the output format type from the available list.]]></HELP>
<!--E980F325C9114AADBC9C199934EA7890-->  <AD_PROCESS_ID><![CDATA[2CFFB51D2FB04D85B18AAD4C1741FED3]]></AD_PROCESS_ID>
<!--E980F325C9114AADBC9C199934EA7890-->  <SEQNO><![CDATA[20]]></SEQNO>
<!--E980F325C9114AADBC9C199934EA7890-->  <AD_REFERENCE_ID><![CDATA[17]]></AD_REFERENCE_ID>
<!--E980F325C9114AADBC9C199934EA7890-->  <AD_REFERENCE_VALUE_ID><![CDATA[800104]]></AD_REFERENCE_VALUE_ID>
<!--E980F325C9114AADBC9C199934EA7890-->  <AD_VAL_RULE_ID><![CDATA[95588BA11F5640B79FCA52E570B597F5]]></AD_VAL_RULE_ID>
<!--E980F325C9114AADBC9C199934EA7890-->  <COLUMNNAME><![CDATA[outputType]]></COLUMNNAME>
<!--E980F325C9114AADBC9C199934EA7890-->  <ISCENTRALLYMAINTAINED><![CDATA[Y]]></ISCENTRALLYMAINTAINED>
<!--E980F325C9114AADBC9C199934EA7890-->  <FIELDLENGTH><![CDATA[32]]></FIELDLENGTH>
<!--E980F325C9114AADBC9C199934EA7890-->  <ISMANDATORY><![CDATA[Y]]></ISMANDATORY>
<!--E980F325C9114AADBC9C199934EA7890-->  <ISRANGE><![CDATA[N]]></ISRANGE>
<!--E980F325C9114AADBC9C199934EA7890-->  <DEFAULTVALUE><![CDATA[pdf]]></DEFAULTVALUE>
<!--E980F325C9114AADBC9C199934EA7890-->  <AD_ELEMENT_ID><![CDATA[800812]]></AD_ELEMENT_ID>
<!--E980F325C9114AADBC9C199934EA7890--></AD_PROCESS_PARA>

<!--EA590E97B6DC4F84AE14B2CA50C75885--><AD_PROCESS_PARA>
<!--EA590E97B6DC4F84AE14B2CA50C75885-->  <AD_PROCESS_PARA_ID><![CDATA[EA590E97B6DC4F84AE14B2CA50C75885]]></AD_PROCESS_PARA_ID>
<!--EA590E97B6DC4F84AE14B2CA50C75885-->  <AD_CLIENT_ID><![CDATA[0]]></AD_CLIENT_ID>
<!--EA590E97B6DC4F84AE14B2CA50C75885-->  <AD_ORG_ID><![CDATA[0]]></AD_ORG_ID>
<!--EA590E97B6DC4F84AE14B2CA50C75885-->  <ISACTIVE><![CDATA[Y]]></ISACTIVE>
<!--EA590E97B6DC4F84AE14B2CA50C75885-->  <NAME><![CDATA[Period]]></NAME>
<!--EA590E97B6DC4F84AE14B2CA50C75885-->  <DESCRIPTION><![CDATA[A specified time period.]]></DESCRIPTION>
<!--EA590E97B6DC4F84AE14B2CA50C75885-->  <HELP><![CDATA[The Period indicates an exclusive range of dates for a calendar.]]></HELP>
<!--EA590E97B6DC4F84AE14B2CA50C75885-->  <AD_PROCESS_ID><![CDATA[34C1DF029D234BA29FC8DBCBC4AC4B28]]></AD_PROCESS_ID>
<!--EA590E97B6DC4F84AE14B2CA50C75885-->  <SEQNO><![CDATA[20]]></SEQNO>
<!--EA590E97B6DC4F84AE14B2CA50C75885-->  <AD_REFERENCE_ID><![CDATA[18]]></AD_REFERENCE_ID>
<!--EA590E97B6DC4F84AE14B2CA50C75885-->  <AD_REFERENCE_VALUE_ID><![CDATA[275]]></AD_REFERENCE_VALUE_ID>
<!--EA590E97B6DC4F84AE14B2CA50C75885-->  <AD_VAL_RULE_ID><![CDATA[C3AB162BAFED423CB8D5107902FD621B]]></AD_VAL_RULE_ID>
<!--EA590E97B6DC4F84AE14B2CA50C75885-->  <COLUMNNAME><![CDATA[C_Period_Id]]></COLUMNNAME>
<!--EA590E97B6DC4F84AE14B2CA50C75885-->  <ISCENTRALLYMAINTAINED><![CDATA[Y]]></ISCENTRALLYMAINTAINED>
<!--EA590E97B6DC4F84AE14B2CA50C75885-->  <FIELDLENGTH><![CDATA[0]]></FIELDLENGTH>
<!--EA590E97B6DC4F84AE14B2CA50C75885-->  <ISMANDATORY><![CDATA[N]]></ISMANDATORY>
<!--EA590E97B6DC4F84AE14B2CA50C75885-->  <ISRANGE><![CDATA[N]]></ISRANGE>
<!--EA590E97B6DC4F84AE14B2CA50C75885-->  <AD_ELEMENT_ID><![CDATA[206]]></AD_ELEMENT_ID>
<!--EA590E97B6DC4F84AE14B2CA50C75885--></AD_PROCESS_PARA>

<!--EB2501225A6541CFBA8B113A50E39B5A--><AD_PROCESS_PARA>
<!--EB2501225A6541CFBA8B113A50E39B5A-->  <AD_PROCESS_PARA_ID><![CDATA[EB2501225A6541CFBA8B113A50E39B5A]]></AD_PROCESS_PARA_ID>
<!--EB2501225A6541CFBA8B113A50E39B5A-->  <AD_CLIENT_ID><![CDATA[0]]></AD_CLIENT_ID>
<!--EB2501225A6541CFBA8B113A50E39B5A-->  <AD_ORG_ID><![CDATA[0]]></AD_ORG_ID>
<!--EB2501225A6541CFBA8B113A50E39B5A-->  <ISACTIVE><![CDATA[Y]]></ISACTIVE>
<!--EB2501225A6541CFBA8B113A50E39B5A-->  <NAME><![CDATA[Output type]]></NAME>
<!--EB2501225A6541CFBA8B113A50E39B5A-->  <HELP><![CDATA[Defines the output format type from the available list.]]></HELP>
<!--EB2501225A6541CFBA8B113A50E39B5A-->  <AD_PROCESS_ID><![CDATA[151AE91995A24463A7861B81CB403F43]]></AD_PROCESS_ID>
<!--EB2501225A6541CFBA8B113A50E39B5A-->  <SEQNO><![CDATA[20]]></SEQNO>
<!--EB2501225A6541CFBA8B113A50E39B5A-->  <AD_REFERENCE_ID><![CDATA[17]]></AD_REFERENCE_ID>
<!--EB2501225A6541CFBA8B113A50E39B5A-->  <AD_REFERENCE_VALUE_ID><![CDATA[800104]]></AD_REFERENCE_VALUE_ID>
<!--EB2501225A6541CFBA8B113A50E39B5A-->  <AD_VAL_RULE_ID><![CDATA[95588BA11F5640B79FCA52E570B597F5]]></AD_VAL_RULE_ID>
<!--EB2501225A6541CFBA8B113A50E39B5A-->  <COLUMNNAME><![CDATA[outputType]]></COLUMNNAME>
<!--EB2501225A6541CFBA8B113A50E39B5A-->  <ISCENTRALLYMAINTAINED><![CDATA[Y]]></ISCENTRALLYMAINTAINED>
<!--EB2501225A6541CFBA8B113A50E39B5A-->  <FIELDLENGTH><![CDATA[32]]></FIELDLENGTH>
<!--EB2501225A6541CFBA8B113A50E39B5A-->  <ISMANDATORY><![CDATA[Y]]></ISMANDATORY>
<!--EB2501225A6541CFBA8B113A50E39B5A-->  <ISRANGE><![CDATA[N]]></ISRANGE>
<!--EB2501225A6541CFBA8B113A50E39B5A-->  <DEFAULTVALUE><![CDATA[pdf]]></DEFAULTVALUE>
<!--EB2501225A6541CFBA8B113A50E39B5A-->  <AD_ELEMENT_ID><![CDATA[800812]]></AD_ELEMENT_ID>
<!--EB2501225A6541CFBA8B113A50E39B5A--></AD_PROCESS_PARA>

</data>
