<?xml version="1.0" encoding="UTF-8"?>
<data>
<!--0872E92BB96D461FAC04B5089A685138--><AD_PREFERENCE>
<!--0872E92BB96D461FAC04B5089A685138-->  <AD_PREFERENCE_ID><![CDATA[0872E92BB96D461FAC04B5089A685138]]></AD_PREFERENCE_ID>
<!--0872E92BB96D461FAC04B5089A685138-->  <AD_CLIENT_ID><![CDATA[0]]></AD_CLIENT_ID>
<!--0872E92BB96D461FAC04B5089A685138-->  <AD_ORG_ID><![CDATA[0]]></AD_ORG_ID>
<!--0872E92BB96D461FAC04B5089A685138-->  <ISACTIVE><![CDATA[Y]]></ISACTIVE>
<!--0872E92BB96D461FAC04B5089A685138-->  <AD_WINDOW_ID><![CDATA[0BAD3ACFA6554BF9BADD6F964B57BC56]]></AD_WINDOW_ID>
<!--0872E92BB96D461FAC04B5089A685138-->  <ATTRIBUTE><![CDATA[ForcedLinkWindowC_BPartner]]></ATTRIBUTE>
<!--0872E92BB96D461FAC04B5089A685138-->  <VALUE><![CDATA[F6C2A66D5D7D42EAA324E2105C24BCEC]]></VALUE>
<!--0872E92BB96D461FAC04B5089A685138-->  <ISPROPERTYLIST><![CDATA[N]]></ISPROPERTYLIST>
<!--0872E92BB96D461FAC04B5089A685138-->  <AD_MODULE_ID><![CDATA[D5FD35D6C7604921BA951B7E0EEE5DC2]]></AD_MODULE_ID>
<!--0872E92BB96D461FAC04B5089A685138--></AD_PREFERENCE>

<!--1612D579619F4CA2A3C13ED2874CFAA1--><AD_PREFERENCE>
<!--1612D579619F4CA2A3C13ED2874CFAA1-->  <AD_PREFERENCE_ID><![CDATA[1612D579619F4CA2A3C13ED2874CFAA1]]></AD_PREFERENCE_ID>
<!--1612D579619F4CA2A3C13ED2874CFAA1-->  <AD_CLIENT_ID><![CDATA[0]]></AD_CLIENT_ID>
<!--1612D579619F4CA2A3C13ED2874CFAA1-->  <AD_ORG_ID><![CDATA[0]]></AD_ORG_ID>
<!--1612D579619F4CA2A3C13ED2874CFAA1-->  <ISACTIVE><![CDATA[Y]]></ISACTIVE>
<!--1612D579619F4CA2A3C13ED2874CFAA1-->  <AD_WINDOW_ID><![CDATA[7AD8365CD77B48BCA2D641E35E294ED5]]></AD_WINDOW_ID>
<!--1612D579619F4CA2A3C13ED2874CFAA1-->  <ATTRIBUTE><![CDATA[ForcedLinkWindowC_BPartner]]></ATTRIBUTE>
<!--1612D579619F4CA2A3C13ED2874CFAA1-->  <VALUE><![CDATA[F6C2A66D5D7D42EAA324E2105C24BCEC]]></VALUE>
<!--1612D579619F4CA2A3C13ED2874CFAA1-->  <ISPROPERTYLIST><![CDATA[N]]></ISPROPERTYLIST>
<!--1612D579619F4CA2A3C13ED2874CFAA1-->  <AD_MODULE_ID><![CDATA[D5FD35D6C7604921BA951B7E0EEE5DC2]]></AD_MODULE_ID>
<!--1612D579619F4CA2A3C13ED2874CFAA1--></AD_PREFERENCE>

<!--16D2F787FD3B4CC5ADA41B2A38AEE8E0--><AD_PREFERENCE>
<!--16D2F787FD3B4CC5ADA41B2A38AEE8E0-->  <AD_PREFERENCE_ID><![CDATA[16D2F787FD3B4CC5ADA41B2A38AEE8E0]]></AD_PREFERENCE_ID>
<!--16D2F787FD3B4CC5ADA41B2A38AEE8E0-->  <AD_CLIENT_ID><![CDATA[0]]></AD_CLIENT_ID>
<!--16D2F787FD3B4CC5ADA41B2A38AEE8E0-->  <AD_ORG_ID><![CDATA[0]]></AD_ORG_ID>
<!--16D2F787FD3B4CC5ADA41B2A38AEE8E0-->  <ISACTIVE><![CDATA[Y]]></ISACTIVE>
<!--16D2F787FD3B4CC5ADA41B2A38AEE8E0-->  <AD_WINDOW_ID><![CDATA[4E41DB4F32424F45B9C6A3767BB07F07]]></AD_WINDOW_ID>
<!--16D2F787FD3B4CC5ADA41B2A38AEE8E0-->  <ATTRIBUTE><![CDATA[ForcedLinkWindowC_BPartner]]></ATTRIBUTE>
<!--16D2F787FD3B4CC5ADA41B2A38AEE8E0-->  <VALUE><![CDATA[86C8B5CFAF5B46ADB7AA4B23BD9ED17D]]></VALUE>
<!--16D2F787FD3B4CC5ADA41B2A38AEE8E0-->  <ISPROPERTYLIST><![CDATA[N]]></ISPROPERTYLIST>
<!--16D2F787FD3B4CC5ADA41B2A38AEE8E0-->  <AD_MODULE_ID><![CDATA[D5FD35D6C7604921BA951B7E0EEE5DC2]]></AD_MODULE_ID>
<!--16D2F787FD3B4CC5ADA41B2A38AEE8E0--></AD_PREFERENCE>

<!--1FE9CD02EBB94D7CA5EDE293C7C1D2B1--><AD_PREFERENCE>
<!--1FE9CD02EBB94D7CA5EDE293C7C1D2B1-->  <AD_PREFERENCE_ID><![CDATA[1FE9CD02EBB94D7CA5EDE293C7C1D2B1]]></AD_PREFERENCE_ID>
<!--1FE9CD02EBB94D7CA5EDE293C7C1D2B1-->  <AD_CLIENT_ID><![CDATA[0]]></AD_CLIENT_ID>
<!--1FE9CD02EBB94D7CA5EDE293C7C1D2B1-->  <AD_ORG_ID><![CDATA[0]]></AD_ORG_ID>
<!--1FE9CD02EBB94D7CA5EDE293C7C1D2B1-->  <ISACTIVE><![CDATA[Y]]></ISACTIVE>
<!--1FE9CD02EBB94D7CA5EDE293C7C1D2B1-->  <AD_WINDOW_ID><![CDATA[202D8D1AE05442DFB16F4D2BA762CBCC]]></AD_WINDOW_ID>
<!--1FE9CD02EBB94D7CA5EDE293C7C1D2B1-->  <ATTRIBUTE><![CDATA[ForcedLinkWindowC_BPartner]]></ATTRIBUTE>
<!--1FE9CD02EBB94D7CA5EDE293C7C1D2B1-->  <VALUE><![CDATA[86C8B5CFAF5B46ADB7AA4B23BD9ED17D]]></VALUE>
<!--1FE9CD02EBB94D7CA5EDE293C7C1D2B1-->  <ISPROPERTYLIST><![CDATA[N]]></ISPROPERTYLIST>
<!--1FE9CD02EBB94D7CA5EDE293C7C1D2B1-->  <AD_MODULE_ID><![CDATA[D5FD35D6C7604921BA951B7E0EEE5DC2]]></AD_MODULE_ID>
<!--1FE9CD02EBB94D7CA5EDE293C7C1D2B1--></AD_PREFERENCE>

<!--2862EF7BF08643FC9342BF8A9B0C84AC--><AD_PREFERENCE>
<!--2862EF7BF08643FC9342BF8A9B0C84AC-->  <AD_PREFERENCE_ID><![CDATA[2862EF7BF08643FC9342BF8A9B0C84AC]]></AD_PREFERENCE_ID>
<!--2862EF7BF08643FC9342BF8A9B0C84AC-->  <AD_CLIENT_ID><![CDATA[0]]></AD_CLIENT_ID>
<!--2862EF7BF08643FC9342BF8A9B0C84AC-->  <AD_ORG_ID><![CDATA[0]]></AD_ORG_ID>
<!--2862EF7BF08643FC9342BF8A9B0C84AC-->  <ISACTIVE><![CDATA[Y]]></ISACTIVE>
<!--2862EF7BF08643FC9342BF8A9B0C84AC-->  <AD_WINDOW_ID><![CDATA[1A37B2C3A3D94416B93E2A462E03E624]]></AD_WINDOW_ID>
<!--2862EF7BF08643FC9342BF8A9B0C84AC-->  <ATTRIBUTE><![CDATA[ForcedLinkWindowC_BPartner]]></ATTRIBUTE>
<!--2862EF7BF08643FC9342BF8A9B0C84AC-->  <VALUE><![CDATA[F6C2A66D5D7D42EAA324E2105C24BCEC]]></VALUE>
<!--2862EF7BF08643FC9342BF8A9B0C84AC-->  <ISPROPERTYLIST><![CDATA[N]]></ISPROPERTYLIST>
<!--2862EF7BF08643FC9342BF8A9B0C84AC-->  <AD_MODULE_ID><![CDATA[D5FD35D6C7604921BA951B7E0EEE5DC2]]></AD_MODULE_ID>
<!--2862EF7BF08643FC9342BF8A9B0C84AC--></AD_PREFERENCE>

<!--28A7E26B4A96418A99345D5506152680--><AD_PREFERENCE>
<!--28A7E26B4A96418A99345D5506152680-->  <AD_PREFERENCE_ID><![CDATA[28A7E26B4A96418A99345D5506152680]]></AD_PREFERENCE_ID>
<!--28A7E26B4A96418A99345D5506152680-->  <AD_CLIENT_ID><![CDATA[0]]></AD_CLIENT_ID>
<!--28A7E26B4A96418A99345D5506152680-->  <AD_ORG_ID><![CDATA[0]]></AD_ORG_ID>
<!--28A7E26B4A96418A99345D5506152680-->  <ISACTIVE><![CDATA[Y]]></ISACTIVE>
<!--28A7E26B4A96418A99345D5506152680-->  <AD_WINDOW_ID><![CDATA[85C0F38EB78F44CCBCBA96750E077709]]></AD_WINDOW_ID>
<!--28A7E26B4A96418A99345D5506152680-->  <ATTRIBUTE><![CDATA[ForcedLinkWindowC_BPartner]]></ATTRIBUTE>
<!--28A7E26B4A96418A99345D5506152680-->  <VALUE><![CDATA[F6C2A66D5D7D42EAA324E2105C24BCEC]]></VALUE>
<!--28A7E26B4A96418A99345D5506152680-->  <ISPROPERTYLIST><![CDATA[N]]></ISPROPERTYLIST>
<!--28A7E26B4A96418A99345D5506152680-->  <AD_MODULE_ID><![CDATA[D5FD35D6C7604921BA951B7E0EEE5DC2]]></AD_MODULE_ID>
<!--28A7E26B4A96418A99345D5506152680--></AD_PREFERENCE>

<!--3462AF1867DD485FA95816E3F6ECDCBF--><AD_PREFERENCE>
<!--3462AF1867DD485FA95816E3F6ECDCBF-->  <AD_PREFERENCE_ID><![CDATA[3462AF1867DD485FA95816E3F6ECDCBF]]></AD_PREFERENCE_ID>
<!--3462AF1867DD485FA95816E3F6ECDCBF-->  <AD_CLIENT_ID><![CDATA[0]]></AD_CLIENT_ID>
<!--3462AF1867DD485FA95816E3F6ECDCBF-->  <AD_ORG_ID><![CDATA[0]]></AD_ORG_ID>
<!--3462AF1867DD485FA95816E3F6ECDCBF-->  <ISACTIVE><![CDATA[Y]]></ISACTIVE>
<!--3462AF1867DD485FA95816E3F6ECDCBF-->  <AD_WINDOW_ID><![CDATA[7FD62F31F5634FF5BD3617E9A1FA8B6C]]></AD_WINDOW_ID>
<!--3462AF1867DD485FA95816E3F6ECDCBF-->  <ATTRIBUTE><![CDATA[ForcedLinkWindowC_BPartner]]></ATTRIBUTE>
<!--3462AF1867DD485FA95816E3F6ECDCBF-->  <VALUE><![CDATA[F6C2A66D5D7D42EAA324E2105C24BCEC]]></VALUE>
<!--3462AF1867DD485FA95816E3F6ECDCBF-->  <ISPROPERTYLIST><![CDATA[N]]></ISPROPERTYLIST>
<!--3462AF1867DD485FA95816E3F6ECDCBF-->  <AD_MODULE_ID><![CDATA[D5FD35D6C7604921BA951B7E0EEE5DC2]]></AD_MODULE_ID>
<!--3462AF1867DD485FA95816E3F6ECDCBF--></AD_PREFERENCE>

<!--3D250E92A2104CF4A555ED82781ED4A8--><AD_PREFERENCE>
<!--3D250E92A2104CF4A555ED82781ED4A8-->  <AD_PREFERENCE_ID><![CDATA[3D250E92A2104CF4A555ED82781ED4A8]]></AD_PREFERENCE_ID>
<!--3D250E92A2104CF4A555ED82781ED4A8-->  <AD_CLIENT_ID><![CDATA[0]]></AD_CLIENT_ID>
<!--3D250E92A2104CF4A555ED82781ED4A8-->  <AD_ORG_ID><![CDATA[0]]></AD_ORG_ID>
<!--3D250E92A2104CF4A555ED82781ED4A8-->  <ISACTIVE><![CDATA[Y]]></ISACTIVE>
<!--3D250E92A2104CF4A555ED82781ED4A8-->  <AD_WINDOW_ID><![CDATA[B34E3A4CC12545C6BEC13011E4E7EF55]]></AD_WINDOW_ID>
<!--3D250E92A2104CF4A555ED82781ED4A8-->  <ATTRIBUTE><![CDATA[ForcedLinkWindowC_BPartner]]></ATTRIBUTE>
<!--3D250E92A2104CF4A555ED82781ED4A8-->  <VALUE><![CDATA[F6C2A66D5D7D42EAA324E2105C24BCEC]]></VALUE>
<!--3D250E92A2104CF4A555ED82781ED4A8-->  <ISPROPERTYLIST><![CDATA[N]]></ISPROPERTYLIST>
<!--3D250E92A2104CF4A555ED82781ED4A8-->  <AD_MODULE_ID><![CDATA[D5FD35D6C7604921BA951B7E0EEE5DC2]]></AD_MODULE_ID>
<!--3D250E92A2104CF4A555ED82781ED4A8--></AD_PREFERENCE>

<!--4DF2426DA9B5453DA5E9B29F8F563BCC--><AD_PREFERENCE>
<!--4DF2426DA9B5453DA5E9B29F8F563BCC-->  <AD_PREFERENCE_ID><![CDATA[4DF2426DA9B5453DA5E9B29F8F563BCC]]></AD_PREFERENCE_ID>
<!--4DF2426DA9B5453DA5E9B29F8F563BCC-->  <AD_CLIENT_ID><![CDATA[0]]></AD_CLIENT_ID>
<!--4DF2426DA9B5453DA5E9B29F8F563BCC-->  <AD_ORG_ID><![CDATA[0]]></AD_ORG_ID>
<!--4DF2426DA9B5453DA5E9B29F8F563BCC-->  <ISACTIVE><![CDATA[Y]]></ISACTIVE>
<!--4DF2426DA9B5453DA5E9B29F8F563BCC-->  <AD_WINDOW_ID><![CDATA[4933EC8DAA4A497A8D248951B3120AAA]]></AD_WINDOW_ID>
<!--4DF2426DA9B5453DA5E9B29F8F563BCC-->  <ATTRIBUTE><![CDATA[ForcedLinkWindowC_BPartner]]></ATTRIBUTE>
<!--4DF2426DA9B5453DA5E9B29F8F563BCC-->  <VALUE><![CDATA[F6C2A66D5D7D42EAA324E2105C24BCEC]]></VALUE>
<!--4DF2426DA9B5453DA5E9B29F8F563BCC-->  <ISPROPERTYLIST><![CDATA[N]]></ISPROPERTYLIST>
<!--4DF2426DA9B5453DA5E9B29F8F563BCC-->  <AD_MODULE_ID><![CDATA[D5FD35D6C7604921BA951B7E0EEE5DC2]]></AD_MODULE_ID>
<!--4DF2426DA9B5453DA5E9B29F8F563BCC--></AD_PREFERENCE>

<!--4F4C2ED04C064AAA830225F7AD94C7C9--><AD_PREFERENCE>
<!--4F4C2ED04C064AAA830225F7AD94C7C9-->  <AD_PREFERENCE_ID><![CDATA[4F4C2ED04C064AAA830225F7AD94C7C9]]></AD_PREFERENCE_ID>
<!--4F4C2ED04C064AAA830225F7AD94C7C9-->  <AD_CLIENT_ID><![CDATA[0]]></AD_CLIENT_ID>
<!--4F4C2ED04C064AAA830225F7AD94C7C9-->  <AD_ORG_ID><![CDATA[0]]></AD_ORG_ID>
<!--4F4C2ED04C064AAA830225F7AD94C7C9-->  <ISACTIVE><![CDATA[Y]]></ISACTIVE>
<!--4F4C2ED04C064AAA830225F7AD94C7C9-->  <AD_WINDOW_ID><![CDATA[10C374CD35184D41A0BC8F87493F627F]]></AD_WINDOW_ID>
<!--4F4C2ED04C064AAA830225F7AD94C7C9-->  <ATTRIBUTE><![CDATA[ForcedLinkWindowC_BPartner]]></ATTRIBUTE>
<!--4F4C2ED04C064AAA830225F7AD94C7C9-->  <VALUE><![CDATA[F6C2A66D5D7D42EAA324E2105C24BCEC]]></VALUE>
<!--4F4C2ED04C064AAA830225F7AD94C7C9-->  <ISPROPERTYLIST><![CDATA[N]]></ISPROPERTYLIST>
<!--4F4C2ED04C064AAA830225F7AD94C7C9-->  <AD_MODULE_ID><![CDATA[D5FD35D6C7604921BA951B7E0EEE5DC2]]></AD_MODULE_ID>
<!--4F4C2ED04C064AAA830225F7AD94C7C9--></AD_PREFERENCE>

<!--59BA40821DE14FFA9D98464DCA8C005C--><AD_PREFERENCE>
<!--59BA40821DE14FFA9D98464DCA8C005C-->  <AD_PREFERENCE_ID><![CDATA[59BA40821DE14FFA9D98464DCA8C005C]]></AD_PREFERENCE_ID>
<!--59BA40821DE14FFA9D98464DCA8C005C-->  <AD_CLIENT_ID><![CDATA[0]]></AD_CLIENT_ID>
<!--59BA40821DE14FFA9D98464DCA8C005C-->  <AD_ORG_ID><![CDATA[0]]></AD_ORG_ID>
<!--59BA40821DE14FFA9D98464DCA8C005C-->  <ISACTIVE><![CDATA[Y]]></ISACTIVE>
<!--59BA40821DE14FFA9D98464DCA8C005C-->  <AD_WINDOW_ID><![CDATA[F1C7BD2153B84DBE9D9C30FD9281611F]]></AD_WINDOW_ID>
<!--59BA40821DE14FFA9D98464DCA8C005C-->  <ATTRIBUTE><![CDATA[ForcedLinkWindowC_BPartner]]></ATTRIBUTE>
<!--59BA40821DE14FFA9D98464DCA8C005C-->  <VALUE><![CDATA[F6C2A66D5D7D42EAA324E2105C24BCEC]]></VALUE>
<!--59BA40821DE14FFA9D98464DCA8C005C-->  <ISPROPERTYLIST><![CDATA[N]]></ISPROPERTYLIST>
<!--59BA40821DE14FFA9D98464DCA8C005C-->  <AD_MODULE_ID><![CDATA[D5FD35D6C7604921BA951B7E0EEE5DC2]]></AD_MODULE_ID>
<!--59BA40821DE14FFA9D98464DCA8C005C--></AD_PREFERENCE>

<!--5BC33CF63503485A8F245E541436614C--><AD_PREFERENCE>
<!--5BC33CF63503485A8F245E541436614C-->  <AD_PREFERENCE_ID><![CDATA[5BC33CF63503485A8F245E541436614C]]></AD_PREFERENCE_ID>
<!--5BC33CF63503485A8F245E541436614C-->  <AD_CLIENT_ID><![CDATA[0]]></AD_CLIENT_ID>
<!--5BC33CF63503485A8F245E541436614C-->  <AD_ORG_ID><![CDATA[0]]></AD_ORG_ID>
<!--5BC33CF63503485A8F245E541436614C-->  <ISACTIVE><![CDATA[Y]]></ISACTIVE>
<!--5BC33CF63503485A8F245E541436614C-->  <AD_WINDOW_ID><![CDATA[CB4DA7909FF04ECD9730B325127D272E]]></AD_WINDOW_ID>
<!--5BC33CF63503485A8F245E541436614C-->  <ATTRIBUTE><![CDATA[EM_Hris_Iswindowemployee]]></ATTRIBUTE>
<!--5BC33CF63503485A8F245E541436614C-->  <VALUE><![CDATA[Y]]></VALUE>
<!--5BC33CF63503485A8F245E541436614C-->  <ISPROPERTYLIST><![CDATA[N]]></ISPROPERTYLIST>
<!--5BC33CF63503485A8F245E541436614C-->  <AD_MODULE_ID><![CDATA[D5FD35D6C7604921BA951B7E0EEE5DC2]]></AD_MODULE_ID>
<!--5BC33CF63503485A8F245E541436614C--></AD_PREFERENCE>

<!--626D51F8DE0044F0BCD31EA1D2A3D1CA--><AD_PREFERENCE>
<!--626D51F8DE0044F0BCD31EA1D2A3D1CA-->  <AD_PREFERENCE_ID><![CDATA[626D51F8DE0044F0BCD31EA1D2A3D1CA]]></AD_PREFERENCE_ID>
<!--626D51F8DE0044F0BCD31EA1D2A3D1CA-->  <AD_CLIENT_ID><![CDATA[0]]></AD_CLIENT_ID>
<!--626D51F8DE0044F0BCD31EA1D2A3D1CA-->  <AD_ORG_ID><![CDATA[0]]></AD_ORG_ID>
<!--626D51F8DE0044F0BCD31EA1D2A3D1CA-->  <ISACTIVE><![CDATA[Y]]></ISACTIVE>
<!--626D51F8DE0044F0BCD31EA1D2A3D1CA-->  <AD_WINDOW_ID><![CDATA[740754A8DE014B86A87A18100707D318]]></AD_WINDOW_ID>
<!--626D51F8DE0044F0BCD31EA1D2A3D1CA-->  <ATTRIBUTE><![CDATA[ForcedLinkWindowC_BPartner]]></ATTRIBUTE>
<!--626D51F8DE0044F0BCD31EA1D2A3D1CA-->  <VALUE><![CDATA[F6C2A66D5D7D42EAA324E2105C24BCEC]]></VALUE>
<!--626D51F8DE0044F0BCD31EA1D2A3D1CA-->  <ISPROPERTYLIST><![CDATA[N]]></ISPROPERTYLIST>
<!--626D51F8DE0044F0BCD31EA1D2A3D1CA-->  <AD_MODULE_ID><![CDATA[D5FD35D6C7604921BA951B7E0EEE5DC2]]></AD_MODULE_ID>
<!--626D51F8DE0044F0BCD31EA1D2A3D1CA--></AD_PREFERENCE>

<!--65CD95DE42334A8EB4F857982C074FC4--><AD_PREFERENCE>
<!--65CD95DE42334A8EB4F857982C074FC4-->  <AD_PREFERENCE_ID><![CDATA[65CD95DE42334A8EB4F857982C074FC4]]></AD_PREFERENCE_ID>
<!--65CD95DE42334A8EB4F857982C074FC4-->  <AD_CLIENT_ID><![CDATA[0]]></AD_CLIENT_ID>
<!--65CD95DE42334A8EB4F857982C074FC4-->  <AD_ORG_ID><![CDATA[0]]></AD_ORG_ID>
<!--65CD95DE42334A8EB4F857982C074FC4-->  <ISACTIVE><![CDATA[Y]]></ISACTIVE>
<!--65CD95DE42334A8EB4F857982C074FC4-->  <AD_WINDOW_ID><![CDATA[FF10269006494B1F971010036D75B39E]]></AD_WINDOW_ID>
<!--65CD95DE42334A8EB4F857982C074FC4-->  <ATTRIBUTE><![CDATA[ForcedLinkWindowC_BPartner]]></ATTRIBUTE>
<!--65CD95DE42334A8EB4F857982C074FC4-->  <VALUE><![CDATA[F6C2A66D5D7D42EAA324E2105C24BCEC]]></VALUE>
<!--65CD95DE42334A8EB4F857982C074FC4-->  <ISPROPERTYLIST><![CDATA[N]]></ISPROPERTYLIST>
<!--65CD95DE42334A8EB4F857982C074FC4-->  <AD_MODULE_ID><![CDATA[D5FD35D6C7604921BA951B7E0EEE5DC2]]></AD_MODULE_ID>
<!--65CD95DE42334A8EB4F857982C074FC4--></AD_PREFERENCE>

<!--662FBBE3A25E4DF8889E8E6D12EDF23E--><AD_PREFERENCE>
<!--662FBBE3A25E4DF8889E8E6D12EDF23E-->  <AD_PREFERENCE_ID><![CDATA[662FBBE3A25E4DF8889E8E6D12EDF23E]]></AD_PREFERENCE_ID>
<!--662FBBE3A25E4DF8889E8E6D12EDF23E-->  <AD_CLIENT_ID><![CDATA[0]]></AD_CLIENT_ID>
<!--662FBBE3A25E4DF8889E8E6D12EDF23E-->  <AD_ORG_ID><![CDATA[0]]></AD_ORG_ID>
<!--662FBBE3A25E4DF8889E8E6D12EDF23E-->  <ISACTIVE><![CDATA[Y]]></ISACTIVE>
<!--662FBBE3A25E4DF8889E8E6D12EDF23E-->  <AD_WINDOW_ID><![CDATA[BE792B7473504EF091C93ED8CB647037]]></AD_WINDOW_ID>
<!--662FBBE3A25E4DF8889E8E6D12EDF23E-->  <ATTRIBUTE><![CDATA[ForcedLinkWindowC_BPartner]]></ATTRIBUTE>
<!--662FBBE3A25E4DF8889E8E6D12EDF23E-->  <VALUE><![CDATA[F6C2A66D5D7D42EAA324E2105C24BCEC]]></VALUE>
<!--662FBBE3A25E4DF8889E8E6D12EDF23E-->  <ISPROPERTYLIST><![CDATA[N]]></ISPROPERTYLIST>
<!--662FBBE3A25E4DF8889E8E6D12EDF23E-->  <AD_MODULE_ID><![CDATA[D5FD35D6C7604921BA951B7E0EEE5DC2]]></AD_MODULE_ID>
<!--662FBBE3A25E4DF8889E8E6D12EDF23E--></AD_PREFERENCE>

<!--68B98F6F11154AF980C0D887D75EAE4C--><AD_PREFERENCE>
<!--68B98F6F11154AF980C0D887D75EAE4C-->  <AD_PREFERENCE_ID><![CDATA[68B98F6F11154AF980C0D887D75EAE4C]]></AD_PREFERENCE_ID>
<!--68B98F6F11154AF980C0D887D75EAE4C-->  <AD_CLIENT_ID><![CDATA[0]]></AD_CLIENT_ID>
<!--68B98F6F11154AF980C0D887D75EAE4C-->  <AD_ORG_ID><![CDATA[0]]></AD_ORG_ID>
<!--68B98F6F11154AF980C0D887D75EAE4C-->  <ISACTIVE><![CDATA[Y]]></ISACTIVE>
<!--68B98F6F11154AF980C0D887D75EAE4C-->  <AD_WINDOW_ID><![CDATA[A93208B28D6A4E6A87DD2C75D1E6307C]]></AD_WINDOW_ID>
<!--68B98F6F11154AF980C0D887D75EAE4C-->  <ATTRIBUTE><![CDATA[ForcedLinkWindowC_BPartner]]></ATTRIBUTE>
<!--68B98F6F11154AF980C0D887D75EAE4C-->  <VALUE><![CDATA[F6C2A66D5D7D42EAA324E2105C24BCEC]]></VALUE>
<!--68B98F6F11154AF980C0D887D75EAE4C-->  <ISPROPERTYLIST><![CDATA[N]]></ISPROPERTYLIST>
<!--68B98F6F11154AF980C0D887D75EAE4C-->  <AD_MODULE_ID><![CDATA[D5FD35D6C7604921BA951B7E0EEE5DC2]]></AD_MODULE_ID>
<!--68B98F6F11154AF980C0D887D75EAE4C--></AD_PREFERENCE>

<!--6E6596870FBF4903957606290665009E--><AD_PREFERENCE>
<!--6E6596870FBF4903957606290665009E-->  <AD_PREFERENCE_ID><![CDATA[6E6596870FBF4903957606290665009E]]></AD_PREFERENCE_ID>
<!--6E6596870FBF4903957606290665009E-->  <AD_CLIENT_ID><![CDATA[0]]></AD_CLIENT_ID>
<!--6E6596870FBF4903957606290665009E-->  <AD_ORG_ID><![CDATA[0]]></AD_ORG_ID>
<!--6E6596870FBF4903957606290665009E-->  <ISACTIVE><![CDATA[Y]]></ISACTIVE>
<!--6E6596870FBF4903957606290665009E-->  <AD_WINDOW_ID><![CDATA[A14581C13597471EB281EE4277BC6712]]></AD_WINDOW_ID>
<!--6E6596870FBF4903957606290665009E-->  <ATTRIBUTE><![CDATA[ForcedLinkWindowC_BPartner]]></ATTRIBUTE>
<!--6E6596870FBF4903957606290665009E-->  <VALUE><![CDATA[F6C2A66D5D7D42EAA324E2105C24BCEC]]></VALUE>
<!--6E6596870FBF4903957606290665009E-->  <ISPROPERTYLIST><![CDATA[N]]></ISPROPERTYLIST>
<!--6E6596870FBF4903957606290665009E-->  <AD_MODULE_ID><![CDATA[D5FD35D6C7604921BA951B7E0EEE5DC2]]></AD_MODULE_ID>
<!--6E6596870FBF4903957606290665009E--></AD_PREFERENCE>

<!--784B3EC87B2B487296363A10D82405BF--><AD_PREFERENCE>
<!--784B3EC87B2B487296363A10D82405BF-->  <AD_PREFERENCE_ID><![CDATA[784B3EC87B2B487296363A10D82405BF]]></AD_PREFERENCE_ID>
<!--784B3EC87B2B487296363A10D82405BF-->  <AD_CLIENT_ID><![CDATA[0]]></AD_CLIENT_ID>
<!--784B3EC87B2B487296363A10D82405BF-->  <AD_ORG_ID><![CDATA[0]]></AD_ORG_ID>
<!--784B3EC87B2B487296363A10D82405BF-->  <ISACTIVE><![CDATA[Y]]></ISACTIVE>
<!--784B3EC87B2B487296363A10D82405BF-->  <AD_WINDOW_ID><![CDATA[6A7C36AFEF574A93AFE54E811916BA18]]></AD_WINDOW_ID>
<!--784B3EC87B2B487296363A10D82405BF-->  <ATTRIBUTE><![CDATA[ForcedLinkWindowC_BPartner]]></ATTRIBUTE>
<!--784B3EC87B2B487296363A10D82405BF-->  <VALUE><![CDATA[F6C2A66D5D7D42EAA324E2105C24BCEC]]></VALUE>
<!--784B3EC87B2B487296363A10D82405BF-->  <ISPROPERTYLIST><![CDATA[N]]></ISPROPERTYLIST>
<!--784B3EC87B2B487296363A10D82405BF-->  <AD_MODULE_ID><![CDATA[D5FD35D6C7604921BA951B7E0EEE5DC2]]></AD_MODULE_ID>
<!--784B3EC87B2B487296363A10D82405BF--></AD_PREFERENCE>

<!--7A48B34A38C44DDCB1CE5508F34F164A--><AD_PREFERENCE>
<!--7A48B34A38C44DDCB1CE5508F34F164A-->  <AD_PREFERENCE_ID><![CDATA[7A48B34A38C44DDCB1CE5508F34F164A]]></AD_PREFERENCE_ID>
<!--7A48B34A38C44DDCB1CE5508F34F164A-->  <AD_CLIENT_ID><![CDATA[0]]></AD_CLIENT_ID>
<!--7A48B34A38C44DDCB1CE5508F34F164A-->  <AD_ORG_ID><![CDATA[0]]></AD_ORG_ID>
<!--7A48B34A38C44DDCB1CE5508F34F164A-->  <ISACTIVE><![CDATA[Y]]></ISACTIVE>
<!--7A48B34A38C44DDCB1CE5508F34F164A-->  <AD_WINDOW_ID><![CDATA[3C2E63984B08402B92D9C9E7DB3EB52B]]></AD_WINDOW_ID>
<!--7A48B34A38C44DDCB1CE5508F34F164A-->  <ATTRIBUTE><![CDATA[ForcedLinkWindowC_BPartner]]></ATTRIBUTE>
<!--7A48B34A38C44DDCB1CE5508F34F164A-->  <VALUE><![CDATA[F6C2A66D5D7D42EAA324E2105C24BCEC]]></VALUE>
<!--7A48B34A38C44DDCB1CE5508F34F164A-->  <ISPROPERTYLIST><![CDATA[N]]></ISPROPERTYLIST>
<!--7A48B34A38C44DDCB1CE5508F34F164A-->  <AD_MODULE_ID><![CDATA[D5FD35D6C7604921BA951B7E0EEE5DC2]]></AD_MODULE_ID>
<!--7A48B34A38C44DDCB1CE5508F34F164A--></AD_PREFERENCE>

<!--7F50F48043DB4912866372B7652BAE17--><AD_PREFERENCE>
<!--7F50F48043DB4912866372B7652BAE17-->  <AD_PREFERENCE_ID><![CDATA[7F50F48043DB4912866372B7652BAE17]]></AD_PREFERENCE_ID>
<!--7F50F48043DB4912866372B7652BAE17-->  <AD_CLIENT_ID><![CDATA[0]]></AD_CLIENT_ID>
<!--7F50F48043DB4912866372B7652BAE17-->  <AD_ORG_ID><![CDATA[0]]></AD_ORG_ID>
<!--7F50F48043DB4912866372B7652BAE17-->  <ISACTIVE><![CDATA[Y]]></ISACTIVE>
<!--7F50F48043DB4912866372B7652BAE17-->  <AD_WINDOW_ID><![CDATA[202D8D1AE05442DFB16F4D2BA762CBCC]]></AD_WINDOW_ID>
<!--7F50F48043DB4912866372B7652BAE17-->  <ATTRIBUTE><![CDATA[ForcedLinkWindowC_BPartner]]></ATTRIBUTE>
<!--7F50F48043DB4912866372B7652BAE17-->  <VALUE><![CDATA[F6C2A66D5D7D42EAA324E2105C24BCEC]]></VALUE>
<!--7F50F48043DB4912866372B7652BAE17-->  <ISPROPERTYLIST><![CDATA[N]]></ISPROPERTYLIST>
<!--7F50F48043DB4912866372B7652BAE17-->  <AD_MODULE_ID><![CDATA[D5FD35D6C7604921BA951B7E0EEE5DC2]]></AD_MODULE_ID>
<!--7F50F48043DB4912866372B7652BAE17--></AD_PREFERENCE>

<!--8430C240F03C4547954BD8625DC4B5AD--><AD_PREFERENCE>
<!--8430C240F03C4547954BD8625DC4B5AD-->  <AD_PREFERENCE_ID><![CDATA[8430C240F03C4547954BD8625DC4B5AD]]></AD_PREFERENCE_ID>
<!--8430C240F03C4547954BD8625DC4B5AD-->  <AD_CLIENT_ID><![CDATA[0]]></AD_CLIENT_ID>
<!--8430C240F03C4547954BD8625DC4B5AD-->  <AD_ORG_ID><![CDATA[0]]></AD_ORG_ID>
<!--8430C240F03C4547954BD8625DC4B5AD-->  <ISACTIVE><![CDATA[Y]]></ISACTIVE>
<!--8430C240F03C4547954BD8625DC4B5AD-->  <AD_WINDOW_ID><![CDATA[401316DC85BB47BF9C7C9143FA38F479]]></AD_WINDOW_ID>
<!--8430C240F03C4547954BD8625DC4B5AD-->  <ATTRIBUTE><![CDATA[ForcedLinkWindowC_BPartner]]></ATTRIBUTE>
<!--8430C240F03C4547954BD8625DC4B5AD-->  <VALUE><![CDATA[F6C2A66D5D7D42EAA324E2105C24BCEC]]></VALUE>
<!--8430C240F03C4547954BD8625DC4B5AD-->  <ISPROPERTYLIST><![CDATA[N]]></ISPROPERTYLIST>
<!--8430C240F03C4547954BD8625DC4B5AD-->  <AD_MODULE_ID><![CDATA[D5FD35D6C7604921BA951B7E0EEE5DC2]]></AD_MODULE_ID>
<!--8430C240F03C4547954BD8625DC4B5AD--></AD_PREFERENCE>

<!--849E4FB568AF4DEE85C4B969E8C4A596--><AD_PREFERENCE>
<!--849E4FB568AF4DEE85C4B969E8C4A596-->  <AD_PREFERENCE_ID><![CDATA[849E4FB568AF4DEE85C4B969E8C4A596]]></AD_PREFERENCE_ID>
<!--849E4FB568AF4DEE85C4B969E8C4A596-->  <AD_CLIENT_ID><![CDATA[0]]></AD_CLIENT_ID>
<!--849E4FB568AF4DEE85C4B969E8C4A596-->  <AD_ORG_ID><![CDATA[0]]></AD_ORG_ID>
<!--849E4FB568AF4DEE85C4B969E8C4A596-->  <ISACTIVE><![CDATA[Y]]></ISACTIVE>
<!--849E4FB568AF4DEE85C4B969E8C4A596-->  <AD_WINDOW_ID><![CDATA[FE4E14F938BC40DA842779AD7A826685]]></AD_WINDOW_ID>
<!--849E4FB568AF4DEE85C4B969E8C4A596-->  <ATTRIBUTE><![CDATA[ForcedLinkWindowC_BPartner]]></ATTRIBUTE>
<!--849E4FB568AF4DEE85C4B969E8C4A596-->  <VALUE><![CDATA[F6C2A66D5D7D42EAA324E2105C24BCEC]]></VALUE>
<!--849E4FB568AF4DEE85C4B969E8C4A596-->  <ISPROPERTYLIST><![CDATA[N]]></ISPROPERTYLIST>
<!--849E4FB568AF4DEE85C4B969E8C4A596-->  <AD_MODULE_ID><![CDATA[D5FD35D6C7604921BA951B7E0EEE5DC2]]></AD_MODULE_ID>
<!--849E4FB568AF4DEE85C4B969E8C4A596--></AD_PREFERENCE>

<!--93A342483D6947719EC9BCCCA1A44E4A--><AD_PREFERENCE>
<!--93A342483D6947719EC9BCCCA1A44E4A-->  <AD_PREFERENCE_ID><![CDATA[93A342483D6947719EC9BCCCA1A44E4A]]></AD_PREFERENCE_ID>
<!--93A342483D6947719EC9BCCCA1A44E4A-->  <AD_CLIENT_ID><![CDATA[0]]></AD_CLIENT_ID>
<!--93A342483D6947719EC9BCCCA1A44E4A-->  <AD_ORG_ID><![CDATA[0]]></AD_ORG_ID>
<!--93A342483D6947719EC9BCCCA1A44E4A-->  <ISACTIVE><![CDATA[Y]]></ISACTIVE>
<!--93A342483D6947719EC9BCCCA1A44E4A-->  <AD_WINDOW_ID><![CDATA[F6C2A66D5D7D42EAA324E2105C24BCEC]]></AD_WINDOW_ID>
<!--93A342483D6947719EC9BCCCA1A44E4A-->  <ATTRIBUTE><![CDATA[EM_Hris_Iswindowemployee]]></ATTRIBUTE>
<!--93A342483D6947719EC9BCCCA1A44E4A-->  <VALUE><![CDATA[Y]]></VALUE>
<!--93A342483D6947719EC9BCCCA1A44E4A-->  <ISPROPERTYLIST><![CDATA[N]]></ISPROPERTYLIST>
<!--93A342483D6947719EC9BCCCA1A44E4A-->  <AD_MODULE_ID><![CDATA[D5FD35D6C7604921BA951B7E0EEE5DC2]]></AD_MODULE_ID>
<!--93A342483D6947719EC9BCCCA1A44E4A--></AD_PREFERENCE>

<!--A79A252753FF430EAD43E4B5E9E2DD58--><AD_PREFERENCE>
<!--A79A252753FF430EAD43E4B5E9E2DD58-->  <AD_PREFERENCE_ID><![CDATA[A79A252753FF430EAD43E4B5E9E2DD58]]></AD_PREFERENCE_ID>
<!--A79A252753FF430EAD43E4B5E9E2DD58-->  <AD_CLIENT_ID><![CDATA[0]]></AD_CLIENT_ID>
<!--A79A252753FF430EAD43E4B5E9E2DD58-->  <AD_ORG_ID><![CDATA[0]]></AD_ORG_ID>
<!--A79A252753FF430EAD43E4B5E9E2DD58-->  <ISACTIVE><![CDATA[Y]]></ISACTIVE>
<!--A79A252753FF430EAD43E4B5E9E2DD58-->  <AD_WINDOW_ID><![CDATA[CF764C8FE1744043A1355CECFA3C0EF0]]></AD_WINDOW_ID>
<!--A79A252753FF430EAD43E4B5E9E2DD58-->  <ATTRIBUTE><![CDATA[ForcedLinkWindowC_BPartner]]></ATTRIBUTE>
<!--A79A252753FF430EAD43E4B5E9E2DD58-->  <VALUE><![CDATA[F6C2A66D5D7D42EAA324E2105C24BCEC]]></VALUE>
<!--A79A252753FF430EAD43E4B5E9E2DD58-->  <ISPROPERTYLIST><![CDATA[N]]></ISPROPERTYLIST>
<!--A79A252753FF430EAD43E4B5E9E2DD58-->  <AD_MODULE_ID><![CDATA[D5FD35D6C7604921BA951B7E0EEE5DC2]]></AD_MODULE_ID>
<!--A79A252753FF430EAD43E4B5E9E2DD58--></AD_PREFERENCE>

<!--A94A1151827B418EA5E2ABE60BA35068--><AD_PREFERENCE>
<!--A94A1151827B418EA5E2ABE60BA35068-->  <AD_PREFERENCE_ID><![CDATA[A94A1151827B418EA5E2ABE60BA35068]]></AD_PREFERENCE_ID>
<!--A94A1151827B418EA5E2ABE60BA35068-->  <AD_CLIENT_ID><![CDATA[0]]></AD_CLIENT_ID>
<!--A94A1151827B418EA5E2ABE60BA35068-->  <AD_ORG_ID><![CDATA[0]]></AD_ORG_ID>
<!--A94A1151827B418EA5E2ABE60BA35068-->  <ISACTIVE><![CDATA[Y]]></ISACTIVE>
<!--A94A1151827B418EA5E2ABE60BA35068-->  <AD_WINDOW_ID><![CDATA[6AC924794F864213B7575DA0E3A5C660]]></AD_WINDOW_ID>
<!--A94A1151827B418EA5E2ABE60BA35068-->  <ATTRIBUTE><![CDATA[ForcedLinkWindowC_BPartner]]></ATTRIBUTE>
<!--A94A1151827B418EA5E2ABE60BA35068-->  <VALUE><![CDATA[F6C2A66D5D7D42EAA324E2105C24BCEC]]></VALUE>
<!--A94A1151827B418EA5E2ABE60BA35068-->  <ISPROPERTYLIST><![CDATA[N]]></ISPROPERTYLIST>
<!--A94A1151827B418EA5E2ABE60BA35068-->  <AD_MODULE_ID><![CDATA[D5FD35D6C7604921BA951B7E0EEE5DC2]]></AD_MODULE_ID>
<!--A94A1151827B418EA5E2ABE60BA35068--></AD_PREFERENCE>

<!--AA92344FCF7C4DC6A5CA9EBAD594FC11--><AD_PREFERENCE>
<!--AA92344FCF7C4DC6A5CA9EBAD594FC11-->  <AD_PREFERENCE_ID><![CDATA[AA92344FCF7C4DC6A5CA9EBAD594FC11]]></AD_PREFERENCE_ID>
<!--AA92344FCF7C4DC6A5CA9EBAD594FC11-->  <AD_CLIENT_ID><![CDATA[0]]></AD_CLIENT_ID>
<!--AA92344FCF7C4DC6A5CA9EBAD594FC11-->  <AD_ORG_ID><![CDATA[0]]></AD_ORG_ID>
<!--AA92344FCF7C4DC6A5CA9EBAD594FC11-->  <ISACTIVE><![CDATA[Y]]></ISACTIVE>
<!--AA92344FCF7C4DC6A5CA9EBAD594FC11-->  <AD_WINDOW_ID><![CDATA[61B7E50DC50946BB9B9F9554B3EFA2FC]]></AD_WINDOW_ID>
<!--AA92344FCF7C4DC6A5CA9EBAD594FC11-->  <ATTRIBUTE><![CDATA[ForcedLinkWindowC_BPartner]]></ATTRIBUTE>
<!--AA92344FCF7C4DC6A5CA9EBAD594FC11-->  <VALUE><![CDATA[F6C2A66D5D7D42EAA324E2105C24BCEC]]></VALUE>
<!--AA92344FCF7C4DC6A5CA9EBAD594FC11-->  <ISPROPERTYLIST><![CDATA[N]]></ISPROPERTYLIST>
<!--AA92344FCF7C4DC6A5CA9EBAD594FC11-->  <AD_MODULE_ID><![CDATA[D5FD35D6C7604921BA951B7E0EEE5DC2]]></AD_MODULE_ID>
<!--AA92344FCF7C4DC6A5CA9EBAD594FC11--></AD_PREFERENCE>

<!--B306EC1FEA00474D99B61CDAB38EDCD7--><AD_PREFERENCE>
<!--B306EC1FEA00474D99B61CDAB38EDCD7-->  <AD_PREFERENCE_ID><![CDATA[B306EC1FEA00474D99B61CDAB38EDCD7]]></AD_PREFERENCE_ID>
<!--B306EC1FEA00474D99B61CDAB38EDCD7-->  <AD_CLIENT_ID><![CDATA[0]]></AD_CLIENT_ID>
<!--B306EC1FEA00474D99B61CDAB38EDCD7-->  <AD_ORG_ID><![CDATA[0]]></AD_ORG_ID>
<!--B306EC1FEA00474D99B61CDAB38EDCD7-->  <ISACTIVE><![CDATA[Y]]></ISACTIVE>
<!--B306EC1FEA00474D99B61CDAB38EDCD7-->  <AD_WINDOW_ID><![CDATA[7FD62F31F5634FF5BD3617E9A1FA8B6C]]></AD_WINDOW_ID>
<!--B306EC1FEA00474D99B61CDAB38EDCD7-->  <ATTRIBUTE><![CDATA[ForcedLinkWindowC_BPartner]]></ATTRIBUTE>
<!--B306EC1FEA00474D99B61CDAB38EDCD7-->  <VALUE><![CDATA[F6C2A66D5D7D42EAA324E2105C24BCEC]]></VALUE>
<!--B306EC1FEA00474D99B61CDAB38EDCD7-->  <ISPROPERTYLIST><![CDATA[N]]></ISPROPERTYLIST>
<!--B306EC1FEA00474D99B61CDAB38EDCD7-->  <AD_MODULE_ID><![CDATA[D5FD35D6C7604921BA951B7E0EEE5DC2]]></AD_MODULE_ID>
<!--B306EC1FEA00474D99B61CDAB38EDCD7--></AD_PREFERENCE>

<!--B3103C659551457DBF09ADBBFDEDFD0B--><AD_PREFERENCE>
<!--B3103C659551457DBF09ADBBFDEDFD0B-->  <AD_PREFERENCE_ID><![CDATA[B3103C659551457DBF09ADBBFDEDFD0B]]></AD_PREFERENCE_ID>
<!--B3103C659551457DBF09ADBBFDEDFD0B-->  <AD_CLIENT_ID><![CDATA[0]]></AD_CLIENT_ID>
<!--B3103C659551457DBF09ADBBFDEDFD0B-->  <AD_ORG_ID><![CDATA[0]]></AD_ORG_ID>
<!--B3103C659551457DBF09ADBBFDEDFD0B-->  <ISACTIVE><![CDATA[Y]]></ISACTIVE>
<!--B3103C659551457DBF09ADBBFDEDFD0B-->  <AD_WINDOW_ID><![CDATA[C549CEAFE6294E0EB17FB45B6A8F17B7]]></AD_WINDOW_ID>
<!--B3103C659551457DBF09ADBBFDEDFD0B-->  <ATTRIBUTE><![CDATA[ForcedLinkWindowC_BPartner]]></ATTRIBUTE>
<!--B3103C659551457DBF09ADBBFDEDFD0B-->  <VALUE><![CDATA[F6C2A66D5D7D42EAA324E2105C24BCEC]]></VALUE>
<!--B3103C659551457DBF09ADBBFDEDFD0B-->  <ISPROPERTYLIST><![CDATA[N]]></ISPROPERTYLIST>
<!--B3103C659551457DBF09ADBBFDEDFD0B-->  <AD_MODULE_ID><![CDATA[D5FD35D6C7604921BA951B7E0EEE5DC2]]></AD_MODULE_ID>
<!--B3103C659551457DBF09ADBBFDEDFD0B--></AD_PREFERENCE>

<!--B9B1C44D99034015883EE79C3A964AD8--><AD_PREFERENCE>
<!--B9B1C44D99034015883EE79C3A964AD8-->  <AD_PREFERENCE_ID><![CDATA[B9B1C44D99034015883EE79C3A964AD8]]></AD_PREFERENCE_ID>
<!--B9B1C44D99034015883EE79C3A964AD8-->  <AD_CLIENT_ID><![CDATA[0]]></AD_CLIENT_ID>
<!--B9B1C44D99034015883EE79C3A964AD8-->  <AD_ORG_ID><![CDATA[0]]></AD_ORG_ID>
<!--B9B1C44D99034015883EE79C3A964AD8-->  <ISACTIVE><![CDATA[Y]]></ISACTIVE>
<!--B9B1C44D99034015883EE79C3A964AD8-->  <AD_WINDOW_ID><![CDATA[1024136922A64FB9ABDDC959A6BF131E]]></AD_WINDOW_ID>
<!--B9B1C44D99034015883EE79C3A964AD8-->  <ATTRIBUTE><![CDATA[ForcedLinkWindowC_BPartner]]></ATTRIBUTE>
<!--B9B1C44D99034015883EE79C3A964AD8-->  <VALUE><![CDATA[F6C2A66D5D7D42EAA324E2105C24BCEC]]></VALUE>
<!--B9B1C44D99034015883EE79C3A964AD8-->  <ISPROPERTYLIST><![CDATA[N]]></ISPROPERTYLIST>
<!--B9B1C44D99034015883EE79C3A964AD8-->  <AD_MODULE_ID><![CDATA[D5FD35D6C7604921BA951B7E0EEE5DC2]]></AD_MODULE_ID>
<!--B9B1C44D99034015883EE79C3A964AD8--></AD_PREFERENCE>

<!--C8AB57B31FBF49F6A4DD3A969712D380--><AD_PREFERENCE>
<!--C8AB57B31FBF49F6A4DD3A969712D380-->  <AD_PREFERENCE_ID><![CDATA[C8AB57B31FBF49F6A4DD3A969712D380]]></AD_PREFERENCE_ID>
<!--C8AB57B31FBF49F6A4DD3A969712D380-->  <AD_CLIENT_ID><![CDATA[0]]></AD_CLIENT_ID>
<!--C8AB57B31FBF49F6A4DD3A969712D380-->  <AD_ORG_ID><![CDATA[0]]></AD_ORG_ID>
<!--C8AB57B31FBF49F6A4DD3A969712D380-->  <ISACTIVE><![CDATA[Y]]></ISACTIVE>
<!--C8AB57B31FBF49F6A4DD3A969712D380-->  <AD_WINDOW_ID><![CDATA[F6C2A66D5D7D42EAA324E2105C24BCEC]]></AD_WINDOW_ID>
<!--C8AB57B31FBF49F6A4DD3A969712D380-->  <ATTRIBUTE><![CDATA[ForcedLinkWindowC_BPartner]]></ATTRIBUTE>
<!--C8AB57B31FBF49F6A4DD3A969712D380-->  <VALUE><![CDATA[F6C2A66D5D7D42EAA324E2105C24BCEC]]></VALUE>
<!--C8AB57B31FBF49F6A4DD3A969712D380-->  <ISPROPERTYLIST><![CDATA[N]]></ISPROPERTYLIST>
<!--C8AB57B31FBF49F6A4DD3A969712D380-->  <AD_MODULE_ID><![CDATA[D5FD35D6C7604921BA951B7E0EEE5DC2]]></AD_MODULE_ID>
<!--C8AB57B31FBF49F6A4DD3A969712D380--></AD_PREFERENCE>

<!--CE343F8EA84E4666B2B26DDC6DE97B36--><AD_PREFERENCE>
<!--CE343F8EA84E4666B2B26DDC6DE97B36-->  <AD_PREFERENCE_ID><![CDATA[CE343F8EA84E4666B2B26DDC6DE97B36]]></AD_PREFERENCE_ID>
<!--CE343F8EA84E4666B2B26DDC6DE97B36-->  <AD_CLIENT_ID><![CDATA[0]]></AD_CLIENT_ID>
<!--CE343F8EA84E4666B2B26DDC6DE97B36-->  <AD_ORG_ID><![CDATA[0]]></AD_ORG_ID>
<!--CE343F8EA84E4666B2B26DDC6DE97B36-->  <ISACTIVE><![CDATA[Y]]></ISACTIVE>
<!--CE343F8EA84E4666B2B26DDC6DE97B36-->  <AD_WINDOW_ID><![CDATA[00F6A69B3C8B4277A1A2A3B2D98C7121]]></AD_WINDOW_ID>
<!--CE343F8EA84E4666B2B26DDC6DE97B36-->  <ATTRIBUTE><![CDATA[ForcedLinkWindowC_BPartner]]></ATTRIBUTE>
<!--CE343F8EA84E4666B2B26DDC6DE97B36-->  <VALUE><![CDATA[F6C2A66D5D7D42EAA324E2105C24BCEC]]></VALUE>
<!--CE343F8EA84E4666B2B26DDC6DE97B36-->  <ISPROPERTYLIST><![CDATA[N]]></ISPROPERTYLIST>
<!--CE343F8EA84E4666B2B26DDC6DE97B36-->  <AD_MODULE_ID><![CDATA[D5FD35D6C7604921BA951B7E0EEE5DC2]]></AD_MODULE_ID>
<!--CE343F8EA84E4666B2B26DDC6DE97B36--></AD_PREFERENCE>

<!--D56276E4A9BA41EC9822DF1116E6FDD1--><AD_PREFERENCE>
<!--D56276E4A9BA41EC9822DF1116E6FDD1-->  <AD_PREFERENCE_ID><![CDATA[D56276E4A9BA41EC9822DF1116E6FDD1]]></AD_PREFERENCE_ID>
<!--D56276E4A9BA41EC9822DF1116E6FDD1-->  <AD_CLIENT_ID><![CDATA[0]]></AD_CLIENT_ID>
<!--D56276E4A9BA41EC9822DF1116E6FDD1-->  <AD_ORG_ID><![CDATA[0]]></AD_ORG_ID>
<!--D56276E4A9BA41EC9822DF1116E6FDD1-->  <ISACTIVE><![CDATA[Y]]></ISACTIVE>
<!--D56276E4A9BA41EC9822DF1116E6FDD1-->  <AD_WINDOW_ID><![CDATA[123]]></AD_WINDOW_ID>
<!--D56276E4A9BA41EC9822DF1116E6FDD1-->  <ATTRIBUTE><![CDATA[EM_Hris_Iswindowemployee]]></ATTRIBUTE>
<!--D56276E4A9BA41EC9822DF1116E6FDD1-->  <VALUE><![CDATA[N]]></VALUE>
<!--D56276E4A9BA41EC9822DF1116E6FDD1-->  <ISPROPERTYLIST><![CDATA[N]]></ISPROPERTYLIST>
<!--D56276E4A9BA41EC9822DF1116E6FDD1-->  <AD_MODULE_ID><![CDATA[D5FD35D6C7604921BA951B7E0EEE5DC2]]></AD_MODULE_ID>
<!--D56276E4A9BA41EC9822DF1116E6FDD1--></AD_PREFERENCE>

<!--D6925955A35C482894EC525B8BF1F74A--><AD_PREFERENCE>
<!--D6925955A35C482894EC525B8BF1F74A-->  <AD_PREFERENCE_ID><![CDATA[D6925955A35C482894EC525B8BF1F74A]]></AD_PREFERENCE_ID>
<!--D6925955A35C482894EC525B8BF1F74A-->  <AD_CLIENT_ID><![CDATA[0]]></AD_CLIENT_ID>
<!--D6925955A35C482894EC525B8BF1F74A-->  <AD_ORG_ID><![CDATA[0]]></AD_ORG_ID>
<!--D6925955A35C482894EC525B8BF1F74A-->  <ISACTIVE><![CDATA[Y]]></ISACTIVE>
<!--D6925955A35C482894EC525B8BF1F74A-->  <AD_WINDOW_ID><![CDATA[00F6A69B3C8B4277A1A2A3B2D98C7121]]></AD_WINDOW_ID>
<!--D6925955A35C482894EC525B8BF1F74A-->  <ATTRIBUTE><![CDATA[ForcedLinkWindowC_BPartner]]></ATTRIBUTE>
<!--D6925955A35C482894EC525B8BF1F74A-->  <VALUE><![CDATA[F6C2A66D5D7D42EAA324E2105C24BCEC]]></VALUE>
<!--D6925955A35C482894EC525B8BF1F74A-->  <ISPROPERTYLIST><![CDATA[N]]></ISPROPERTYLIST>
<!--D6925955A35C482894EC525B8BF1F74A-->  <AD_MODULE_ID><![CDATA[D5FD35D6C7604921BA951B7E0EEE5DC2]]></AD_MODULE_ID>
<!--D6925955A35C482894EC525B8BF1F74A--></AD_PREFERENCE>

<!--D876D3FDE27A4F7CA52E5A306C6BB0F0--><AD_PREFERENCE>
<!--D876D3FDE27A4F7CA52E5A306C6BB0F0-->  <AD_PREFERENCE_ID><![CDATA[D876D3FDE27A4F7CA52E5A306C6BB0F0]]></AD_PREFERENCE_ID>
<!--D876D3FDE27A4F7CA52E5A306C6BB0F0-->  <AD_CLIENT_ID><![CDATA[0]]></AD_CLIENT_ID>
<!--D876D3FDE27A4F7CA52E5A306C6BB0F0-->  <AD_ORG_ID><![CDATA[0]]></AD_ORG_ID>
<!--D876D3FDE27A4F7CA52E5A306C6BB0F0-->  <ISACTIVE><![CDATA[Y]]></ISACTIVE>
<!--D876D3FDE27A4F7CA52E5A306C6BB0F0-->  <AD_WINDOW_ID><![CDATA[F71F1E2860D94878AF710DDF5530A9D9]]></AD_WINDOW_ID>
<!--D876D3FDE27A4F7CA52E5A306C6BB0F0-->  <ATTRIBUTE><![CDATA[ForcedLinkWindowC_BPartner]]></ATTRIBUTE>
<!--D876D3FDE27A4F7CA52E5A306C6BB0F0-->  <VALUE><![CDATA[F6C2A66D5D7D42EAA324E2105C24BCEC]]></VALUE>
<!--D876D3FDE27A4F7CA52E5A306C6BB0F0-->  <ISPROPERTYLIST><![CDATA[N]]></ISPROPERTYLIST>
<!--D876D3FDE27A4F7CA52E5A306C6BB0F0-->  <AD_MODULE_ID><![CDATA[D5FD35D6C7604921BA951B7E0EEE5DC2]]></AD_MODULE_ID>
<!--D876D3FDE27A4F7CA52E5A306C6BB0F0--></AD_PREFERENCE>

<!--D8CCD9C21D264F91B3A2B06D243CD08F--><AD_PREFERENCE>
<!--D8CCD9C21D264F91B3A2B06D243CD08F-->  <AD_PREFERENCE_ID><![CDATA[D8CCD9C21D264F91B3A2B06D243CD08F]]></AD_PREFERENCE_ID>
<!--D8CCD9C21D264F91B3A2B06D243CD08F-->  <AD_CLIENT_ID><![CDATA[0]]></AD_CLIENT_ID>
<!--D8CCD9C21D264F91B3A2B06D243CD08F-->  <AD_ORG_ID><![CDATA[0]]></AD_ORG_ID>
<!--D8CCD9C21D264F91B3A2B06D243CD08F-->  <ISACTIVE><![CDATA[Y]]></ISACTIVE>
<!--D8CCD9C21D264F91B3A2B06D243CD08F-->  <AD_WINDOW_ID><![CDATA[7496A3EC1AF14E7797F167F2EFB10922]]></AD_WINDOW_ID>
<!--D8CCD9C21D264F91B3A2B06D243CD08F-->  <ATTRIBUTE><![CDATA[ForcedLinkWindowC_BPartner]]></ATTRIBUTE>
<!--D8CCD9C21D264F91B3A2B06D243CD08F-->  <VALUE><![CDATA[F6C2A66D5D7D42EAA324E2105C24BCEC]]></VALUE>
<!--D8CCD9C21D264F91B3A2B06D243CD08F-->  <ISPROPERTYLIST><![CDATA[N]]></ISPROPERTYLIST>
<!--D8CCD9C21D264F91B3A2B06D243CD08F-->  <AD_MODULE_ID><![CDATA[D5FD35D6C7604921BA951B7E0EEE5DC2]]></AD_MODULE_ID>
<!--D8CCD9C21D264F91B3A2B06D243CD08F--></AD_PREFERENCE>

</data>
