<?xml version="1.0" encoding="UTF-8"?>
<data>
<!--03E56616272845EA9F662AD983F1595F--><AD_PROCESS>
<!--03E56616272845EA9F662AD983F1595F-->  <AD_PROCESS_ID><![CDATA[03E56616272845EA9F662AD983F1595F]]></AD_PROCESS_ID>
<!--03E56616272845EA9F662AD983F1595F-->  <AD_CLIENT_ID><![CDATA[0]]></AD_CLIENT_ID>
<!--03E56616272845EA9F662AD983F1595F-->  <AD_ORG_ID><![CDATA[0]]></AD_ORG_ID>
<!--03E56616272845EA9F662AD983F1595F-->  <ISACTIVE><![CDATA[Y]]></ISACTIVE>
<!--03E56616272845EA9F662AD983F1595F-->  <VALUE><![CDATA[Generate Employee Closure]]></VALUE>
<!--03E56616272845EA9F662AD983F1595F-->  <NAME><![CDATA[Generate Employee Closure]]></NAME>
<!--03E56616272845EA9F662AD983F1595F-->  <DESCRIPTION><![CDATA[Generate Employee Closure]]></DESCRIPTION>
<!--03E56616272845EA9F662AD983F1595F-->  <HELP><![CDATA[update employee hierarchy based on job title. this process should be run after employee transfer completed.]]></HELP>
<!--03E56616272845EA9F662AD983F1595F-->  <ACCESSLEVEL><![CDATA[7]]></ACCESSLEVEL>
<!--03E56616272845EA9F662AD983F1595F-->  <ISUSERSTARTABLE><![CDATA[N]]></ISUSERSTARTABLE>
<!--03E56616272845EA9F662AD983F1595F-->  <ISREPORT><![CDATA[N]]></ISREPORT>
<!--03E56616272845EA9F662AD983F1595F-->  <ISDIRECTPRINT><![CDATA[N]]></ISDIRECTPRINT>
<!--03E56616272845EA9F662AD983F1595F-->  <ISBACKGROUND><![CDATA[N]]></ISBACKGROUND>
<!--03E56616272845EA9F662AD983F1595F-->  <ISJASPER><![CDATA[N]]></ISJASPER>
<!--03E56616272845EA9F662AD983F1595F-->  <ISEXTERNALSERVICE><![CDATA[N]]></ISEXTERNALSERVICE>
<!--03E56616272845EA9F662AD983F1595F-->  <AD_MODULE_ID><![CDATA[D5FD35D6C7604921BA951B7E0EEE5DC2]]></AD_MODULE_ID>
<!--03E56616272845EA9F662AD983F1595F-->  <UIPATTERN><![CDATA[S]]></UIPATTERN>
<!--03E56616272845EA9F662AD983F1595F-->  <ISADVANCEDFEATURE><![CDATA[N]]></ISADVANCEDFEATURE>
<!--03E56616272845EA9F662AD983F1595F-->  <PREVENTCONCURRENT><![CDATA[N]]></PREVENTCONCURRENT>
<!--03E56616272845EA9F662AD983F1595F-->  <IS_EXPLICIT_ACCESS><![CDATA[N]]></IS_EXPLICIT_ACCESS>
<!--03E56616272845EA9F662AD983F1595F-->  <ISKILLABLE><![CDATA[N]]></ISKILLABLE>
<!--03E56616272845EA9F662AD983F1595F--></AD_PROCESS>

<!--07724A96E8344288B8C61A94CCBFFFC9--><AD_PROCESS>
<!--07724A96E8344288B8C61A94CCBFFFC9-->  <AD_PROCESS_ID><![CDATA[07724A96E8344288B8C61A94CCBFFFC9]]></AD_PROCESS_ID>
<!--07724A96E8344288B8C61A94CCBFFFC9-->  <AD_CLIENT_ID><![CDATA[0]]></AD_CLIENT_ID>
<!--07724A96E8344288B8C61A94CCBFFFC9-->  <AD_ORG_ID><![CDATA[0]]></AD_ORG_ID>
<!--07724A96E8344288B8C61A94CCBFFFC9-->  <ISACTIVE><![CDATA[Y]]></ISACTIVE>
<!--07724A96E8344288B8C61A94CCBFFFC9-->  <VALUE><![CDATA[HRIS]]></VALUE>
<!--07724A96E8344288B8C61A94CCBFFFC9-->  <NAME><![CDATA[Employee Card]]></NAME>
<!--07724A96E8344288B8C61A94CCBFFFC9-->  <DESCRIPTION><![CDATA[Employee Card]]></DESCRIPTION>
<!--07724A96E8344288B8C61A94CCBFFFC9-->  <ACCESSLEVEL><![CDATA[3]]></ACCESSLEVEL>
<!--07724A96E8344288B8C61A94CCBFFFC9-->  <ISUSERSTARTABLE><![CDATA[N]]></ISUSERSTARTABLE>
<!--07724A96E8344288B8C61A94CCBFFFC9-->  <ISREPORT><![CDATA[Y]]></ISREPORT>
<!--07724A96E8344288B8C61A94CCBFFFC9-->  <ISDIRECTPRINT><![CDATA[N]]></ISDIRECTPRINT>
<!--07724A96E8344288B8C61A94CCBFFFC9-->  <ISBACKGROUND><![CDATA[N]]></ISBACKGROUND>
<!--07724A96E8344288B8C61A94CCBFFFC9-->  <ISJASPER><![CDATA[N]]></ISJASPER>
<!--07724A96E8344288B8C61A94CCBFFFC9-->  <ISEXTERNALSERVICE><![CDATA[N]]></ISEXTERNALSERVICE>
<!--07724A96E8344288B8C61A94CCBFFFC9-->  <AD_MODULE_ID><![CDATA[D5FD35D6C7604921BA951B7E0EEE5DC2]]></AD_MODULE_ID>
<!--07724A96E8344288B8C61A94CCBFFFC9-->  <UIPATTERN><![CDATA[M]]></UIPATTERN>
<!--07724A96E8344288B8C61A94CCBFFFC9-->  <ISADVANCEDFEATURE><![CDATA[N]]></ISADVANCEDFEATURE>
<!--07724A96E8344288B8C61A94CCBFFFC9-->  <PREVENTCONCURRENT><![CDATA[N]]></PREVENTCONCURRENT>
<!--07724A96E8344288B8C61A94CCBFFFC9-->  <IS_EXPLICIT_ACCESS><![CDATA[N]]></IS_EXPLICIT_ACCESS>
<!--07724A96E8344288B8C61A94CCBFFFC9-->  <ISKILLABLE><![CDATA[N]]></ISKILLABLE>
<!--07724A96E8344288B8C61A94CCBFFFC9--></AD_PROCESS>

<!--0A218C05221F4AD8AF530FAC0548FB09--><AD_PROCESS>
<!--0A218C05221F4AD8AF530FAC0548FB09-->  <AD_PROCESS_ID><![CDATA[0A218C05221F4AD8AF530FAC0548FB09]]></AD_PROCESS_ID>
<!--0A218C05221F4AD8AF530FAC0548FB09-->  <AD_CLIENT_ID><![CDATA[0]]></AD_CLIENT_ID>
<!--0A218C05221F4AD8AF530FAC0548FB09-->  <AD_ORG_ID><![CDATA[0]]></AD_ORG_ID>
<!--0A218C05221F4AD8AF530FAC0548FB09-->  <ISACTIVE><![CDATA[Y]]></ISACTIVE>
<!--0A218C05221F4AD8AF530FAC0548FB09-->  <VALUE><![CDATA[Create Employee]]></VALUE>
<!--0A218C05221F4AD8AF530FAC0548FB09-->  <NAME><![CDATA[Create Employee]]></NAME>
<!--0A218C05221F4AD8AF530FAC0548FB09-->  <DESCRIPTION><![CDATA[Create Employee]]></DESCRIPTION>
<!--0A218C05221F4AD8AF530FAC0548FB09-->  <HELP><![CDATA[Create employee record in employee window based on this recruitment batch]]></HELP>
<!--0A218C05221F4AD8AF530FAC0548FB09-->  <ACCESSLEVEL><![CDATA[3]]></ACCESSLEVEL>
<!--0A218C05221F4AD8AF530FAC0548FB09-->  <ISUSERSTARTABLE><![CDATA[N]]></ISUSERSTARTABLE>
<!--0A218C05221F4AD8AF530FAC0548FB09-->  <ISREPORT><![CDATA[N]]></ISREPORT>
<!--0A218C05221F4AD8AF530FAC0548FB09-->  <ISDIRECTPRINT><![CDATA[N]]></ISDIRECTPRINT>
<!--0A218C05221F4AD8AF530FAC0548FB09-->  <ISBACKGROUND><![CDATA[N]]></ISBACKGROUND>
<!--0A218C05221F4AD8AF530FAC0548FB09-->  <ISJASPER><![CDATA[N]]></ISJASPER>
<!--0A218C05221F4AD8AF530FAC0548FB09-->  <ISEXTERNALSERVICE><![CDATA[N]]></ISEXTERNALSERVICE>
<!--0A218C05221F4AD8AF530FAC0548FB09-->  <AD_MODULE_ID><![CDATA[D5FD35D6C7604921BA951B7E0EEE5DC2]]></AD_MODULE_ID>
<!--0A218C05221F4AD8AF530FAC0548FB09-->  <UIPATTERN><![CDATA[S]]></UIPATTERN>
<!--0A218C05221F4AD8AF530FAC0548FB09-->  <ISADVANCEDFEATURE><![CDATA[N]]></ISADVANCEDFEATURE>
<!--0A218C05221F4AD8AF530FAC0548FB09-->  <PREVENTCONCURRENT><![CDATA[N]]></PREVENTCONCURRENT>
<!--0A218C05221F4AD8AF530FAC0548FB09-->  <IS_EXPLICIT_ACCESS><![CDATA[N]]></IS_EXPLICIT_ACCESS>
<!--0A218C05221F4AD8AF530FAC0548FB09-->  <ISKILLABLE><![CDATA[N]]></ISKILLABLE>
<!--0A218C05221F4AD8AF530FAC0548FB09--></AD_PROCESS>

<!--1511B5CDC40B4F7CBD99EAB57F53AD5E--><AD_PROCESS>
<!--1511B5CDC40B4F7CBD99EAB57F53AD5E-->  <AD_PROCESS_ID><![CDATA[1511B5CDC40B4F7CBD99EAB57F53AD5E]]></AD_PROCESS_ID>
<!--1511B5CDC40B4F7CBD99EAB57F53AD5E-->  <AD_CLIENT_ID><![CDATA[0]]></AD_CLIENT_ID>
<!--1511B5CDC40B4F7CBD99EAB57F53AD5E-->  <AD_ORG_ID><![CDATA[0]]></AD_ORG_ID>
<!--1511B5CDC40B4F7CBD99EAB57F53AD5E-->  <ISACTIVE><![CDATA[Y]]></ISACTIVE>
<!--1511B5CDC40B4F7CBD99EAB57F53AD5E-->  <VALUE><![CDATA[UpdateContactDate]]></VALUE>
<!--1511B5CDC40B4F7CBD99EAB57F53AD5E-->  <NAME><![CDATA[Update Contact Data]]></NAME>
<!--1511B5CDC40B4F7CBD99EAB57F53AD5E-->  <ACCESSLEVEL><![CDATA[3]]></ACCESSLEVEL>
<!--1511B5CDC40B4F7CBD99EAB57F53AD5E-->  <ISUSERSTARTABLE><![CDATA[N]]></ISUSERSTARTABLE>
<!--1511B5CDC40B4F7CBD99EAB57F53AD5E-->  <ISREPORT><![CDATA[N]]></ISREPORT>
<!--1511B5CDC40B4F7CBD99EAB57F53AD5E-->  <ISDIRECTPRINT><![CDATA[N]]></ISDIRECTPRINT>
<!--1511B5CDC40B4F7CBD99EAB57F53AD5E-->  <ISBACKGROUND><![CDATA[N]]></ISBACKGROUND>
<!--1511B5CDC40B4F7CBD99EAB57F53AD5E-->  <ISJASPER><![CDATA[N]]></ISJASPER>
<!--1511B5CDC40B4F7CBD99EAB57F53AD5E-->  <ISEXTERNALSERVICE><![CDATA[N]]></ISEXTERNALSERVICE>
<!--1511B5CDC40B4F7CBD99EAB57F53AD5E-->  <AD_MODULE_ID><![CDATA[D5FD35D6C7604921BA951B7E0EEE5DC2]]></AD_MODULE_ID>
<!--1511B5CDC40B4F7CBD99EAB57F53AD5E-->  <UIPATTERN><![CDATA[S]]></UIPATTERN>
<!--1511B5CDC40B4F7CBD99EAB57F53AD5E-->  <ISADVANCEDFEATURE><![CDATA[N]]></ISADVANCEDFEATURE>
<!--1511B5CDC40B4F7CBD99EAB57F53AD5E-->  <PREVENTCONCURRENT><![CDATA[N]]></PREVENTCONCURRENT>
<!--1511B5CDC40B4F7CBD99EAB57F53AD5E-->  <IS_EXPLICIT_ACCESS><![CDATA[N]]></IS_EXPLICIT_ACCESS>
<!--1511B5CDC40B4F7CBD99EAB57F53AD5E-->  <ISKILLABLE><![CDATA[N]]></ISKILLABLE>
<!--1511B5CDC40B4F7CBD99EAB57F53AD5E--></AD_PROCESS>

<!--151AE91995A24463A7861B81CB403F43--><AD_PROCESS>
<!--151AE91995A24463A7861B81CB403F43-->  <AD_PROCESS_ID><![CDATA[151AE91995A24463A7861B81CB403F43]]></AD_PROCESS_ID>
<!--151AE91995A24463A7861B81CB403F43-->  <AD_CLIENT_ID><![CDATA[0]]></AD_CLIENT_ID>
<!--151AE91995A24463A7861B81CB403F43-->  <AD_ORG_ID><![CDATA[0]]></AD_ORG_ID>
<!--151AE91995A24463A7861B81CB403F43-->  <ISACTIVE><![CDATA[Y]]></ISACTIVE>
<!--151AE91995A24463A7861B81CB403F43-->  <VALUE><![CDATA[HRIS_Competency]]></VALUE>
<!--151AE91995A24463A7861B81CB403F43-->  <NAME><![CDATA[Required Competency Report by Job Title by Personel]]></NAME>
<!--151AE91995A24463A7861B81CB403F43-->  <DESCRIPTION><![CDATA[Required Competency Report by Job Title by Personel]]></DESCRIPTION>
<!--151AE91995A24463A7861B81CB403F43-->  <ACCESSLEVEL><![CDATA[3]]></ACCESSLEVEL>
<!--151AE91995A24463A7861B81CB403F43-->  <ISUSERSTARTABLE><![CDATA[N]]></ISUSERSTARTABLE>
<!--151AE91995A24463A7861B81CB403F43-->  <ISREPORT><![CDATA[N]]></ISREPORT>
<!--151AE91995A24463A7861B81CB403F43-->  <ISDIRECTPRINT><![CDATA[N]]></ISDIRECTPRINT>
<!--151AE91995A24463A7861B81CB403F43-->  <ISBACKGROUND><![CDATA[N]]></ISBACKGROUND>
<!--151AE91995A24463A7861B81CB403F43-->  <ISJASPER><![CDATA[Y]]></ISJASPER>
<!--151AE91995A24463A7861B81CB403F43-->  <JRNAME><![CDATA[@basedesign@/org/wirabumi/hris/employee/master/report/Competency.jrxml]]></JRNAME>
<!--151AE91995A24463A7861B81CB403F43-->  <ISEXTERNALSERVICE><![CDATA[N]]></ISEXTERNALSERVICE>
<!--151AE91995A24463A7861B81CB403F43-->  <AD_MODULE_ID><![CDATA[D5FD35D6C7604921BA951B7E0EEE5DC2]]></AD_MODULE_ID>
<!--151AE91995A24463A7861B81CB403F43-->  <UIPATTERN><![CDATA[S]]></UIPATTERN>
<!--151AE91995A24463A7861B81CB403F43-->  <ISADVANCEDFEATURE><![CDATA[N]]></ISADVANCEDFEATURE>
<!--151AE91995A24463A7861B81CB403F43-->  <PREVENTCONCURRENT><![CDATA[N]]></PREVENTCONCURRENT>
<!--151AE91995A24463A7861B81CB403F43-->  <IS_EXPLICIT_ACCESS><![CDATA[N]]></IS_EXPLICIT_ACCESS>
<!--151AE91995A24463A7861B81CB403F43-->  <ISKILLABLE><![CDATA[N]]></ISKILLABLE>
<!--151AE91995A24463A7861B81CB403F43--></AD_PROCESS>

<!--29954ADED42947329B05E01379B0C8A2--><AD_PROCESS>
<!--29954ADED42947329B05E01379B0C8A2-->  <AD_PROCESS_ID><![CDATA[29954ADED42947329B05E01379B0C8A2]]></AD_PROCESS_ID>
<!--29954ADED42947329B05E01379B0C8A2-->  <AD_CLIENT_ID><![CDATA[0]]></AD_CLIENT_ID>
<!--29954ADED42947329B05E01379B0C8A2-->  <AD_ORG_ID><![CDATA[0]]></AD_ORG_ID>
<!--29954ADED42947329B05E01379B0C8A2-->  <ISACTIVE><![CDATA[Y]]></ISACTIVE>
<!--29954ADED42947329B05E01379B0C8A2-->  <VALUE><![CDATA[HRIS_Training]]></VALUE>
<!--29954ADED42947329B05E01379B0C8A2-->  <NAME><![CDATA[Required Training Report by Job Title by Personel]]></NAME>
<!--29954ADED42947329B05E01379B0C8A2-->  <DESCRIPTION><![CDATA[Required Training Report by Job Title by Personel]]></DESCRIPTION>
<!--29954ADED42947329B05E01379B0C8A2-->  <ACCESSLEVEL><![CDATA[3]]></ACCESSLEVEL>
<!--29954ADED42947329B05E01379B0C8A2-->  <ISUSERSTARTABLE><![CDATA[N]]></ISUSERSTARTABLE>
<!--29954ADED42947329B05E01379B0C8A2-->  <ISREPORT><![CDATA[N]]></ISREPORT>
<!--29954ADED42947329B05E01379B0C8A2-->  <ISDIRECTPRINT><![CDATA[N]]></ISDIRECTPRINT>
<!--29954ADED42947329B05E01379B0C8A2-->  <ISBACKGROUND><![CDATA[N]]></ISBACKGROUND>
<!--29954ADED42947329B05E01379B0C8A2-->  <ISJASPER><![CDATA[Y]]></ISJASPER>
<!--29954ADED42947329B05E01379B0C8A2-->  <JRNAME><![CDATA[@basedesign@/org/wirabumi/hris/employee/master/report/training.jrxml]]></JRNAME>
<!--29954ADED42947329B05E01379B0C8A2-->  <ISEXTERNALSERVICE><![CDATA[N]]></ISEXTERNALSERVICE>
<!--29954ADED42947329B05E01379B0C8A2-->  <AD_MODULE_ID><![CDATA[D5FD35D6C7604921BA951B7E0EEE5DC2]]></AD_MODULE_ID>
<!--29954ADED42947329B05E01379B0C8A2-->  <UIPATTERN><![CDATA[S]]></UIPATTERN>
<!--29954ADED42947329B05E01379B0C8A2-->  <ISADVANCEDFEATURE><![CDATA[N]]></ISADVANCEDFEATURE>
<!--29954ADED42947329B05E01379B0C8A2-->  <PREVENTCONCURRENT><![CDATA[N]]></PREVENTCONCURRENT>
<!--29954ADED42947329B05E01379B0C8A2-->  <IS_EXPLICIT_ACCESS><![CDATA[N]]></IS_EXPLICIT_ACCESS>
<!--29954ADED42947329B05E01379B0C8A2-->  <ISKILLABLE><![CDATA[N]]></ISKILLABLE>
<!--29954ADED42947329B05E01379B0C8A2--></AD_PROCESS>

<!--2CFFB51D2FB04D85B18AAD4C1741FED3--><AD_PROCESS>
<!--2CFFB51D2FB04D85B18AAD4C1741FED3-->  <AD_PROCESS_ID><![CDATA[2CFFB51D2FB04D85B18AAD4C1741FED3]]></AD_PROCESS_ID>
<!--2CFFB51D2FB04D85B18AAD4C1741FED3-->  <AD_CLIENT_ID><![CDATA[0]]></AD_CLIENT_ID>
<!--2CFFB51D2FB04D85B18AAD4C1741FED3-->  <AD_ORG_ID><![CDATA[0]]></AD_ORG_ID>
<!--2CFFB51D2FB04D85B18AAD4C1741FED3-->  <ISACTIVE><![CDATA[Y]]></ISACTIVE>
<!--2CFFB51D2FB04D85B18AAD4C1741FED3-->  <VALUE><![CDATA[HRIS_ARCI]]></VALUE>
<!--2CFFB51D2FB04D85B18AAD4C1741FED3-->  <NAME><![CDATA[ARCI Matrix Report]]></NAME>
<!--2CFFB51D2FB04D85B18AAD4C1741FED3-->  <DESCRIPTION><![CDATA[Print ARCI Matrix]]></DESCRIPTION>
<!--2CFFB51D2FB04D85B18AAD4C1741FED3-->  <HELP><![CDATA[Display ARCI relationship between job title.]]></HELP>
<!--2CFFB51D2FB04D85B18AAD4C1741FED3-->  <ACCESSLEVEL><![CDATA[3]]></ACCESSLEVEL>
<!--2CFFB51D2FB04D85B18AAD4C1741FED3-->  <ISUSERSTARTABLE><![CDATA[N]]></ISUSERSTARTABLE>
<!--2CFFB51D2FB04D85B18AAD4C1741FED3-->  <ISREPORT><![CDATA[N]]></ISREPORT>
<!--2CFFB51D2FB04D85B18AAD4C1741FED3-->  <ISDIRECTPRINT><![CDATA[N]]></ISDIRECTPRINT>
<!--2CFFB51D2FB04D85B18AAD4C1741FED3-->  <ISBACKGROUND><![CDATA[N]]></ISBACKGROUND>
<!--2CFFB51D2FB04D85B18AAD4C1741FED3-->  <ISJASPER><![CDATA[Y]]></ISJASPER>
<!--2CFFB51D2FB04D85B18AAD4C1741FED3-->  <JRNAME><![CDATA[@basedesign@/org/wirabumi/hris/employee/master/report/ARCIMatrix.jrxml]]></JRNAME>
<!--2CFFB51D2FB04D85B18AAD4C1741FED3-->  <ISEXTERNALSERVICE><![CDATA[N]]></ISEXTERNALSERVICE>
<!--2CFFB51D2FB04D85B18AAD4C1741FED3-->  <AD_MODULE_ID><![CDATA[D5FD35D6C7604921BA951B7E0EEE5DC2]]></AD_MODULE_ID>
<!--2CFFB51D2FB04D85B18AAD4C1741FED3-->  <UIPATTERN><![CDATA[S]]></UIPATTERN>
<!--2CFFB51D2FB04D85B18AAD4C1741FED3-->  <ISADVANCEDFEATURE><![CDATA[N]]></ISADVANCEDFEATURE>
<!--2CFFB51D2FB04D85B18AAD4C1741FED3-->  <PREVENTCONCURRENT><![CDATA[N]]></PREVENTCONCURRENT>
<!--2CFFB51D2FB04D85B18AAD4C1741FED3-->  <IS_EXPLICIT_ACCESS><![CDATA[N]]></IS_EXPLICIT_ACCESS>
<!--2CFFB51D2FB04D85B18AAD4C1741FED3-->  <ISKILLABLE><![CDATA[N]]></ISKILLABLE>
<!--2CFFB51D2FB04D85B18AAD4C1741FED3--></AD_PROCESS>

<!--34C1DF029D234BA29FC8DBCBC4AC4B28--><AD_PROCESS>
<!--34C1DF029D234BA29FC8DBCBC4AC4B28-->  <AD_PROCESS_ID><![CDATA[34C1DF029D234BA29FC8DBCBC4AC4B28]]></AD_PROCESS_ID>
<!--34C1DF029D234BA29FC8DBCBC4AC4B28-->  <AD_CLIENT_ID><![CDATA[0]]></AD_CLIENT_ID>
<!--34C1DF029D234BA29FC8DBCBC4AC4B28-->  <AD_ORG_ID><![CDATA[0]]></AD_ORG_ID>
<!--34C1DF029D234BA29FC8DBCBC4AC4B28-->  <ISACTIVE><![CDATA[Y]]></ISACTIVE>
<!--34C1DF029D234BA29FC8DBCBC4AC4B28-->  <VALUE><![CDATA[Generate Measurement]]></VALUE>
<!--34C1DF029D234BA29FC8DBCBC4AC4B28-->  <NAME><![CDATA[Generate Measurement]]></NAME>
<!--34C1DF029D234BA29FC8DBCBC4AC4B28-->  <HELP><![CDATA[Generate Kpi Measurment By Job Title On Employee]]></HELP>
<!--34C1DF029D234BA29FC8DBCBC4AC4B28-->  <ACCESSLEVEL><![CDATA[3]]></ACCESSLEVEL>
<!--34C1DF029D234BA29FC8DBCBC4AC4B28-->  <ISUSERSTARTABLE><![CDATA[N]]></ISUSERSTARTABLE>
<!--34C1DF029D234BA29FC8DBCBC4AC4B28-->  <ISREPORT><![CDATA[N]]></ISREPORT>
<!--34C1DF029D234BA29FC8DBCBC4AC4B28-->  <ISDIRECTPRINT><![CDATA[N]]></ISDIRECTPRINT>
<!--34C1DF029D234BA29FC8DBCBC4AC4B28-->  <ISBACKGROUND><![CDATA[N]]></ISBACKGROUND>
<!--34C1DF029D234BA29FC8DBCBC4AC4B28-->  <ISJASPER><![CDATA[N]]></ISJASPER>
<!--34C1DF029D234BA29FC8DBCBC4AC4B28-->  <ISEXTERNALSERVICE><![CDATA[N]]></ISEXTERNALSERVICE>
<!--34C1DF029D234BA29FC8DBCBC4AC4B28-->  <AD_MODULE_ID><![CDATA[D5FD35D6C7604921BA951B7E0EEE5DC2]]></AD_MODULE_ID>
<!--34C1DF029D234BA29FC8DBCBC4AC4B28-->  <UIPATTERN><![CDATA[S]]></UIPATTERN>
<!--34C1DF029D234BA29FC8DBCBC4AC4B28-->  <ISADVANCEDFEATURE><![CDATA[N]]></ISADVANCEDFEATURE>
<!--34C1DF029D234BA29FC8DBCBC4AC4B28-->  <PREVENTCONCURRENT><![CDATA[N]]></PREVENTCONCURRENT>
<!--34C1DF029D234BA29FC8DBCBC4AC4B28-->  <IS_EXPLICIT_ACCESS><![CDATA[N]]></IS_EXPLICIT_ACCESS>
<!--34C1DF029D234BA29FC8DBCBC4AC4B28-->  <ISKILLABLE><![CDATA[N]]></ISKILLABLE>
<!--34C1DF029D234BA29FC8DBCBC4AC4B28--></AD_PROCESS>

<!--4770A9FF2E724DDD8B59CC914A894DB7--><AD_PROCESS>
<!--4770A9FF2E724DDD8B59CC914A894DB7-->  <AD_PROCESS_ID><![CDATA[4770A9FF2E724DDD8B59CC914A894DB7]]></AD_PROCESS_ID>
<!--4770A9FF2E724DDD8B59CC914A894DB7-->  <AD_CLIENT_ID><![CDATA[0]]></AD_CLIENT_ID>
<!--4770A9FF2E724DDD8B59CC914A894DB7-->  <AD_ORG_ID><![CDATA[0]]></AD_ORG_ID>
<!--4770A9FF2E724DDD8B59CC914A894DB7-->  <ISACTIVE><![CDATA[Y]]></ISACTIVE>
<!--4770A9FF2E724DDD8B59CC914A894DB7-->  <VALUE><![CDATA[MasaKerja]]></VALUE>
<!--4770A9FF2E724DDD8B59CC914A894DB7-->  <NAME><![CDATA[Menghitung Masa Kerja Jabatan]]></NAME>
<!--4770A9FF2E724DDD8B59CC914A894DB7-->  <ACCESSLEVEL><![CDATA[7]]></ACCESSLEVEL>
<!--4770A9FF2E724DDD8B59CC914A894DB7-->  <ISUSERSTARTABLE><![CDATA[N]]></ISUSERSTARTABLE>
<!--4770A9FF2E724DDD8B59CC914A894DB7-->  <ISREPORT><![CDATA[N]]></ISREPORT>
<!--4770A9FF2E724DDD8B59CC914A894DB7-->  <ISDIRECTPRINT><![CDATA[N]]></ISDIRECTPRINT>
<!--4770A9FF2E724DDD8B59CC914A894DB7-->  <CLASSNAME><![CDATA[org.wirabumi.hris.employee.master.ad_process.MasaKerja]]></CLASSNAME>
<!--4770A9FF2E724DDD8B59CC914A894DB7-->  <ISBACKGROUND><![CDATA[Y]]></ISBACKGROUND>
<!--4770A9FF2E724DDD8B59CC914A894DB7-->  <ISJASPER><![CDATA[N]]></ISJASPER>
<!--4770A9FF2E724DDD8B59CC914A894DB7-->  <ISEXTERNALSERVICE><![CDATA[N]]></ISEXTERNALSERVICE>
<!--4770A9FF2E724DDD8B59CC914A894DB7-->  <AD_MODULE_ID><![CDATA[D5FD35D6C7604921BA951B7E0EEE5DC2]]></AD_MODULE_ID>
<!--4770A9FF2E724DDD8B59CC914A894DB7-->  <UIPATTERN><![CDATA[M]]></UIPATTERN>
<!--4770A9FF2E724DDD8B59CC914A894DB7-->  <ISADVANCEDFEATURE><![CDATA[N]]></ISADVANCEDFEATURE>
<!--4770A9FF2E724DDD8B59CC914A894DB7-->  <PREVENTCONCURRENT><![CDATA[N]]></PREVENTCONCURRENT>
<!--4770A9FF2E724DDD8B59CC914A894DB7-->  <IS_EXPLICIT_ACCESS><![CDATA[N]]></IS_EXPLICIT_ACCESS>
<!--4770A9FF2E724DDD8B59CC914A894DB7-->  <ISKILLABLE><![CDATA[N]]></ISKILLABLE>
<!--4770A9FF2E724DDD8B59CC914A894DB7--></AD_PROCESS>

<!--4CD83C2A2470454DA1762133E0744572--><AD_PROCESS>
<!--4CD83C2A2470454DA1762133E0744572-->  <AD_PROCESS_ID><![CDATA[4CD83C2A2470454DA1762133E0744572]]></AD_PROCESS_ID>
<!--4CD83C2A2470454DA1762133E0744572-->  <AD_CLIENT_ID><![CDATA[0]]></AD_CLIENT_ID>
<!--4CD83C2A2470454DA1762133E0744572-->  <AD_ORG_ID><![CDATA[0]]></AD_ORG_ID>
<!--4CD83C2A2470454DA1762133E0744572-->  <ISACTIVE><![CDATA[Y]]></ISACTIVE>
<!--4CD83C2A2470454DA1762133E0744572-->  <VALUE><![CDATA[GenarateKPI]]></VALUE>
<!--4CD83C2A2470454DA1762133E0744572-->  <NAME><![CDATA[Generate KPI Measure]]></NAME>
<!--4CD83C2A2470454DA1762133E0744572-->  <ACCESSLEVEL><![CDATA[3]]></ACCESSLEVEL>
<!--4CD83C2A2470454DA1762133E0744572-->  <ISUSERSTARTABLE><![CDATA[N]]></ISUSERSTARTABLE>
<!--4CD83C2A2470454DA1762133E0744572-->  <ISREPORT><![CDATA[N]]></ISREPORT>
<!--4CD83C2A2470454DA1762133E0744572-->  <ISDIRECTPRINT><![CDATA[N]]></ISDIRECTPRINT>
<!--4CD83C2A2470454DA1762133E0744572-->  <ISBACKGROUND><![CDATA[N]]></ISBACKGROUND>
<!--4CD83C2A2470454DA1762133E0744572-->  <ISJASPER><![CDATA[N]]></ISJASPER>
<!--4CD83C2A2470454DA1762133E0744572-->  <ISEXTERNALSERVICE><![CDATA[N]]></ISEXTERNALSERVICE>
<!--4CD83C2A2470454DA1762133E0744572-->  <AD_MODULE_ID><![CDATA[D5FD35D6C7604921BA951B7E0EEE5DC2]]></AD_MODULE_ID>
<!--4CD83C2A2470454DA1762133E0744572-->  <UIPATTERN><![CDATA[S]]></UIPATTERN>
<!--4CD83C2A2470454DA1762133E0744572-->  <ISADVANCEDFEATURE><![CDATA[N]]></ISADVANCEDFEATURE>
<!--4CD83C2A2470454DA1762133E0744572-->  <PREVENTCONCURRENT><![CDATA[N]]></PREVENTCONCURRENT>
<!--4CD83C2A2470454DA1762133E0744572-->  <IS_EXPLICIT_ACCESS><![CDATA[N]]></IS_EXPLICIT_ACCESS>
<!--4CD83C2A2470454DA1762133E0744572-->  <ISKILLABLE><![CDATA[N]]></ISKILLABLE>
<!--4CD83C2A2470454DA1762133E0744572--></AD_PROCESS>

<!--53A720D166714A208F2B43060E47A049--><AD_PROCESS>
<!--53A720D166714A208F2B43060E47A049-->  <AD_PROCESS_ID><![CDATA[53A720D166714A208F2B43060E47A049]]></AD_PROCESS_ID>
<!--53A720D166714A208F2B43060E47A049-->  <AD_CLIENT_ID><![CDATA[0]]></AD_CLIENT_ID>
<!--53A720D166714A208F2B43060E47A049-->  <AD_ORG_ID><![CDATA[0]]></AD_ORG_ID>
<!--53A720D166714A208F2B43060E47A049-->  <ISACTIVE><![CDATA[Y]]></ISACTIVE>
<!--53A720D166714A208F2B43060E47A049-->  <VALUE><![CDATA[Create Resignation Letter]]></VALUE>
<!--53A720D166714A208F2B43060E47A049-->  <NAME><![CDATA[Create Resignation Letter]]></NAME>
<!--53A720D166714A208F2B43060E47A049-->  <ACCESSLEVEL><![CDATA[3]]></ACCESSLEVEL>
<!--53A720D166714A208F2B43060E47A049-->  <ISUSERSTARTABLE><![CDATA[N]]></ISUSERSTARTABLE>
<!--53A720D166714A208F2B43060E47A049-->  <ISREPORT><![CDATA[N]]></ISREPORT>
<!--53A720D166714A208F2B43060E47A049-->  <ISDIRECTPRINT><![CDATA[N]]></ISDIRECTPRINT>
<!--53A720D166714A208F2B43060E47A049-->  <ISBACKGROUND><![CDATA[N]]></ISBACKGROUND>
<!--53A720D166714A208F2B43060E47A049-->  <ISJASPER><![CDATA[N]]></ISJASPER>
<!--53A720D166714A208F2B43060E47A049-->  <ISEXTERNALSERVICE><![CDATA[N]]></ISEXTERNALSERVICE>
<!--53A720D166714A208F2B43060E47A049-->  <AD_MODULE_ID><![CDATA[D5FD35D6C7604921BA951B7E0EEE5DC2]]></AD_MODULE_ID>
<!--53A720D166714A208F2B43060E47A049-->  <UIPATTERN><![CDATA[S]]></UIPATTERN>
<!--53A720D166714A208F2B43060E47A049-->  <ISADVANCEDFEATURE><![CDATA[N]]></ISADVANCEDFEATURE>
<!--53A720D166714A208F2B43060E47A049-->  <PREVENTCONCURRENT><![CDATA[N]]></PREVENTCONCURRENT>
<!--53A720D166714A208F2B43060E47A049-->  <IS_EXPLICIT_ACCESS><![CDATA[N]]></IS_EXPLICIT_ACCESS>
<!--53A720D166714A208F2B43060E47A049-->  <ISKILLABLE><![CDATA[N]]></ISKILLABLE>
<!--53A720D166714A208F2B43060E47A049--></AD_PROCESS>

<!--547E4F03BBA5495EAF63CA3B31023C48--><AD_PROCESS>
<!--547E4F03BBA5495EAF63CA3B31023C48-->  <AD_PROCESS_ID><![CDATA[547E4F03BBA5495EAF63CA3B31023C48]]></AD_PROCESS_ID>
<!--547E4F03BBA5495EAF63CA3B31023C48-->  <AD_CLIENT_ID><![CDATA[0]]></AD_CLIENT_ID>
<!--547E4F03BBA5495EAF63CA3B31023C48-->  <AD_ORG_ID><![CDATA[0]]></AD_ORG_ID>
<!--547E4F03BBA5495EAF63CA3B31023C48-->  <ISACTIVE><![CDATA[Y]]></ISACTIVE>
<!--547E4F03BBA5495EAF63CA3B31023C48-->  <VALUE><![CDATA[Create Contact Data]]></VALUE>
<!--547E4F03BBA5495EAF63CA3B31023C48-->  <NAME><![CDATA[Create Contact Data]]></NAME>
<!--547E4F03BBA5495EAF63CA3B31023C48-->  <ACCESSLEVEL><![CDATA[3]]></ACCESSLEVEL>
<!--547E4F03BBA5495EAF63CA3B31023C48-->  <ISUSERSTARTABLE><![CDATA[N]]></ISUSERSTARTABLE>
<!--547E4F03BBA5495EAF63CA3B31023C48-->  <ISREPORT><![CDATA[N]]></ISREPORT>
<!--547E4F03BBA5495EAF63CA3B31023C48-->  <ISDIRECTPRINT><![CDATA[N]]></ISDIRECTPRINT>
<!--547E4F03BBA5495EAF63CA3B31023C48-->  <ISBACKGROUND><![CDATA[N]]></ISBACKGROUND>
<!--547E4F03BBA5495EAF63CA3B31023C48-->  <ISJASPER><![CDATA[N]]></ISJASPER>
<!--547E4F03BBA5495EAF63CA3B31023C48-->  <ISEXTERNALSERVICE><![CDATA[N]]></ISEXTERNALSERVICE>
<!--547E4F03BBA5495EAF63CA3B31023C48-->  <AD_MODULE_ID><![CDATA[D5FD35D6C7604921BA951B7E0EEE5DC2]]></AD_MODULE_ID>
<!--547E4F03BBA5495EAF63CA3B31023C48-->  <UIPATTERN><![CDATA[S]]></UIPATTERN>
<!--547E4F03BBA5495EAF63CA3B31023C48-->  <ISADVANCEDFEATURE><![CDATA[N]]></ISADVANCEDFEATURE>
<!--547E4F03BBA5495EAF63CA3B31023C48-->  <PREVENTCONCURRENT><![CDATA[N]]></PREVENTCONCURRENT>
<!--547E4F03BBA5495EAF63CA3B31023C48-->  <IS_EXPLICIT_ACCESS><![CDATA[N]]></IS_EXPLICIT_ACCESS>
<!--547E4F03BBA5495EAF63CA3B31023C48-->  <ISKILLABLE><![CDATA[N]]></ISKILLABLE>
<!--547E4F03BBA5495EAF63CA3B31023C48--></AD_PROCESS>

<!--556420A9A9F746E887227511AF3079AA--><AD_PROCESS>
<!--556420A9A9F746E887227511AF3079AA-->  <AD_PROCESS_ID><![CDATA[556420A9A9F746E887227511AF3079AA]]></AD_PROCESS_ID>
<!--556420A9A9F746E887227511AF3079AA-->  <AD_CLIENT_ID><![CDATA[0]]></AD_CLIENT_ID>
<!--556420A9A9F746E887227511AF3079AA-->  <AD_ORG_ID><![CDATA[0]]></AD_ORG_ID>
<!--556420A9A9F746E887227511AF3079AA-->  <ISACTIVE><![CDATA[Y]]></ISACTIVE>
<!--556420A9A9F746E887227511AF3079AA-->  <VALUE><![CDATA[CreateHistory]]></VALUE>
<!--556420A9A9F746E887227511AF3079AA-->  <NAME><![CDATA[Create History Training]]></NAME>
<!--556420A9A9F746E887227511AF3079AA-->  <ACCESSLEVEL><![CDATA[3]]></ACCESSLEVEL>
<!--556420A9A9F746E887227511AF3079AA-->  <ISUSERSTARTABLE><![CDATA[N]]></ISUSERSTARTABLE>
<!--556420A9A9F746E887227511AF3079AA-->  <ISREPORT><![CDATA[N]]></ISREPORT>
<!--556420A9A9F746E887227511AF3079AA-->  <ISDIRECTPRINT><![CDATA[N]]></ISDIRECTPRINT>
<!--556420A9A9F746E887227511AF3079AA-->  <ISBACKGROUND><![CDATA[N]]></ISBACKGROUND>
<!--556420A9A9F746E887227511AF3079AA-->  <ISJASPER><![CDATA[N]]></ISJASPER>
<!--556420A9A9F746E887227511AF3079AA-->  <ISEXTERNALSERVICE><![CDATA[N]]></ISEXTERNALSERVICE>
<!--556420A9A9F746E887227511AF3079AA-->  <AD_MODULE_ID><![CDATA[D5FD35D6C7604921BA951B7E0EEE5DC2]]></AD_MODULE_ID>
<!--556420A9A9F746E887227511AF3079AA-->  <UIPATTERN><![CDATA[S]]></UIPATTERN>
<!--556420A9A9F746E887227511AF3079AA-->  <ISADVANCEDFEATURE><![CDATA[N]]></ISADVANCEDFEATURE>
<!--556420A9A9F746E887227511AF3079AA-->  <PREVENTCONCURRENT><![CDATA[N]]></PREVENTCONCURRENT>
<!--556420A9A9F746E887227511AF3079AA-->  <IS_EXPLICIT_ACCESS><![CDATA[N]]></IS_EXPLICIT_ACCESS>
<!--556420A9A9F746E887227511AF3079AA-->  <ISKILLABLE><![CDATA[N]]></ISKILLABLE>
<!--556420A9A9F746E887227511AF3079AA--></AD_PROCESS>

<!--5895BF18709A4268A218C519EF4451F3--><AD_PROCESS>
<!--5895BF18709A4268A218C519EF4451F3-->  <AD_PROCESS_ID><![CDATA[5895BF18709A4268A218C519EF4451F3]]></AD_PROCESS_ID>
<!--5895BF18709A4268A218C519EF4451F3-->  <AD_CLIENT_ID><![CDATA[0]]></AD_CLIENT_ID>
<!--5895BF18709A4268A218C519EF4451F3-->  <AD_ORG_ID><![CDATA[0]]></AD_ORG_ID>
<!--5895BF18709A4268A218C519EF4451F3-->  <ISACTIVE><![CDATA[Y]]></ISACTIVE>
<!--5895BF18709A4268A218C519EF4451F3-->  <VALUE><![CDATA[HRIS_Activity]]></VALUE>
<!--5895BF18709A4268A218C519EF4451F3-->  <NAME><![CDATA[ARCI Matrix Activity]]></NAME>
<!--5895BF18709A4268A218C519EF4451F3-->  <DESCRIPTION><![CDATA[ARCI Matrix Activity]]></DESCRIPTION>
<!--5895BF18709A4268A218C519EF4451F3-->  <ACCESSLEVEL><![CDATA[3]]></ACCESSLEVEL>
<!--5895BF18709A4268A218C519EF4451F3-->  <ISUSERSTARTABLE><![CDATA[N]]></ISUSERSTARTABLE>
<!--5895BF18709A4268A218C519EF4451F3-->  <ISREPORT><![CDATA[Y]]></ISREPORT>
<!--5895BF18709A4268A218C519EF4451F3-->  <ISDIRECTPRINT><![CDATA[N]]></ISDIRECTPRINT>
<!--5895BF18709A4268A218C519EF4451F3-->  <ISBACKGROUND><![CDATA[N]]></ISBACKGROUND>
<!--5895BF18709A4268A218C519EF4451F3-->  <ISJASPER><![CDATA[N]]></ISJASPER>
<!--5895BF18709A4268A218C519EF4451F3-->  <ISEXTERNALSERVICE><![CDATA[N]]></ISEXTERNALSERVICE>
<!--5895BF18709A4268A218C519EF4451F3-->  <AD_MODULE_ID><![CDATA[D5FD35D6C7604921BA951B7E0EEE5DC2]]></AD_MODULE_ID>
<!--5895BF18709A4268A218C519EF4451F3-->  <UIPATTERN><![CDATA[M]]></UIPATTERN>
<!--5895BF18709A4268A218C519EF4451F3-->  <ISADVANCEDFEATURE><![CDATA[N]]></ISADVANCEDFEATURE>
<!--5895BF18709A4268A218C519EF4451F3-->  <PREVENTCONCURRENT><![CDATA[N]]></PREVENTCONCURRENT>
<!--5895BF18709A4268A218C519EF4451F3-->  <IS_EXPLICIT_ACCESS><![CDATA[N]]></IS_EXPLICIT_ACCESS>
<!--5895BF18709A4268A218C519EF4451F3-->  <ISKILLABLE><![CDATA[N]]></ISKILLABLE>
<!--5895BF18709A4268A218C519EF4451F3--></AD_PROCESS>

<!--62525FB7D809411C98C7AE053BBC3676--><AD_PROCESS>
<!--62525FB7D809411C98C7AE053BBC3676-->  <AD_PROCESS_ID><![CDATA[62525FB7D809411C98C7AE053BBC3676]]></AD_PROCESS_ID>
<!--62525FB7D809411C98C7AE053BBC3676-->  <AD_CLIENT_ID><![CDATA[0]]></AD_CLIENT_ID>
<!--62525FB7D809411C98C7AE053BBC3676-->  <AD_ORG_ID><![CDATA[0]]></AD_ORG_ID>
<!--62525FB7D809411C98C7AE053BBC3676-->  <ISACTIVE><![CDATA[Y]]></ISACTIVE>
<!--62525FB7D809411C98C7AE053BBC3676-->  <VALUE><![CDATA[Crete Dependency Member]]></VALUE>
<!--62525FB7D809411C98C7AE053BBC3676-->  <NAME><![CDATA[Crete Dependency Member]]></NAME>
<!--62525FB7D809411C98C7AE053BBC3676-->  <ACCESSLEVEL><![CDATA[3]]></ACCESSLEVEL>
<!--62525FB7D809411C98C7AE053BBC3676-->  <ISUSERSTARTABLE><![CDATA[N]]></ISUSERSTARTABLE>
<!--62525FB7D809411C98C7AE053BBC3676-->  <ISREPORT><![CDATA[N]]></ISREPORT>
<!--62525FB7D809411C98C7AE053BBC3676-->  <ISDIRECTPRINT><![CDATA[N]]></ISDIRECTPRINT>
<!--62525FB7D809411C98C7AE053BBC3676-->  <ISBACKGROUND><![CDATA[N]]></ISBACKGROUND>
<!--62525FB7D809411C98C7AE053BBC3676-->  <ISJASPER><![CDATA[N]]></ISJASPER>
<!--62525FB7D809411C98C7AE053BBC3676-->  <ISEXTERNALSERVICE><![CDATA[N]]></ISEXTERNALSERVICE>
<!--62525FB7D809411C98C7AE053BBC3676-->  <AD_MODULE_ID><![CDATA[D5FD35D6C7604921BA951B7E0EEE5DC2]]></AD_MODULE_ID>
<!--62525FB7D809411C98C7AE053BBC3676-->  <UIPATTERN><![CDATA[S]]></UIPATTERN>
<!--62525FB7D809411C98C7AE053BBC3676-->  <ISADVANCEDFEATURE><![CDATA[N]]></ISADVANCEDFEATURE>
<!--62525FB7D809411C98C7AE053BBC3676-->  <PREVENTCONCURRENT><![CDATA[N]]></PREVENTCONCURRENT>
<!--62525FB7D809411C98C7AE053BBC3676-->  <IS_EXPLICIT_ACCESS><![CDATA[N]]></IS_EXPLICIT_ACCESS>
<!--62525FB7D809411C98C7AE053BBC3676-->  <ISKILLABLE><![CDATA[N]]></ISKILLABLE>
<!--62525FB7D809411C98C7AE053BBC3676--></AD_PROCESS>

<!--6327905FF65D4D42A3A667B8ADE5380D--><AD_PROCESS>
<!--6327905FF65D4D42A3A667B8ADE5380D-->  <AD_PROCESS_ID><![CDATA[6327905FF65D4D42A3A667B8ADE5380D]]></AD_PROCESS_ID>
<!--6327905FF65D4D42A3A667B8ADE5380D-->  <AD_CLIENT_ID><![CDATA[0]]></AD_CLIENT_ID>
<!--6327905FF65D4D42A3A667B8ADE5380D-->  <AD_ORG_ID><![CDATA[0]]></AD_ORG_ID>
<!--6327905FF65D4D42A3A667B8ADE5380D-->  <ISACTIVE><![CDATA[Y]]></ISACTIVE>
<!--6327905FF65D4D42A3A667B8ADE5380D-->  <VALUE><![CDATA[HRIS_CompetencyByEmployee]]></VALUE>
<!--6327905FF65D4D42A3A667B8ADE5380D-->  <NAME><![CDATA[Competency By Employee]]></NAME>
<!--6327905FF65D4D42A3A667B8ADE5380D-->  <ACCESSLEVEL><![CDATA[3]]></ACCESSLEVEL>
<!--6327905FF65D4D42A3A667B8ADE5380D-->  <ISUSERSTARTABLE><![CDATA[N]]></ISUSERSTARTABLE>
<!--6327905FF65D4D42A3A667B8ADE5380D-->  <ISREPORT><![CDATA[N]]></ISREPORT>
<!--6327905FF65D4D42A3A667B8ADE5380D-->  <ISDIRECTPRINT><![CDATA[N]]></ISDIRECTPRINT>
<!--6327905FF65D4D42A3A667B8ADE5380D-->  <ISBACKGROUND><![CDATA[N]]></ISBACKGROUND>
<!--6327905FF65D4D42A3A667B8ADE5380D-->  <ISJASPER><![CDATA[Y]]></ISJASPER>
<!--6327905FF65D4D42A3A667B8ADE5380D-->  <JRNAME><![CDATA[@basedesign@/org/wirabumi/hris/employee/master/report/CompetencyBy_Employee.jrxml]]></JRNAME>
<!--6327905FF65D4D42A3A667B8ADE5380D-->  <ISEXTERNALSERVICE><![CDATA[N]]></ISEXTERNALSERVICE>
<!--6327905FF65D4D42A3A667B8ADE5380D-->  <AD_MODULE_ID><![CDATA[D5FD35D6C7604921BA951B7E0EEE5DC2]]></AD_MODULE_ID>
<!--6327905FF65D4D42A3A667B8ADE5380D-->  <UIPATTERN><![CDATA[S]]></UIPATTERN>
<!--6327905FF65D4D42A3A667B8ADE5380D-->  <ISADVANCEDFEATURE><![CDATA[N]]></ISADVANCEDFEATURE>
<!--6327905FF65D4D42A3A667B8ADE5380D-->  <PREVENTCONCURRENT><![CDATA[N]]></PREVENTCONCURRENT>
<!--6327905FF65D4D42A3A667B8ADE5380D-->  <IS_EXPLICIT_ACCESS><![CDATA[N]]></IS_EXPLICIT_ACCESS>
<!--6327905FF65D4D42A3A667B8ADE5380D-->  <ISKILLABLE><![CDATA[N]]></ISKILLABLE>
<!--6327905FF65D4D42A3A667B8ADE5380D--></AD_PROCESS>

<!--7D1FD4B0FCBB4CC698DD502C8BB4DC4F--><AD_PROCESS>
<!--7D1FD4B0FCBB4CC698DD502C8BB4DC4F-->  <AD_PROCESS_ID><![CDATA[7D1FD4B0FCBB4CC698DD502C8BB4DC4F]]></AD_PROCESS_ID>
<!--7D1FD4B0FCBB4CC698DD502C8BB4DC4F-->  <AD_CLIENT_ID><![CDATA[0]]></AD_CLIENT_ID>
<!--7D1FD4B0FCBB4CC698DD502C8BB4DC4F-->  <AD_ORG_ID><![CDATA[0]]></AD_ORG_ID>
<!--7D1FD4B0FCBB4CC698DD502C8BB4DC4F-->  <ISACTIVE><![CDATA[Y]]></ISACTIVE>
<!--7D1FD4B0FCBB4CC698DD502C8BB4DC4F-->  <VALUE><![CDATA[Import Employee Candidate]]></VALUE>
<!--7D1FD4B0FCBB4CC698DD502C8BB4DC4F-->  <NAME><![CDATA[Import Employee Candidate]]></NAME>
<!--7D1FD4B0FCBB4CC698DD502C8BB4DC4F-->  <ACCESSLEVEL><![CDATA[3]]></ACCESSLEVEL>
<!--7D1FD4B0FCBB4CC698DD502C8BB4DC4F-->  <ISUSERSTARTABLE><![CDATA[N]]></ISUSERSTARTABLE>
<!--7D1FD4B0FCBB4CC698DD502C8BB4DC4F-->  <ISREPORT><![CDATA[N]]></ISREPORT>
<!--7D1FD4B0FCBB4CC698DD502C8BB4DC4F-->  <ISDIRECTPRINT><![CDATA[N]]></ISDIRECTPRINT>
<!--7D1FD4B0FCBB4CC698DD502C8BB4DC4F-->  <ISBACKGROUND><![CDATA[N]]></ISBACKGROUND>
<!--7D1FD4B0FCBB4CC698DD502C8BB4DC4F-->  <ISJASPER><![CDATA[N]]></ISJASPER>
<!--7D1FD4B0FCBB4CC698DD502C8BB4DC4F-->  <ISEXTERNALSERVICE><![CDATA[N]]></ISEXTERNALSERVICE>
<!--7D1FD4B0FCBB4CC698DD502C8BB4DC4F-->  <AD_MODULE_ID><![CDATA[D5FD35D6C7604921BA951B7E0EEE5DC2]]></AD_MODULE_ID>
<!--7D1FD4B0FCBB4CC698DD502C8BB4DC4F-->  <UIPATTERN><![CDATA[S]]></UIPATTERN>
<!--7D1FD4B0FCBB4CC698DD502C8BB4DC4F-->  <ISADVANCEDFEATURE><![CDATA[N]]></ISADVANCEDFEATURE>
<!--7D1FD4B0FCBB4CC698DD502C8BB4DC4F-->  <PREVENTCONCURRENT><![CDATA[N]]></PREVENTCONCURRENT>
<!--7D1FD4B0FCBB4CC698DD502C8BB4DC4F-->  <IS_EXPLICIT_ACCESS><![CDATA[N]]></IS_EXPLICIT_ACCESS>
<!--7D1FD4B0FCBB4CC698DD502C8BB4DC4F-->  <ISKILLABLE><![CDATA[N]]></ISKILLABLE>
<!--7D1FD4B0FCBB4CC698DD502C8BB4DC4F--></AD_PROCESS>

<!--8FF5F2A36A9443AFB97DE34AC5E4E9DC--><AD_PROCESS>
<!--8FF5F2A36A9443AFB97DE34AC5E4E9DC-->  <AD_PROCESS_ID><![CDATA[8FF5F2A36A9443AFB97DE34AC5E4E9DC]]></AD_PROCESS_ID>
<!--8FF5F2A36A9443AFB97DE34AC5E4E9DC-->  <AD_CLIENT_ID><![CDATA[0]]></AD_CLIENT_ID>
<!--8FF5F2A36A9443AFB97DE34AC5E4E9DC-->  <AD_ORG_ID><![CDATA[0]]></AD_ORG_ID>
<!--8FF5F2A36A9443AFB97DE34AC5E4E9DC-->  <ISACTIVE><![CDATA[Y]]></ISACTIVE>
<!--8FF5F2A36A9443AFB97DE34AC5E4E9DC-->  <VALUE><![CDATA[hris_age]]></VALUE>
<!--8FF5F2A36A9443AFB97DE34AC5E4E9DC-->  <NAME><![CDATA[Update Usia dan Masa Kerja Karyawan]]></NAME>
<!--8FF5F2A36A9443AFB97DE34AC5E4E9DC-->  <DESCRIPTION><![CDATA[Update Usia dan Masa Kerja Karyawan]]></DESCRIPTION>
<!--8FF5F2A36A9443AFB97DE34AC5E4E9DC-->  <ACCESSLEVEL><![CDATA[3]]></ACCESSLEVEL>
<!--8FF5F2A36A9443AFB97DE34AC5E4E9DC-->  <ISUSERSTARTABLE><![CDATA[N]]></ISUSERSTARTABLE>
<!--8FF5F2A36A9443AFB97DE34AC5E4E9DC-->  <ISREPORT><![CDATA[N]]></ISREPORT>
<!--8FF5F2A36A9443AFB97DE34AC5E4E9DC-->  <ISDIRECTPRINT><![CDATA[N]]></ISDIRECTPRINT>
<!--8FF5F2A36A9443AFB97DE34AC5E4E9DC-->  <CLASSNAME><![CDATA[org.wirabumi.hris.employee.master.ad_process.UpdateAgeEmployee]]></CLASSNAME>
<!--8FF5F2A36A9443AFB97DE34AC5E4E9DC-->  <ISBACKGROUND><![CDATA[Y]]></ISBACKGROUND>
<!--8FF5F2A36A9443AFB97DE34AC5E4E9DC-->  <ISJASPER><![CDATA[N]]></ISJASPER>
<!--8FF5F2A36A9443AFB97DE34AC5E4E9DC-->  <ISEXTERNALSERVICE><![CDATA[N]]></ISEXTERNALSERVICE>
<!--8FF5F2A36A9443AFB97DE34AC5E4E9DC-->  <AD_MODULE_ID><![CDATA[D5FD35D6C7604921BA951B7E0EEE5DC2]]></AD_MODULE_ID>
<!--8FF5F2A36A9443AFB97DE34AC5E4E9DC-->  <UIPATTERN><![CDATA[M]]></UIPATTERN>
<!--8FF5F2A36A9443AFB97DE34AC5E4E9DC-->  <ISADVANCEDFEATURE><![CDATA[N]]></ISADVANCEDFEATURE>
<!--8FF5F2A36A9443AFB97DE34AC5E4E9DC-->  <PREVENTCONCURRENT><![CDATA[N]]></PREVENTCONCURRENT>
<!--8FF5F2A36A9443AFB97DE34AC5E4E9DC-->  <IS_EXPLICIT_ACCESS><![CDATA[N]]></IS_EXPLICIT_ACCESS>
<!--8FF5F2A36A9443AFB97DE34AC5E4E9DC-->  <ISKILLABLE><![CDATA[N]]></ISKILLABLE>
<!--8FF5F2A36A9443AFB97DE34AC5E4E9DC--></AD_PROCESS>

<!--9E673FD989FB49779E7E9B3DFB58040D--><AD_PROCESS>
<!--9E673FD989FB49779E7E9B3DFB58040D-->  <AD_PROCESS_ID><![CDATA[9E673FD989FB49779E7E9B3DFB58040D]]></AD_PROCESS_ID>
<!--9E673FD989FB49779E7E9B3DFB58040D-->  <AD_CLIENT_ID><![CDATA[0]]></AD_CLIENT_ID>
<!--9E673FD989FB49779E7E9B3DFB58040D-->  <AD_ORG_ID><![CDATA[0]]></AD_ORG_ID>
<!--9E673FD989FB49779E7E9B3DFB58040D-->  <ISACTIVE><![CDATA[Y]]></ISACTIVE>
<!--9E673FD989FB49779E7E9B3DFB58040D-->  <VALUE><![CDATA[CreatePunishment]]></VALUE>
<!--9E673FD989FB49779E7E9B3DFB58040D-->  <NAME><![CDATA[Create Punishment]]></NAME>
<!--9E673FD989FB49779E7E9B3DFB58040D-->  <ACCESSLEVEL><![CDATA[3]]></ACCESSLEVEL>
<!--9E673FD989FB49779E7E9B3DFB58040D-->  <ISUSERSTARTABLE><![CDATA[N]]></ISUSERSTARTABLE>
<!--9E673FD989FB49779E7E9B3DFB58040D-->  <ISREPORT><![CDATA[N]]></ISREPORT>
<!--9E673FD989FB49779E7E9B3DFB58040D-->  <ISDIRECTPRINT><![CDATA[N]]></ISDIRECTPRINT>
<!--9E673FD989FB49779E7E9B3DFB58040D-->  <ISBACKGROUND><![CDATA[N]]></ISBACKGROUND>
<!--9E673FD989FB49779E7E9B3DFB58040D-->  <ISJASPER><![CDATA[N]]></ISJASPER>
<!--9E673FD989FB49779E7E9B3DFB58040D-->  <ISEXTERNALSERVICE><![CDATA[N]]></ISEXTERNALSERVICE>
<!--9E673FD989FB49779E7E9B3DFB58040D-->  <AD_MODULE_ID><![CDATA[D5FD35D6C7604921BA951B7E0EEE5DC2]]></AD_MODULE_ID>
<!--9E673FD989FB49779E7E9B3DFB58040D-->  <UIPATTERN><![CDATA[S]]></UIPATTERN>
<!--9E673FD989FB49779E7E9B3DFB58040D-->  <ISADVANCEDFEATURE><![CDATA[N]]></ISADVANCEDFEATURE>
<!--9E673FD989FB49779E7E9B3DFB58040D-->  <PREVENTCONCURRENT><![CDATA[N]]></PREVENTCONCURRENT>
<!--9E673FD989FB49779E7E9B3DFB58040D-->  <IS_EXPLICIT_ACCESS><![CDATA[N]]></IS_EXPLICIT_ACCESS>
<!--9E673FD989FB49779E7E9B3DFB58040D-->  <ISKILLABLE><![CDATA[N]]></ISKILLABLE>
<!--9E673FD989FB49779E7E9B3DFB58040D--></AD_PROCESS>

<!--ABA6FABCB88F4CD4976DD34BBAA3F226--><AD_PROCESS>
<!--ABA6FABCB88F4CD4976DD34BBAA3F226-->  <AD_PROCESS_ID><![CDATA[ABA6FABCB88F4CD4976DD34BBAA3F226]]></AD_PROCESS_ID>
<!--ABA6FABCB88F4CD4976DD34BBAA3F226-->  <AD_CLIENT_ID><![CDATA[0]]></AD_CLIENT_ID>
<!--ABA6FABCB88F4CD4976DD34BBAA3F226-->  <AD_ORG_ID><![CDATA[0]]></AD_ORG_ID>
<!--ABA6FABCB88F4CD4976DD34BBAA3F226-->  <ISACTIVE><![CDATA[Y]]></ISACTIVE>
<!--ABA6FABCB88F4CD4976DD34BBAA3F226-->  <VALUE><![CDATA[Create First Contract]]></VALUE>
<!--ABA6FABCB88F4CD4976DD34BBAA3F226-->  <NAME><![CDATA[Create First Contract]]></NAME>
<!--ABA6FABCB88F4CD4976DD34BBAA3F226-->  <ACCESSLEVEL><![CDATA[3]]></ACCESSLEVEL>
<!--ABA6FABCB88F4CD4976DD34BBAA3F226-->  <ISUSERSTARTABLE><![CDATA[N]]></ISUSERSTARTABLE>
<!--ABA6FABCB88F4CD4976DD34BBAA3F226-->  <ISREPORT><![CDATA[N]]></ISREPORT>
<!--ABA6FABCB88F4CD4976DD34BBAA3F226-->  <ISDIRECTPRINT><![CDATA[N]]></ISDIRECTPRINT>
<!--ABA6FABCB88F4CD4976DD34BBAA3F226-->  <ISBACKGROUND><![CDATA[N]]></ISBACKGROUND>
<!--ABA6FABCB88F4CD4976DD34BBAA3F226-->  <ISJASPER><![CDATA[N]]></ISJASPER>
<!--ABA6FABCB88F4CD4976DD34BBAA3F226-->  <ISEXTERNALSERVICE><![CDATA[N]]></ISEXTERNALSERVICE>
<!--ABA6FABCB88F4CD4976DD34BBAA3F226-->  <AD_MODULE_ID><![CDATA[D5FD35D6C7604921BA951B7E0EEE5DC2]]></AD_MODULE_ID>
<!--ABA6FABCB88F4CD4976DD34BBAA3F226-->  <UIPATTERN><![CDATA[S]]></UIPATTERN>
<!--ABA6FABCB88F4CD4976DD34BBAA3F226-->  <ISADVANCEDFEATURE><![CDATA[N]]></ISADVANCEDFEATURE>
<!--ABA6FABCB88F4CD4976DD34BBAA3F226-->  <PREVENTCONCURRENT><![CDATA[N]]></PREVENTCONCURRENT>
<!--ABA6FABCB88F4CD4976DD34BBAA3F226-->  <IS_EXPLICIT_ACCESS><![CDATA[N]]></IS_EXPLICIT_ACCESS>
<!--ABA6FABCB88F4CD4976DD34BBAA3F226-->  <ISKILLABLE><![CDATA[N]]></ISKILLABLE>
<!--ABA6FABCB88F4CD4976DD34BBAA3F226--></AD_PROCESS>

<!--BC22C0CB91014A6CB8AEA65E2460F003--><AD_PROCESS>
<!--BC22C0CB91014A6CB8AEA65E2460F003-->  <AD_PROCESS_ID><![CDATA[BC22C0CB91014A6CB8AEA65E2460F003]]></AD_PROCESS_ID>
<!--BC22C0CB91014A6CB8AEA65E2460F003-->  <AD_CLIENT_ID><![CDATA[0]]></AD_CLIENT_ID>
<!--BC22C0CB91014A6CB8AEA65E2460F003-->  <AD_ORG_ID><![CDATA[0]]></AD_ORG_ID>
<!--BC22C0CB91014A6CB8AEA65E2460F003-->  <ISACTIVE><![CDATA[Y]]></ISACTIVE>
<!--BC22C0CB91014A6CB8AEA65E2460F003-->  <VALUE><![CDATA[Create Retirement Letter]]></VALUE>
<!--BC22C0CB91014A6CB8AEA65E2460F003-->  <NAME><![CDATA[Create Retirement Letter]]></NAME>
<!--BC22C0CB91014A6CB8AEA65E2460F003-->  <ACCESSLEVEL><![CDATA[3]]></ACCESSLEVEL>
<!--BC22C0CB91014A6CB8AEA65E2460F003-->  <ISUSERSTARTABLE><![CDATA[N]]></ISUSERSTARTABLE>
<!--BC22C0CB91014A6CB8AEA65E2460F003-->  <ISREPORT><![CDATA[N]]></ISREPORT>
<!--BC22C0CB91014A6CB8AEA65E2460F003-->  <ISDIRECTPRINT><![CDATA[N]]></ISDIRECTPRINT>
<!--BC22C0CB91014A6CB8AEA65E2460F003-->  <ISBACKGROUND><![CDATA[N]]></ISBACKGROUND>
<!--BC22C0CB91014A6CB8AEA65E2460F003-->  <ISJASPER><![CDATA[N]]></ISJASPER>
<!--BC22C0CB91014A6CB8AEA65E2460F003-->  <ISEXTERNALSERVICE><![CDATA[N]]></ISEXTERNALSERVICE>
<!--BC22C0CB91014A6CB8AEA65E2460F003-->  <AD_MODULE_ID><![CDATA[D5FD35D6C7604921BA951B7E0EEE5DC2]]></AD_MODULE_ID>
<!--BC22C0CB91014A6CB8AEA65E2460F003-->  <UIPATTERN><![CDATA[S]]></UIPATTERN>
<!--BC22C0CB91014A6CB8AEA65E2460F003-->  <ISADVANCEDFEATURE><![CDATA[N]]></ISADVANCEDFEATURE>
<!--BC22C0CB91014A6CB8AEA65E2460F003-->  <PREVENTCONCURRENT><![CDATA[N]]></PREVENTCONCURRENT>
<!--BC22C0CB91014A6CB8AEA65E2460F003-->  <IS_EXPLICIT_ACCESS><![CDATA[N]]></IS_EXPLICIT_ACCESS>
<!--BC22C0CB91014A6CB8AEA65E2460F003-->  <ISKILLABLE><![CDATA[N]]></ISKILLABLE>
<!--BC22C0CB91014A6CB8AEA65E2460F003--></AD_PROCESS>

<!--C384DFB29934414B84ED4204CE8B8F10--><AD_PROCESS>
<!--C384DFB29934414B84ED4204CE8B8F10-->  <AD_PROCESS_ID><![CDATA[C384DFB29934414B84ED4204CE8B8F10]]></AD_PROCESS_ID>
<!--C384DFB29934414B84ED4204CE8B8F10-->  <AD_CLIENT_ID><![CDATA[0]]></AD_CLIENT_ID>
<!--C384DFB29934414B84ED4204CE8B8F10-->  <AD_ORG_ID><![CDATA[0]]></AD_ORG_ID>
<!--C384DFB29934414B84ED4204CE8B8F10-->  <ISACTIVE><![CDATA[Y]]></ISACTIVE>
<!--C384DFB29934414B84ED4204CE8B8F10-->  <VALUE><![CDATA[KPI Approval]]></VALUE>
<!--C384DFB29934414B84ED4204CE8B8F10-->  <NAME><![CDATA[KPI Approval]]></NAME>
<!--C384DFB29934414B84ED4204CE8B8F10-->  <ACCESSLEVEL><![CDATA[3]]></ACCESSLEVEL>
<!--C384DFB29934414B84ED4204CE8B8F10-->  <ISUSERSTARTABLE><![CDATA[N]]></ISUSERSTARTABLE>
<!--C384DFB29934414B84ED4204CE8B8F10-->  <ISREPORT><![CDATA[N]]></ISREPORT>
<!--C384DFB29934414B84ED4204CE8B8F10-->  <ISDIRECTPRINT><![CDATA[N]]></ISDIRECTPRINT>
<!--C384DFB29934414B84ED4204CE8B8F10-->  <ISBACKGROUND><![CDATA[N]]></ISBACKGROUND>
<!--C384DFB29934414B84ED4204CE8B8F10-->  <ISJASPER><![CDATA[N]]></ISJASPER>
<!--C384DFB29934414B84ED4204CE8B8F10-->  <ISEXTERNALSERVICE><![CDATA[N]]></ISEXTERNALSERVICE>
<!--C384DFB29934414B84ED4204CE8B8F10-->  <AD_MODULE_ID><![CDATA[D5FD35D6C7604921BA951B7E0EEE5DC2]]></AD_MODULE_ID>
<!--C384DFB29934414B84ED4204CE8B8F10-->  <UIPATTERN><![CDATA[S]]></UIPATTERN>
<!--C384DFB29934414B84ED4204CE8B8F10-->  <ISADVANCEDFEATURE><![CDATA[N]]></ISADVANCEDFEATURE>
<!--C384DFB29934414B84ED4204CE8B8F10-->  <PREVENTCONCURRENT><![CDATA[N]]></PREVENTCONCURRENT>
<!--C384DFB29934414B84ED4204CE8B8F10-->  <IS_EXPLICIT_ACCESS><![CDATA[N]]></IS_EXPLICIT_ACCESS>
<!--C384DFB29934414B84ED4204CE8B8F10-->  <ISKILLABLE><![CDATA[N]]></ISKILLABLE>
<!--C384DFB29934414B84ED4204CE8B8F10--></AD_PROCESS>

<!--CCA562AC11004AE0AA35D2CA54CE8B3A--><AD_PROCESS>
<!--CCA562AC11004AE0AA35D2CA54CE8B3A-->  <AD_PROCESS_ID><![CDATA[CCA562AC11004AE0AA35D2CA54CE8B3A]]></AD_PROCESS_ID>
<!--CCA562AC11004AE0AA35D2CA54CE8B3A-->  <AD_CLIENT_ID><![CDATA[0]]></AD_CLIENT_ID>
<!--CCA562AC11004AE0AA35D2CA54CE8B3A-->  <AD_ORG_ID><![CDATA[0]]></AD_ORG_ID>
<!--CCA562AC11004AE0AA35D2CA54CE8B3A-->  <ISACTIVE><![CDATA[Y]]></ISACTIVE>
<!--CCA562AC11004AE0AA35D2CA54CE8B3A-->  <VALUE><![CDATA[Create Employee Transfer Leter]]></VALUE>
<!--CCA562AC11004AE0AA35D2CA54CE8B3A-->  <NAME><![CDATA[Create Employee Transfer Leter]]></NAME>
<!--CCA562AC11004AE0AA35D2CA54CE8B3A-->  <ACCESSLEVEL><![CDATA[3]]></ACCESSLEVEL>
<!--CCA562AC11004AE0AA35D2CA54CE8B3A-->  <ISUSERSTARTABLE><![CDATA[N]]></ISUSERSTARTABLE>
<!--CCA562AC11004AE0AA35D2CA54CE8B3A-->  <ISREPORT><![CDATA[N]]></ISREPORT>
<!--CCA562AC11004AE0AA35D2CA54CE8B3A-->  <ISDIRECTPRINT><![CDATA[N]]></ISDIRECTPRINT>
<!--CCA562AC11004AE0AA35D2CA54CE8B3A-->  <ISBACKGROUND><![CDATA[N]]></ISBACKGROUND>
<!--CCA562AC11004AE0AA35D2CA54CE8B3A-->  <ISJASPER><![CDATA[N]]></ISJASPER>
<!--CCA562AC11004AE0AA35D2CA54CE8B3A-->  <ISEXTERNALSERVICE><![CDATA[N]]></ISEXTERNALSERVICE>
<!--CCA562AC11004AE0AA35D2CA54CE8B3A-->  <AD_MODULE_ID><![CDATA[D5FD35D6C7604921BA951B7E0EEE5DC2]]></AD_MODULE_ID>
<!--CCA562AC11004AE0AA35D2CA54CE8B3A-->  <UIPATTERN><![CDATA[S]]></UIPATTERN>
<!--CCA562AC11004AE0AA35D2CA54CE8B3A-->  <ISADVANCEDFEATURE><![CDATA[N]]></ISADVANCEDFEATURE>
<!--CCA562AC11004AE0AA35D2CA54CE8B3A-->  <PREVENTCONCURRENT><![CDATA[N]]></PREVENTCONCURRENT>
<!--CCA562AC11004AE0AA35D2CA54CE8B3A-->  <IS_EXPLICIT_ACCESS><![CDATA[N]]></IS_EXPLICIT_ACCESS>
<!--CCA562AC11004AE0AA35D2CA54CE8B3A-->  <ISKILLABLE><![CDATA[N]]></ISKILLABLE>
<!--CCA562AC11004AE0AA35D2CA54CE8B3A--></AD_PROCESS>

<!--E2A09C3C7EE8431DAD0FBB6818D91DF4--><AD_PROCESS>
<!--E2A09C3C7EE8431DAD0FBB6818D91DF4-->  <AD_PROCESS_ID><![CDATA[E2A09C3C7EE8431DAD0FBB6818D91DF4]]></AD_PROCESS_ID>
<!--E2A09C3C7EE8431DAD0FBB6818D91DF4-->  <AD_CLIENT_ID><![CDATA[0]]></AD_CLIENT_ID>
<!--E2A09C3C7EE8431DAD0FBB6818D91DF4-->  <AD_ORG_ID><![CDATA[0]]></AD_ORG_ID>
<!--E2A09C3C7EE8431DAD0FBB6818D91DF4-->  <ISACTIVE><![CDATA[Y]]></ISACTIVE>
<!--E2A09C3C7EE8431DAD0FBB6818D91DF4-->  <VALUE><![CDATA[Set Applicable Contract]]></VALUE>
<!--E2A09C3C7EE8431DAD0FBB6818D91DF4-->  <NAME><![CDATA[Set Applicable Contract]]></NAME>
<!--E2A09C3C7EE8431DAD0FBB6818D91DF4-->  <ACCESSLEVEL><![CDATA[3]]></ACCESSLEVEL>
<!--E2A09C3C7EE8431DAD0FBB6818D91DF4-->  <ISUSERSTARTABLE><![CDATA[N]]></ISUSERSTARTABLE>
<!--E2A09C3C7EE8431DAD0FBB6818D91DF4-->  <ISREPORT><![CDATA[N]]></ISREPORT>
<!--E2A09C3C7EE8431DAD0FBB6818D91DF4-->  <ISDIRECTPRINT><![CDATA[N]]></ISDIRECTPRINT>
<!--E2A09C3C7EE8431DAD0FBB6818D91DF4-->  <ISBACKGROUND><![CDATA[N]]></ISBACKGROUND>
<!--E2A09C3C7EE8431DAD0FBB6818D91DF4-->  <ISJASPER><![CDATA[N]]></ISJASPER>
<!--E2A09C3C7EE8431DAD0FBB6818D91DF4-->  <ISEXTERNALSERVICE><![CDATA[N]]></ISEXTERNALSERVICE>
<!--E2A09C3C7EE8431DAD0FBB6818D91DF4-->  <AD_MODULE_ID><![CDATA[D5FD35D6C7604921BA951B7E0EEE5DC2]]></AD_MODULE_ID>
<!--E2A09C3C7EE8431DAD0FBB6818D91DF4-->  <UIPATTERN><![CDATA[S]]></UIPATTERN>
<!--E2A09C3C7EE8431DAD0FBB6818D91DF4-->  <ISADVANCEDFEATURE><![CDATA[N]]></ISADVANCEDFEATURE>
<!--E2A09C3C7EE8431DAD0FBB6818D91DF4-->  <PREVENTCONCURRENT><![CDATA[N]]></PREVENTCONCURRENT>
<!--E2A09C3C7EE8431DAD0FBB6818D91DF4-->  <IS_EXPLICIT_ACCESS><![CDATA[N]]></IS_EXPLICIT_ACCESS>
<!--E2A09C3C7EE8431DAD0FBB6818D91DF4-->  <ISKILLABLE><![CDATA[N]]></ISKILLABLE>
<!--E2A09C3C7EE8431DAD0FBB6818D91DF4--></AD_PROCESS>

</data>
