<?xml version="1.0" encoding="UTF-8"?>
<data>
<!--02480D5EDD2B43199EB04EB4003F5276--><AD_REFERENCE>
<!--02480D5EDD2B43199EB04EB4003F5276-->  <AD_REFERENCE_ID><![CDATA[02480D5EDD2B43199EB04EB4003F5276]]></AD_REFERENCE_ID>
<!--02480D5EDD2B43199EB04EB4003F5276-->  <AD_CLIENT_ID><![CDATA[0]]></AD_CLIENT_ID>
<!--02480D5EDD2B43199EB04EB4003F5276-->  <AD_ORG_ID><![CDATA[0]]></AD_ORG_ID>
<!--02480D5EDD2B43199EB04EB4003F5276-->  <ISACTIVE><![CDATA[Y]]></ISACTIVE>
<!--02480D5EDD2B43199EB04EB4003F5276-->  <NAME><![CDATA[Selft Employee and its Subordinates]]></NAME>
<!--02480D5EDD2B43199EB04EB4003F5276-->  <AD_MODULE_ID><![CDATA[D5FD35D6C7604921BA951B7E0EEE5DC2]]></AD_MODULE_ID>
<!--02480D5EDD2B43199EB04EB4003F5276-->  <ISBASEREFERENCE><![CDATA[N]]></ISBASEREFERENCE>
<!--02480D5EDD2B43199EB04EB4003F5276-->  <PARENTREFERENCE_ID><![CDATA[95E2A8B50A254B2AAE6774B8C2F28120]]></PARENTREFERENCE_ID>
<!--02480D5EDD2B43199EB04EB4003F5276-->  <ISVALUEDISPLAYED><![CDATA[N]]></ISVALUEDISPLAYED>
<!--02480D5EDD2B43199EB04EB4003F5276--></AD_REFERENCE>

<!--03AC82DD164B4683A5E9B2A51F044156--><AD_REFERENCE>
<!--03AC82DD164B4683A5E9B2A51F044156-->  <AD_REFERENCE_ID><![CDATA[03AC82DD164B4683A5E9B2A51F044156]]></AD_REFERENCE_ID>
<!--03AC82DD164B4683A5E9B2A51F044156-->  <AD_CLIENT_ID><![CDATA[0]]></AD_CLIENT_ID>
<!--03AC82DD164B4683A5E9B2A51F044156-->  <AD_ORG_ID><![CDATA[0]]></AD_ORG_ID>
<!--03AC82DD164B4683A5E9B2A51F044156-->  <ISACTIVE><![CDATA[Y]]></ISACTIVE>
<!--03AC82DD164B4683A5E9B2A51F044156-->  <NAME><![CDATA[Department Reference]]></NAME>
<!--03AC82DD164B4683A5E9B2A51F044156-->  <AD_MODULE_ID><![CDATA[D5FD35D6C7604921BA951B7E0EEE5DC2]]></AD_MODULE_ID>
<!--03AC82DD164B4683A5E9B2A51F044156-->  <ISBASEREFERENCE><![CDATA[N]]></ISBASEREFERENCE>
<!--03AC82DD164B4683A5E9B2A51F044156-->  <PARENTREFERENCE_ID><![CDATA[8C57A4A2E05F4261A1FADF47C30398AD]]></PARENTREFERENCE_ID>
<!--03AC82DD164B4683A5E9B2A51F044156-->  <ISVALUEDISPLAYED><![CDATA[N]]></ISVALUEDISPLAYED>
<!--03AC82DD164B4683A5E9B2A51F044156--></AD_REFERENCE>

<!--06B33D24D78B4EE399BCF199AAE4F356--><AD_REFERENCE>
<!--06B33D24D78B4EE399BCF199AAE4F356-->  <AD_REFERENCE_ID><![CDATA[06B33D24D78B4EE399BCF199AAE4F356]]></AD_REFERENCE_ID>
<!--06B33D24D78B4EE399BCF199AAE4F356-->  <AD_CLIENT_ID><![CDATA[0]]></AD_CLIENT_ID>
<!--06B33D24D78B4EE399BCF199AAE4F356-->  <AD_ORG_ID><![CDATA[0]]></AD_ORG_ID>
<!--06B33D24D78B4EE399BCF199AAE4F356-->  <ISACTIVE><![CDATA[Y]]></ISACTIVE>
<!--06B33D24D78B4EE399BCF199AAE4F356-->  <NAME><![CDATA[Payment Mode]]></NAME>
<!--06B33D24D78B4EE399BCF199AAE4F356-->  <AD_MODULE_ID><![CDATA[D5FD35D6C7604921BA951B7E0EEE5DC2]]></AD_MODULE_ID>
<!--06B33D24D78B4EE399BCF199AAE4F356-->  <ISBASEREFERENCE><![CDATA[N]]></ISBASEREFERENCE>
<!--06B33D24D78B4EE399BCF199AAE4F356-->  <PARENTREFERENCE_ID><![CDATA[17]]></PARENTREFERENCE_ID>
<!--06B33D24D78B4EE399BCF199AAE4F356-->  <ISVALUEDISPLAYED><![CDATA[N]]></ISVALUEDISPLAYED>
<!--06B33D24D78B4EE399BCF199AAE4F356--></AD_REFERENCE>

<!--08055D9288174281A829DAEFAC7B6412--><AD_REFERENCE>
<!--08055D9288174281A829DAEFAC7B6412-->  <AD_REFERENCE_ID><![CDATA[08055D9288174281A829DAEFAC7B6412]]></AD_REFERENCE_ID>
<!--08055D9288174281A829DAEFAC7B6412-->  <AD_CLIENT_ID><![CDATA[0]]></AD_CLIENT_ID>
<!--08055D9288174281A829DAEFAC7B6412-->  <AD_ORG_ID><![CDATA[0]]></AD_ORG_ID>
<!--08055D9288174281A829DAEFAC7B6412-->  <ISACTIVE><![CDATA[Y]]></ISACTIVE>
<!--08055D9288174281A829DAEFAC7B6412-->  <NAME><![CDATA[Department Type]]></NAME>
<!--08055D9288174281A829DAEFAC7B6412-->  <AD_MODULE_ID><![CDATA[D5FD35D6C7604921BA951B7E0EEE5DC2]]></AD_MODULE_ID>
<!--08055D9288174281A829DAEFAC7B6412-->  <ISBASEREFERENCE><![CDATA[N]]></ISBASEREFERENCE>
<!--08055D9288174281A829DAEFAC7B6412-->  <PARENTREFERENCE_ID><![CDATA[17]]></PARENTREFERENCE_ID>
<!--08055D9288174281A829DAEFAC7B6412-->  <ISVALUEDISPLAYED><![CDATA[N]]></ISVALUEDISPLAYED>
<!--08055D9288174281A829DAEFAC7B6412--></AD_REFERENCE>

<!--0C993A7CC8364E50928B604BEA809028--><AD_REFERENCE>
<!--0C993A7CC8364E50928B604BEA809028-->  <AD_REFERENCE_ID><![CDATA[0C993A7CC8364E50928B604BEA809028]]></AD_REFERENCE_ID>
<!--0C993A7CC8364E50928B604BEA809028-->  <AD_CLIENT_ID><![CDATA[0]]></AD_CLIENT_ID>
<!--0C993A7CC8364E50928B604BEA809028-->  <AD_ORG_ID><![CDATA[0]]></AD_ORG_ID>
<!--0C993A7CC8364E50928B604BEA809028-->  <ISACTIVE><![CDATA[Y]]></ISACTIVE>
<!--0C993A7CC8364E50928B604BEA809028-->  <NAME><![CDATA[Dependent Family]]></NAME>
<!--0C993A7CC8364E50928B604BEA809028-->  <AD_MODULE_ID><![CDATA[D5FD35D6C7604921BA951B7E0EEE5DC2]]></AD_MODULE_ID>
<!--0C993A7CC8364E50928B604BEA809028-->  <ISBASEREFERENCE><![CDATA[N]]></ISBASEREFERENCE>
<!--0C993A7CC8364E50928B604BEA809028-->  <PARENTREFERENCE_ID><![CDATA[95E2A8B50A254B2AAE6774B8C2F28120]]></PARENTREFERENCE_ID>
<!--0C993A7CC8364E50928B604BEA809028-->  <ISVALUEDISPLAYED><![CDATA[N]]></ISVALUEDISPLAYED>
<!--0C993A7CC8364E50928B604BEA809028--></AD_REFERENCE>

<!--0F67106E65FC430A999873232DE42B29--><AD_REFERENCE>
<!--0F67106E65FC430A999873232DE42B29-->  <AD_REFERENCE_ID><![CDATA[0F67106E65FC430A999873232DE42B29]]></AD_REFERENCE_ID>
<!--0F67106E65FC430A999873232DE42B29-->  <AD_CLIENT_ID><![CDATA[0]]></AD_CLIENT_ID>
<!--0F67106E65FC430A999873232DE42B29-->  <AD_ORG_ID><![CDATA[0]]></AD_ORG_ID>
<!--0F67106E65FC430A999873232DE42B29-->  <ISACTIVE><![CDATA[Y]]></ISACTIVE>
<!--0F67106E65FC430A999873232DE42B29-->  <NAME><![CDATA[Blood Group]]></NAME>
<!--0F67106E65FC430A999873232DE42B29-->  <AD_MODULE_ID><![CDATA[D5FD35D6C7604921BA951B7E0EEE5DC2]]></AD_MODULE_ID>
<!--0F67106E65FC430A999873232DE42B29-->  <ISBASEREFERENCE><![CDATA[N]]></ISBASEREFERENCE>
<!--0F67106E65FC430A999873232DE42B29-->  <PARENTREFERENCE_ID><![CDATA[17]]></PARENTREFERENCE_ID>
<!--0F67106E65FC430A999873232DE42B29-->  <ISVALUEDISPLAYED><![CDATA[N]]></ISVALUEDISPLAYED>
<!--0F67106E65FC430A999873232DE42B29--></AD_REFERENCE>

<!--102AAAF987314A7A898F9B4CC862CDDA--><AD_REFERENCE>
<!--102AAAF987314A7A898F9B4CC862CDDA-->  <AD_REFERENCE_ID><![CDATA[102AAAF987314A7A898F9B4CC862CDDA]]></AD_REFERENCE_ID>
<!--102AAAF987314A7A898F9B4CC862CDDA-->  <AD_CLIENT_ID><![CDATA[0]]></AD_CLIENT_ID>
<!--102AAAF987314A7A898F9B4CC862CDDA-->  <AD_ORG_ID><![CDATA[0]]></AD_ORG_ID>
<!--102AAAF987314A7A898F9B4CC862CDDA-->  <ISACTIVE><![CDATA[Y]]></ISACTIVE>
<!--102AAAF987314A7A898F9B4CC862CDDA-->  <NAME><![CDATA[Hris_Contact]]></NAME>
<!--102AAAF987314A7A898F9B4CC862CDDA-->  <AD_MODULE_ID><![CDATA[D5FD35D6C7604921BA951B7E0EEE5DC2]]></AD_MODULE_ID>
<!--102AAAF987314A7A898F9B4CC862CDDA-->  <ISBASEREFERENCE><![CDATA[N]]></ISBASEREFERENCE>
<!--102AAAF987314A7A898F9B4CC862CDDA-->  <PARENTREFERENCE_ID><![CDATA[18]]></PARENTREFERENCE_ID>
<!--102AAAF987314A7A898F9B4CC862CDDA-->  <ISVALUEDISPLAYED><![CDATA[N]]></ISVALUEDISPLAYED>
<!--102AAAF987314A7A898F9B4CC862CDDA--></AD_REFERENCE>

<!--1199F86F2D324BA9952B7DAF9B353734--><AD_REFERENCE>
<!--1199F86F2D324BA9952B7DAF9B353734-->  <AD_REFERENCE_ID><![CDATA[1199F86F2D324BA9952B7DAF9B353734]]></AD_REFERENCE_ID>
<!--1199F86F2D324BA9952B7DAF9B353734-->  <AD_CLIENT_ID><![CDATA[0]]></AD_CLIENT_ID>
<!--1199F86F2D324BA9952B7DAF9B353734-->  <AD_ORG_ID><![CDATA[0]]></AD_ORG_ID>
<!--1199F86F2D324BA9952B7DAF9B353734-->  <ISACTIVE><![CDATA[Y]]></ISACTIVE>
<!--1199F86F2D324BA9952B7DAF9B353734-->  <NAME><![CDATA[Education Level]]></NAME>
<!--1199F86F2D324BA9952B7DAF9B353734-->  <AD_MODULE_ID><![CDATA[D5FD35D6C7604921BA951B7E0EEE5DC2]]></AD_MODULE_ID>
<!--1199F86F2D324BA9952B7DAF9B353734-->  <ISBASEREFERENCE><![CDATA[N]]></ISBASEREFERENCE>
<!--1199F86F2D324BA9952B7DAF9B353734-->  <PARENTREFERENCE_ID><![CDATA[17]]></PARENTREFERENCE_ID>
<!--1199F86F2D324BA9952B7DAF9B353734-->  <ISVALUEDISPLAYED><![CDATA[N]]></ISVALUEDISPLAYED>
<!--1199F86F2D324BA9952B7DAF9B353734--></AD_REFERENCE>

<!--126415294B3644F3994D3422BC28517E--><AD_REFERENCE>
<!--126415294B3644F3994D3422BC28517E-->  <AD_REFERENCE_ID><![CDATA[126415294B3644F3994D3422BC28517E]]></AD_REFERENCE_ID>
<!--126415294B3644F3994D3422BC28517E-->  <AD_CLIENT_ID><![CDATA[0]]></AD_CLIENT_ID>
<!--126415294B3644F3994D3422BC28517E-->  <AD_ORG_ID><![CDATA[0]]></AD_ORG_ID>
<!--126415294B3644F3994D3422BC28517E-->  <ISACTIVE><![CDATA[Y]]></ISACTIVE>
<!--126415294B3644F3994D3422BC28517E-->  <NAME><![CDATA[Deduction Reference]]></NAME>
<!--126415294B3644F3994D3422BC28517E-->  <AD_MODULE_ID><![CDATA[D5FD35D6C7604921BA951B7E0EEE5DC2]]></AD_MODULE_ID>
<!--126415294B3644F3994D3422BC28517E-->  <ISBASEREFERENCE><![CDATA[N]]></ISBASEREFERENCE>
<!--126415294B3644F3994D3422BC28517E-->  <PARENTREFERENCE_ID><![CDATA[18]]></PARENTREFERENCE_ID>
<!--126415294B3644F3994D3422BC28517E-->  <ISVALUEDISPLAYED><![CDATA[N]]></ISVALUEDISPLAYED>
<!--126415294B3644F3994D3422BC28517E--></AD_REFERENCE>

<!--1969EB61F5DA49E3AB97AF692C023F2E--><AD_REFERENCE>
<!--1969EB61F5DA49E3AB97AF692C023F2E-->  <AD_REFERENCE_ID><![CDATA[1969EB61F5DA49E3AB97AF692C023F2E]]></AD_REFERENCE_ID>
<!--1969EB61F5DA49E3AB97AF692C023F2E-->  <AD_CLIENT_ID><![CDATA[0]]></AD_CLIENT_ID>
<!--1969EB61F5DA49E3AB97AF692C023F2E-->  <AD_ORG_ID><![CDATA[0]]></AD_ORG_ID>
<!--1969EB61F5DA49E3AB97AF692C023F2E-->  <ISACTIVE><![CDATA[Y]]></ISACTIVE>
<!--1969EB61F5DA49E3AB97AF692C023F2E-->  <NAME><![CDATA[Dicipline]]></NAME>
<!--1969EB61F5DA49E3AB97AF692C023F2E-->  <AD_MODULE_ID><![CDATA[D5FD35D6C7604921BA951B7E0EEE5DC2]]></AD_MODULE_ID>
<!--1969EB61F5DA49E3AB97AF692C023F2E-->  <ISBASEREFERENCE><![CDATA[N]]></ISBASEREFERENCE>
<!--1969EB61F5DA49E3AB97AF692C023F2E-->  <PARENTREFERENCE_ID><![CDATA[18]]></PARENTREFERENCE_ID>
<!--1969EB61F5DA49E3AB97AF692C023F2E-->  <ISVALUEDISPLAYED><![CDATA[N]]></ISVALUEDISPLAYED>
<!--1969EB61F5DA49E3AB97AF692C023F2E--></AD_REFERENCE>

<!--1ACAC2F8DD93464297F711421498B897--><AD_REFERENCE>
<!--1ACAC2F8DD93464297F711421498B897-->  <AD_REFERENCE_ID><![CDATA[1ACAC2F8DD93464297F711421498B897]]></AD_REFERENCE_ID>
<!--1ACAC2F8DD93464297F711421498B897-->  <AD_CLIENT_ID><![CDATA[0]]></AD_CLIENT_ID>
<!--1ACAC2F8DD93464297F711421498B897-->  <AD_ORG_ID><![CDATA[0]]></AD_ORG_ID>
<!--1ACAC2F8DD93464297F711421498B897-->  <ISACTIVE><![CDATA[Y]]></ISACTIVE>
<!--1ACAC2F8DD93464297F711421498B897-->  <NAME><![CDATA[Reimbursment Type]]></NAME>
<!--1ACAC2F8DD93464297F711421498B897-->  <AD_MODULE_ID><![CDATA[D5FD35D6C7604921BA951B7E0EEE5DC2]]></AD_MODULE_ID>
<!--1ACAC2F8DD93464297F711421498B897-->  <ISBASEREFERENCE><![CDATA[N]]></ISBASEREFERENCE>
<!--1ACAC2F8DD93464297F711421498B897-->  <PARENTREFERENCE_ID><![CDATA[17]]></PARENTREFERENCE_ID>
<!--1ACAC2F8DD93464297F711421498B897-->  <ISVALUEDISPLAYED><![CDATA[N]]></ISVALUEDISPLAYED>
<!--1ACAC2F8DD93464297F711421498B897--></AD_REFERENCE>

<!--1FA50E99609B42A9B79CF3C8C9536751--><AD_REFERENCE>
<!--1FA50E99609B42A9B79CF3C8C9536751-->  <AD_REFERENCE_ID><![CDATA[1FA50E99609B42A9B79CF3C8C9536751]]></AD_REFERENCE_ID>
<!--1FA50E99609B42A9B79CF3C8C9536751-->  <AD_CLIENT_ID><![CDATA[0]]></AD_CLIENT_ID>
<!--1FA50E99609B42A9B79CF3C8C9536751-->  <AD_ORG_ID><![CDATA[0]]></AD_ORG_ID>
<!--1FA50E99609B42A9B79CF3C8C9536751-->  <ISACTIVE><![CDATA[Y]]></ISACTIVE>
<!--1FA50E99609B42A9B79CF3C8C9536751-->  <NAME><![CDATA[Education Status]]></NAME>
<!--1FA50E99609B42A9B79CF3C8C9536751-->  <AD_MODULE_ID><![CDATA[D5FD35D6C7604921BA951B7E0EEE5DC2]]></AD_MODULE_ID>
<!--1FA50E99609B42A9B79CF3C8C9536751-->  <ISBASEREFERENCE><![CDATA[N]]></ISBASEREFERENCE>
<!--1FA50E99609B42A9B79CF3C8C9536751-->  <PARENTREFERENCE_ID><![CDATA[17]]></PARENTREFERENCE_ID>
<!--1FA50E99609B42A9B79CF3C8C9536751-->  <ISVALUEDISPLAYED><![CDATA[N]]></ISVALUEDISPLAYED>
<!--1FA50E99609B42A9B79CF3C8C9536751--></AD_REFERENCE>

<!--1FE53E0CE11E49A9BAD1151817251347--><AD_REFERENCE>
<!--1FE53E0CE11E49A9BAD1151817251347-->  <AD_REFERENCE_ID><![CDATA[1FE53E0CE11E49A9BAD1151817251347]]></AD_REFERENCE_ID>
<!--1FE53E0CE11E49A9BAD1151817251347-->  <AD_CLIENT_ID><![CDATA[0]]></AD_CLIENT_ID>
<!--1FE53E0CE11E49A9BAD1151817251347-->  <AD_ORG_ID><![CDATA[0]]></AD_ORG_ID>
<!--1FE53E0CE11E49A9BAD1151817251347-->  <ISACTIVE><![CDATA[Y]]></ISACTIVE>
<!--1FE53E0CE11E49A9BAD1151817251347-->  <NAME><![CDATA[hris_employe_acceptance]]></NAME>
<!--1FE53E0CE11E49A9BAD1151817251347-->  <AD_MODULE_ID><![CDATA[D5FD35D6C7604921BA951B7E0EEE5DC2]]></AD_MODULE_ID>
<!--1FE53E0CE11E49A9BAD1151817251347-->  <ISBASEREFERENCE><![CDATA[N]]></ISBASEREFERENCE>
<!--1FE53E0CE11E49A9BAD1151817251347-->  <PARENTREFERENCE_ID><![CDATA[17]]></PARENTREFERENCE_ID>
<!--1FE53E0CE11E49A9BAD1151817251347-->  <ISVALUEDISPLAYED><![CDATA[N]]></ISVALUEDISPLAYED>
<!--1FE53E0CE11E49A9BAD1151817251347--></AD_REFERENCE>

<!--2631C661B77E429E8BB103998AAE32E3--><AD_REFERENCE>
<!--2631C661B77E429E8BB103998AAE32E3-->  <AD_REFERENCE_ID><![CDATA[2631C661B77E429E8BB103998AAE32E3]]></AD_REFERENCE_ID>
<!--2631C661B77E429E8BB103998AAE32E3-->  <AD_CLIENT_ID><![CDATA[0]]></AD_CLIENT_ID>
<!--2631C661B77E429E8BB103998AAE32E3-->  <AD_ORG_ID><![CDATA[0]]></AD_ORG_ID>
<!--2631C661B77E429E8BB103998AAE32E3-->  <ISACTIVE><![CDATA[Y]]></ISACTIVE>
<!--2631C661B77E429E8BB103998AAE32E3-->  <NAME><![CDATA[Time Mode]]></NAME>
<!--2631C661B77E429E8BB103998AAE32E3-->  <AD_MODULE_ID><![CDATA[D5FD35D6C7604921BA951B7E0EEE5DC2]]></AD_MODULE_ID>
<!--2631C661B77E429E8BB103998AAE32E3-->  <ISBASEREFERENCE><![CDATA[N]]></ISBASEREFERENCE>
<!--2631C661B77E429E8BB103998AAE32E3-->  <PARENTREFERENCE_ID><![CDATA[17]]></PARENTREFERENCE_ID>
<!--2631C661B77E429E8BB103998AAE32E3-->  <ISVALUEDISPLAYED><![CDATA[N]]></ISVALUEDISPLAYED>
<!--2631C661B77E429E8BB103998AAE32E3--></AD_REFERENCE>

<!--30517CD1E66E44B5B09BB30E996582C6--><AD_REFERENCE>
<!--30517CD1E66E44B5B09BB30E996582C6-->  <AD_REFERENCE_ID><![CDATA[30517CD1E66E44B5B09BB30E996582C6]]></AD_REFERENCE_ID>
<!--30517CD1E66E44B5B09BB30E996582C6-->  <AD_CLIENT_ID><![CDATA[0]]></AD_CLIENT_ID>
<!--30517CD1E66E44B5B09BB30E996582C6-->  <AD_ORG_ID><![CDATA[0]]></AD_ORG_ID>
<!--30517CD1E66E44B5B09BB30E996582C6-->  <ISACTIVE><![CDATA[Y]]></ISACTIVE>
<!--30517CD1E66E44B5B09BB30E996582C6-->  <NAME><![CDATA[Employee Position Table]]></NAME>
<!--30517CD1E66E44B5B09BB30E996582C6-->  <AD_MODULE_ID><![CDATA[D5FD35D6C7604921BA951B7E0EEE5DC2]]></AD_MODULE_ID>
<!--30517CD1E66E44B5B09BB30E996582C6-->  <ISBASEREFERENCE><![CDATA[N]]></ISBASEREFERENCE>
<!--30517CD1E66E44B5B09BB30E996582C6-->  <PARENTREFERENCE_ID><![CDATA[18]]></PARENTREFERENCE_ID>
<!--30517CD1E66E44B5B09BB30E996582C6-->  <ISVALUEDISPLAYED><![CDATA[N]]></ISVALUEDISPLAYED>
<!--30517CD1E66E44B5B09BB30E996582C6--></AD_REFERENCE>

<!--332CB3EAF17647E48EAC92F8A4C8DBBA--><AD_REFERENCE>
<!--332CB3EAF17647E48EAC92F8A4C8DBBA-->  <AD_REFERENCE_ID><![CDATA[332CB3EAF17647E48EAC92F8A4C8DBBA]]></AD_REFERENCE_ID>
<!--332CB3EAF17647E48EAC92F8A4C8DBBA-->  <AD_CLIENT_ID><![CDATA[0]]></AD_CLIENT_ID>
<!--332CB3EAF17647E48EAC92F8A4C8DBBA-->  <AD_ORG_ID><![CDATA[0]]></AD_ORG_ID>
<!--332CB3EAF17647E48EAC92F8A4C8DBBA-->  <ISACTIVE><![CDATA[Y]]></ISACTIVE>
<!--332CB3EAF17647E48EAC92F8A4C8DBBA-->  <NAME><![CDATA[Training Category]]></NAME>
<!--332CB3EAF17647E48EAC92F8A4C8DBBA-->  <AD_MODULE_ID><![CDATA[D5FD35D6C7604921BA951B7E0EEE5DC2]]></AD_MODULE_ID>
<!--332CB3EAF17647E48EAC92F8A4C8DBBA-->  <ISBASEREFERENCE><![CDATA[N]]></ISBASEREFERENCE>
<!--332CB3EAF17647E48EAC92F8A4C8DBBA-->  <PARENTREFERENCE_ID><![CDATA[17]]></PARENTREFERENCE_ID>
<!--332CB3EAF17647E48EAC92F8A4C8DBBA-->  <ISVALUEDISPLAYED><![CDATA[N]]></ISVALUEDISPLAYED>
<!--332CB3EAF17647E48EAC92F8A4C8DBBA--></AD_REFERENCE>

<!--3894BFE690814549806AEB1B6E6DC984--><AD_REFERENCE>
<!--3894BFE690814549806AEB1B6E6DC984-->  <AD_REFERENCE_ID><![CDATA[3894BFE690814549806AEB1B6E6DC984]]></AD_REFERENCE_ID>
<!--3894BFE690814549806AEB1B6E6DC984-->  <AD_CLIENT_ID><![CDATA[0]]></AD_CLIENT_ID>
<!--3894BFE690814549806AEB1B6E6DC984-->  <AD_ORG_ID><![CDATA[0]]></AD_ORG_ID>
<!--3894BFE690814549806AEB1B6E6DC984-->  <ISACTIVE><![CDATA[Y]]></ISACTIVE>
<!--3894BFE690814549806AEB1B6E6DC984-->  <NAME><![CDATA[Education Faculty]]></NAME>
<!--3894BFE690814549806AEB1B6E6DC984-->  <AD_MODULE_ID><![CDATA[D5FD35D6C7604921BA951B7E0EEE5DC2]]></AD_MODULE_ID>
<!--3894BFE690814549806AEB1B6E6DC984-->  <ISBASEREFERENCE><![CDATA[N]]></ISBASEREFERENCE>
<!--3894BFE690814549806AEB1B6E6DC984-->  <PARENTREFERENCE_ID><![CDATA[17]]></PARENTREFERENCE_ID>
<!--3894BFE690814549806AEB1B6E6DC984-->  <ISVALUEDISPLAYED><![CDATA[N]]></ISVALUEDISPLAYED>
<!--3894BFE690814549806AEB1B6E6DC984--></AD_REFERENCE>

<!--38F536C5846A4ED8B1F06D5E1D01F875--><AD_REFERENCE>
<!--38F536C5846A4ED8B1F06D5E1D01F875-->  <AD_REFERENCE_ID><![CDATA[38F536C5846A4ED8B1F06D5E1D01F875]]></AD_REFERENCE_ID>
<!--38F536C5846A4ED8B1F06D5E1D01F875-->  <AD_CLIENT_ID><![CDATA[0]]></AD_CLIENT_ID>
<!--38F536C5846A4ED8B1F06D5E1D01F875-->  <AD_ORG_ID><![CDATA[0]]></AD_ORG_ID>
<!--38F536C5846A4ED8B1F06D5E1D01F875-->  <ISACTIVE><![CDATA[Y]]></ISACTIVE>
<!--38F536C5846A4ED8B1F06D5E1D01F875-->  <NAME><![CDATA[Department]]></NAME>
<!--38F536C5846A4ED8B1F06D5E1D01F875-->  <AD_MODULE_ID><![CDATA[D5FD35D6C7604921BA951B7E0EEE5DC2]]></AD_MODULE_ID>
<!--38F536C5846A4ED8B1F06D5E1D01F875-->  <ISBASEREFERENCE><![CDATA[N]]></ISBASEREFERENCE>
<!--38F536C5846A4ED8B1F06D5E1D01F875-->  <PARENTREFERENCE_ID><![CDATA[18]]></PARENTREFERENCE_ID>
<!--38F536C5846A4ED8B1F06D5E1D01F875-->  <ISVALUEDISPLAYED><![CDATA[N]]></ISVALUEDISPLAYED>
<!--38F536C5846A4ED8B1F06D5E1D01F875--></AD_REFERENCE>

<!--3B467AFFAB4341E3A74D42672D8EFFBB--><AD_REFERENCE>
<!--3B467AFFAB4341E3A74D42672D8EFFBB-->  <AD_REFERENCE_ID><![CDATA[3B467AFFAB4341E3A74D42672D8EFFBB]]></AD_REFERENCE_ID>
<!--3B467AFFAB4341E3A74D42672D8EFFBB-->  <AD_CLIENT_ID><![CDATA[0]]></AD_CLIENT_ID>
<!--3B467AFFAB4341E3A74D42672D8EFFBB-->  <AD_ORG_ID><![CDATA[0]]></AD_ORG_ID>
<!--3B467AFFAB4341E3A74D42672D8EFFBB-->  <ISACTIVE><![CDATA[Y]]></ISACTIVE>
<!--3B467AFFAB4341E3A74D42672D8EFFBB-->  <NAME><![CDATA[Education Dicipline]]></NAME>
<!--3B467AFFAB4341E3A74D42672D8EFFBB-->  <DESCRIPTION><![CDATA[Education Dicipline]]></DESCRIPTION>
<!--3B467AFFAB4341E3A74D42672D8EFFBB-->  <AD_MODULE_ID><![CDATA[D5FD35D6C7604921BA951B7E0EEE5DC2]]></AD_MODULE_ID>
<!--3B467AFFAB4341E3A74D42672D8EFFBB-->  <ISBASEREFERENCE><![CDATA[N]]></ISBASEREFERENCE>
<!--3B467AFFAB4341E3A74D42672D8EFFBB-->  <PARENTREFERENCE_ID><![CDATA[95E2A8B50A254B2AAE6774B8C2F28120]]></PARENTREFERENCE_ID>
<!--3B467AFFAB4341E3A74D42672D8EFFBB-->  <ISVALUEDISPLAYED><![CDATA[N]]></ISVALUEDISPLAYED>
<!--3B467AFFAB4341E3A74D42672D8EFFBB--></AD_REFERENCE>

<!--3D39925151214425AC01097E2DEED5BD--><AD_REFERENCE>
<!--3D39925151214425AC01097E2DEED5BD-->  <AD_REFERENCE_ID><![CDATA[3D39925151214425AC01097E2DEED5BD]]></AD_REFERENCE_ID>
<!--3D39925151214425AC01097E2DEED5BD-->  <AD_CLIENT_ID><![CDATA[0]]></AD_CLIENT_ID>
<!--3D39925151214425AC01097E2DEED5BD-->  <AD_ORG_ID><![CDATA[0]]></AD_ORG_ID>
<!--3D39925151214425AC01097E2DEED5BD-->  <ISACTIVE><![CDATA[Y]]></ISACTIVE>
<!--3D39925151214425AC01097E2DEED5BD-->  <NAME><![CDATA[Competency]]></NAME>
<!--3D39925151214425AC01097E2DEED5BD-->  <AD_MODULE_ID><![CDATA[D5FD35D6C7604921BA951B7E0EEE5DC2]]></AD_MODULE_ID>
<!--3D39925151214425AC01097E2DEED5BD-->  <ISBASEREFERENCE><![CDATA[N]]></ISBASEREFERENCE>
<!--3D39925151214425AC01097E2DEED5BD-->  <PARENTREFERENCE_ID><![CDATA[18]]></PARENTREFERENCE_ID>
<!--3D39925151214425AC01097E2DEED5BD-->  <ISVALUEDISPLAYED><![CDATA[N]]></ISVALUEDISPLAYED>
<!--3D39925151214425AC01097E2DEED5BD--></AD_REFERENCE>

<!--3E130BA7A8A248BEA23585E6983CA7BB--><AD_REFERENCE>
<!--3E130BA7A8A248BEA23585E6983CA7BB-->  <AD_REFERENCE_ID><![CDATA[3E130BA7A8A248BEA23585E6983CA7BB]]></AD_REFERENCE_ID>
<!--3E130BA7A8A248BEA23585E6983CA7BB-->  <AD_CLIENT_ID><![CDATA[0]]></AD_CLIENT_ID>
<!--3E130BA7A8A248BEA23585E6983CA7BB-->  <AD_ORG_ID><![CDATA[0]]></AD_ORG_ID>
<!--3E130BA7A8A248BEA23585E6983CA7BB-->  <ISACTIVE><![CDATA[Y]]></ISACTIVE>
<!--3E130BA7A8A248BEA23585E6983CA7BB-->  <NAME><![CDATA[Department and Job Title Type]]></NAME>
<!--3E130BA7A8A248BEA23585E6983CA7BB-->  <AD_MODULE_ID><![CDATA[D5FD35D6C7604921BA951B7E0EEE5DC2]]></AD_MODULE_ID>
<!--3E130BA7A8A248BEA23585E6983CA7BB-->  <ISBASEREFERENCE><![CDATA[N]]></ISBASEREFERENCE>
<!--3E130BA7A8A248BEA23585E6983CA7BB-->  <PARENTREFERENCE_ID><![CDATA[17]]></PARENTREFERENCE_ID>
<!--3E130BA7A8A248BEA23585E6983CA7BB-->  <ISVALUEDISPLAYED><![CDATA[N]]></ISVALUEDISPLAYED>
<!--3E130BA7A8A248BEA23585E6983CA7BB--></AD_REFERENCE>

<!--50AA4FC6B97A47A0ACFB8A43DBEF70C5--><AD_REFERENCE>
<!--50AA4FC6B97A47A0ACFB8A43DBEF70C5-->  <AD_REFERENCE_ID><![CDATA[50AA4FC6B97A47A0ACFB8A43DBEF70C5]]></AD_REFERENCE_ID>
<!--50AA4FC6B97A47A0ACFB8A43DBEF70C5-->  <AD_CLIENT_ID><![CDATA[0]]></AD_CLIENT_ID>
<!--50AA4FC6B97A47A0ACFB8A43DBEF70C5-->  <AD_ORG_ID><![CDATA[0]]></AD_ORG_ID>
<!--50AA4FC6B97A47A0ACFB8A43DBEF70C5-->  <ISACTIVE><![CDATA[Y]]></ISACTIVE>
<!--50AA4FC6B97A47A0ACFB8A43DBEF70C5-->  <NAME><![CDATA[Earning Reference]]></NAME>
<!--50AA4FC6B97A47A0ACFB8A43DBEF70C5-->  <AD_MODULE_ID><![CDATA[D5FD35D6C7604921BA951B7E0EEE5DC2]]></AD_MODULE_ID>
<!--50AA4FC6B97A47A0ACFB8A43DBEF70C5-->  <ISBASEREFERENCE><![CDATA[N]]></ISBASEREFERENCE>
<!--50AA4FC6B97A47A0ACFB8A43DBEF70C5-->  <PARENTREFERENCE_ID><![CDATA[18]]></PARENTREFERENCE_ID>
<!--50AA4FC6B97A47A0ACFB8A43DBEF70C5-->  <ISVALUEDISPLAYED><![CDATA[N]]></ISVALUEDISPLAYED>
<!--50AA4FC6B97A47A0ACFB8A43DBEF70C5--></AD_REFERENCE>

<!--51C310FFD28A4689A45DA382123892DD--><AD_REFERENCE>
<!--51C310FFD28A4689A45DA382123892DD-->  <AD_REFERENCE_ID><![CDATA[51C310FFD28A4689A45DA382123892DD]]></AD_REFERENCE_ID>
<!--51C310FFD28A4689A45DA382123892DD-->  <AD_CLIENT_ID><![CDATA[0]]></AD_CLIENT_ID>
<!--51C310FFD28A4689A45DA382123892DD-->  <AD_ORG_ID><![CDATA[0]]></AD_ORG_ID>
<!--51C310FFD28A4689A45DA382123892DD-->  <ISACTIVE><![CDATA[Y]]></ISACTIVE>
<!--51C310FFD28A4689A45DA382123892DD-->  <NAME><![CDATA[Training Type]]></NAME>
<!--51C310FFD28A4689A45DA382123892DD-->  <AD_MODULE_ID><![CDATA[D5FD35D6C7604921BA951B7E0EEE5DC2]]></AD_MODULE_ID>
<!--51C310FFD28A4689A45DA382123892DD-->  <ISBASEREFERENCE><![CDATA[N]]></ISBASEREFERENCE>
<!--51C310FFD28A4689A45DA382123892DD-->  <PARENTREFERENCE_ID><![CDATA[17]]></PARENTREFERENCE_ID>
<!--51C310FFD28A4689A45DA382123892DD-->  <ISVALUEDISPLAYED><![CDATA[N]]></ISVALUEDISPLAYED>
<!--51C310FFD28A4689A45DA382123892DD--></AD_REFERENCE>

<!--52C009C295834D048A038D1BE9DE3808--><AD_REFERENCE>
<!--52C009C295834D048A038D1BE9DE3808-->  <AD_REFERENCE_ID><![CDATA[52C009C295834D048A038D1BE9DE3808]]></AD_REFERENCE_ID>
<!--52C009C295834D048A038D1BE9DE3808-->  <AD_CLIENT_ID><![CDATA[0]]></AD_CLIENT_ID>
<!--52C009C295834D048A038D1BE9DE3808-->  <AD_ORG_ID><![CDATA[0]]></AD_ORG_ID>
<!--52C009C295834D048A038D1BE9DE3808-->  <ISACTIVE><![CDATA[Y]]></ISACTIVE>
<!--52C009C295834D048A038D1BE9DE3808-->  <NAME><![CDATA[Golongan]]></NAME>
<!--52C009C295834D048A038D1BE9DE3808-->  <DESCRIPTION><![CDATA[Golongan PNS/Perum]]></DESCRIPTION>
<!--52C009C295834D048A038D1BE9DE3808-->  <AD_MODULE_ID><![CDATA[D5FD35D6C7604921BA951B7E0EEE5DC2]]></AD_MODULE_ID>
<!--52C009C295834D048A038D1BE9DE3808-->  <ISBASEREFERENCE><![CDATA[N]]></ISBASEREFERENCE>
<!--52C009C295834D048A038D1BE9DE3808-->  <PARENTREFERENCE_ID><![CDATA[17]]></PARENTREFERENCE_ID>
<!--52C009C295834D048A038D1BE9DE3808-->  <ISVALUEDISPLAYED><![CDATA[N]]></ISVALUEDISPLAYED>
<!--52C009C295834D048A038D1BE9DE3808--></AD_REFERENCE>

<!--57E8D00FA32E4E969062DC850D285AF1--><AD_REFERENCE>
<!--57E8D00FA32E4E969062DC850D285AF1-->  <AD_REFERENCE_ID><![CDATA[57E8D00FA32E4E969062DC850D285AF1]]></AD_REFERENCE_ID>
<!--57E8D00FA32E4E969062DC850D285AF1-->  <AD_CLIENT_ID><![CDATA[0]]></AD_CLIENT_ID>
<!--57E8D00FA32E4E969062DC850D285AF1-->  <AD_ORG_ID><![CDATA[0]]></AD_ORG_ID>
<!--57E8D00FA32E4E969062DC850D285AF1-->  <ISACTIVE><![CDATA[Y]]></ISACTIVE>
<!--57E8D00FA32E4E969062DC850D285AF1-->  <NAME><![CDATA[Employment Type]]></NAME>
<!--57E8D00FA32E4E969062DC850D285AF1-->  <AD_MODULE_ID><![CDATA[D5FD35D6C7604921BA951B7E0EEE5DC2]]></AD_MODULE_ID>
<!--57E8D00FA32E4E969062DC850D285AF1-->  <ISBASEREFERENCE><![CDATA[N]]></ISBASEREFERENCE>
<!--57E8D00FA32E4E969062DC850D285AF1-->  <PARENTREFERENCE_ID><![CDATA[17]]></PARENTREFERENCE_ID>
<!--57E8D00FA32E4E969062DC850D285AF1-->  <ISVALUEDISPLAYED><![CDATA[N]]></ISVALUEDISPLAYED>
<!--57E8D00FA32E4E969062DC850D285AF1--></AD_REFERENCE>

<!--5A745BCA6F8449C099EB3D6A9F602AFD--><AD_REFERENCE>
<!--5A745BCA6F8449C099EB3D6A9F602AFD-->  <AD_REFERENCE_ID><![CDATA[5A745BCA6F8449C099EB3D6A9F602AFD]]></AD_REFERENCE_ID>
<!--5A745BCA6F8449C099EB3D6A9F602AFD-->  <AD_CLIENT_ID><![CDATA[0]]></AD_CLIENT_ID>
<!--5A745BCA6F8449C099EB3D6A9F602AFD-->  <AD_ORG_ID><![CDATA[0]]></AD_ORG_ID>
<!--5A745BCA6F8449C099EB3D6A9F602AFD-->  <ISACTIVE><![CDATA[Y]]></ISACTIVE>
<!--5A745BCA6F8449C099EB3D6A9F602AFD-->  <NAME><![CDATA[KPI]]></NAME>
<!--5A745BCA6F8449C099EB3D6A9F602AFD-->  <AD_MODULE_ID><![CDATA[D5FD35D6C7604921BA951B7E0EEE5DC2]]></AD_MODULE_ID>
<!--5A745BCA6F8449C099EB3D6A9F602AFD-->  <ISBASEREFERENCE><![CDATA[N]]></ISBASEREFERENCE>
<!--5A745BCA6F8449C099EB3D6A9F602AFD-->  <PARENTREFERENCE_ID><![CDATA[18]]></PARENTREFERENCE_ID>
<!--5A745BCA6F8449C099EB3D6A9F602AFD-->  <ISVALUEDISPLAYED><![CDATA[N]]></ISVALUEDISPLAYED>
<!--5A745BCA6F8449C099EB3D6A9F602AFD--></AD_REFERENCE>

<!--66240B76A5274D808BA4720BBE284560--><AD_REFERENCE>
<!--66240B76A5274D808BA4720BBE284560-->  <AD_REFERENCE_ID><![CDATA[66240B76A5274D808BA4720BBE284560]]></AD_REFERENCE_ID>
<!--66240B76A5274D808BA4720BBE284560-->  <AD_CLIENT_ID><![CDATA[0]]></AD_CLIENT_ID>
<!--66240B76A5274D808BA4720BBE284560-->  <AD_ORG_ID><![CDATA[0]]></AD_ORG_ID>
<!--66240B76A5274D808BA4720BBE284560-->  <ISACTIVE><![CDATA[Y]]></ISACTIVE>
<!--66240B76A5274D808BA4720BBE284560-->  <NAME><![CDATA[Benefit Type]]></NAME>
<!--66240B76A5274D808BA4720BBE284560-->  <AD_MODULE_ID><![CDATA[D5FD35D6C7604921BA951B7E0EEE5DC2]]></AD_MODULE_ID>
<!--66240B76A5274D808BA4720BBE284560-->  <ISBASEREFERENCE><![CDATA[N]]></ISBASEREFERENCE>
<!--66240B76A5274D808BA4720BBE284560-->  <PARENTREFERENCE_ID><![CDATA[17]]></PARENTREFERENCE_ID>
<!--66240B76A5274D808BA4720BBE284560-->  <ISVALUEDISPLAYED><![CDATA[N]]></ISVALUEDISPLAYED>
<!--66240B76A5274D808BA4720BBE284560--></AD_REFERENCE>

<!--6E5854302B594D92AF0772AAE404B55B--><AD_REFERENCE>
<!--6E5854302B594D92AF0772AAE404B55B-->  <AD_REFERENCE_ID><![CDATA[6E5854302B594D92AF0772AAE404B55B]]></AD_REFERENCE_ID>
<!--6E5854302B594D92AF0772AAE404B55B-->  <AD_CLIENT_ID><![CDATA[0]]></AD_CLIENT_ID>
<!--6E5854302B594D92AF0772AAE404B55B-->  <AD_ORG_ID><![CDATA[0]]></AD_ORG_ID>
<!--6E5854302B594D92AF0772AAE404B55B-->  <ISACTIVE><![CDATA[Y]]></ISACTIVE>
<!--6E5854302B594D92AF0772AAE404B55B-->  <NAME><![CDATA[Paymode]]></NAME>
<!--6E5854302B594D92AF0772AAE404B55B-->  <AD_MODULE_ID><![CDATA[D5FD35D6C7604921BA951B7E0EEE5DC2]]></AD_MODULE_ID>
<!--6E5854302B594D92AF0772AAE404B55B-->  <ISBASEREFERENCE><![CDATA[N]]></ISBASEREFERENCE>
<!--6E5854302B594D92AF0772AAE404B55B-->  <PARENTREFERENCE_ID><![CDATA[17]]></PARENTREFERENCE_ID>
<!--6E5854302B594D92AF0772AAE404B55B-->  <ISVALUEDISPLAYED><![CDATA[N]]></ISVALUEDISPLAYED>
<!--6E5854302B594D92AF0772AAE404B55B--></AD_REFERENCE>

<!--741BA1BF958A4CFDB4A89AD451B05B35--><AD_REFERENCE>
<!--741BA1BF958A4CFDB4A89AD451B05B35-->  <AD_REFERENCE_ID><![CDATA[741BA1BF958A4CFDB4A89AD451B05B35]]></AD_REFERENCE_ID>
<!--741BA1BF958A4CFDB4A89AD451B05B35-->  <AD_CLIENT_ID><![CDATA[0]]></AD_CLIENT_ID>
<!--741BA1BF958A4CFDB4A89AD451B05B35-->  <AD_ORG_ID><![CDATA[0]]></AD_ORG_ID>
<!--741BA1BF958A4CFDB4A89AD451B05B35-->  <ISACTIVE><![CDATA[Y]]></ISACTIVE>
<!--741BA1BF958A4CFDB4A89AD451B05B35-->  <NAME><![CDATA[Hris_c_bp_empinfo]]></NAME>
<!--741BA1BF958A4CFDB4A89AD451B05B35-->  <AD_MODULE_ID><![CDATA[D5FD35D6C7604921BA951B7E0EEE5DC2]]></AD_MODULE_ID>
<!--741BA1BF958A4CFDB4A89AD451B05B35-->  <ISBASEREFERENCE><![CDATA[N]]></ISBASEREFERENCE>
<!--741BA1BF958A4CFDB4A89AD451B05B35-->  <PARENTREFERENCE_ID><![CDATA[18]]></PARENTREFERENCE_ID>
<!--741BA1BF958A4CFDB4A89AD451B05B35-->  <ISVALUEDISPLAYED><![CDATA[N]]></ISVALUEDISPLAYED>
<!--741BA1BF958A4CFDB4A89AD451B05B35--></AD_REFERENCE>

<!--746ED0E562D3498298E5E0CAC756A5E6--><AD_REFERENCE>
<!--746ED0E562D3498298E5E0CAC756A5E6-->  <AD_REFERENCE_ID><![CDATA[746ED0E562D3498298E5E0CAC756A5E6]]></AD_REFERENCE_ID>
<!--746ED0E562D3498298E5E0CAC756A5E6-->  <AD_CLIENT_ID><![CDATA[0]]></AD_CLIENT_ID>
<!--746ED0E562D3498298E5E0CAC756A5E6-->  <AD_ORG_ID><![CDATA[0]]></AD_ORG_ID>
<!--746ED0E562D3498298E5E0CAC756A5E6-->  <ISACTIVE><![CDATA[Y]]></ISACTIVE>
<!--746ED0E562D3498298E5E0CAC756A5E6-->  <NAME><![CDATA[Site]]></NAME>
<!--746ED0E562D3498298E5E0CAC756A5E6-->  <AD_MODULE_ID><![CDATA[D5FD35D6C7604921BA951B7E0EEE5DC2]]></AD_MODULE_ID>
<!--746ED0E562D3498298E5E0CAC756A5E6-->  <ISBASEREFERENCE><![CDATA[N]]></ISBASEREFERENCE>
<!--746ED0E562D3498298E5E0CAC756A5E6-->  <PARENTREFERENCE_ID><![CDATA[18]]></PARENTREFERENCE_ID>
<!--746ED0E562D3498298E5E0CAC756A5E6-->  <ISVALUEDISPLAYED><![CDATA[N]]></ISVALUEDISPLAYED>
<!--746ED0E562D3498298E5E0CAC756A5E6--></AD_REFERENCE>

<!--754B9879785146A4AAFD413C5FF4A069--><AD_REFERENCE>
<!--754B9879785146A4AAFD413C5FF4A069-->  <AD_REFERENCE_ID><![CDATA[754B9879785146A4AAFD413C5FF4A069]]></AD_REFERENCE_ID>
<!--754B9879785146A4AAFD413C5FF4A069-->  <AD_CLIENT_ID><![CDATA[0]]></AD_CLIENT_ID>
<!--754B9879785146A4AAFD413C5FF4A069-->  <AD_ORG_ID><![CDATA[0]]></AD_ORG_ID>
<!--754B9879785146A4AAFD413C5FF4A069-->  <ISACTIVE><![CDATA[Y]]></ISACTIVE>
<!--754B9879785146A4AAFD413C5FF4A069-->  <NAME><![CDATA[Training]]></NAME>
<!--754B9879785146A4AAFD413C5FF4A069-->  <AD_MODULE_ID><![CDATA[D5FD35D6C7604921BA951B7E0EEE5DC2]]></AD_MODULE_ID>
<!--754B9879785146A4AAFD413C5FF4A069-->  <ISBASEREFERENCE><![CDATA[N]]></ISBASEREFERENCE>
<!--754B9879785146A4AAFD413C5FF4A069-->  <PARENTREFERENCE_ID><![CDATA[18]]></PARENTREFERENCE_ID>
<!--754B9879785146A4AAFD413C5FF4A069-->  <ISVALUEDISPLAYED><![CDATA[N]]></ISVALUEDISPLAYED>
<!--754B9879785146A4AAFD413C5FF4A069--></AD_REFERENCE>

<!--7FEDB3A24E1A426986F8E1D6DA68832C--><AD_REFERENCE>
<!--7FEDB3A24E1A426986F8E1D6DA68832C-->  <AD_REFERENCE_ID><![CDATA[7FEDB3A24E1A426986F8E1D6DA68832C]]></AD_REFERENCE_ID>
<!--7FEDB3A24E1A426986F8E1D6DA68832C-->  <AD_CLIENT_ID><![CDATA[0]]></AD_CLIENT_ID>
<!--7FEDB3A24E1A426986F8E1D6DA68832C-->  <AD_ORG_ID><![CDATA[0]]></AD_ORG_ID>
<!--7FEDB3A24E1A426986F8E1D6DA68832C-->  <ISACTIVE><![CDATA[Y]]></ISACTIVE>
<!--7FEDB3A24E1A426986F8E1D6DA68832C-->  <NAME><![CDATA[Employee Echelon]]></NAME>
<!--7FEDB3A24E1A426986F8E1D6DA68832C-->  <DESCRIPTION><![CDATA[Describe Echelon Of Employee]]></DESCRIPTION>
<!--7FEDB3A24E1A426986F8E1D6DA68832C-->  <AD_MODULE_ID><![CDATA[D5FD35D6C7604921BA951B7E0EEE5DC2]]></AD_MODULE_ID>
<!--7FEDB3A24E1A426986F8E1D6DA68832C-->  <ISBASEREFERENCE><![CDATA[N]]></ISBASEREFERENCE>
<!--7FEDB3A24E1A426986F8E1D6DA68832C-->  <PARENTREFERENCE_ID><![CDATA[17]]></PARENTREFERENCE_ID>
<!--7FEDB3A24E1A426986F8E1D6DA68832C-->  <ISVALUEDISPLAYED><![CDATA[N]]></ISVALUEDISPLAYED>
<!--7FEDB3A24E1A426986F8E1D6DA68832C--></AD_REFERENCE>

<!--8042D989E3B547979F1B2C8B868A1175--><AD_REFERENCE>
<!--8042D989E3B547979F1B2C8B868A1175-->  <AD_REFERENCE_ID><![CDATA[8042D989E3B547979F1B2C8B868A1175]]></AD_REFERENCE_ID>
<!--8042D989E3B547979F1B2C8B868A1175-->  <AD_CLIENT_ID><![CDATA[0]]></AD_CLIENT_ID>
<!--8042D989E3B547979F1B2C8B868A1175-->  <AD_ORG_ID><![CDATA[0]]></AD_ORG_ID>
<!--8042D989E3B547979F1B2C8B868A1175-->  <ISACTIVE><![CDATA[Y]]></ISACTIVE>
<!--8042D989E3B547979F1B2C8B868A1175-->  <NAME><![CDATA[Competency Type]]></NAME>
<!--8042D989E3B547979F1B2C8B868A1175-->  <AD_MODULE_ID><![CDATA[D5FD35D6C7604921BA951B7E0EEE5DC2]]></AD_MODULE_ID>
<!--8042D989E3B547979F1B2C8B868A1175-->  <ISBASEREFERENCE><![CDATA[N]]></ISBASEREFERENCE>
<!--8042D989E3B547979F1B2C8B868A1175-->  <PARENTREFERENCE_ID><![CDATA[17]]></PARENTREFERENCE_ID>
<!--8042D989E3B547979F1B2C8B868A1175-->  <ISVALUEDISPLAYED><![CDATA[N]]></ISVALUEDISPLAYED>
<!--8042D989E3B547979F1B2C8B868A1175--></AD_REFERENCE>

<!--87ACEC30CC2E4CB8AA9E78DF2537E10D--><AD_REFERENCE>
<!--87ACEC30CC2E4CB8AA9E78DF2537E10D-->  <AD_REFERENCE_ID><![CDATA[87ACEC30CC2E4CB8AA9E78DF2537E10D]]></AD_REFERENCE_ID>
<!--87ACEC30CC2E4CB8AA9E78DF2537E10D-->  <AD_CLIENT_ID><![CDATA[0]]></AD_CLIENT_ID>
<!--87ACEC30CC2E4CB8AA9E78DF2537E10D-->  <AD_ORG_ID><![CDATA[0]]></AD_ORG_ID>
<!--87ACEC30CC2E4CB8AA9E78DF2537E10D-->  <ISACTIVE><![CDATA[Y]]></ISACTIVE>
<!--87ACEC30CC2E4CB8AA9E78DF2537E10D-->  <NAME><![CDATA[Certificate/License]]></NAME>
<!--87ACEC30CC2E4CB8AA9E78DF2537E10D-->  <AD_MODULE_ID><![CDATA[D5FD35D6C7604921BA951B7E0EEE5DC2]]></AD_MODULE_ID>
<!--87ACEC30CC2E4CB8AA9E78DF2537E10D-->  <ISBASEREFERENCE><![CDATA[N]]></ISBASEREFERENCE>
<!--87ACEC30CC2E4CB8AA9E78DF2537E10D-->  <PARENTREFERENCE_ID><![CDATA[17]]></PARENTREFERENCE_ID>
<!--87ACEC30CC2E4CB8AA9E78DF2537E10D-->  <ISVALUEDISPLAYED><![CDATA[N]]></ISVALUEDISPLAYED>
<!--87ACEC30CC2E4CB8AA9E78DF2537E10D--></AD_REFERENCE>

<!--88059923FB1247059E3D7EEFDFE9E14F--><AD_REFERENCE>
<!--88059923FB1247059E3D7EEFDFE9E14F-->  <AD_REFERENCE_ID><![CDATA[88059923FB1247059E3D7EEFDFE9E14F]]></AD_REFERENCE_ID>
<!--88059923FB1247059E3D7EEFDFE9E14F-->  <AD_CLIENT_ID><![CDATA[0]]></AD_CLIENT_ID>
<!--88059923FB1247059E3D7EEFDFE9E14F-->  <AD_ORG_ID><![CDATA[0]]></AD_ORG_ID>
<!--88059923FB1247059E3D7EEFDFE9E14F-->  <ISACTIVE><![CDATA[Y]]></ISACTIVE>
<!--88059923FB1247059E3D7EEFDFE9E14F-->  <NAME><![CDATA[Polaritas KPI]]></NAME>
<!--88059923FB1247059E3D7EEFDFE9E14F-->  <AD_MODULE_ID><![CDATA[D5FD35D6C7604921BA951B7E0EEE5DC2]]></AD_MODULE_ID>
<!--88059923FB1247059E3D7EEFDFE9E14F-->  <ISBASEREFERENCE><![CDATA[N]]></ISBASEREFERENCE>
<!--88059923FB1247059E3D7EEFDFE9E14F-->  <PARENTREFERENCE_ID><![CDATA[17]]></PARENTREFERENCE_ID>
<!--88059923FB1247059E3D7EEFDFE9E14F-->  <ISVALUEDISPLAYED><![CDATA[N]]></ISVALUEDISPLAYED>
<!--88059923FB1247059E3D7EEFDFE9E14F--></AD_REFERENCE>

<!--94CF6DB1783C4E349AF217758A8BCE5C--><AD_REFERENCE>
<!--94CF6DB1783C4E349AF217758A8BCE5C-->  <AD_REFERENCE_ID><![CDATA[94CF6DB1783C4E349AF217758A8BCE5C]]></AD_REFERENCE_ID>
<!--94CF6DB1783C4E349AF217758A8BCE5C-->  <AD_CLIENT_ID><![CDATA[0]]></AD_CLIENT_ID>
<!--94CF6DB1783C4E349AF217758A8BCE5C-->  <AD_ORG_ID><![CDATA[0]]></AD_ORG_ID>
<!--94CF6DB1783C4E349AF217758A8BCE5C-->  <ISACTIVE><![CDATA[Y]]></ISACTIVE>
<!--94CF6DB1783C4E349AF217758A8BCE5C-->  <NAME><![CDATA[Major Challenge]]></NAME>
<!--94CF6DB1783C4E349AF217758A8BCE5C-->  <DESCRIPTION><![CDATA[Major Challenge]]></DESCRIPTION>
<!--94CF6DB1783C4E349AF217758A8BCE5C-->  <AD_MODULE_ID><![CDATA[D5FD35D6C7604921BA951B7E0EEE5DC2]]></AD_MODULE_ID>
<!--94CF6DB1783C4E349AF217758A8BCE5C-->  <ISBASEREFERENCE><![CDATA[N]]></ISBASEREFERENCE>
<!--94CF6DB1783C4E349AF217758A8BCE5C-->  <PARENTREFERENCE_ID><![CDATA[17]]></PARENTREFERENCE_ID>
<!--94CF6DB1783C4E349AF217758A8BCE5C-->  <ISVALUEDISPLAYED><![CDATA[N]]></ISVALUEDISPLAYED>
<!--94CF6DB1783C4E349AF217758A8BCE5C--></AD_REFERENCE>

<!--99352D4F270B40CEBC57548FF05772FD--><AD_REFERENCE>
<!--99352D4F270B40CEBC57548FF05772FD-->  <AD_REFERENCE_ID><![CDATA[99352D4F270B40CEBC57548FF05772FD]]></AD_REFERENCE_ID>
<!--99352D4F270B40CEBC57548FF05772FD-->  <AD_CLIENT_ID><![CDATA[0]]></AD_CLIENT_ID>
<!--99352D4F270B40CEBC57548FF05772FD-->  <AD_ORG_ID><![CDATA[0]]></AD_ORG_ID>
<!--99352D4F270B40CEBC57548FF05772FD-->  <ISACTIVE><![CDATA[Y]]></ISACTIVE>
<!--99352D4F270B40CEBC57548FF05772FD-->  <NAME><![CDATA[Training Location]]></NAME>
<!--99352D4F270B40CEBC57548FF05772FD-->  <AD_MODULE_ID><![CDATA[D5FD35D6C7604921BA951B7E0EEE5DC2]]></AD_MODULE_ID>
<!--99352D4F270B40CEBC57548FF05772FD-->  <ISBASEREFERENCE><![CDATA[N]]></ISBASEREFERENCE>
<!--99352D4F270B40CEBC57548FF05772FD-->  <PARENTREFERENCE_ID><![CDATA[17]]></PARENTREFERENCE_ID>
<!--99352D4F270B40CEBC57548FF05772FD-->  <ISVALUEDISPLAYED><![CDATA[N]]></ISVALUEDISPLAYED>
<!--99352D4F270B40CEBC57548FF05772FD--></AD_REFERENCE>

<!--A0A8B37917904227BACCFDA90F0C7607--><AD_REFERENCE>
<!--A0A8B37917904227BACCFDA90F0C7607-->  <AD_REFERENCE_ID><![CDATA[A0A8B37917904227BACCFDA90F0C7607]]></AD_REFERENCE_ID>
<!--A0A8B37917904227BACCFDA90F0C7607-->  <AD_CLIENT_ID><![CDATA[0]]></AD_CLIENT_ID>
<!--A0A8B37917904227BACCFDA90F0C7607-->  <AD_ORG_ID><![CDATA[0]]></AD_ORG_ID>
<!--A0A8B37917904227BACCFDA90F0C7607-->  <ISACTIVE><![CDATA[Y]]></ISACTIVE>
<!--A0A8B37917904227BACCFDA90F0C7607-->  <NAME><![CDATA[Sex]]></NAME>
<!--A0A8B37917904227BACCFDA90F0C7607-->  <AD_MODULE_ID><![CDATA[D5FD35D6C7604921BA951B7E0EEE5DC2]]></AD_MODULE_ID>
<!--A0A8B37917904227BACCFDA90F0C7607-->  <ISBASEREFERENCE><![CDATA[N]]></ISBASEREFERENCE>
<!--A0A8B37917904227BACCFDA90F0C7607-->  <PARENTREFERENCE_ID><![CDATA[17]]></PARENTREFERENCE_ID>
<!--A0A8B37917904227BACCFDA90F0C7607-->  <ISVALUEDISPLAYED><![CDATA[N]]></ISVALUEDISPLAYED>
<!--A0A8B37917904227BACCFDA90F0C7607--></AD_REFERENCE>

<!--A6DD5BA7C3794C0FA01947EDB2F4BDE9--><AD_REFERENCE>
<!--A6DD5BA7C3794C0FA01947EDB2F4BDE9-->  <AD_REFERENCE_ID><![CDATA[A6DD5BA7C3794C0FA01947EDB2F4BDE9]]></AD_REFERENCE_ID>
<!--A6DD5BA7C3794C0FA01947EDB2F4BDE9-->  <AD_CLIENT_ID><![CDATA[0]]></AD_CLIENT_ID>
<!--A6DD5BA7C3794C0FA01947EDB2F4BDE9-->  <AD_ORG_ID><![CDATA[0]]></AD_ORG_ID>
<!--A6DD5BA7C3794C0FA01947EDB2F4BDE9-->  <ISACTIVE><![CDATA[Y]]></ISACTIVE>
<!--A6DD5BA7C3794C0FA01947EDB2F4BDE9-->  <NAME><![CDATA[Insurance Class]]></NAME>
<!--A6DD5BA7C3794C0FA01947EDB2F4BDE9-->  <AD_MODULE_ID><![CDATA[D5FD35D6C7604921BA951B7E0EEE5DC2]]></AD_MODULE_ID>
<!--A6DD5BA7C3794C0FA01947EDB2F4BDE9-->  <ISBASEREFERENCE><![CDATA[N]]></ISBASEREFERENCE>
<!--A6DD5BA7C3794C0FA01947EDB2F4BDE9-->  <PARENTREFERENCE_ID><![CDATA[17]]></PARENTREFERENCE_ID>
<!--A6DD5BA7C3794C0FA01947EDB2F4BDE9-->  <ISVALUEDISPLAYED><![CDATA[N]]></ISVALUEDISPLAYED>
<!--A6DD5BA7C3794C0FA01947EDB2F4BDE9--></AD_REFERENCE>

<!--A7A8A75184664634A182FC09EEF9C262--><AD_REFERENCE>
<!--A7A8A75184664634A182FC09EEF9C262-->  <AD_REFERENCE_ID><![CDATA[A7A8A75184664634A182FC09EEF9C262]]></AD_REFERENCE_ID>
<!--A7A8A75184664634A182FC09EEF9C262-->  <AD_CLIENT_ID><![CDATA[0]]></AD_CLIENT_ID>
<!--A7A8A75184664634A182FC09EEF9C262-->  <AD_ORG_ID><![CDATA[0]]></AD_ORG_ID>
<!--A7A8A75184664634A182FC09EEF9C262-->  <ISACTIVE><![CDATA[Y]]></ISACTIVE>
<!--A7A8A75184664634A182FC09EEF9C262-->  <NAME><![CDATA[Salary Category]]></NAME>
<!--A7A8A75184664634A182FC09EEF9C262-->  <AD_MODULE_ID><![CDATA[D5FD35D6C7604921BA951B7E0EEE5DC2]]></AD_MODULE_ID>
<!--A7A8A75184664634A182FC09EEF9C262-->  <ISBASEREFERENCE><![CDATA[N]]></ISBASEREFERENCE>
<!--A7A8A75184664634A182FC09EEF9C262-->  <PARENTREFERENCE_ID><![CDATA[18]]></PARENTREFERENCE_ID>
<!--A7A8A75184664634A182FC09EEF9C262-->  <ISVALUEDISPLAYED><![CDATA[N]]></ISVALUEDISPLAYED>
<!--A7A8A75184664634A182FC09EEF9C262--></AD_REFERENCE>

<!--A8863B29DE464EF287AFAA42D329E2CA--><AD_REFERENCE>
<!--A8863B29DE464EF287AFAA42D329E2CA-->  <AD_REFERENCE_ID><![CDATA[A8863B29DE464EF287AFAA42D329E2CA]]></AD_REFERENCE_ID>
<!--A8863B29DE464EF287AFAA42D329E2CA-->  <AD_CLIENT_ID><![CDATA[0]]></AD_CLIENT_ID>
<!--A8863B29DE464EF287AFAA42D329E2CA-->  <AD_ORG_ID><![CDATA[0]]></AD_ORG_ID>
<!--A8863B29DE464EF287AFAA42D329E2CA-->  <ISACTIVE><![CDATA[Y]]></ISACTIVE>
<!--A8863B29DE464EF287AFAA42D329E2CA-->  <NAME><![CDATA[Insurance Provider]]></NAME>
<!--A8863B29DE464EF287AFAA42D329E2CA-->  <AD_MODULE_ID><![CDATA[D5FD35D6C7604921BA951B7E0EEE5DC2]]></AD_MODULE_ID>
<!--A8863B29DE464EF287AFAA42D329E2CA-->  <ISBASEREFERENCE><![CDATA[N]]></ISBASEREFERENCE>
<!--A8863B29DE464EF287AFAA42D329E2CA-->  <PARENTREFERENCE_ID><![CDATA[95E2A8B50A254B2AAE6774B8C2F28120]]></PARENTREFERENCE_ID>
<!--A8863B29DE464EF287AFAA42D329E2CA-->  <ISVALUEDISPLAYED><![CDATA[N]]></ISVALUEDISPLAYED>
<!--A8863B29DE464EF287AFAA42D329E2CA--></AD_REFERENCE>

<!--A98FF6066A6A4D0AAA8DFB0BB387A500--><AD_REFERENCE>
<!--A98FF6066A6A4D0AAA8DFB0BB387A500-->  <AD_REFERENCE_ID><![CDATA[A98FF6066A6A4D0AAA8DFB0BB387A500]]></AD_REFERENCE_ID>
<!--A98FF6066A6A4D0AAA8DFB0BB387A500-->  <AD_CLIENT_ID><![CDATA[0]]></AD_CLIENT_ID>
<!--A98FF6066A6A4D0AAA8DFB0BB387A500-->  <AD_ORG_ID><![CDATA[0]]></AD_ORG_ID>
<!--A98FF6066A6A4D0AAA8DFB0BB387A500-->  <ISACTIVE><![CDATA[Y]]></ISACTIVE>
<!--A98FF6066A6A4D0AAA8DFB0BB387A500-->  <NAME><![CDATA[Marital Status]]></NAME>
<!--A98FF6066A6A4D0AAA8DFB0BB387A500-->  <AD_MODULE_ID><![CDATA[D5FD35D6C7604921BA951B7E0EEE5DC2]]></AD_MODULE_ID>
<!--A98FF6066A6A4D0AAA8DFB0BB387A500-->  <ISBASEREFERENCE><![CDATA[N]]></ISBASEREFERENCE>
<!--A98FF6066A6A4D0AAA8DFB0BB387A500-->  <PARENTREFERENCE_ID><![CDATA[17]]></PARENTREFERENCE_ID>
<!--A98FF6066A6A4D0AAA8DFB0BB387A500-->  <ISVALUEDISPLAYED><![CDATA[N]]></ISVALUEDISPLAYED>
<!--A98FF6066A6A4D0AAA8DFB0BB387A500--></AD_REFERENCE>

<!--AA41FBE13A7846EF9B8FC2C9A9334084--><AD_REFERENCE>
<!--AA41FBE13A7846EF9B8FC2C9A9334084-->  <AD_REFERENCE_ID><![CDATA[AA41FBE13A7846EF9B8FC2C9A9334084]]></AD_REFERENCE_ID>
<!--AA41FBE13A7846EF9B8FC2C9A9334084-->  <AD_CLIENT_ID><![CDATA[0]]></AD_CLIENT_ID>
<!--AA41FBE13A7846EF9B8FC2C9A9334084-->  <AD_ORG_ID><![CDATA[0]]></AD_ORG_ID>
<!--AA41FBE13A7846EF9B8FC2C9A9334084-->  <ISACTIVE><![CDATA[Y]]></ISACTIVE>
<!--AA41FBE13A7846EF9B8FC2C9A9334084-->  <NAME><![CDATA[Cost Center Tree Employee]]></NAME>
<!--AA41FBE13A7846EF9B8FC2C9A9334084-->  <AD_MODULE_ID><![CDATA[D5FD35D6C7604921BA951B7E0EEE5DC2]]></AD_MODULE_ID>
<!--AA41FBE13A7846EF9B8FC2C9A9334084-->  <ISBASEREFERENCE><![CDATA[N]]></ISBASEREFERENCE>
<!--AA41FBE13A7846EF9B8FC2C9A9334084-->  <PARENTREFERENCE_ID><![CDATA[8C57A4A2E05F4261A1FADF47C30398AD]]></PARENTREFERENCE_ID>
<!--AA41FBE13A7846EF9B8FC2C9A9334084-->  <ISVALUEDISPLAYED><![CDATA[N]]></ISVALUEDISPLAYED>
<!--AA41FBE13A7846EF9B8FC2C9A9334084--></AD_REFERENCE>

<!--B1AD36C5548743CC9BD8B41BE1887456--><AD_REFERENCE>
<!--B1AD36C5548743CC9BD8B41BE1887456-->  <AD_REFERENCE_ID><![CDATA[B1AD36C5548743CC9BD8B41BE1887456]]></AD_REFERENCE_ID>
<!--B1AD36C5548743CC9BD8B41BE1887456-->  <AD_CLIENT_ID><![CDATA[0]]></AD_CLIENT_ID>
<!--B1AD36C5548743CC9BD8B41BE1887456-->  <AD_ORG_ID><![CDATA[0]]></AD_ORG_ID>
<!--B1AD36C5548743CC9BD8B41BE1887456-->  <ISACTIVE><![CDATA[Y]]></ISACTIVE>
<!--B1AD36C5548743CC9BD8B41BE1887456-->  <NAME><![CDATA[Hris_contact Usulan Perubahan]]></NAME>
<!--B1AD36C5548743CC9BD8B41BE1887456-->  <AD_MODULE_ID><![CDATA[D5FD35D6C7604921BA951B7E0EEE5DC2]]></AD_MODULE_ID>
<!--B1AD36C5548743CC9BD8B41BE1887456-->  <ISBASEREFERENCE><![CDATA[N]]></ISBASEREFERENCE>
<!--B1AD36C5548743CC9BD8B41BE1887456-->  <PARENTREFERENCE_ID><![CDATA[18]]></PARENTREFERENCE_ID>
<!--B1AD36C5548743CC9BD8B41BE1887456-->  <ISVALUEDISPLAYED><![CDATA[N]]></ISVALUEDISPLAYED>
<!--B1AD36C5548743CC9BD8B41BE1887456--></AD_REFERENCE>

<!--B27FA413F8634E76B493FEA55180ECDC--><AD_REFERENCE>
<!--B27FA413F8634E76B493FEA55180ECDC-->  <AD_REFERENCE_ID><![CDATA[B27FA413F8634E76B493FEA55180ECDC]]></AD_REFERENCE_ID>
<!--B27FA413F8634E76B493FEA55180ECDC-->  <AD_CLIENT_ID><![CDATA[0]]></AD_CLIENT_ID>
<!--B27FA413F8634E76B493FEA55180ECDC-->  <AD_ORG_ID><![CDATA[0]]></AD_ORG_ID>
<!--B27FA413F8634E76B493FEA55180ECDC-->  <ISACTIVE><![CDATA[Y]]></ISACTIVE>
<!--B27FA413F8634E76B493FEA55180ECDC-->  <NAME><![CDATA[Job Title Tree]]></NAME>
<!--B27FA413F8634E76B493FEA55180ECDC-->  <AD_MODULE_ID><![CDATA[D5FD35D6C7604921BA951B7E0EEE5DC2]]></AD_MODULE_ID>
<!--B27FA413F8634E76B493FEA55180ECDC-->  <ISBASEREFERENCE><![CDATA[N]]></ISBASEREFERENCE>
<!--B27FA413F8634E76B493FEA55180ECDC-->  <PARENTREFERENCE_ID><![CDATA[8C57A4A2E05F4261A1FADF47C30398AD]]></PARENTREFERENCE_ID>
<!--B27FA413F8634E76B493FEA55180ECDC-->  <ISVALUEDISPLAYED><![CDATA[N]]></ISVALUEDISPLAYED>
<!--B27FA413F8634E76B493FEA55180ECDC--></AD_REFERENCE>

<!--B2BF540AE8884A12AC5D86634E7E2AF2--><AD_REFERENCE>
<!--B2BF540AE8884A12AC5D86634E7E2AF2-->  <AD_REFERENCE_ID><![CDATA[B2BF540AE8884A12AC5D86634E7E2AF2]]></AD_REFERENCE_ID>
<!--B2BF540AE8884A12AC5D86634E7E2AF2-->  <AD_CLIENT_ID><![CDATA[0]]></AD_CLIENT_ID>
<!--B2BF540AE8884A12AC5D86634E7E2AF2-->  <AD_ORG_ID><![CDATA[0]]></AD_ORG_ID>
<!--B2BF540AE8884A12AC5D86634E7E2AF2-->  <ISACTIVE><![CDATA[Y]]></ISACTIVE>
<!--B2BF540AE8884A12AC5D86634E7E2AF2-->  <NAME><![CDATA[Education Institution List]]></NAME>
<!--B2BF540AE8884A12AC5D86634E7E2AF2-->  <AD_MODULE_ID><![CDATA[D5FD35D6C7604921BA951B7E0EEE5DC2]]></AD_MODULE_ID>
<!--B2BF540AE8884A12AC5D86634E7E2AF2-->  <ISBASEREFERENCE><![CDATA[N]]></ISBASEREFERENCE>
<!--B2BF540AE8884A12AC5D86634E7E2AF2-->  <PARENTREFERENCE_ID><![CDATA[17]]></PARENTREFERENCE_ID>
<!--B2BF540AE8884A12AC5D86634E7E2AF2-->  <ISVALUEDISPLAYED><![CDATA[N]]></ISVALUEDISPLAYED>
<!--B2BF540AE8884A12AC5D86634E7E2AF2--></AD_REFERENCE>

<!--B2FCE0BF500849A29C60E350A079443B--><AD_REFERENCE>
<!--B2FCE0BF500849A29C60E350A079443B-->  <AD_REFERENCE_ID><![CDATA[B2FCE0BF500849A29C60E350A079443B]]></AD_REFERENCE_ID>
<!--B2FCE0BF500849A29C60E350A079443B-->  <AD_CLIENT_ID><![CDATA[0]]></AD_CLIENT_ID>
<!--B2FCE0BF500849A29C60E350A079443B-->  <AD_ORG_ID><![CDATA[0]]></AD_ORG_ID>
<!--B2FCE0BF500849A29C60E350A079443B-->  <ISACTIVE><![CDATA[Y]]></ISACTIVE>
<!--B2FCE0BF500849A29C60E350A079443B-->  <NAME><![CDATA[General Assesment Type]]></NAME>
<!--B2FCE0BF500849A29C60E350A079443B-->  <AD_MODULE_ID><![CDATA[D5FD35D6C7604921BA951B7E0EEE5DC2]]></AD_MODULE_ID>
<!--B2FCE0BF500849A29C60E350A079443B-->  <ISBASEREFERENCE><![CDATA[N]]></ISBASEREFERENCE>
<!--B2FCE0BF500849A29C60E350A079443B-->  <PARENTREFERENCE_ID><![CDATA[17]]></PARENTREFERENCE_ID>
<!--B2FCE0BF500849A29C60E350A079443B-->  <ISVALUEDISPLAYED><![CDATA[N]]></ISVALUEDISPLAYED>
<!--B2FCE0BF500849A29C60E350A079443B--></AD_REFERENCE>

<!--B9B5C34F07D14EA0A2A90D1493B4712F--><AD_REFERENCE>
<!--B9B5C34F07D14EA0A2A90D1493B4712F-->  <AD_REFERENCE_ID><![CDATA[B9B5C34F07D14EA0A2A90D1493B4712F]]></AD_REFERENCE_ID>
<!--B9B5C34F07D14EA0A2A90D1493B4712F-->  <AD_CLIENT_ID><![CDATA[0]]></AD_CLIENT_ID>
<!--B9B5C34F07D14EA0A2A90D1493B4712F-->  <AD_ORG_ID><![CDATA[0]]></AD_ORG_ID>
<!--B9B5C34F07D14EA0A2A90D1493B4712F-->  <ISACTIVE><![CDATA[Y]]></ISACTIVE>
<!--B9B5C34F07D14EA0A2A90D1493B4712F-->  <NAME><![CDATA[Employee Position Tree]]></NAME>
<!--B9B5C34F07D14EA0A2A90D1493B4712F-->  <AD_MODULE_ID><![CDATA[D5FD35D6C7604921BA951B7E0EEE5DC2]]></AD_MODULE_ID>
<!--B9B5C34F07D14EA0A2A90D1493B4712F-->  <ISBASEREFERENCE><![CDATA[N]]></ISBASEREFERENCE>
<!--B9B5C34F07D14EA0A2A90D1493B4712F-->  <PARENTREFERENCE_ID><![CDATA[8C57A4A2E05F4261A1FADF47C30398AD]]></PARENTREFERENCE_ID>
<!--B9B5C34F07D14EA0A2A90D1493B4712F-->  <ISVALUEDISPLAYED><![CDATA[N]]></ISVALUEDISPLAYED>
<!--B9B5C34F07D14EA0A2A90D1493B4712F--></AD_REFERENCE>

<!--BCD595704A9346FAB69B4AE4462986BB--><AD_REFERENCE>
<!--BCD595704A9346FAB69B4AE4462986BB-->  <AD_REFERENCE_ID><![CDATA[BCD595704A9346FAB69B4AE4462986BB]]></AD_REFERENCE_ID>
<!--BCD595704A9346FAB69B4AE4462986BB-->  <AD_CLIENT_ID><![CDATA[0]]></AD_CLIENT_ID>
<!--BCD595704A9346FAB69B4AE4462986BB-->  <AD_ORG_ID><![CDATA[0]]></AD_ORG_ID>
<!--BCD595704A9346FAB69B4AE4462986BB-->  <ISACTIVE><![CDATA[Y]]></ISACTIVE>
<!--BCD595704A9346FAB69B4AE4462986BB-->  <NAME><![CDATA[Orgazation Selector]]></NAME>
<!--BCD595704A9346FAB69B4AE4462986BB-->  <AD_MODULE_ID><![CDATA[D5FD35D6C7604921BA951B7E0EEE5DC2]]></AD_MODULE_ID>
<!--BCD595704A9346FAB69B4AE4462986BB-->  <ISBASEREFERENCE><![CDATA[N]]></ISBASEREFERENCE>
<!--BCD595704A9346FAB69B4AE4462986BB-->  <PARENTREFERENCE_ID><![CDATA[95E2A8B50A254B2AAE6774B8C2F28120]]></PARENTREFERENCE_ID>
<!--BCD595704A9346FAB69B4AE4462986BB-->  <ISVALUEDISPLAYED><![CDATA[N]]></ISVALUEDISPLAYED>
<!--BCD595704A9346FAB69B4AE4462986BB--></AD_REFERENCE>

<!--BF8F5FEEC9E747E3982C78F4E60BF857--><AD_REFERENCE>
<!--BF8F5FEEC9E747E3982C78F4E60BF857-->  <AD_REFERENCE_ID><![CDATA[BF8F5FEEC9E747E3982C78F4E60BF857]]></AD_REFERENCE_ID>
<!--BF8F5FEEC9E747E3982C78F4E60BF857-->  <AD_CLIENT_ID><![CDATA[0]]></AD_CLIENT_ID>
<!--BF8F5FEEC9E747E3982C78F4E60BF857-->  <AD_ORG_ID><![CDATA[0]]></AD_ORG_ID>
<!--BF8F5FEEC9E747E3982C78F4E60BF857-->  <ISACTIVE><![CDATA[Y]]></ISACTIVE>
<!--BF8F5FEEC9E747E3982C78F4E60BF857-->  <NAME><![CDATA[Employee]]></NAME>
<!--BF8F5FEEC9E747E3982C78F4E60BF857-->  <DESCRIPTION><![CDATA[Employee]]></DESCRIPTION>
<!--BF8F5FEEC9E747E3982C78F4E60BF857-->  <HELP><![CDATA[Company's Employee]]></HELP>
<!--BF8F5FEEC9E747E3982C78F4E60BF857-->  <AD_MODULE_ID><![CDATA[D5FD35D6C7604921BA951B7E0EEE5DC2]]></AD_MODULE_ID>
<!--BF8F5FEEC9E747E3982C78F4E60BF857-->  <ISBASEREFERENCE><![CDATA[N]]></ISBASEREFERENCE>
<!--BF8F5FEEC9E747E3982C78F4E60BF857-->  <PARENTREFERENCE_ID><![CDATA[95E2A8B50A254B2AAE6774B8C2F28120]]></PARENTREFERENCE_ID>
<!--BF8F5FEEC9E747E3982C78F4E60BF857-->  <ISVALUEDISPLAYED><![CDATA[N]]></ISVALUEDISPLAYED>
<!--BF8F5FEEC9E747E3982C78F4E60BF857--></AD_REFERENCE>

<!--C04D9E5443B0415584C00B86AB8F44D5--><AD_REFERENCE>
<!--C04D9E5443B0415584C00B86AB8F44D5-->  <AD_REFERENCE_ID><![CDATA[C04D9E5443B0415584C00B86AB8F44D5]]></AD_REFERENCE_ID>
<!--C04D9E5443B0415584C00B86AB8F44D5-->  <AD_CLIENT_ID><![CDATA[0]]></AD_CLIENT_ID>
<!--C04D9E5443B0415584C00B86AB8F44D5-->  <AD_ORG_ID><![CDATA[0]]></AD_ORG_ID>
<!--C04D9E5443B0415584C00B86AB8F44D5-->  <ISACTIVE><![CDATA[Y]]></ISACTIVE>
<!--C04D9E5443B0415584C00B86AB8F44D5-->  <NAME><![CDATA[Status Kepegawaian]]></NAME>
<!--C04D9E5443B0415584C00B86AB8F44D5-->  <AD_MODULE_ID><![CDATA[D5FD35D6C7604921BA951B7E0EEE5DC2]]></AD_MODULE_ID>
<!--C04D9E5443B0415584C00B86AB8F44D5-->  <ISBASEREFERENCE><![CDATA[N]]></ISBASEREFERENCE>
<!--C04D9E5443B0415584C00B86AB8F44D5-->  <PARENTREFERENCE_ID><![CDATA[17]]></PARENTREFERENCE_ID>
<!--C04D9E5443B0415584C00B86AB8F44D5-->  <ISVALUEDISPLAYED><![CDATA[N]]></ISVALUEDISPLAYED>
<!--C04D9E5443B0415584C00B86AB8F44D5--></AD_REFERENCE>

<!--C3EB39319DE9499CA4416B865573DD09--><AD_REFERENCE>
<!--C3EB39319DE9499CA4416B865573DD09-->  <AD_REFERENCE_ID><![CDATA[C3EB39319DE9499CA4416B865573DD09]]></AD_REFERENCE_ID>
<!--C3EB39319DE9499CA4416B865573DD09-->  <AD_CLIENT_ID><![CDATA[0]]></AD_CLIENT_ID>
<!--C3EB39319DE9499CA4416B865573DD09-->  <AD_ORG_ID><![CDATA[0]]></AD_ORG_ID>
<!--C3EB39319DE9499CA4416B865573DD09-->  <ISACTIVE><![CDATA[Y]]></ISACTIVE>
<!--C3EB39319DE9499CA4416B865573DD09-->  <NAME><![CDATA[Employee Transfer Type]]></NAME>
<!--C3EB39319DE9499CA4416B865573DD09-->  <AD_MODULE_ID><![CDATA[D5FD35D6C7604921BA951B7E0EEE5DC2]]></AD_MODULE_ID>
<!--C3EB39319DE9499CA4416B865573DD09-->  <ISBASEREFERENCE><![CDATA[N]]></ISBASEREFERENCE>
<!--C3EB39319DE9499CA4416B865573DD09-->  <PARENTREFERENCE_ID><![CDATA[17]]></PARENTREFERENCE_ID>
<!--C3EB39319DE9499CA4416B865573DD09-->  <ISVALUEDISPLAYED><![CDATA[N]]></ISVALUEDISPLAYED>
<!--C3EB39319DE9499CA4416B865573DD09--></AD_REFERENCE>

<!--C55C25C0D56C4434A68052725578945F--><AD_REFERENCE>
<!--C55C25C0D56C4434A68052725578945F-->  <AD_REFERENCE_ID><![CDATA[C55C25C0D56C4434A68052725578945F]]></AD_REFERENCE_ID>
<!--C55C25C0D56C4434A68052725578945F-->  <AD_CLIENT_ID><![CDATA[0]]></AD_CLIENT_ID>
<!--C55C25C0D56C4434A68052725578945F-->  <AD_ORG_ID><![CDATA[0]]></AD_ORG_ID>
<!--C55C25C0D56C4434A68052725578945F-->  <ISACTIVE><![CDATA[Y]]></ISACTIVE>
<!--C55C25C0D56C4434A68052725578945F-->  <NAME><![CDATA[Certificate]]></NAME>
<!--C55C25C0D56C4434A68052725578945F-->  <AD_MODULE_ID><![CDATA[D5FD35D6C7604921BA951B7E0EEE5DC2]]></AD_MODULE_ID>
<!--C55C25C0D56C4434A68052725578945F-->  <ISBASEREFERENCE><![CDATA[N]]></ISBASEREFERENCE>
<!--C55C25C0D56C4434A68052725578945F-->  <PARENTREFERENCE_ID><![CDATA[18]]></PARENTREFERENCE_ID>
<!--C55C25C0D56C4434A68052725578945F-->  <ISVALUEDISPLAYED><![CDATA[N]]></ISVALUEDISPLAYED>
<!--C55C25C0D56C4434A68052725578945F--></AD_REFERENCE>

<!--D296E6AEEFD044C8899D3C3C9A7E4B65--><AD_REFERENCE>
<!--D296E6AEEFD044C8899D3C3C9A7E4B65-->  <AD_REFERENCE_ID><![CDATA[D296E6AEEFD044C8899D3C3C9A7E4B65]]></AD_REFERENCE_ID>
<!--D296E6AEEFD044C8899D3C3C9A7E4B65-->  <AD_CLIENT_ID><![CDATA[0]]></AD_CLIENT_ID>
<!--D296E6AEEFD044C8899D3C3C9A7E4B65-->  <AD_ORG_ID><![CDATA[0]]></AD_ORG_ID>
<!--D296E6AEEFD044C8899D3C3C9A7E4B65-->  <ISACTIVE><![CDATA[Y]]></ISACTIVE>
<!--D296E6AEEFD044C8899D3C3C9A7E4B65-->  <NAME><![CDATA[Included In]]></NAME>
<!--D296E6AEEFD044C8899D3C3C9A7E4B65-->  <AD_MODULE_ID><![CDATA[D5FD35D6C7604921BA951B7E0EEE5DC2]]></AD_MODULE_ID>
<!--D296E6AEEFD044C8899D3C3C9A7E4B65-->  <ISBASEREFERENCE><![CDATA[N]]></ISBASEREFERENCE>
<!--D296E6AEEFD044C8899D3C3C9A7E4B65-->  <PARENTREFERENCE_ID><![CDATA[17]]></PARENTREFERENCE_ID>
<!--D296E6AEEFD044C8899D3C3C9A7E4B65-->  <ISVALUEDISPLAYED><![CDATA[N]]></ISVALUEDISPLAYED>
<!--D296E6AEEFD044C8899D3C3C9A7E4B65--></AD_REFERENCE>

<!--D470FB41D82446D282EA65AAE3840AA8--><AD_REFERENCE>
<!--D470FB41D82446D282EA65AAE3840AA8-->  <AD_REFERENCE_ID><![CDATA[D470FB41D82446D282EA65AAE3840AA8]]></AD_REFERENCE_ID>
<!--D470FB41D82446D282EA65AAE3840AA8-->  <AD_CLIENT_ID><![CDATA[0]]></AD_CLIENT_ID>
<!--D470FB41D82446D282EA65AAE3840AA8-->  <AD_ORG_ID><![CDATA[0]]></AD_ORG_ID>
<!--D470FB41D82446D282EA65AAE3840AA8-->  <ISACTIVE><![CDATA[Y]]></ISACTIVE>
<!--D470FB41D82446D282EA65AAE3840AA8-->  <NAME><![CDATA[Employee Position]]></NAME>
<!--D470FB41D82446D282EA65AAE3840AA8-->  <AD_MODULE_ID><![CDATA[D5FD35D6C7604921BA951B7E0EEE5DC2]]></AD_MODULE_ID>
<!--D470FB41D82446D282EA65AAE3840AA8-->  <ISBASEREFERENCE><![CDATA[N]]></ISBASEREFERENCE>
<!--D470FB41D82446D282EA65AAE3840AA8-->  <PARENTREFERENCE_ID><![CDATA[17]]></PARENTREFERENCE_ID>
<!--D470FB41D82446D282EA65AAE3840AA8-->  <ISVALUEDISPLAYED><![CDATA[N]]></ISVALUEDISPLAYED>
<!--D470FB41D82446D282EA65AAE3840AA8--></AD_REFERENCE>

<!--E819725F7594408EB8901DCD89805D3E--><AD_REFERENCE>
<!--E819725F7594408EB8901DCD89805D3E-->  <AD_REFERENCE_ID><![CDATA[E819725F7594408EB8901DCD89805D3E]]></AD_REFERENCE_ID>
<!--E819725F7594408EB8901DCD89805D3E-->  <AD_CLIENT_ID><![CDATA[0]]></AD_CLIENT_ID>
<!--E819725F7594408EB8901DCD89805D3E-->  <AD_ORG_ID><![CDATA[0]]></AD_ORG_ID>
<!--E819725F7594408EB8901DCD89805D3E-->  <ISACTIVE><![CDATA[Y]]></ISACTIVE>
<!--E819725F7594408EB8901DCD89805D3E-->  <NAME><![CDATA[Transfer Type]]></NAME>
<!--E819725F7594408EB8901DCD89805D3E-->  <AD_MODULE_ID><![CDATA[D5FD35D6C7604921BA951B7E0EEE5DC2]]></AD_MODULE_ID>
<!--E819725F7594408EB8901DCD89805D3E-->  <ISBASEREFERENCE><![CDATA[N]]></ISBASEREFERENCE>
<!--E819725F7594408EB8901DCD89805D3E-->  <PARENTREFERENCE_ID><![CDATA[17]]></PARENTREFERENCE_ID>
<!--E819725F7594408EB8901DCD89805D3E-->  <ISVALUEDISPLAYED><![CDATA[N]]></ISVALUEDISPLAYED>
<!--E819725F7594408EB8901DCD89805D3E--></AD_REFERENCE>

<!--EB2997900D2F4F70B7902112668679D9--><AD_REFERENCE>
<!--EB2997900D2F4F70B7902112668679D9-->  <AD_REFERENCE_ID><![CDATA[EB2997900D2F4F70B7902112668679D9]]></AD_REFERENCE_ID>
<!--EB2997900D2F4F70B7902112668679D9-->  <AD_CLIENT_ID><![CDATA[0]]></AD_CLIENT_ID>
<!--EB2997900D2F4F70B7902112668679D9-->  <AD_ORG_ID><![CDATA[0]]></AD_ORG_ID>
<!--EB2997900D2F4F70B7902112668679D9-->  <ISACTIVE><![CDATA[Y]]></ISACTIVE>
<!--EB2997900D2F4F70B7902112668679D9-->  <NAME><![CDATA[Hris_Jobtitle]]></NAME>
<!--EB2997900D2F4F70B7902112668679D9-->  <AD_MODULE_ID><![CDATA[D5FD35D6C7604921BA951B7E0EEE5DC2]]></AD_MODULE_ID>
<!--EB2997900D2F4F70B7902112668679D9-->  <ISBASEREFERENCE><![CDATA[N]]></ISBASEREFERENCE>
<!--EB2997900D2F4F70B7902112668679D9-->  <PARENTREFERENCE_ID><![CDATA[18]]></PARENTREFERENCE_ID>
<!--EB2997900D2F4F70B7902112668679D9-->  <ISVALUEDISPLAYED><![CDATA[N]]></ISVALUEDISPLAYED>
<!--EB2997900D2F4F70B7902112668679D9--></AD_REFERENCE>

<!--ECF1E55D7A06477E850DC2E50DB14EE0--><AD_REFERENCE>
<!--ECF1E55D7A06477E850DC2E50DB14EE0-->  <AD_REFERENCE_ID><![CDATA[ECF1E55D7A06477E850DC2E50DB14EE0]]></AD_REFERENCE_ID>
<!--ECF1E55D7A06477E850DC2E50DB14EE0-->  <AD_CLIENT_ID><![CDATA[0]]></AD_CLIENT_ID>
<!--ECF1E55D7A06477E850DC2E50DB14EE0-->  <AD_ORG_ID><![CDATA[0]]></AD_ORG_ID>
<!--ECF1E55D7A06477E850DC2E50DB14EE0-->  <ISACTIVE><![CDATA[Y]]></ISACTIVE>
<!--ECF1E55D7A06477E850DC2E50DB14EE0-->  <NAME><![CDATA[Employee Supervised By]]></NAME>
<!--ECF1E55D7A06477E850DC2E50DB14EE0-->  <DESCRIPTION><![CDATA[Employee Define Reported to ]]></DESCRIPTION>
<!--ECF1E55D7A06477E850DC2E50DB14EE0-->  <AD_MODULE_ID><![CDATA[D5FD35D6C7604921BA951B7E0EEE5DC2]]></AD_MODULE_ID>
<!--ECF1E55D7A06477E850DC2E50DB14EE0-->  <ISBASEREFERENCE><![CDATA[N]]></ISBASEREFERENCE>
<!--ECF1E55D7A06477E850DC2E50DB14EE0-->  <PARENTREFERENCE_ID><![CDATA[95E2A8B50A254B2AAE6774B8C2F28120]]></PARENTREFERENCE_ID>
<!--ECF1E55D7A06477E850DC2E50DB14EE0-->  <ISVALUEDISPLAYED><![CDATA[N]]></ISVALUEDISPLAYED>
<!--ECF1E55D7A06477E850DC2E50DB14EE0--></AD_REFERENCE>

<!--EDBE412556B44900A66810F069F21B49--><AD_REFERENCE>
<!--EDBE412556B44900A66810F069F21B49-->  <AD_REFERENCE_ID><![CDATA[EDBE412556B44900A66810F069F21B49]]></AD_REFERENCE_ID>
<!--EDBE412556B44900A66810F069F21B49-->  <AD_CLIENT_ID><![CDATA[0]]></AD_CLIENT_ID>
<!--EDBE412556B44900A66810F069F21B49-->  <AD_ORG_ID><![CDATA[0]]></AD_ORG_ID>
<!--EDBE412556B44900A66810F069F21B49-->  <ISACTIVE><![CDATA[Y]]></ISACTIVE>
<!--EDBE412556B44900A66810F069F21B49-->  <NAME><![CDATA[Payment Type]]></NAME>
<!--EDBE412556B44900A66810F069F21B49-->  <DESCRIPTION><![CDATA[Payment Type]]></DESCRIPTION>
<!--EDBE412556B44900A66810F069F21B49-->  <AD_MODULE_ID><![CDATA[D5FD35D6C7604921BA951B7E0EEE5DC2]]></AD_MODULE_ID>
<!--EDBE412556B44900A66810F069F21B49-->  <ISBASEREFERENCE><![CDATA[N]]></ISBASEREFERENCE>
<!--EDBE412556B44900A66810F069F21B49-->  <PARENTREFERENCE_ID><![CDATA[17]]></PARENTREFERENCE_ID>
<!--EDBE412556B44900A66810F069F21B49-->  <ISVALUEDISPLAYED><![CDATA[N]]></ISVALUEDISPLAYED>
<!--EDBE412556B44900A66810F069F21B49--></AD_REFERENCE>

<!--EE11BBEA78E3447C84BC702C7928C8DE--><AD_REFERENCE>
<!--EE11BBEA78E3447C84BC702C7928C8DE-->  <AD_REFERENCE_ID><![CDATA[EE11BBEA78E3447C84BC702C7928C8DE]]></AD_REFERENCE_ID>
<!--EE11BBEA78E3447C84BC702C7928C8DE-->  <AD_CLIENT_ID><![CDATA[0]]></AD_CLIENT_ID>
<!--EE11BBEA78E3447C84BC702C7928C8DE-->  <AD_ORG_ID><![CDATA[0]]></AD_ORG_ID>
<!--EE11BBEA78E3447C84BC702C7928C8DE-->  <ISACTIVE><![CDATA[Y]]></ISACTIVE>
<!--EE11BBEA78E3447C84BC702C7928C8DE-->  <NAME><![CDATA[Employee Filter by Job Title]]></NAME>
<!--EE11BBEA78E3447C84BC702C7928C8DE-->  <AD_MODULE_ID><![CDATA[D5FD35D6C7604921BA951B7E0EEE5DC2]]></AD_MODULE_ID>
<!--EE11BBEA78E3447C84BC702C7928C8DE-->  <ISBASEREFERENCE><![CDATA[N]]></ISBASEREFERENCE>
<!--EE11BBEA78E3447C84BC702C7928C8DE-->  <PARENTREFERENCE_ID><![CDATA[95E2A8B50A254B2AAE6774B8C2F28120]]></PARENTREFERENCE_ID>
<!--EE11BBEA78E3447C84BC702C7928C8DE-->  <ISVALUEDISPLAYED><![CDATA[N]]></ISVALUEDISPLAYED>
<!--EE11BBEA78E3447C84BC702C7928C8DE--></AD_REFERENCE>

<!--EE57F187279A4AEE94635C4BD445D982--><AD_REFERENCE>
<!--EE57F187279A4AEE94635C4BD445D982-->  <AD_REFERENCE_ID><![CDATA[EE57F187279A4AEE94635C4BD445D982]]></AD_REFERENCE_ID>
<!--EE57F187279A4AEE94635C4BD445D982-->  <AD_CLIENT_ID><![CDATA[0]]></AD_CLIENT_ID>
<!--EE57F187279A4AEE94635C4BD445D982-->  <AD_ORG_ID><![CDATA[0]]></AD_ORG_ID>
<!--EE57F187279A4AEE94635C4BD445D982-->  <ISACTIVE><![CDATA[Y]]></ISACTIVE>
<!--EE57F187279A4AEE94635C4BD445D982-->  <NAME><![CDATA[Employee Grade Table]]></NAME>
<!--EE57F187279A4AEE94635C4BD445D982-->  <AD_MODULE_ID><![CDATA[D5FD35D6C7604921BA951B7E0EEE5DC2]]></AD_MODULE_ID>
<!--EE57F187279A4AEE94635C4BD445D982-->  <ISBASEREFERENCE><![CDATA[N]]></ISBASEREFERENCE>
<!--EE57F187279A4AEE94635C4BD445D982-->  <PARENTREFERENCE_ID><![CDATA[18]]></PARENTREFERENCE_ID>
<!--EE57F187279A4AEE94635C4BD445D982-->  <ISVALUEDISPLAYED><![CDATA[N]]></ISVALUEDISPLAYED>
<!--EE57F187279A4AEE94635C4BD445D982--></AD_REFERENCE>

<!--F24CFE85EB1940D5B6F39202DBAF6849--><AD_REFERENCE>
<!--F24CFE85EB1940D5B6F39202DBAF6849-->  <AD_REFERENCE_ID><![CDATA[F24CFE85EB1940D5B6F39202DBAF6849]]></AD_REFERENCE_ID>
<!--F24CFE85EB1940D5B6F39202DBAF6849-->  <AD_CLIENT_ID><![CDATA[0]]></AD_CLIENT_ID>
<!--F24CFE85EB1940D5B6F39202DBAF6849-->  <AD_ORG_ID><![CDATA[0]]></AD_ORG_ID>
<!--F24CFE85EB1940D5B6F39202DBAF6849-->  <ISACTIVE><![CDATA[Y]]></ISACTIVE>
<!--F24CFE85EB1940D5B6F39202DBAF6849-->  <NAME><![CDATA[Employee Grade]]></NAME>
<!--F24CFE85EB1940D5B6F39202DBAF6849-->  <AD_MODULE_ID><![CDATA[D5FD35D6C7604921BA951B7E0EEE5DC2]]></AD_MODULE_ID>
<!--F24CFE85EB1940D5B6F39202DBAF6849-->  <ISBASEREFERENCE><![CDATA[N]]></ISBASEREFERENCE>
<!--F24CFE85EB1940D5B6F39202DBAF6849-->  <PARENTREFERENCE_ID><![CDATA[17]]></PARENTREFERENCE_ID>
<!--F24CFE85EB1940D5B6F39202DBAF6849-->  <ISVALUEDISPLAYED><![CDATA[N]]></ISVALUEDISPLAYED>
<!--F24CFE85EB1940D5B6F39202DBAF6849--></AD_REFERENCE>

<!--F44FC02E5D664F218FDF67F1ECBA86EF--><AD_REFERENCE>
<!--F44FC02E5D664F218FDF67F1ECBA86EF-->  <AD_REFERENCE_ID><![CDATA[F44FC02E5D664F218FDF67F1ECBA86EF]]></AD_REFERENCE_ID>
<!--F44FC02E5D664F218FDF67F1ECBA86EF-->  <AD_CLIENT_ID><![CDATA[0]]></AD_CLIENT_ID>
<!--F44FC02E5D664F218FDF67F1ECBA86EF-->  <AD_ORG_ID><![CDATA[0]]></AD_ORG_ID>
<!--F44FC02E5D664F218FDF67F1ECBA86EF-->  <ISACTIVE><![CDATA[Y]]></ISACTIVE>
<!--F44FC02E5D664F218FDF67F1ECBA86EF-->  <NAME><![CDATA[Relation]]></NAME>
<!--F44FC02E5D664F218FDF67F1ECBA86EF-->  <DESCRIPTION><![CDATA[dependent relation]]></DESCRIPTION>
<!--F44FC02E5D664F218FDF67F1ECBA86EF-->  <AD_MODULE_ID><![CDATA[D5FD35D6C7604921BA951B7E0EEE5DC2]]></AD_MODULE_ID>
<!--F44FC02E5D664F218FDF67F1ECBA86EF-->  <ISBASEREFERENCE><![CDATA[N]]></ISBASEREFERENCE>
<!--F44FC02E5D664F218FDF67F1ECBA86EF-->  <PARENTREFERENCE_ID><![CDATA[17]]></PARENTREFERENCE_ID>
<!--F44FC02E5D664F218FDF67F1ECBA86EF-->  <ISVALUEDISPLAYED><![CDATA[N]]></ISVALUEDISPLAYED>
<!--F44FC02E5D664F218FDF67F1ECBA86EF--></AD_REFERENCE>

<!--F6855131D3F642018AA53153232227C0--><AD_REFERENCE>
<!--F6855131D3F642018AA53153232227C0-->  <AD_REFERENCE_ID><![CDATA[F6855131D3F642018AA53153232227C0]]></AD_REFERENCE_ID>
<!--F6855131D3F642018AA53153232227C0-->  <AD_CLIENT_ID><![CDATA[0]]></AD_CLIENT_ID>
<!--F6855131D3F642018AA53153232227C0-->  <AD_ORG_ID><![CDATA[0]]></AD_ORG_ID>
<!--F6855131D3F642018AA53153232227C0-->  <ISACTIVE><![CDATA[Y]]></ISACTIVE>
<!--F6855131D3F642018AA53153232227C0-->  <NAME><![CDATA[Religion]]></NAME>
<!--F6855131D3F642018AA53153232227C0-->  <AD_MODULE_ID><![CDATA[D5FD35D6C7604921BA951B7E0EEE5DC2]]></AD_MODULE_ID>
<!--F6855131D3F642018AA53153232227C0-->  <ISBASEREFERENCE><![CDATA[N]]></ISBASEREFERENCE>
<!--F6855131D3F642018AA53153232227C0-->  <PARENTREFERENCE_ID><![CDATA[17]]></PARENTREFERENCE_ID>
<!--F6855131D3F642018AA53153232227C0-->  <ISVALUEDISPLAYED><![CDATA[N]]></ISVALUEDISPLAYED>
<!--F6855131D3F642018AA53153232227C0--></AD_REFERENCE>

<!--FA56F3DA7928442FACF8BA8C6F961002--><AD_REFERENCE>
<!--FA56F3DA7928442FACF8BA8C6F961002-->  <AD_REFERENCE_ID><![CDATA[FA56F3DA7928442FACF8BA8C6F961002]]></AD_REFERENCE_ID>
<!--FA56F3DA7928442FACF8BA8C6F961002-->  <AD_CLIENT_ID><![CDATA[0]]></AD_CLIENT_ID>
<!--FA56F3DA7928442FACF8BA8C6F961002-->  <AD_ORG_ID><![CDATA[0]]></AD_ORG_ID>
<!--FA56F3DA7928442FACF8BA8C6F961002-->  <ISACTIVE><![CDATA[Y]]></ISACTIVE>
<!--FA56F3DA7928442FACF8BA8C6F961002-->  <NAME><![CDATA[Training Provider]]></NAME>
<!--FA56F3DA7928442FACF8BA8C6F961002-->  <AD_MODULE_ID><![CDATA[D5FD35D6C7604921BA951B7E0EEE5DC2]]></AD_MODULE_ID>
<!--FA56F3DA7928442FACF8BA8C6F961002-->  <ISBASEREFERENCE><![CDATA[N]]></ISBASEREFERENCE>
<!--FA56F3DA7928442FACF8BA8C6F961002-->  <PARENTREFERENCE_ID><![CDATA[95E2A8B50A254B2AAE6774B8C2F28120]]></PARENTREFERENCE_ID>
<!--FA56F3DA7928442FACF8BA8C6F961002-->  <ISVALUEDISPLAYED><![CDATA[N]]></ISVALUEDISPLAYED>
<!--FA56F3DA7928442FACF8BA8C6F961002--></AD_REFERENCE>

</data>
