<?xml version="1.0" encoding="UTF-8"?>
<data>
<!--10B074100EF14A659BC16FE7BE9F7D87--><AD_REF_TREE_FIELD>
<!--10B074100EF14A659BC16FE7BE9F7D87-->  <AD_REF_TREE_FIELD_ID><![CDATA[10B074100EF14A659BC16FE7BE9F7D87]]></AD_REF_TREE_FIELD_ID>
<!--10B074100EF14A659BC16FE7BE9F7D87-->  <AD_REF_TREE_ID><![CDATA[1AFD9E7AD8D147978C1E2BECCE10B575]]></AD_REF_TREE_ID>
<!--10B074100EF14A659BC16FE7BE9F7D87-->  <AD_CLIENT_ID><![CDATA[0]]></AD_CLIENT_ID>
<!--10B074100EF14A659BC16FE7BE9F7D87-->  <AD_ORG_ID><![CDATA[0]]></AD_ORG_ID>
<!--10B074100EF14A659BC16FE7BE9F7D87-->  <AD_MODULE_ID><![CDATA[D5FD35D6C7604921BA951B7E0EEE5DC2]]></AD_MODULE_ID>
<!--10B074100EF14A659BC16FE7BE9F7D87-->  <NAME><![CDATA[Name]]></NAME>
<!--10B074100EF14A659BC16FE7BE9F7D87-->  <PROPERTY><![CDATA[name]]></PROPERTY>
<!--10B074100EF14A659BC16FE7BE9F7D87-->  <ISCENTRALLYMAINTAINED><![CDATA[Y]]></ISCENTRALLYMAINTAINED>
<!--10B074100EF14A659BC16FE7BE9F7D87-->  <SORT><![CDATA[Y]]></SORT>
<!--10B074100EF14A659BC16FE7BE9F7D87-->  <FILTER><![CDATA[Y]]></FILTER>
<!--10B074100EF14A659BC16FE7BE9F7D87-->  <SEARCHINSUGGESTIONBOX><![CDATA[Y]]></SEARCHINSUGGESTIONBOX>
<!--10B074100EF14A659BC16FE7BE9F7D87-->  <SHOWINGRID><![CDATA[Y]]></SHOWINGRID>
<!--10B074100EF14A659BC16FE7BE9F7D87-->  <SORTNO><![CDATA[1]]></SORTNO>
<!--10B074100EF14A659BC16FE7BE9F7D87-->  <ISACTIVE><![CDATA[Y]]></ISACTIVE>
<!--10B074100EF14A659BC16FE7BE9F7D87-->  <SHOWINPICKLIST><![CDATA[Y]]></SHOWINPICKLIST>
<!--10B074100EF14A659BC16FE7BE9F7D87--></AD_REF_TREE_FIELD>

<!--7D89254F24A445C2957E23AF194E00D2--><AD_REF_TREE_FIELD>
<!--7D89254F24A445C2957E23AF194E00D2-->  <AD_REF_TREE_FIELD_ID><![CDATA[7D89254F24A445C2957E23AF194E00D2]]></AD_REF_TREE_FIELD_ID>
<!--7D89254F24A445C2957E23AF194E00D2-->  <AD_REF_TREE_ID><![CDATA[4052238969434E768C02DCBDD4A3F9F5]]></AD_REF_TREE_ID>
<!--7D89254F24A445C2957E23AF194E00D2-->  <AD_CLIENT_ID><![CDATA[0]]></AD_CLIENT_ID>
<!--7D89254F24A445C2957E23AF194E00D2-->  <AD_ORG_ID><![CDATA[0]]></AD_ORG_ID>
<!--7D89254F24A445C2957E23AF194E00D2-->  <AD_MODULE_ID><![CDATA[D5FD35D6C7604921BA951B7E0EEE5DC2]]></AD_MODULE_ID>
<!--7D89254F24A445C2957E23AF194E00D2-->  <NAME><![CDATA[Search Key]]></NAME>
<!--7D89254F24A445C2957E23AF194E00D2-->  <PROPERTY><![CDATA[searchKey]]></PROPERTY>
<!--7D89254F24A445C2957E23AF194E00D2-->  <ISCENTRALLYMAINTAINED><![CDATA[Y]]></ISCENTRALLYMAINTAINED>
<!--7D89254F24A445C2957E23AF194E00D2-->  <SORT><![CDATA[Y]]></SORT>
<!--7D89254F24A445C2957E23AF194E00D2-->  <FILTER><![CDATA[Y]]></FILTER>
<!--7D89254F24A445C2957E23AF194E00D2-->  <SEARCHINSUGGESTIONBOX><![CDATA[Y]]></SEARCHINSUGGESTIONBOX>
<!--7D89254F24A445C2957E23AF194E00D2-->  <SHOWINGRID><![CDATA[Y]]></SHOWINGRID>
<!--7D89254F24A445C2957E23AF194E00D2-->  <SORTNO><![CDATA[0]]></SORTNO>
<!--7D89254F24A445C2957E23AF194E00D2-->  <ISACTIVE><![CDATA[Y]]></ISACTIVE>
<!--7D89254F24A445C2957E23AF194E00D2-->  <SHOWINPICKLIST><![CDATA[N]]></SHOWINPICKLIST>
<!--7D89254F24A445C2957E23AF194E00D2--></AD_REF_TREE_FIELD>

<!--86C1EE3A6EF24E1683A6FAA0FC19434A--><AD_REF_TREE_FIELD>
<!--86C1EE3A6EF24E1683A6FAA0FC19434A-->  <AD_REF_TREE_FIELD_ID><![CDATA[86C1EE3A6EF24E1683A6FAA0FC19434A]]></AD_REF_TREE_FIELD_ID>
<!--86C1EE3A6EF24E1683A6FAA0FC19434A-->  <AD_REF_TREE_ID><![CDATA[1AFD9E7AD8D147978C1E2BECCE10B575]]></AD_REF_TREE_ID>
<!--86C1EE3A6EF24E1683A6FAA0FC19434A-->  <AD_CLIENT_ID><![CDATA[0]]></AD_CLIENT_ID>
<!--86C1EE3A6EF24E1683A6FAA0FC19434A-->  <AD_ORG_ID><![CDATA[0]]></AD_ORG_ID>
<!--86C1EE3A6EF24E1683A6FAA0FC19434A-->  <AD_MODULE_ID><![CDATA[D5FD35D6C7604921BA951B7E0EEE5DC2]]></AD_MODULE_ID>
<!--86C1EE3A6EF24E1683A6FAA0FC19434A-->  <NAME><![CDATA[Search Key]]></NAME>
<!--86C1EE3A6EF24E1683A6FAA0FC19434A-->  <PROPERTY><![CDATA[searchKey]]></PROPERTY>
<!--86C1EE3A6EF24E1683A6FAA0FC19434A-->  <ISCENTRALLYMAINTAINED><![CDATA[Y]]></ISCENTRALLYMAINTAINED>
<!--86C1EE3A6EF24E1683A6FAA0FC19434A-->  <SORT><![CDATA[Y]]></SORT>
<!--86C1EE3A6EF24E1683A6FAA0FC19434A-->  <FILTER><![CDATA[Y]]></FILTER>
<!--86C1EE3A6EF24E1683A6FAA0FC19434A-->  <SEARCHINSUGGESTIONBOX><![CDATA[Y]]></SEARCHINSUGGESTIONBOX>
<!--86C1EE3A6EF24E1683A6FAA0FC19434A-->  <SHOWINGRID><![CDATA[Y]]></SHOWINGRID>
<!--86C1EE3A6EF24E1683A6FAA0FC19434A-->  <SORTNO><![CDATA[0]]></SORTNO>
<!--86C1EE3A6EF24E1683A6FAA0FC19434A-->  <ISACTIVE><![CDATA[Y]]></ISACTIVE>
<!--86C1EE3A6EF24E1683A6FAA0FC19434A-->  <SHOWINPICKLIST><![CDATA[N]]></SHOWINPICKLIST>
<!--86C1EE3A6EF24E1683A6FAA0FC19434A--></AD_REF_TREE_FIELD>

<!--BA2A9776872F4D4582B57FC927EC7B77--><AD_REF_TREE_FIELD>
<!--BA2A9776872F4D4582B57FC927EC7B77-->  <AD_REF_TREE_FIELD_ID><![CDATA[BA2A9776872F4D4582B57FC927EC7B77]]></AD_REF_TREE_FIELD_ID>
<!--BA2A9776872F4D4582B57FC927EC7B77-->  <AD_REF_TREE_ID><![CDATA[FF188877858142FBB6270B8AF64B3D45]]></AD_REF_TREE_ID>
<!--BA2A9776872F4D4582B57FC927EC7B77-->  <AD_CLIENT_ID><![CDATA[0]]></AD_CLIENT_ID>
<!--BA2A9776872F4D4582B57FC927EC7B77-->  <AD_ORG_ID><![CDATA[0]]></AD_ORG_ID>
<!--BA2A9776872F4D4582B57FC927EC7B77-->  <AD_MODULE_ID><![CDATA[D5FD35D6C7604921BA951B7E0EEE5DC2]]></AD_MODULE_ID>
<!--BA2A9776872F4D4582B57FC927EC7B77-->  <NAME><![CDATA[Name]]></NAME>
<!--BA2A9776872F4D4582B57FC927EC7B77-->  <PROPERTY><![CDATA[name]]></PROPERTY>
<!--BA2A9776872F4D4582B57FC927EC7B77-->  <ISCENTRALLYMAINTAINED><![CDATA[Y]]></ISCENTRALLYMAINTAINED>
<!--BA2A9776872F4D4582B57FC927EC7B77-->  <SORT><![CDATA[N]]></SORT>
<!--BA2A9776872F4D4582B57FC927EC7B77-->  <FILTER><![CDATA[N]]></FILTER>
<!--BA2A9776872F4D4582B57FC927EC7B77-->  <SEARCHINSUGGESTIONBOX><![CDATA[N]]></SEARCHINSUGGESTIONBOX>
<!--BA2A9776872F4D4582B57FC927EC7B77-->  <SHOWINGRID><![CDATA[N]]></SHOWINGRID>
<!--BA2A9776872F4D4582B57FC927EC7B77-->  <SORTNO><![CDATA[0]]></SORTNO>
<!--BA2A9776872F4D4582B57FC927EC7B77-->  <ISACTIVE><![CDATA[Y]]></ISACTIVE>
<!--BA2A9776872F4D4582B57FC927EC7B77-->  <SHOWINPICKLIST><![CDATA[N]]></SHOWINPICKLIST>
<!--BA2A9776872F4D4582B57FC927EC7B77--></AD_REF_TREE_FIELD>

<!--C22169868494498E902F09C2965BE11C--><AD_REF_TREE_FIELD>
<!--C22169868494498E902F09C2965BE11C-->  <AD_REF_TREE_FIELD_ID><![CDATA[C22169868494498E902F09C2965BE11C]]></AD_REF_TREE_FIELD_ID>
<!--C22169868494498E902F09C2965BE11C-->  <AD_REF_TREE_ID><![CDATA[4052238969434E768C02DCBDD4A3F9F5]]></AD_REF_TREE_ID>
<!--C22169868494498E902F09C2965BE11C-->  <AD_CLIENT_ID><![CDATA[0]]></AD_CLIENT_ID>
<!--C22169868494498E902F09C2965BE11C-->  <AD_ORG_ID><![CDATA[0]]></AD_ORG_ID>
<!--C22169868494498E902F09C2965BE11C-->  <AD_MODULE_ID><![CDATA[D5FD35D6C7604921BA951B7E0EEE5DC2]]></AD_MODULE_ID>
<!--C22169868494498E902F09C2965BE11C-->  <NAME><![CDATA[Name]]></NAME>
<!--C22169868494498E902F09C2965BE11C-->  <PROPERTY><![CDATA[name]]></PROPERTY>
<!--C22169868494498E902F09C2965BE11C-->  <ISCENTRALLYMAINTAINED><![CDATA[Y]]></ISCENTRALLYMAINTAINED>
<!--C22169868494498E902F09C2965BE11C-->  <SORT><![CDATA[Y]]></SORT>
<!--C22169868494498E902F09C2965BE11C-->  <FILTER><![CDATA[Y]]></FILTER>
<!--C22169868494498E902F09C2965BE11C-->  <SEARCHINSUGGESTIONBOX><![CDATA[Y]]></SEARCHINSUGGESTIONBOX>
<!--C22169868494498E902F09C2965BE11C-->  <SHOWINGRID><![CDATA[Y]]></SHOWINGRID>
<!--C22169868494498E902F09C2965BE11C-->  <SORTNO><![CDATA[1]]></SORTNO>
<!--C22169868494498E902F09C2965BE11C-->  <ISACTIVE><![CDATA[Y]]></ISACTIVE>
<!--C22169868494498E902F09C2965BE11C-->  <SHOWINPICKLIST><![CDATA[Y]]></SHOWINPICKLIST>
<!--C22169868494498E902F09C2965BE11C--></AD_REF_TREE_FIELD>

<!--C2521572BC234601A4F17393DAE481FC--><AD_REF_TREE_FIELD>
<!--C2521572BC234601A4F17393DAE481FC-->  <AD_REF_TREE_FIELD_ID><![CDATA[C2521572BC234601A4F17393DAE481FC]]></AD_REF_TREE_FIELD_ID>
<!--C2521572BC234601A4F17393DAE481FC-->  <AD_REF_TREE_ID><![CDATA[F7690732BDDD4D4984230F6A7F0275D9]]></AD_REF_TREE_ID>
<!--C2521572BC234601A4F17393DAE481FC-->  <AD_CLIENT_ID><![CDATA[0]]></AD_CLIENT_ID>
<!--C2521572BC234601A4F17393DAE481FC-->  <AD_ORG_ID><![CDATA[0]]></AD_ORG_ID>
<!--C2521572BC234601A4F17393DAE481FC-->  <AD_MODULE_ID><![CDATA[D5FD35D6C7604921BA951B7E0EEE5DC2]]></AD_MODULE_ID>
<!--C2521572BC234601A4F17393DAE481FC-->  <NAME><![CDATA[Name]]></NAME>
<!--C2521572BC234601A4F17393DAE481FC-->  <PROPERTY><![CDATA[name]]></PROPERTY>
<!--C2521572BC234601A4F17393DAE481FC-->  <ISCENTRALLYMAINTAINED><![CDATA[Y]]></ISCENTRALLYMAINTAINED>
<!--C2521572BC234601A4F17393DAE481FC-->  <SORT><![CDATA[Y]]></SORT>
<!--C2521572BC234601A4F17393DAE481FC-->  <FILTER><![CDATA[Y]]></FILTER>
<!--C2521572BC234601A4F17393DAE481FC-->  <SEARCHINSUGGESTIONBOX><![CDATA[Y]]></SEARCHINSUGGESTIONBOX>
<!--C2521572BC234601A4F17393DAE481FC-->  <SHOWINGRID><![CDATA[Y]]></SHOWINGRID>
<!--C2521572BC234601A4F17393DAE481FC-->  <SORTNO><![CDATA[0]]></SORTNO>
<!--C2521572BC234601A4F17393DAE481FC-->  <ISACTIVE><![CDATA[Y]]></ISACTIVE>
<!--C2521572BC234601A4F17393DAE481FC-->  <SHOWINPICKLIST><![CDATA[Y]]></SHOWINPICKLIST>
<!--C2521572BC234601A4F17393DAE481FC--></AD_REF_TREE_FIELD>

<!--C958284B3AB643708C3DB247E934A86B--><AD_REF_TREE_FIELD>
<!--C958284B3AB643708C3DB247E934A86B-->  <AD_REF_TREE_FIELD_ID><![CDATA[C958284B3AB643708C3DB247E934A86B]]></AD_REF_TREE_FIELD_ID>
<!--C958284B3AB643708C3DB247E934A86B-->  <AD_REF_TREE_ID><![CDATA[F7690732BDDD4D4984230F6A7F0275D9]]></AD_REF_TREE_ID>
<!--C958284B3AB643708C3DB247E934A86B-->  <AD_CLIENT_ID><![CDATA[0]]></AD_CLIENT_ID>
<!--C958284B3AB643708C3DB247E934A86B-->  <AD_ORG_ID><![CDATA[0]]></AD_ORG_ID>
<!--C958284B3AB643708C3DB247E934A86B-->  <AD_MODULE_ID><![CDATA[D5FD35D6C7604921BA951B7E0EEE5DC2]]></AD_MODULE_ID>
<!--C958284B3AB643708C3DB247E934A86B-->  <NAME><![CDATA[ID]]></NAME>
<!--C958284B3AB643708C3DB247E934A86B-->  <PROPERTY><![CDATA[id]]></PROPERTY>
<!--C958284B3AB643708C3DB247E934A86B-->  <ISCENTRALLYMAINTAINED><![CDATA[Y]]></ISCENTRALLYMAINTAINED>
<!--C958284B3AB643708C3DB247E934A86B-->  <SORT><![CDATA[N]]></SORT>
<!--C958284B3AB643708C3DB247E934A86B-->  <FILTER><![CDATA[N]]></FILTER>
<!--C958284B3AB643708C3DB247E934A86B-->  <SEARCHINSUGGESTIONBOX><![CDATA[N]]></SEARCHINSUGGESTIONBOX>
<!--C958284B3AB643708C3DB247E934A86B-->  <SHOWINGRID><![CDATA[N]]></SHOWINGRID>
<!--C958284B3AB643708C3DB247E934A86B-->  <SORTNO><![CDATA[0]]></SORTNO>
<!--C958284B3AB643708C3DB247E934A86B-->  <ISACTIVE><![CDATA[Y]]></ISACTIVE>
<!--C958284B3AB643708C3DB247E934A86B-->  <SHOWINPICKLIST><![CDATA[N]]></SHOWINPICKLIST>
<!--C958284B3AB643708C3DB247E934A86B--></AD_REF_TREE_FIELD>

<!--DC18E99C10F94B16ADA77A2BB4A43852--><AD_REF_TREE_FIELD>
<!--DC18E99C10F94B16ADA77A2BB4A43852-->  <AD_REF_TREE_FIELD_ID><![CDATA[DC18E99C10F94B16ADA77A2BB4A43852]]></AD_REF_TREE_FIELD_ID>
<!--DC18E99C10F94B16ADA77A2BB4A43852-->  <AD_REF_TREE_ID><![CDATA[1AFD9E7AD8D147978C1E2BECCE10B575]]></AD_REF_TREE_ID>
<!--DC18E99C10F94B16ADA77A2BB4A43852-->  <AD_CLIENT_ID><![CDATA[0]]></AD_CLIENT_ID>
<!--DC18E99C10F94B16ADA77A2BB4A43852-->  <AD_ORG_ID><![CDATA[0]]></AD_ORG_ID>
<!--DC18E99C10F94B16ADA77A2BB4A43852-->  <AD_MODULE_ID><![CDATA[D5FD35D6C7604921BA951B7E0EEE5DC2]]></AD_MODULE_ID>
<!--DC18E99C10F94B16ADA77A2BB4A43852-->  <NAME><![CDATA[Employee Position]]></NAME>
<!--DC18E99C10F94B16ADA77A2BB4A43852-->  <PROPERTY><![CDATA[position]]></PROPERTY>
<!--DC18E99C10F94B16ADA77A2BB4A43852-->  <ISCENTRALLYMAINTAINED><![CDATA[Y]]></ISCENTRALLYMAINTAINED>
<!--DC18E99C10F94B16ADA77A2BB4A43852-->  <SORT><![CDATA[Y]]></SORT>
<!--DC18E99C10F94B16ADA77A2BB4A43852-->  <FILTER><![CDATA[Y]]></FILTER>
<!--DC18E99C10F94B16ADA77A2BB4A43852-->  <SEARCHINSUGGESTIONBOX><![CDATA[Y]]></SEARCHINSUGGESTIONBOX>
<!--DC18E99C10F94B16ADA77A2BB4A43852-->  <SHOWINGRID><![CDATA[Y]]></SHOWINGRID>
<!--DC18E99C10F94B16ADA77A2BB4A43852-->  <SORTNO><![CDATA[2]]></SORTNO>
<!--DC18E99C10F94B16ADA77A2BB4A43852-->  <ISACTIVE><![CDATA[Y]]></ISACTIVE>
<!--DC18E99C10F94B16ADA77A2BB4A43852-->  <SHOWINPICKLIST><![CDATA[N]]></SHOWINPICKLIST>
<!--DC18E99C10F94B16ADA77A2BB4A43852--></AD_REF_TREE_FIELD>

<!--E77AC0A8434540C09F1E4A088DFE6954--><AD_REF_TREE_FIELD>
<!--E77AC0A8434540C09F1E4A088DFE6954-->  <AD_REF_TREE_FIELD_ID><![CDATA[E77AC0A8434540C09F1E4A088DFE6954]]></AD_REF_TREE_FIELD_ID>
<!--E77AC0A8434540C09F1E4A088DFE6954-->  <AD_REF_TREE_ID><![CDATA[FF188877858142FBB6270B8AF64B3D45]]></AD_REF_TREE_ID>
<!--E77AC0A8434540C09F1E4A088DFE6954-->  <AD_CLIENT_ID><![CDATA[0]]></AD_CLIENT_ID>
<!--E77AC0A8434540C09F1E4A088DFE6954-->  <AD_ORG_ID><![CDATA[0]]></AD_ORG_ID>
<!--E77AC0A8434540C09F1E4A088DFE6954-->  <AD_MODULE_ID><![CDATA[D5FD35D6C7604921BA951B7E0EEE5DC2]]></AD_MODULE_ID>
<!--E77AC0A8434540C09F1E4A088DFE6954-->  <NAME><![CDATA[ID]]></NAME>
<!--E77AC0A8434540C09F1E4A088DFE6954-->  <PROPERTY><![CDATA[id]]></PROPERTY>
<!--E77AC0A8434540C09F1E4A088DFE6954-->  <ISCENTRALLYMAINTAINED><![CDATA[Y]]></ISCENTRALLYMAINTAINED>
<!--E77AC0A8434540C09F1E4A088DFE6954-->  <SORT><![CDATA[N]]></SORT>
<!--E77AC0A8434540C09F1E4A088DFE6954-->  <FILTER><![CDATA[N]]></FILTER>
<!--E77AC0A8434540C09F1E4A088DFE6954-->  <SEARCHINSUGGESTIONBOX><![CDATA[N]]></SEARCHINSUGGESTIONBOX>
<!--E77AC0A8434540C09F1E4A088DFE6954-->  <SHOWINGRID><![CDATA[N]]></SHOWINGRID>
<!--E77AC0A8434540C09F1E4A088DFE6954-->  <SORTNO><![CDATA[0]]></SORTNO>
<!--E77AC0A8434540C09F1E4A088DFE6954-->  <ISACTIVE><![CDATA[Y]]></ISACTIVE>
<!--E77AC0A8434540C09F1E4A088DFE6954-->  <SHOWINPICKLIST><![CDATA[N]]></SHOWINPICKLIST>
<!--E77AC0A8434540C09F1E4A088DFE6954--></AD_REF_TREE_FIELD>

</data>
