<?xml version="1.0" encoding="UTF-8"?>
<data>
<!--1AFD9E7AD8D147978C1E2BECCE10B575--><AD_REF_TREE>
<!--1AFD9E7AD8D147978C1E2BECCE10B575-->  <AD_REF_TREE_ID><![CDATA[1AFD9E7AD8D147978C1E2BECCE10B575]]></AD_REF_TREE_ID>
<!--1AFD9E7AD8D147978C1E2BECCE10B575-->  <AD_CLIENT_ID><![CDATA[0]]></AD_CLIENT_ID>
<!--1AFD9E7AD8D147978C1E2BECCE10B575-->  <AD_ORG_ID><![CDATA[0]]></AD_ORG_ID>
<!--1AFD9E7AD8D147978C1E2BECCE10B575-->  <ISACTIVE><![CDATA[Y]]></ISACTIVE>
<!--1AFD9E7AD8D147978C1E2BECCE10B575-->  <AD_REFERENCE_ID><![CDATA[B27FA413F8634E76B493FEA55180ECDC]]></AD_REFERENCE_ID>
<!--1AFD9E7AD8D147978C1E2BECCE10B575-->  <AD_TABLE_ID><![CDATA[BC0BCDFB1E834D13A3C4CFF41E21DBB8]]></AD_TABLE_ID>
<!--1AFD9E7AD8D147978C1E2BECCE10B575-->  <AD_COLUMN_ID><![CDATA[624C1B4DDEC64277BD2E8FB71830C2DD]]></AD_COLUMN_ID>
<!--1AFD9E7AD8D147978C1E2BECCE10B575-->  <DISPLAYFIELD_ID><![CDATA[10B074100EF14A659BC16FE7BE9F7D87]]></DISPLAYFIELD_ID>
<!--1AFD9E7AD8D147978C1E2BECCE10B575-->  <AD_TABLE_TREE_ID><![CDATA[AE0E7E058C014BB1A087A4942BEDBA39]]></AD_TABLE_TREE_ID>
<!--1AFD9E7AD8D147978C1E2BECCE10B575-->  <AD_MODULE_ID><![CDATA[D5FD35D6C7604921BA951B7E0EEE5DC2]]></AD_MODULE_ID>
<!--1AFD9E7AD8D147978C1E2BECCE10B575--></AD_REF_TREE>

<!--4052238969434E768C02DCBDD4A3F9F5--><AD_REF_TREE>
<!--4052238969434E768C02DCBDD4A3F9F5-->  <AD_REF_TREE_ID><![CDATA[4052238969434E768C02DCBDD4A3F9F5]]></AD_REF_TREE_ID>
<!--4052238969434E768C02DCBDD4A3F9F5-->  <AD_CLIENT_ID><![CDATA[0]]></AD_CLIENT_ID>
<!--4052238969434E768C02DCBDD4A3F9F5-->  <AD_ORG_ID><![CDATA[0]]></AD_ORG_ID>
<!--4052238969434E768C02DCBDD4A3F9F5-->  <ISACTIVE><![CDATA[Y]]></ISACTIVE>
<!--4052238969434E768C02DCBDD4A3F9F5-->  <AD_REFERENCE_ID><![CDATA[B9B5C34F07D14EA0A2A90D1493B4712F]]></AD_REFERENCE_ID>
<!--4052238969434E768C02DCBDD4A3F9F5-->  <AD_TABLE_ID><![CDATA[A9171C1AB82C425C9296747E18CF9CCC]]></AD_TABLE_ID>
<!--4052238969434E768C02DCBDD4A3F9F5-->  <AD_COLUMN_ID><![CDATA[1D12ED14D78B44AA951FE2CA91AF5389]]></AD_COLUMN_ID>
<!--4052238969434E768C02DCBDD4A3F9F5-->  <VALUEFIELD_ID><![CDATA[7D89254F24A445C2957E23AF194E00D2]]></VALUEFIELD_ID>
<!--4052238969434E768C02DCBDD4A3F9F5-->  <DISPLAYFIELD_ID><![CDATA[C22169868494498E902F09C2965BE11C]]></DISPLAYFIELD_ID>
<!--4052238969434E768C02DCBDD4A3F9F5-->  <AD_TABLE_TREE_ID><![CDATA[2BB9EFBD81304833B526D660A0B66419]]></AD_TABLE_TREE_ID>
<!--4052238969434E768C02DCBDD4A3F9F5-->  <AD_MODULE_ID><![CDATA[D5FD35D6C7604921BA951B7E0EEE5DC2]]></AD_MODULE_ID>
<!--4052238969434E768C02DCBDD4A3F9F5--></AD_REF_TREE>

<!--F7690732BDDD4D4984230F6A7F0275D9--><AD_REF_TREE>
<!--F7690732BDDD4D4984230F6A7F0275D9-->  <AD_REF_TREE_ID><![CDATA[F7690732BDDD4D4984230F6A7F0275D9]]></AD_REF_TREE_ID>
<!--F7690732BDDD4D4984230F6A7F0275D9-->  <AD_CLIENT_ID><![CDATA[0]]></AD_CLIENT_ID>
<!--F7690732BDDD4D4984230F6A7F0275D9-->  <AD_ORG_ID><![CDATA[0]]></AD_ORG_ID>
<!--F7690732BDDD4D4984230F6A7F0275D9-->  <ISACTIVE><![CDATA[Y]]></ISACTIVE>
<!--F7690732BDDD4D4984230F6A7F0275D9-->  <AD_REFERENCE_ID><![CDATA[03AC82DD164B4683A5E9B2A51F044156]]></AD_REFERENCE_ID>
<!--F7690732BDDD4D4984230F6A7F0275D9-->  <AD_TABLE_ID><![CDATA[1EE2707CC3D24DFF94D258D7E11673AD]]></AD_TABLE_ID>
<!--F7690732BDDD4D4984230F6A7F0275D9-->  <VALUEFIELD_ID><![CDATA[C958284B3AB643708C3DB247E934A86B]]></VALUEFIELD_ID>
<!--F7690732BDDD4D4984230F6A7F0275D9-->  <DISPLAYFIELD_ID><![CDATA[C2521572BC234601A4F17393DAE481FC]]></DISPLAYFIELD_ID>
<!--F7690732BDDD4D4984230F6A7F0275D9-->  <AD_TABLE_TREE_ID><![CDATA[1E55126BD3434FB2BD1F004B6B857F3E]]></AD_TABLE_TREE_ID>
<!--F7690732BDDD4D4984230F6A7F0275D9-->  <AD_MODULE_ID><![CDATA[D5FD35D6C7604921BA951B7E0EEE5DC2]]></AD_MODULE_ID>
<!--F7690732BDDD4D4984230F6A7F0275D9--></AD_REF_TREE>

<!--FF188877858142FBB6270B8AF64B3D45--><AD_REF_TREE>
<!--FF188877858142FBB6270B8AF64B3D45-->  <AD_REF_TREE_ID><![CDATA[FF188877858142FBB6270B8AF64B3D45]]></AD_REF_TREE_ID>
<!--FF188877858142FBB6270B8AF64B3D45-->  <AD_CLIENT_ID><![CDATA[0]]></AD_CLIENT_ID>
<!--FF188877858142FBB6270B8AF64B3D45-->  <AD_ORG_ID><![CDATA[0]]></AD_ORG_ID>
<!--FF188877858142FBB6270B8AF64B3D45-->  <ISACTIVE><![CDATA[Y]]></ISACTIVE>
<!--FF188877858142FBB6270B8AF64B3D45-->  <AD_REFERENCE_ID><![CDATA[AA41FBE13A7846EF9B8FC2C9A9334084]]></AD_REFERENCE_ID>
<!--FF188877858142FBB6270B8AF64B3D45-->  <AD_TABLE_ID><![CDATA[9072A1C049584DB69E4F42AE20B5CB66]]></AD_TABLE_ID>
<!--FF188877858142FBB6270B8AF64B3D45-->  <AD_TABLE_TREE_ID><![CDATA[A9D065378E2E4487B842A6D02BFEAA9B]]></AD_TABLE_TREE_ID>
<!--FF188877858142FBB6270B8AF64B3D45-->  <AD_MODULE_ID><![CDATA[D5FD35D6C7604921BA951B7E0EEE5DC2]]></AD_MODULE_ID>
<!--FF188877858142FBB6270B8AF64B3D45--></AD_REF_TREE>

</data>
