<?xml version="1.0" encoding="UTF-8"?>
<data>
<!--102AAAF987314A7A898F9B4CC862CDDA--><AD_REF_TABLE>
<!--102AAAF987314A7A898F9B4CC862CDDA-->  <AD_REFERENCE_ID><![CDATA[102AAAF987314A7A898F9B4CC862CDDA]]></AD_REFERENCE_ID>
<!--102AAAF987314A7A898F9B4CC862CDDA-->  <AD_CLIENT_ID><![CDATA[0]]></AD_CLIENT_ID>
<!--102AAAF987314A7A898F9B4CC862CDDA-->  <AD_ORG_ID><![CDATA[0]]></AD_ORG_ID>
<!--102AAAF987314A7A898F9B4CC862CDDA-->  <ISACTIVE><![CDATA[Y]]></ISACTIVE>
<!--102AAAF987314A7A898F9B4CC862CDDA-->  <AD_TABLE_ID><![CDATA[94816A43A44744BFB8B15505F5F229FE]]></AD_TABLE_ID>
<!--102AAAF987314A7A898F9B4CC862CDDA-->  <AD_KEY><![CDATA[C06CAEEEC88A458F82D40BCA4B94F2F9]]></AD_KEY>
<!--102AAAF987314A7A898F9B4CC862CDDA-->  <AD_DISPLAY><![CDATA[B01DDC70B31C4BB5BB85D57F8D7C2EE6]]></AD_DISPLAY>
<!--102AAAF987314A7A898F9B4CC862CDDA-->  <ISVALUEDISPLAYED><![CDATA[N]]></ISVALUEDISPLAYED>
<!--102AAAF987314A7A898F9B4CC862CDDA--></AD_REF_TABLE>

<!--126415294B3644F3994D3422BC28517E--><AD_REF_TABLE>
<!--126415294B3644F3994D3422BC28517E-->  <AD_REFERENCE_ID><![CDATA[126415294B3644F3994D3422BC28517E]]></AD_REFERENCE_ID>
<!--126415294B3644F3994D3422BC28517E-->  <AD_CLIENT_ID><![CDATA[0]]></AD_CLIENT_ID>
<!--126415294B3644F3994D3422BC28517E-->  <AD_ORG_ID><![CDATA[0]]></AD_ORG_ID>
<!--126415294B3644F3994D3422BC28517E-->  <ISACTIVE><![CDATA[Y]]></ISACTIVE>
<!--126415294B3644F3994D3422BC28517E-->  <AD_TABLE_ID><![CDATA[BA57D1BFDBF24F07AC4877F597099884]]></AD_TABLE_ID>
<!--126415294B3644F3994D3422BC28517E-->  <AD_KEY><![CDATA[E94B4DF40E6840F0994142AF0F6E48E4]]></AD_KEY>
<!--126415294B3644F3994D3422BC28517E-->  <AD_DISPLAY><![CDATA[2197E8F791B04D79AAF4230465F87D9D]]></AD_DISPLAY>
<!--126415294B3644F3994D3422BC28517E-->  <ISVALUEDISPLAYED><![CDATA[N]]></ISVALUEDISPLAYED>
<!--126415294B3644F3994D3422BC28517E--></AD_REF_TABLE>

<!--1969EB61F5DA49E3AB97AF692C023F2E--><AD_REF_TABLE>
<!--1969EB61F5DA49E3AB97AF692C023F2E-->  <AD_REFERENCE_ID><![CDATA[1969EB61F5DA49E3AB97AF692C023F2E]]></AD_REFERENCE_ID>
<!--1969EB61F5DA49E3AB97AF692C023F2E-->  <AD_CLIENT_ID><![CDATA[0]]></AD_CLIENT_ID>
<!--1969EB61F5DA49E3AB97AF692C023F2E-->  <AD_ORG_ID><![CDATA[0]]></AD_ORG_ID>
<!--1969EB61F5DA49E3AB97AF692C023F2E-->  <ISACTIVE><![CDATA[Y]]></ISACTIVE>
<!--1969EB61F5DA49E3AB97AF692C023F2E-->  <AD_TABLE_ID><![CDATA[7A6D5E9ECD0E497F95791180E6375E70]]></AD_TABLE_ID>
<!--1969EB61F5DA49E3AB97AF692C023F2E-->  <AD_KEY><![CDATA[6E24CF38F28B483E9B9E24DB2C2682F6]]></AD_KEY>
<!--1969EB61F5DA49E3AB97AF692C023F2E-->  <AD_DISPLAY><![CDATA[83C91E943EC04AB3BB8AF75C8EA2F512]]></AD_DISPLAY>
<!--1969EB61F5DA49E3AB97AF692C023F2E-->  <ISVALUEDISPLAYED><![CDATA[N]]></ISVALUEDISPLAYED>
<!--1969EB61F5DA49E3AB97AF692C023F2E--></AD_REF_TABLE>

<!--30517CD1E66E44B5B09BB30E996582C6--><AD_REF_TABLE>
<!--30517CD1E66E44B5B09BB30E996582C6-->  <AD_REFERENCE_ID><![CDATA[30517CD1E66E44B5B09BB30E996582C6]]></AD_REFERENCE_ID>
<!--30517CD1E66E44B5B09BB30E996582C6-->  <AD_CLIENT_ID><![CDATA[0]]></AD_CLIENT_ID>
<!--30517CD1E66E44B5B09BB30E996582C6-->  <AD_ORG_ID><![CDATA[0]]></AD_ORG_ID>
<!--30517CD1E66E44B5B09BB30E996582C6-->  <ISACTIVE><![CDATA[Y]]></ISACTIVE>
<!--30517CD1E66E44B5B09BB30E996582C6-->  <AD_TABLE_ID><![CDATA[A9171C1AB82C425C9296747E18CF9CCC]]></AD_TABLE_ID>
<!--30517CD1E66E44B5B09BB30E996582C6-->  <AD_KEY><![CDATA[1D12ED14D78B44AA951FE2CA91AF5389]]></AD_KEY>
<!--30517CD1E66E44B5B09BB30E996582C6-->  <AD_DISPLAY><![CDATA[9E0A452A97764F9D99919F38AB62C328]]></AD_DISPLAY>
<!--30517CD1E66E44B5B09BB30E996582C6-->  <ISVALUEDISPLAYED><![CDATA[N]]></ISVALUEDISPLAYED>
<!--30517CD1E66E44B5B09BB30E996582C6--></AD_REF_TABLE>

<!--38F536C5846A4ED8B1F06D5E1D01F875--><AD_REF_TABLE>
<!--38F536C5846A4ED8B1F06D5E1D01F875-->  <AD_REFERENCE_ID><![CDATA[38F536C5846A4ED8B1F06D5E1D01F875]]></AD_REFERENCE_ID>
<!--38F536C5846A4ED8B1F06D5E1D01F875-->  <AD_CLIENT_ID><![CDATA[0]]></AD_CLIENT_ID>
<!--38F536C5846A4ED8B1F06D5E1D01F875-->  <AD_ORG_ID><![CDATA[0]]></AD_ORG_ID>
<!--38F536C5846A4ED8B1F06D5E1D01F875-->  <ISACTIVE><![CDATA[Y]]></ISACTIVE>
<!--38F536C5846A4ED8B1F06D5E1D01F875-->  <AD_TABLE_ID><![CDATA[1EE2707CC3D24DFF94D258D7E11673AD]]></AD_TABLE_ID>
<!--38F536C5846A4ED8B1F06D5E1D01F875-->  <AD_KEY><![CDATA[2BACA62C2D564FBAB21E7024110938E4]]></AD_KEY>
<!--38F536C5846A4ED8B1F06D5E1D01F875-->  <AD_DISPLAY><![CDATA[E946E45ED41E4E15B9D458C505C8BE30]]></AD_DISPLAY>
<!--38F536C5846A4ED8B1F06D5E1D01F875-->  <ISVALUEDISPLAYED><![CDATA[N]]></ISVALUEDISPLAYED>
<!--38F536C5846A4ED8B1F06D5E1D01F875--></AD_REF_TABLE>

<!--3D39925151214425AC01097E2DEED5BD--><AD_REF_TABLE>
<!--3D39925151214425AC01097E2DEED5BD-->  <AD_REFERENCE_ID><![CDATA[3D39925151214425AC01097E2DEED5BD]]></AD_REFERENCE_ID>
<!--3D39925151214425AC01097E2DEED5BD-->  <AD_CLIENT_ID><![CDATA[0]]></AD_CLIENT_ID>
<!--3D39925151214425AC01097E2DEED5BD-->  <AD_ORG_ID><![CDATA[0]]></AD_ORG_ID>
<!--3D39925151214425AC01097E2DEED5BD-->  <ISACTIVE><![CDATA[Y]]></ISACTIVE>
<!--3D39925151214425AC01097E2DEED5BD-->  <AD_TABLE_ID><![CDATA[00C737DB3EAB4EEEB578B7F6E06D89AE]]></AD_TABLE_ID>
<!--3D39925151214425AC01097E2DEED5BD-->  <AD_KEY><![CDATA[0B4A04E7501F4FDE9D8FEACBB433154F]]></AD_KEY>
<!--3D39925151214425AC01097E2DEED5BD-->  <AD_DISPLAY><![CDATA[6988D40A392C40428F3932E117A7A33F]]></AD_DISPLAY>
<!--3D39925151214425AC01097E2DEED5BD-->  <ISVALUEDISPLAYED><![CDATA[N]]></ISVALUEDISPLAYED>
<!--3D39925151214425AC01097E2DEED5BD--></AD_REF_TABLE>

<!--50AA4FC6B97A47A0ACFB8A43DBEF70C5--><AD_REF_TABLE>
<!--50AA4FC6B97A47A0ACFB8A43DBEF70C5-->  <AD_REFERENCE_ID><![CDATA[50AA4FC6B97A47A0ACFB8A43DBEF70C5]]></AD_REFERENCE_ID>
<!--50AA4FC6B97A47A0ACFB8A43DBEF70C5-->  <AD_CLIENT_ID><![CDATA[0]]></AD_CLIENT_ID>
<!--50AA4FC6B97A47A0ACFB8A43DBEF70C5-->  <AD_ORG_ID><![CDATA[0]]></AD_ORG_ID>
<!--50AA4FC6B97A47A0ACFB8A43DBEF70C5-->  <ISACTIVE><![CDATA[Y]]></ISACTIVE>
<!--50AA4FC6B97A47A0ACFB8A43DBEF70C5-->  <AD_TABLE_ID><![CDATA[C4E090228B294B2CB2E8A3E8115A8107]]></AD_TABLE_ID>
<!--50AA4FC6B97A47A0ACFB8A43DBEF70C5-->  <AD_KEY><![CDATA[3D21C044FE3D4B7CB072BB02096530EF]]></AD_KEY>
<!--50AA4FC6B97A47A0ACFB8A43DBEF70C5-->  <AD_DISPLAY><![CDATA[B2D76EDD2C34478A99A3F3B5B9C207CC]]></AD_DISPLAY>
<!--50AA4FC6B97A47A0ACFB8A43DBEF70C5-->  <ISVALUEDISPLAYED><![CDATA[N]]></ISVALUEDISPLAYED>
<!--50AA4FC6B97A47A0ACFB8A43DBEF70C5--></AD_REF_TABLE>

<!--5A745BCA6F8449C099EB3D6A9F602AFD--><AD_REF_TABLE>
<!--5A745BCA6F8449C099EB3D6A9F602AFD-->  <AD_REFERENCE_ID><![CDATA[5A745BCA6F8449C099EB3D6A9F602AFD]]></AD_REFERENCE_ID>
<!--5A745BCA6F8449C099EB3D6A9F602AFD-->  <AD_CLIENT_ID><![CDATA[0]]></AD_CLIENT_ID>
<!--5A745BCA6F8449C099EB3D6A9F602AFD-->  <AD_ORG_ID><![CDATA[0]]></AD_ORG_ID>
<!--5A745BCA6F8449C099EB3D6A9F602AFD-->  <ISACTIVE><![CDATA[Y]]></ISACTIVE>
<!--5A745BCA6F8449C099EB3D6A9F602AFD-->  <AD_TABLE_ID><![CDATA[288360D279E9414C977C72D1FC041FA6]]></AD_TABLE_ID>
<!--5A745BCA6F8449C099EB3D6A9F602AFD-->  <AD_KEY><![CDATA[0A77F0CFAB984C9298EC5A927B5F4E52]]></AD_KEY>
<!--5A745BCA6F8449C099EB3D6A9F602AFD-->  <AD_DISPLAY><![CDATA[7B8815F6078349F29AD62A836316BB22]]></AD_DISPLAY>
<!--5A745BCA6F8449C099EB3D6A9F602AFD-->  <ISVALUEDISPLAYED><![CDATA[N]]></ISVALUEDISPLAYED>
<!--5A745BCA6F8449C099EB3D6A9F602AFD-->  <HQLWHERECLAUSE><![CDATA[e.summaryLevel='true']]></HQLWHERECLAUSE>
<!--5A745BCA6F8449C099EB3D6A9F602AFD--></AD_REF_TABLE>

<!--741BA1BF958A4CFDB4A89AD451B05B35--><AD_REF_TABLE>
<!--741BA1BF958A4CFDB4A89AD451B05B35-->  <AD_REFERENCE_ID><![CDATA[741BA1BF958A4CFDB4A89AD451B05B35]]></AD_REFERENCE_ID>
<!--741BA1BF958A4CFDB4A89AD451B05B35-->  <AD_CLIENT_ID><![CDATA[0]]></AD_CLIENT_ID>
<!--741BA1BF958A4CFDB4A89AD451B05B35-->  <AD_ORG_ID><![CDATA[0]]></AD_ORG_ID>
<!--741BA1BF958A4CFDB4A89AD451B05B35-->  <ISACTIVE><![CDATA[Y]]></ISACTIVE>
<!--741BA1BF958A4CFDB4A89AD451B05B35-->  <AD_TABLE_ID><![CDATA[1D896C1E37F14E7E9FA4B259DA47CE54]]></AD_TABLE_ID>
<!--741BA1BF958A4CFDB4A89AD451B05B35-->  <AD_KEY><![CDATA[8D56FB19A91749BDB7F1DC61B30CFF62]]></AD_KEY>
<!--741BA1BF958A4CFDB4A89AD451B05B35-->  <AD_DISPLAY><![CDATA[6E249F83CC05490F9FBBA5CC605DDDED]]></AD_DISPLAY>
<!--741BA1BF958A4CFDB4A89AD451B05B35-->  <ISVALUEDISPLAYED><![CDATA[N]]></ISVALUEDISPLAYED>
<!--741BA1BF958A4CFDB4A89AD451B05B35--></AD_REF_TABLE>

<!--746ED0E562D3498298E5E0CAC756A5E6--><AD_REF_TABLE>
<!--746ED0E562D3498298E5E0CAC756A5E6-->  <AD_REFERENCE_ID><![CDATA[746ED0E562D3498298E5E0CAC756A5E6]]></AD_REFERENCE_ID>
<!--746ED0E562D3498298E5E0CAC756A5E6-->  <AD_CLIENT_ID><![CDATA[0]]></AD_CLIENT_ID>
<!--746ED0E562D3498298E5E0CAC756A5E6-->  <AD_ORG_ID><![CDATA[0]]></AD_ORG_ID>
<!--746ED0E562D3498298E5E0CAC756A5E6-->  <ISACTIVE><![CDATA[Y]]></ISACTIVE>
<!--746ED0E562D3498298E5E0CAC756A5E6-->  <AD_TABLE_ID><![CDATA[052CE43C77EE4507B10287904DF0053B]]></AD_TABLE_ID>
<!--746ED0E562D3498298E5E0CAC756A5E6-->  <AD_KEY><![CDATA[D6EF863793ED42F094F4004548E38F30]]></AD_KEY>
<!--746ED0E562D3498298E5E0CAC756A5E6-->  <AD_DISPLAY><![CDATA[290700FA4F1A4E35AE1125E5A89D5C29]]></AD_DISPLAY>
<!--746ED0E562D3498298E5E0CAC756A5E6-->  <ISVALUEDISPLAYED><![CDATA[N]]></ISVALUEDISPLAYED>
<!--746ED0E562D3498298E5E0CAC756A5E6--></AD_REF_TABLE>

<!--754B9879785146A4AAFD413C5FF4A069--><AD_REF_TABLE>
<!--754B9879785146A4AAFD413C5FF4A069-->  <AD_REFERENCE_ID><![CDATA[754B9879785146A4AAFD413C5FF4A069]]></AD_REFERENCE_ID>
<!--754B9879785146A4AAFD413C5FF4A069-->  <AD_CLIENT_ID><![CDATA[0]]></AD_CLIENT_ID>
<!--754B9879785146A4AAFD413C5FF4A069-->  <AD_ORG_ID><![CDATA[0]]></AD_ORG_ID>
<!--754B9879785146A4AAFD413C5FF4A069-->  <ISACTIVE><![CDATA[Y]]></ISACTIVE>
<!--754B9879785146A4AAFD413C5FF4A069-->  <AD_TABLE_ID><![CDATA[7392B539F7FD4FADA0E66CE3BD7BE8D7]]></AD_TABLE_ID>
<!--754B9879785146A4AAFD413C5FF4A069-->  <AD_KEY><![CDATA[DC190E382EF3485983537FC4E6E545DE]]></AD_KEY>
<!--754B9879785146A4AAFD413C5FF4A069-->  <AD_DISPLAY><![CDATA[92BA73AB4F2146869FB956AC426E09E6]]></AD_DISPLAY>
<!--754B9879785146A4AAFD413C5FF4A069-->  <ISVALUEDISPLAYED><![CDATA[N]]></ISVALUEDISPLAYED>
<!--754B9879785146A4AAFD413C5FF4A069--></AD_REF_TABLE>

<!--A7A8A75184664634A182FC09EEF9C262--><AD_REF_TABLE>
<!--A7A8A75184664634A182FC09EEF9C262-->  <AD_REFERENCE_ID><![CDATA[A7A8A75184664634A182FC09EEF9C262]]></AD_REFERENCE_ID>
<!--A7A8A75184664634A182FC09EEF9C262-->  <AD_CLIENT_ID><![CDATA[0]]></AD_CLIENT_ID>
<!--A7A8A75184664634A182FC09EEF9C262-->  <AD_ORG_ID><![CDATA[0]]></AD_ORG_ID>
<!--A7A8A75184664634A182FC09EEF9C262-->  <ISACTIVE><![CDATA[Y]]></ISACTIVE>
<!--A7A8A75184664634A182FC09EEF9C262-->  <AD_TABLE_ID><![CDATA[1005100000]]></AD_TABLE_ID>
<!--A7A8A75184664634A182FC09EEF9C262-->  <AD_KEY><![CDATA[1005100000]]></AD_KEY>
<!--A7A8A75184664634A182FC09EEF9C262-->  <AD_DISPLAY><![CDATA[1005100009]]></AD_DISPLAY>
<!--A7A8A75184664634A182FC09EEF9C262-->  <ISVALUEDISPLAYED><![CDATA[N]]></ISVALUEDISPLAYED>
<!--A7A8A75184664634A182FC09EEF9C262--></AD_REF_TABLE>

<!--B1AD36C5548743CC9BD8B41BE1887456--><AD_REF_TABLE>
<!--B1AD36C5548743CC9BD8B41BE1887456-->  <AD_REFERENCE_ID><![CDATA[B1AD36C5548743CC9BD8B41BE1887456]]></AD_REFERENCE_ID>
<!--B1AD36C5548743CC9BD8B41BE1887456-->  <AD_CLIENT_ID><![CDATA[0]]></AD_CLIENT_ID>
<!--B1AD36C5548743CC9BD8B41BE1887456-->  <AD_ORG_ID><![CDATA[0]]></AD_ORG_ID>
<!--B1AD36C5548743CC9BD8B41BE1887456-->  <ISACTIVE><![CDATA[Y]]></ISACTIVE>
<!--B1AD36C5548743CC9BD8B41BE1887456-->  <AD_TABLE_ID><![CDATA[94816A43A44744BFB8B15505F5F229FE]]></AD_TABLE_ID>
<!--B1AD36C5548743CC9BD8B41BE1887456-->  <AD_KEY><![CDATA[C06CAEEEC88A458F82D40BCA4B94F2F9]]></AD_KEY>
<!--B1AD36C5548743CC9BD8B41BE1887456-->  <AD_DISPLAY><![CDATA[B01DDC70B31C4BB5BB85D57F8D7C2EE6]]></AD_DISPLAY>
<!--B1AD36C5548743CC9BD8B41BE1887456-->  <ISVALUEDISPLAYED><![CDATA[N]]></ISVALUEDISPLAYED>
<!--B1AD36C5548743CC9BD8B41BE1887456-->  <WHERECLAUSE><![CDATA[hris_contact.C_Bpartner_ID=@C_Bpartner_ID@]]></WHERECLAUSE>
<!--B1AD36C5548743CC9BD8B41BE1887456--></AD_REF_TABLE>

<!--C55C25C0D56C4434A68052725578945F--><AD_REF_TABLE>
<!--C55C25C0D56C4434A68052725578945F-->  <AD_REFERENCE_ID><![CDATA[C55C25C0D56C4434A68052725578945F]]></AD_REFERENCE_ID>
<!--C55C25C0D56C4434A68052725578945F-->  <AD_CLIENT_ID><![CDATA[0]]></AD_CLIENT_ID>
<!--C55C25C0D56C4434A68052725578945F-->  <AD_ORG_ID><![CDATA[0]]></AD_ORG_ID>
<!--C55C25C0D56C4434A68052725578945F-->  <ISACTIVE><![CDATA[Y]]></ISACTIVE>
<!--C55C25C0D56C4434A68052725578945F-->  <AD_TABLE_ID><![CDATA[E671C0C4F8FE4F6D98E0D342BAD0FB1A]]></AD_TABLE_ID>
<!--C55C25C0D56C4434A68052725578945F-->  <AD_KEY><![CDATA[DA97DAE1734242A79F4745C5F379EECE]]></AD_KEY>
<!--C55C25C0D56C4434A68052725578945F-->  <AD_DISPLAY><![CDATA[D3F3E3E63CAC4A19937A9F48B8BE23EB]]></AD_DISPLAY>
<!--C55C25C0D56C4434A68052725578945F-->  <ISVALUEDISPLAYED><![CDATA[N]]></ISVALUEDISPLAYED>
<!--C55C25C0D56C4434A68052725578945F--></AD_REF_TABLE>

<!--EB2997900D2F4F70B7902112668679D9--><AD_REF_TABLE>
<!--EB2997900D2F4F70B7902112668679D9-->  <AD_REFERENCE_ID><![CDATA[EB2997900D2F4F70B7902112668679D9]]></AD_REFERENCE_ID>
<!--EB2997900D2F4F70B7902112668679D9-->  <AD_CLIENT_ID><![CDATA[0]]></AD_CLIENT_ID>
<!--EB2997900D2F4F70B7902112668679D9-->  <AD_ORG_ID><![CDATA[0]]></AD_ORG_ID>
<!--EB2997900D2F4F70B7902112668679D9-->  <ISACTIVE><![CDATA[Y]]></ISACTIVE>
<!--EB2997900D2F4F70B7902112668679D9-->  <AD_TABLE_ID><![CDATA[BC0BCDFB1E834D13A3C4CFF41E21DBB8]]></AD_TABLE_ID>
<!--EB2997900D2F4F70B7902112668679D9-->  <AD_KEY><![CDATA[624C1B4DDEC64277BD2E8FB71830C2DD]]></AD_KEY>
<!--EB2997900D2F4F70B7902112668679D9-->  <AD_DISPLAY><![CDATA[8D5EAE3E31ED434B873F11B44797496D]]></AD_DISPLAY>
<!--EB2997900D2F4F70B7902112668679D9-->  <ISVALUEDISPLAYED><![CDATA[N]]></ISVALUEDISPLAYED>
<!--EB2997900D2F4F70B7902112668679D9--></AD_REF_TABLE>

<!--EE57F187279A4AEE94635C4BD445D982--><AD_REF_TABLE>
<!--EE57F187279A4AEE94635C4BD445D982-->  <AD_REFERENCE_ID><![CDATA[EE57F187279A4AEE94635C4BD445D982]]></AD_REFERENCE_ID>
<!--EE57F187279A4AEE94635C4BD445D982-->  <AD_CLIENT_ID><![CDATA[0]]></AD_CLIENT_ID>
<!--EE57F187279A4AEE94635C4BD445D982-->  <AD_ORG_ID><![CDATA[0]]></AD_ORG_ID>
<!--EE57F187279A4AEE94635C4BD445D982-->  <ISACTIVE><![CDATA[Y]]></ISACTIVE>
<!--EE57F187279A4AEE94635C4BD445D982-->  <AD_TABLE_ID><![CDATA[D8153077CED340FA9E10CD3B182ACE06]]></AD_TABLE_ID>
<!--EE57F187279A4AEE94635C4BD445D982-->  <AD_KEY><![CDATA[91B4404CAC394E58965322D0A4378295]]></AD_KEY>
<!--EE57F187279A4AEE94635C4BD445D982-->  <AD_DISPLAY><![CDATA[DF9EB0F3FD8A4235BB1EA16C8B0F56BC]]></AD_DISPLAY>
<!--EE57F187279A4AEE94635C4BD445D982-->  <ISVALUEDISPLAYED><![CDATA[N]]></ISVALUEDISPLAYED>
<!--EE57F187279A4AEE94635C4BD445D982--></AD_REF_TABLE>

</data>
