<?xml version="1.0" encoding="UTF-8"?>
<data>
<!--1E55126BD3434FB2BD1F004B6B857F3E--><AD_TABLE_TREE>
<!--1E55126BD3434FB2BD1F004B6B857F3E-->  <AD_TABLE_TREE_ID><![CDATA[1E55126BD3434FB2BD1F004B6B857F3E]]></AD_TABLE_TREE_ID>
<!--1E55126BD3434FB2BD1F004B6B857F3E-->  <AD_CLIENT_ID><![CDATA[0]]></AD_CLIENT_ID>
<!--1E55126BD3434FB2BD1F004B6B857F3E-->  <AD_ORG_ID><![CDATA[0]]></AD_ORG_ID>
<!--1E55126BD3434FB2BD1F004B6B857F3E-->  <ISACTIVE><![CDATA[Y]]></ISACTIVE>
<!--1E55126BD3434FB2BD1F004B6B857F3E-->  <AD_TABLE_ID><![CDATA[1EE2707CC3D24DFF94D258D7E11673AD]]></AD_TABLE_ID>
<!--1E55126BD3434FB2BD1F004B6B857F3E-->  <NODEIDCOLUMN><![CDATA[2BACA62C2D564FBAB21E7024110938E4]]></NODEIDCOLUMN>
<!--1E55126BD3434FB2BD1F004B6B857F3E-->  <HASMULTIPARENTNODES><![CDATA[N]]></HASMULTIPARENTNODES>
<!--1E55126BD3434FB2BD1F004B6B857F3E-->  <AD_MODULE_ID><![CDATA[D5FD35D6C7604921BA951B7E0EEE5DC2]]></AD_MODULE_ID>
<!--1E55126BD3434FB2BD1F004B6B857F3E-->  <APPLYWHERECLAUSETOCHILDNODES><![CDATA[Y]]></APPLYWHERECLAUSETOCHILDNODES>
<!--1E55126BD3434FB2BD1F004B6B857F3E-->  <NAME><![CDATA[Department Tree]]></NAME>
<!--1E55126BD3434FB2BD1F004B6B857F3E-->  <ISPARENTSELECTIONALLOWED><![CDATA[Y]]></ISPARENTSELECTIONALLOWED>
<!--1E55126BD3434FB2BD1F004B6B857F3E-->  <ISORDERED><![CDATA[Y]]></ISORDERED>
<!--1E55126BD3434FB2BD1F004B6B857F3E-->  <TREESTRUCTURE><![CDATA[ADTree]]></TREESTRUCTURE>
<!--1E55126BD3434FB2BD1F004B6B857F3E-->  <ISHANDLENODESMANUALLY><![CDATA[Y]]></ISHANDLENODESMANUALLY>
<!--1E55126BD3434FB2BD1F004B6B857F3E-->  <ISMAINTREE><![CDATA[Y]]></ISMAINTREE>
<!--1E55126BD3434FB2BD1F004B6B857F3E-->  <NODEDELETIONPOLICY><![CDATA[RCN]]></NODEDELETIONPOLICY>
<!--1E55126BD3434FB2BD1F004B6B857F3E--></AD_TABLE_TREE>

<!--2BB9EFBD81304833B526D660A0B66419--><AD_TABLE_TREE>
<!--2BB9EFBD81304833B526D660A0B66419-->  <AD_TABLE_TREE_ID><![CDATA[2BB9EFBD81304833B526D660A0B66419]]></AD_TABLE_TREE_ID>
<!--2BB9EFBD81304833B526D660A0B66419-->  <AD_CLIENT_ID><![CDATA[0]]></AD_CLIENT_ID>
<!--2BB9EFBD81304833B526D660A0B66419-->  <AD_ORG_ID><![CDATA[0]]></AD_ORG_ID>
<!--2BB9EFBD81304833B526D660A0B66419-->  <ISACTIVE><![CDATA[Y]]></ISACTIVE>
<!--2BB9EFBD81304833B526D660A0B66419-->  <AD_TABLE_ID><![CDATA[A9171C1AB82C425C9296747E18CF9CCC]]></AD_TABLE_ID>
<!--2BB9EFBD81304833B526D660A0B66419-->  <NODEIDCOLUMN><![CDATA[48DF21954C0F44E3B9BDA3EAD4C6B39B]]></NODEIDCOLUMN>
<!--2BB9EFBD81304833B526D660A0B66419-->  <HASMULTIPARENTNODES><![CDATA[N]]></HASMULTIPARENTNODES>
<!--2BB9EFBD81304833B526D660A0B66419-->  <AD_MODULE_ID><![CDATA[D5FD35D6C7604921BA951B7E0EEE5DC2]]></AD_MODULE_ID>
<!--2BB9EFBD81304833B526D660A0B66419-->  <APPLYWHERECLAUSETOCHILDNODES><![CDATA[Y]]></APPLYWHERECLAUSETOCHILDNODES>
<!--2BB9EFBD81304833B526D660A0B66419-->  <NAME><![CDATA[Employee Position AD Tree Node]]></NAME>
<!--2BB9EFBD81304833B526D660A0B66419-->  <ISPARENTSELECTIONALLOWED><![CDATA[Y]]></ISPARENTSELECTIONALLOWED>
<!--2BB9EFBD81304833B526D660A0B66419-->  <ISORDERED><![CDATA[N]]></ISORDERED>
<!--2BB9EFBD81304833B526D660A0B66419-->  <TREESTRUCTURE><![CDATA[ADTree]]></TREESTRUCTURE>
<!--2BB9EFBD81304833B526D660A0B66419-->  <ISHANDLENODESMANUALLY><![CDATA[N]]></ISHANDLENODESMANUALLY>
<!--2BB9EFBD81304833B526D660A0B66419-->  <ISMAINTREE><![CDATA[Y]]></ISMAINTREE>
<!--2BB9EFBD81304833B526D660A0B66419-->  <NODEDELETIONPOLICY><![CDATA[RCN]]></NODEDELETIONPOLICY>
<!--2BB9EFBD81304833B526D660A0B66419--></AD_TABLE_TREE>

<!--AE0E7E058C014BB1A087A4942BEDBA39--><AD_TABLE_TREE>
<!--AE0E7E058C014BB1A087A4942BEDBA39-->  <AD_TABLE_TREE_ID><![CDATA[AE0E7E058C014BB1A087A4942BEDBA39]]></AD_TABLE_TREE_ID>
<!--AE0E7E058C014BB1A087A4942BEDBA39-->  <AD_CLIENT_ID><![CDATA[0]]></AD_CLIENT_ID>
<!--AE0E7E058C014BB1A087A4942BEDBA39-->  <AD_ORG_ID><![CDATA[0]]></AD_ORG_ID>
<!--AE0E7E058C014BB1A087A4942BEDBA39-->  <ISACTIVE><![CDATA[Y]]></ISACTIVE>
<!--AE0E7E058C014BB1A087A4942BEDBA39-->  <AD_TABLE_ID><![CDATA[BC0BCDFB1E834D13A3C4CFF41E21DBB8]]></AD_TABLE_ID>
<!--AE0E7E058C014BB1A087A4942BEDBA39-->  <NODEIDCOLUMN><![CDATA[624C1B4DDEC64277BD2E8FB71830C2DD]]></NODEIDCOLUMN>
<!--AE0E7E058C014BB1A087A4942BEDBA39-->  <HASMULTIPARENTNODES><![CDATA[N]]></HASMULTIPARENTNODES>
<!--AE0E7E058C014BB1A087A4942BEDBA39-->  <AD_MODULE_ID><![CDATA[D5FD35D6C7604921BA951B7E0EEE5DC2]]></AD_MODULE_ID>
<!--AE0E7E058C014BB1A087A4942BEDBA39-->  <APPLYWHERECLAUSETOCHILDNODES><![CDATA[Y]]></APPLYWHERECLAUSETOCHILDNODES>
<!--AE0E7E058C014BB1A087A4942BEDBA39-->  <NAME><![CDATA[Job Title Tree]]></NAME>
<!--AE0E7E058C014BB1A087A4942BEDBA39-->  <ISPARENTSELECTIONALLOWED><![CDATA[Y]]></ISPARENTSELECTIONALLOWED>
<!--AE0E7E058C014BB1A087A4942BEDBA39-->  <ISORDERED><![CDATA[Y]]></ISORDERED>
<!--AE0E7E058C014BB1A087A4942BEDBA39-->  <TREESTRUCTURE><![CDATA[ADTree]]></TREESTRUCTURE>
<!--AE0E7E058C014BB1A087A4942BEDBA39-->  <ISHANDLENODESMANUALLY><![CDATA[Y]]></ISHANDLENODESMANUALLY>
<!--AE0E7E058C014BB1A087A4942BEDBA39-->  <ISMAINTREE><![CDATA[Y]]></ISMAINTREE>
<!--AE0E7E058C014BB1A087A4942BEDBA39-->  <NODEDELETIONPOLICY><![CDATA[RCN]]></NODEDELETIONPOLICY>
<!--AE0E7E058C014BB1A087A4942BEDBA39--></AD_TABLE_TREE>

<!--DDA0551BD79141E387D4889CEAF1E5D8--><AD_TABLE_TREE>
<!--DDA0551BD79141E387D4889CEAF1E5D8-->  <AD_TABLE_TREE_ID><![CDATA[DDA0551BD79141E387D4889CEAF1E5D8]]></AD_TABLE_TREE_ID>
<!--DDA0551BD79141E387D4889CEAF1E5D8-->  <AD_CLIENT_ID><![CDATA[0]]></AD_CLIENT_ID>
<!--DDA0551BD79141E387D4889CEAF1E5D8-->  <AD_ORG_ID><![CDATA[0]]></AD_ORG_ID>
<!--DDA0551BD79141E387D4889CEAF1E5D8-->  <ISACTIVE><![CDATA[Y]]></ISACTIVE>
<!--DDA0551BD79141E387D4889CEAF1E5D8-->  <AD_TABLE_ID><![CDATA[052CE43C77EE4507B10287904DF0053B]]></AD_TABLE_ID>
<!--DDA0551BD79141E387D4889CEAF1E5D8-->  <LINKTOPARENTCOLUMN><![CDATA[AE4F81F0C80045C78B7894D726B17F2C]]></LINKTOPARENTCOLUMN>
<!--DDA0551BD79141E387D4889CEAF1E5D8-->  <NODEIDCOLUMN><![CDATA[D6EF863793ED42F094F4004548E38F30]]></NODEIDCOLUMN>
<!--DDA0551BD79141E387D4889CEAF1E5D8-->  <HASMULTIPARENTNODES><![CDATA[N]]></HASMULTIPARENTNODES>
<!--DDA0551BD79141E387D4889CEAF1E5D8-->  <AD_MODULE_ID><![CDATA[D5FD35D6C7604921BA951B7E0EEE5DC2]]></AD_MODULE_ID>
<!--DDA0551BD79141E387D4889CEAF1E5D8-->  <APPLYWHERECLAUSETOCHILDNODES><![CDATA[Y]]></APPLYWHERECLAUSETOCHILDNODES>
<!--DDA0551BD79141E387D4889CEAF1E5D8-->  <NAME><![CDATA[Site]]></NAME>
<!--DDA0551BD79141E387D4889CEAF1E5D8-->  <ISPARENTSELECTIONALLOWED><![CDATA[Y]]></ISPARENTSELECTIONALLOWED>
<!--DDA0551BD79141E387D4889CEAF1E5D8-->  <ISORDERED><![CDATA[N]]></ISORDERED>
<!--DDA0551BD79141E387D4889CEAF1E5D8-->  <TREESTRUCTURE><![CDATA[LinkToParent]]></TREESTRUCTURE>
<!--DDA0551BD79141E387D4889CEAF1E5D8-->  <ISHANDLENODESMANUALLY><![CDATA[N]]></ISHANDLENODESMANUALLY>
<!--DDA0551BD79141E387D4889CEAF1E5D8-->  <ISMAINTREE><![CDATA[Y]]></ISMAINTREE>
<!--DDA0551BD79141E387D4889CEAF1E5D8-->  <NODEDELETIONPOLICY><![CDATA[RCN]]></NODEDELETIONPOLICY>
<!--DDA0551BD79141E387D4889CEAF1E5D8--></AD_TABLE_TREE>

<!--FFEF8B09AE06494F8716BA9AB0127627--><AD_TABLE_TREE>
<!--FFEF8B09AE06494F8716BA9AB0127627-->  <AD_TABLE_TREE_ID><![CDATA[FFEF8B09AE06494F8716BA9AB0127627]]></AD_TABLE_TREE_ID>
<!--FFEF8B09AE06494F8716BA9AB0127627-->  <AD_CLIENT_ID><![CDATA[0]]></AD_CLIENT_ID>
<!--FFEF8B09AE06494F8716BA9AB0127627-->  <AD_ORG_ID><![CDATA[0]]></AD_ORG_ID>
<!--FFEF8B09AE06494F8716BA9AB0127627-->  <ISACTIVE><![CDATA[Y]]></ISACTIVE>
<!--FFEF8B09AE06494F8716BA9AB0127627-->  <AD_TABLE_ID><![CDATA[291]]></AD_TABLE_ID>
<!--FFEF8B09AE06494F8716BA9AB0127627-->  <LINKTOPARENTCOLUMN><![CDATA[4FDF43D91B954C51881AA6E299E1D406]]></LINKTOPARENTCOLUMN>
<!--FFEF8B09AE06494F8716BA9AB0127627-->  <NODEIDCOLUMN><![CDATA[2893]]></NODEIDCOLUMN>
<!--FFEF8B09AE06494F8716BA9AB0127627-->  <HASMULTIPARENTNODES><![CDATA[N]]></HASMULTIPARENTNODES>
<!--FFEF8B09AE06494F8716BA9AB0127627-->  <AD_MODULE_ID><![CDATA[D5FD35D6C7604921BA951B7E0EEE5DC2]]></AD_MODULE_ID>
<!--FFEF8B09AE06494F8716BA9AB0127627-->  <APPLYWHERECLAUSETOCHILDNODES><![CDATA[Y]]></APPLYWHERECLAUSETOCHILDNODES>
<!--FFEF8B09AE06494F8716BA9AB0127627-->  <NAME><![CDATA[Employee Supervisor]]></NAME>
<!--FFEF8B09AE06494F8716BA9AB0127627-->  <ISPARENTSELECTIONALLOWED><![CDATA[Y]]></ISPARENTSELECTIONALLOWED>
<!--FFEF8B09AE06494F8716BA9AB0127627-->  <ISORDERED><![CDATA[N]]></ISORDERED>
<!--FFEF8B09AE06494F8716BA9AB0127627-->  <TREESTRUCTURE><![CDATA[LinkToParent]]></TREESTRUCTURE>
<!--FFEF8B09AE06494F8716BA9AB0127627-->  <ISHANDLENODESMANUALLY><![CDATA[N]]></ISHANDLENODESMANUALLY>
<!--FFEF8B09AE06494F8716BA9AB0127627-->  <ISMAINTREE><![CDATA[N]]></ISMAINTREE>
<!--FFEF8B09AE06494F8716BA9AB0127627-->  <NODEDELETIONPOLICY><![CDATA[RCN]]></NODEDELETIONPOLICY>
<!--FFEF8B09AE06494F8716BA9AB0127627--></AD_TABLE_TREE>

</data>
