<?xml version="1.0" encoding="UTF-8"?>
<data>
<!--00F6A69B3C8B4277A1A2A3B2D98C7121--><AD_WINDOW>
<!--00F6A69B3C8B4277A1A2A3B2D98C7121-->  <AD_WINDOW_ID><![CDATA[00F6A69B3C8B4277A1A2A3B2D98C7121]]></AD_WINDOW_ID>
<!--00F6A69B3C8B4277A1A2A3B2D98C7121-->  <AD_CLIENT_ID><![CDATA[0]]></AD_CLIENT_ID>
<!--00F6A69B3C8B4277A1A2A3B2D98C7121-->  <AD_ORG_ID><![CDATA[0]]></AD_ORG_ID>
<!--00F6A69B3C8B4277A1A2A3B2D98C7121-->  <ISACTIVE><![CDATA[Y]]></ISACTIVE>
<!--00F6A69B3C8B4277A1A2A3B2D98C7121-->  <NAME><![CDATA[Retirement]]></NAME>
<!--00F6A69B3C8B4277A1A2A3B2D98C7121-->  <WINDOWTYPE><![CDATA[T]]></WINDOWTYPE>
<!--00F6A69B3C8B4277A1A2A3B2D98C7121-->  <ISSOTRX><![CDATA[Y]]></ISSOTRX>
<!--00F6A69B3C8B4277A1A2A3B2D98C7121-->  <PROCESSING><![CDATA[N]]></PROCESSING>
<!--00F6A69B3C8B4277A1A2A3B2D98C7121-->  <ISDEFAULT><![CDATA[N]]></ISDEFAULT>
<!--00F6A69B3C8B4277A1A2A3B2D98C7121-->  <AD_MODULE_ID><![CDATA[D5FD35D6C7604921BA951B7E0EEE5DC2]]></AD_MODULE_ID>
<!--00F6A69B3C8B4277A1A2A3B2D98C7121-->  <ISTHREADSAFE><![CDATA[N]]></ISTHREADSAFE>
<!--00F6A69B3C8B4277A1A2A3B2D98C7121-->  <ISADVANCEDFEATURE><![CDATA[N]]></ISADVANCEDFEATURE>
<!--00F6A69B3C8B4277A1A2A3B2D98C7121--></AD_WINDOW>

<!--060FAB0B68F34794A28C31FF16AA1DFC--><AD_WINDOW>
<!--060FAB0B68F34794A28C31FF16AA1DFC-->  <AD_WINDOW_ID><![CDATA[060FAB0B68F34794A28C31FF16AA1DFC]]></AD_WINDOW_ID>
<!--060FAB0B68F34794A28C31FF16AA1DFC-->  <AD_CLIENT_ID><![CDATA[0]]></AD_CLIENT_ID>
<!--060FAB0B68F34794A28C31FF16AA1DFC-->  <AD_ORG_ID><![CDATA[0]]></AD_ORG_ID>
<!--060FAB0B68F34794A28C31FF16AA1DFC-->  <ISACTIVE><![CDATA[Y]]></ISACTIVE>
<!--060FAB0B68F34794A28C31FF16AA1DFC-->  <NAME><![CDATA[KPI Category]]></NAME>
<!--060FAB0B68F34794A28C31FF16AA1DFC-->  <DESCRIPTION><![CDATA[KPI Category]]></DESCRIPTION>
<!--060FAB0B68F34794A28C31FF16AA1DFC-->  <HELP><![CDATA[group of KPI, considered as KPI outcome]]></HELP>
<!--060FAB0B68F34794A28C31FF16AA1DFC-->  <WINDOWTYPE><![CDATA[M]]></WINDOWTYPE>
<!--060FAB0B68F34794A28C31FF16AA1DFC-->  <ISSOTRX><![CDATA[Y]]></ISSOTRX>
<!--060FAB0B68F34794A28C31FF16AA1DFC-->  <PROCESSING><![CDATA[N]]></PROCESSING>
<!--060FAB0B68F34794A28C31FF16AA1DFC-->  <ISDEFAULT><![CDATA[N]]></ISDEFAULT>
<!--060FAB0B68F34794A28C31FF16AA1DFC-->  <AD_MODULE_ID><![CDATA[D5FD35D6C7604921BA951B7E0EEE5DC2]]></AD_MODULE_ID>
<!--060FAB0B68F34794A28C31FF16AA1DFC-->  <ISTHREADSAFE><![CDATA[N]]></ISTHREADSAFE>
<!--060FAB0B68F34794A28C31FF16AA1DFC-->  <ISADVANCEDFEATURE><![CDATA[N]]></ISADVANCEDFEATURE>
<!--060FAB0B68F34794A28C31FF16AA1DFC--></AD_WINDOW>

<!--0BAD3ACFA6554BF9BADD6F964B57BC56--><AD_WINDOW>
<!--0BAD3ACFA6554BF9BADD6F964B57BC56-->  <AD_WINDOW_ID><![CDATA[0BAD3ACFA6554BF9BADD6F964B57BC56]]></AD_WINDOW_ID>
<!--0BAD3ACFA6554BF9BADD6F964B57BC56-->  <AD_CLIENT_ID><![CDATA[0]]></AD_CLIENT_ID>
<!--0BAD3ACFA6554BF9BADD6F964B57BC56-->  <AD_ORG_ID><![CDATA[0]]></AD_ORG_ID>
<!--0BAD3ACFA6554BF9BADD6F964B57BC56-->  <ISACTIVE><![CDATA[Y]]></ISACTIVE>
<!--0BAD3ACFA6554BF9BADD6F964B57BC56-->  <NAME><![CDATA[Employee Transfer]]></NAME>
<!--0BAD3ACFA6554BF9BADD6F964B57BC56-->  <WINDOWTYPE><![CDATA[T]]></WINDOWTYPE>
<!--0BAD3ACFA6554BF9BADD6F964B57BC56-->  <ISSOTRX><![CDATA[Y]]></ISSOTRX>
<!--0BAD3ACFA6554BF9BADD6F964B57BC56-->  <PROCESSING><![CDATA[N]]></PROCESSING>
<!--0BAD3ACFA6554BF9BADD6F964B57BC56-->  <ISDEFAULT><![CDATA[N]]></ISDEFAULT>
<!--0BAD3ACFA6554BF9BADD6F964B57BC56-->  <AD_MODULE_ID><![CDATA[D5FD35D6C7604921BA951B7E0EEE5DC2]]></AD_MODULE_ID>
<!--0BAD3ACFA6554BF9BADD6F964B57BC56-->  <ISTHREADSAFE><![CDATA[N]]></ISTHREADSAFE>
<!--0BAD3ACFA6554BF9BADD6F964B57BC56-->  <ISADVANCEDFEATURE><![CDATA[N]]></ISADVANCEDFEATURE>
<!--0BAD3ACFA6554BF9BADD6F964B57BC56--></AD_WINDOW>

<!--1024136922A64FB9ABDDC959A6BF131E--><AD_WINDOW>
<!--1024136922A64FB9ABDDC959A6BF131E-->  <AD_WINDOW_ID><![CDATA[1024136922A64FB9ABDDC959A6BF131E]]></AD_WINDOW_ID>
<!--1024136922A64FB9ABDDC959A6BF131E-->  <AD_CLIENT_ID><![CDATA[0]]></AD_CLIENT_ID>
<!--1024136922A64FB9ABDDC959A6BF131E-->  <AD_ORG_ID><![CDATA[0]]></AD_ORG_ID>
<!--1024136922A64FB9ABDDC959A6BF131E-->  <ISACTIVE><![CDATA[Y]]></ISACTIVE>
<!--1024136922A64FB9ABDDC959A6BF131E-->  <NAME><![CDATA[Insurance Membership]]></NAME>
<!--1024136922A64FB9ABDDC959A6BF131E-->  <WINDOWTYPE><![CDATA[M]]></WINDOWTYPE>
<!--1024136922A64FB9ABDDC959A6BF131E-->  <ISSOTRX><![CDATA[Y]]></ISSOTRX>
<!--1024136922A64FB9ABDDC959A6BF131E-->  <PROCESSING><![CDATA[N]]></PROCESSING>
<!--1024136922A64FB9ABDDC959A6BF131E-->  <ISDEFAULT><![CDATA[N]]></ISDEFAULT>
<!--1024136922A64FB9ABDDC959A6BF131E-->  <AD_MODULE_ID><![CDATA[D5FD35D6C7604921BA951B7E0EEE5DC2]]></AD_MODULE_ID>
<!--1024136922A64FB9ABDDC959A6BF131E-->  <ISTHREADSAFE><![CDATA[N]]></ISTHREADSAFE>
<!--1024136922A64FB9ABDDC959A6BF131E-->  <ISADVANCEDFEATURE><![CDATA[N]]></ISADVANCEDFEATURE>
<!--1024136922A64FB9ABDDC959A6BF131E--></AD_WINDOW>

<!--1096B2F37757402AA8F9D2E07979FFC4--><AD_WINDOW>
<!--1096B2F37757402AA8F9D2E07979FFC4-->  <AD_WINDOW_ID><![CDATA[1096B2F37757402AA8F9D2E07979FFC4]]></AD_WINDOW_ID>
<!--1096B2F37757402AA8F9D2E07979FFC4-->  <AD_CLIENT_ID><![CDATA[0]]></AD_CLIENT_ID>
<!--1096B2F37757402AA8F9D2E07979FFC4-->  <AD_ORG_ID><![CDATA[0]]></AD_ORG_ID>
<!--1096B2F37757402AA8F9D2E07979FFC4-->  <ISACTIVE><![CDATA[Y]]></ISACTIVE>
<!--1096B2F37757402AA8F9D2E07979FFC4-->  <NAME><![CDATA[Employee Grade Rule]]></NAME>
<!--1096B2F37757402AA8F9D2E07979FFC4-->  <WINDOWTYPE><![CDATA[M]]></WINDOWTYPE>
<!--1096B2F37757402AA8F9D2E07979FFC4-->  <ISSOTRX><![CDATA[Y]]></ISSOTRX>
<!--1096B2F37757402AA8F9D2E07979FFC4-->  <PROCESSING><![CDATA[N]]></PROCESSING>
<!--1096B2F37757402AA8F9D2E07979FFC4-->  <ISDEFAULT><![CDATA[N]]></ISDEFAULT>
<!--1096B2F37757402AA8F9D2E07979FFC4-->  <AD_MODULE_ID><![CDATA[D5FD35D6C7604921BA951B7E0EEE5DC2]]></AD_MODULE_ID>
<!--1096B2F37757402AA8F9D2E07979FFC4-->  <ISTHREADSAFE><![CDATA[N]]></ISTHREADSAFE>
<!--1096B2F37757402AA8F9D2E07979FFC4-->  <ISADVANCEDFEATURE><![CDATA[N]]></ISADVANCEDFEATURE>
<!--1096B2F37757402AA8F9D2E07979FFC4--></AD_WINDOW>

<!--10C374CD35184D41A0BC8F87493F627F--><AD_WINDOW>
<!--10C374CD35184D41A0BC8F87493F627F-->  <AD_WINDOW_ID><![CDATA[10C374CD35184D41A0BC8F87493F627F]]></AD_WINDOW_ID>
<!--10C374CD35184D41A0BC8F87493F627F-->  <AD_CLIENT_ID><![CDATA[0]]></AD_CLIENT_ID>
<!--10C374CD35184D41A0BC8F87493F627F-->  <AD_ORG_ID><![CDATA[0]]></AD_ORG_ID>
<!--10C374CD35184D41A0BC8F87493F627F-->  <ISACTIVE><![CDATA[Y]]></ISACTIVE>
<!--10C374CD35184D41A0BC8F87493F627F-->  <NAME><![CDATA[Resignation Request]]></NAME>
<!--10C374CD35184D41A0BC8F87493F627F-->  <WINDOWTYPE><![CDATA[T]]></WINDOWTYPE>
<!--10C374CD35184D41A0BC8F87493F627F-->  <ISSOTRX><![CDATA[N]]></ISSOTRX>
<!--10C374CD35184D41A0BC8F87493F627F-->  <PROCESSING><![CDATA[N]]></PROCESSING>
<!--10C374CD35184D41A0BC8F87493F627F-->  <ISDEFAULT><![CDATA[N]]></ISDEFAULT>
<!--10C374CD35184D41A0BC8F87493F627F-->  <AD_MODULE_ID><![CDATA[D5FD35D6C7604921BA951B7E0EEE5DC2]]></AD_MODULE_ID>
<!--10C374CD35184D41A0BC8F87493F627F-->  <ISTHREADSAFE><![CDATA[N]]></ISTHREADSAFE>
<!--10C374CD35184D41A0BC8F87493F627F-->  <ISADVANCEDFEATURE><![CDATA[N]]></ISADVANCEDFEATURE>
<!--10C374CD35184D41A0BC8F87493F627F--></AD_WINDOW>

<!--192E9C30FE5F432CBA2DE2680E4FC1B6--><AD_WINDOW>
<!--192E9C30FE5F432CBA2DE2680E4FC1B6-->  <AD_WINDOW_ID><![CDATA[192E9C30FE5F432CBA2DE2680E4FC1B6]]></AD_WINDOW_ID>
<!--192E9C30FE5F432CBA2DE2680E4FC1B6-->  <AD_CLIENT_ID><![CDATA[0]]></AD_CLIENT_ID>
<!--192E9C30FE5F432CBA2DE2680E4FC1B6-->  <AD_ORG_ID><![CDATA[0]]></AD_ORG_ID>
<!--192E9C30FE5F432CBA2DE2680E4FC1B6-->  <ISACTIVE><![CDATA[Y]]></ISACTIVE>
<!--192E9C30FE5F432CBA2DE2680E4FC1B6-->  <NAME><![CDATA[Department]]></NAME>
<!--192E9C30FE5F432CBA2DE2680E4FC1B6-->  <WINDOWTYPE><![CDATA[M]]></WINDOWTYPE>
<!--192E9C30FE5F432CBA2DE2680E4FC1B6-->  <ISSOTRX><![CDATA[Y]]></ISSOTRX>
<!--192E9C30FE5F432CBA2DE2680E4FC1B6-->  <PROCESSING><![CDATA[N]]></PROCESSING>
<!--192E9C30FE5F432CBA2DE2680E4FC1B6-->  <ISDEFAULT><![CDATA[N]]></ISDEFAULT>
<!--192E9C30FE5F432CBA2DE2680E4FC1B6-->  <AD_MODULE_ID><![CDATA[D5FD35D6C7604921BA951B7E0EEE5DC2]]></AD_MODULE_ID>
<!--192E9C30FE5F432CBA2DE2680E4FC1B6-->  <ISTHREADSAFE><![CDATA[N]]></ISTHREADSAFE>
<!--192E9C30FE5F432CBA2DE2680E4FC1B6-->  <ISADVANCEDFEATURE><![CDATA[N]]></ISADVANCEDFEATURE>
<!--192E9C30FE5F432CBA2DE2680E4FC1B6--></AD_WINDOW>

<!--1A37B2C3A3D94416B93E2A462E03E624--><AD_WINDOW>
<!--1A37B2C3A3D94416B93E2A462E03E624-->  <AD_WINDOW_ID><![CDATA[1A37B2C3A3D94416B93E2A462E03E624]]></AD_WINDOW_ID>
<!--1A37B2C3A3D94416B93E2A462E03E624-->  <AD_CLIENT_ID><![CDATA[0]]></AD_CLIENT_ID>
<!--1A37B2C3A3D94416B93E2A462E03E624-->  <AD_ORG_ID><![CDATA[0]]></AD_ORG_ID>
<!--1A37B2C3A3D94416B93E2A462E03E624-->  <ISACTIVE><![CDATA[Y]]></ISACTIVE>
<!--1A37B2C3A3D94416B93E2A462E03E624-->  <NAME><![CDATA[Employee Achievement]]></NAME>
<!--1A37B2C3A3D94416B93E2A462E03E624-->  <WINDOWTYPE><![CDATA[T]]></WINDOWTYPE>
<!--1A37B2C3A3D94416B93E2A462E03E624-->  <ISSOTRX><![CDATA[Y]]></ISSOTRX>
<!--1A37B2C3A3D94416B93E2A462E03E624-->  <PROCESSING><![CDATA[N]]></PROCESSING>
<!--1A37B2C3A3D94416B93E2A462E03E624-->  <ISDEFAULT><![CDATA[N]]></ISDEFAULT>
<!--1A37B2C3A3D94416B93E2A462E03E624-->  <AD_MODULE_ID><![CDATA[D5FD35D6C7604921BA951B7E0EEE5DC2]]></AD_MODULE_ID>
<!--1A37B2C3A3D94416B93E2A462E03E624-->  <ISTHREADSAFE><![CDATA[N]]></ISTHREADSAFE>
<!--1A37B2C3A3D94416B93E2A462E03E624-->  <ISADVANCEDFEATURE><![CDATA[N]]></ISADVANCEDFEATURE>
<!--1A37B2C3A3D94416B93E2A462E03E624--></AD_WINDOW>

<!--1FC960B042F0440492AA013F13E0A005--><AD_WINDOW>
<!--1FC960B042F0440492AA013F13E0A005-->  <AD_WINDOW_ID><![CDATA[1FC960B042F0440492AA013F13E0A005]]></AD_WINDOW_ID>
<!--1FC960B042F0440492AA013F13E0A005-->  <AD_CLIENT_ID><![CDATA[0]]></AD_CLIENT_ID>
<!--1FC960B042F0440492AA013F13E0A005-->  <AD_ORG_ID><![CDATA[0]]></AD_ORG_ID>
<!--1FC960B042F0440492AA013F13E0A005-->  <ISACTIVE><![CDATA[Y]]></ISACTIVE>
<!--1FC960B042F0440492AA013F13E0A005-->  <NAME><![CDATA[Site]]></NAME>
<!--1FC960B042F0440492AA013F13E0A005-->  <WINDOWTYPE><![CDATA[M]]></WINDOWTYPE>
<!--1FC960B042F0440492AA013F13E0A005-->  <ISSOTRX><![CDATA[Y]]></ISSOTRX>
<!--1FC960B042F0440492AA013F13E0A005-->  <PROCESSING><![CDATA[N]]></PROCESSING>
<!--1FC960B042F0440492AA013F13E0A005-->  <ISDEFAULT><![CDATA[N]]></ISDEFAULT>
<!--1FC960B042F0440492AA013F13E0A005-->  <AD_MODULE_ID><![CDATA[D5FD35D6C7604921BA951B7E0EEE5DC2]]></AD_MODULE_ID>
<!--1FC960B042F0440492AA013F13E0A005-->  <ISTHREADSAFE><![CDATA[N]]></ISTHREADSAFE>
<!--1FC960B042F0440492AA013F13E0A005-->  <ISADVANCEDFEATURE><![CDATA[N]]></ISADVANCEDFEATURE>
<!--1FC960B042F0440492AA013F13E0A005--></AD_WINDOW>

<!--202D8D1AE05442DFB16F4D2BA762CBCC--><AD_WINDOW>
<!--202D8D1AE05442DFB16F4D2BA762CBCC-->  <AD_WINDOW_ID><![CDATA[202D8D1AE05442DFB16F4D2BA762CBCC]]></AD_WINDOW_ID>
<!--202D8D1AE05442DFB16F4D2BA762CBCC-->  <AD_CLIENT_ID><![CDATA[0]]></AD_CLIENT_ID>
<!--202D8D1AE05442DFB16F4D2BA762CBCC-->  <AD_ORG_ID><![CDATA[0]]></AD_ORG_ID>
<!--202D8D1AE05442DFB16F4D2BA762CBCC-->  <ISACTIVE><![CDATA[Y]]></ISACTIVE>
<!--202D8D1AE05442DFB16F4D2BA762CBCC-->  <NAME><![CDATA[Update Employee Contact Request]]></NAME>
<!--202D8D1AE05442DFB16F4D2BA762CBCC-->  <WINDOWTYPE><![CDATA[T]]></WINDOWTYPE>
<!--202D8D1AE05442DFB16F4D2BA762CBCC-->  <ISSOTRX><![CDATA[Y]]></ISSOTRX>
<!--202D8D1AE05442DFB16F4D2BA762CBCC-->  <PROCESSING><![CDATA[N]]></PROCESSING>
<!--202D8D1AE05442DFB16F4D2BA762CBCC-->  <ISDEFAULT><![CDATA[N]]></ISDEFAULT>
<!--202D8D1AE05442DFB16F4D2BA762CBCC-->  <AD_MODULE_ID><![CDATA[D5FD35D6C7604921BA951B7E0EEE5DC2]]></AD_MODULE_ID>
<!--202D8D1AE05442DFB16F4D2BA762CBCC-->  <ISTHREADSAFE><![CDATA[N]]></ISTHREADSAFE>
<!--202D8D1AE05442DFB16F4D2BA762CBCC-->  <ISADVANCEDFEATURE><![CDATA[N]]></ISADVANCEDFEATURE>
<!--202D8D1AE05442DFB16F4D2BA762CBCC--></AD_WINDOW>

<!--318A38AFC4A3420FAA6317F852BB5474--><AD_WINDOW>
<!--318A38AFC4A3420FAA6317F852BB5474-->  <AD_WINDOW_ID><![CDATA[318A38AFC4A3420FAA6317F852BB5474]]></AD_WINDOW_ID>
<!--318A38AFC4A3420FAA6317F852BB5474-->  <AD_CLIENT_ID><![CDATA[0]]></AD_CLIENT_ID>
<!--318A38AFC4A3420FAA6317F852BB5474-->  <AD_ORG_ID><![CDATA[0]]></AD_ORG_ID>
<!--318A38AFC4A3420FAA6317F852BB5474-->  <ISACTIVE><![CDATA[Y]]></ISACTIVE>
<!--318A38AFC4A3420FAA6317F852BB5474-->  <NAME><![CDATA[Employee Candidate]]></NAME>
<!--318A38AFC4A3420FAA6317F852BB5474-->  <WINDOWTYPE><![CDATA[M]]></WINDOWTYPE>
<!--318A38AFC4A3420FAA6317F852BB5474-->  <ISSOTRX><![CDATA[N]]></ISSOTRX>
<!--318A38AFC4A3420FAA6317F852BB5474-->  <PROCESSING><![CDATA[N]]></PROCESSING>
<!--318A38AFC4A3420FAA6317F852BB5474-->  <ISDEFAULT><![CDATA[N]]></ISDEFAULT>
<!--318A38AFC4A3420FAA6317F852BB5474-->  <AD_MODULE_ID><![CDATA[D5FD35D6C7604921BA951B7E0EEE5DC2]]></AD_MODULE_ID>
<!--318A38AFC4A3420FAA6317F852BB5474-->  <ISTHREADSAFE><![CDATA[N]]></ISTHREADSAFE>
<!--318A38AFC4A3420FAA6317F852BB5474-->  <ISADVANCEDFEATURE><![CDATA[N]]></ISADVANCEDFEATURE>
<!--318A38AFC4A3420FAA6317F852BB5474--></AD_WINDOW>

<!--3368E8A2061F441FA95B9A9CB60EBB56--><AD_WINDOW>
<!--3368E8A2061F441FA95B9A9CB60EBB56-->  <AD_WINDOW_ID><![CDATA[3368E8A2061F441FA95B9A9CB60EBB56]]></AD_WINDOW_ID>
<!--3368E8A2061F441FA95B9A9CB60EBB56-->  <AD_CLIENT_ID><![CDATA[0]]></AD_CLIENT_ID>
<!--3368E8A2061F441FA95B9A9CB60EBB56-->  <AD_ORG_ID><![CDATA[0]]></AD_ORG_ID>
<!--3368E8A2061F441FA95B9A9CB60EBB56-->  <ISACTIVE><![CDATA[Y]]></ISACTIVE>
<!--3368E8A2061F441FA95B9A9CB60EBB56-->  <NAME><![CDATA[Education Permit]]></NAME>
<!--3368E8A2061F441FA95B9A9CB60EBB56-->  <WINDOWTYPE><![CDATA[M]]></WINDOWTYPE>
<!--3368E8A2061F441FA95B9A9CB60EBB56-->  <ISSOTRX><![CDATA[N]]></ISSOTRX>
<!--3368E8A2061F441FA95B9A9CB60EBB56-->  <PROCESSING><![CDATA[N]]></PROCESSING>
<!--3368E8A2061F441FA95B9A9CB60EBB56-->  <ISDEFAULT><![CDATA[N]]></ISDEFAULT>
<!--3368E8A2061F441FA95B9A9CB60EBB56-->  <AD_MODULE_ID><![CDATA[D5FD35D6C7604921BA951B7E0EEE5DC2]]></AD_MODULE_ID>
<!--3368E8A2061F441FA95B9A9CB60EBB56-->  <ISTHREADSAFE><![CDATA[N]]></ISTHREADSAFE>
<!--3368E8A2061F441FA95B9A9CB60EBB56-->  <ISADVANCEDFEATURE><![CDATA[N]]></ISADVANCEDFEATURE>
<!--3368E8A2061F441FA95B9A9CB60EBB56--></AD_WINDOW>

<!--38CEAB2F540F4289B209999FD9D62DB1--><AD_WINDOW>
<!--38CEAB2F540F4289B209999FD9D62DB1-->  <AD_WINDOW_ID><![CDATA[38CEAB2F540F4289B209999FD9D62DB1]]></AD_WINDOW_ID>
<!--38CEAB2F540F4289B209999FD9D62DB1-->  <AD_CLIENT_ID><![CDATA[0]]></AD_CLIENT_ID>
<!--38CEAB2F540F4289B209999FD9D62DB1-->  <AD_ORG_ID><![CDATA[0]]></AD_ORG_ID>
<!--38CEAB2F540F4289B209999FD9D62DB1-->  <ISACTIVE><![CDATA[Y]]></ISACTIVE>
<!--38CEAB2F540F4289B209999FD9D62DB1-->  <NAME><![CDATA[Achievement Catalogue]]></NAME>
<!--38CEAB2F540F4289B209999FD9D62DB1-->  <WINDOWTYPE><![CDATA[M]]></WINDOWTYPE>
<!--38CEAB2F540F4289B209999FD9D62DB1-->  <ISSOTRX><![CDATA[Y]]></ISSOTRX>
<!--38CEAB2F540F4289B209999FD9D62DB1-->  <PROCESSING><![CDATA[N]]></PROCESSING>
<!--38CEAB2F540F4289B209999FD9D62DB1-->  <ISDEFAULT><![CDATA[N]]></ISDEFAULT>
<!--38CEAB2F540F4289B209999FD9D62DB1-->  <AD_MODULE_ID><![CDATA[D5FD35D6C7604921BA951B7E0EEE5DC2]]></AD_MODULE_ID>
<!--38CEAB2F540F4289B209999FD9D62DB1-->  <ISTHREADSAFE><![CDATA[N]]></ISTHREADSAFE>
<!--38CEAB2F540F4289B209999FD9D62DB1-->  <ISADVANCEDFEATURE><![CDATA[N]]></ISADVANCEDFEATURE>
<!--38CEAB2F540F4289B209999FD9D62DB1--></AD_WINDOW>

<!--3C2E63984B08402B92D9C9E7DB3EB52B--><AD_WINDOW>
<!--3C2E63984B08402B92D9C9E7DB3EB52B-->  <AD_WINDOW_ID><![CDATA[3C2E63984B08402B92D9C9E7DB3EB52B]]></AD_WINDOW_ID>
<!--3C2E63984B08402B92D9C9E7DB3EB52B-->  <AD_CLIENT_ID><![CDATA[0]]></AD_CLIENT_ID>
<!--3C2E63984B08402B92D9C9E7DB3EB52B-->  <AD_ORG_ID><![CDATA[0]]></AD_ORG_ID>
<!--3C2E63984B08402B92D9C9E7DB3EB52B-->  <ISACTIVE><![CDATA[Y]]></ISACTIVE>
<!--3C2E63984B08402B92D9C9E7DB3EB52B-->  <NAME><![CDATA[General Exam]]></NAME>
<!--3C2E63984B08402B92D9C9E7DB3EB52B-->  <WINDOWTYPE><![CDATA[M]]></WINDOWTYPE>
<!--3C2E63984B08402B92D9C9E7DB3EB52B-->  <ISSOTRX><![CDATA[N]]></ISSOTRX>
<!--3C2E63984B08402B92D9C9E7DB3EB52B-->  <PROCESSING><![CDATA[N]]></PROCESSING>
<!--3C2E63984B08402B92D9C9E7DB3EB52B-->  <ISDEFAULT><![CDATA[N]]></ISDEFAULT>
<!--3C2E63984B08402B92D9C9E7DB3EB52B-->  <AD_MODULE_ID><![CDATA[D5FD35D6C7604921BA951B7E0EEE5DC2]]></AD_MODULE_ID>
<!--3C2E63984B08402B92D9C9E7DB3EB52B-->  <ISTHREADSAFE><![CDATA[N]]></ISTHREADSAFE>
<!--3C2E63984B08402B92D9C9E7DB3EB52B-->  <ISADVANCEDFEATURE><![CDATA[N]]></ISADVANCEDFEATURE>
<!--3C2E63984B08402B92D9C9E7DB3EB52B--></AD_WINDOW>

<!--401316DC85BB47BF9C7C9143FA38F479--><AD_WINDOW>
<!--401316DC85BB47BF9C7C9143FA38F479-->  <AD_WINDOW_ID><![CDATA[401316DC85BB47BF9C7C9143FA38F479]]></AD_WINDOW_ID>
<!--401316DC85BB47BF9C7C9143FA38F479-->  <AD_CLIENT_ID><![CDATA[0]]></AD_CLIENT_ID>
<!--401316DC85BB47BF9C7C9143FA38F479-->  <AD_ORG_ID><![CDATA[0]]></AD_ORG_ID>
<!--401316DC85BB47BF9C7C9143FA38F479-->  <ISACTIVE><![CDATA[Y]]></ISACTIVE>
<!--401316DC85BB47BF9C7C9143FA38F479-->  <NAME><![CDATA[Pay Slip]]></NAME>
<!--401316DC85BB47BF9C7C9143FA38F479-->  <WINDOWTYPE><![CDATA[M]]></WINDOWTYPE>
<!--401316DC85BB47BF9C7C9143FA38F479-->  <ISSOTRX><![CDATA[Y]]></ISSOTRX>
<!--401316DC85BB47BF9C7C9143FA38F479-->  <PROCESSING><![CDATA[N]]></PROCESSING>
<!--401316DC85BB47BF9C7C9143FA38F479-->  <ISDEFAULT><![CDATA[N]]></ISDEFAULT>
<!--401316DC85BB47BF9C7C9143FA38F479-->  <AD_MODULE_ID><![CDATA[D5FD35D6C7604921BA951B7E0EEE5DC2]]></AD_MODULE_ID>
<!--401316DC85BB47BF9C7C9143FA38F479-->  <ISTHREADSAFE><![CDATA[N]]></ISTHREADSAFE>
<!--401316DC85BB47BF9C7C9143FA38F479-->  <ISADVANCEDFEATURE><![CDATA[N]]></ISADVANCEDFEATURE>
<!--401316DC85BB47BF9C7C9143FA38F479--></AD_WINDOW>

<!--4933EC8DAA4A497A8D248951B3120AAA--><AD_WINDOW>
<!--4933EC8DAA4A497A8D248951B3120AAA-->  <AD_WINDOW_ID><![CDATA[4933EC8DAA4A497A8D248951B3120AAA]]></AD_WINDOW_ID>
<!--4933EC8DAA4A497A8D248951B3120AAA-->  <AD_CLIENT_ID><![CDATA[0]]></AD_CLIENT_ID>
<!--4933EC8DAA4A497A8D248951B3120AAA-->  <AD_ORG_ID><![CDATA[0]]></AD_ORG_ID>
<!--4933EC8DAA4A497A8D248951B3120AAA-->  <ISACTIVE><![CDATA[Y]]></ISACTIVE>
<!--4933EC8DAA4A497A8D248951B3120AAA-->  <NAME><![CDATA[Installment]]></NAME>
<!--4933EC8DAA4A497A8D248951B3120AAA-->  <WINDOWTYPE><![CDATA[M]]></WINDOWTYPE>
<!--4933EC8DAA4A497A8D248951B3120AAA-->  <ISSOTRX><![CDATA[Y]]></ISSOTRX>
<!--4933EC8DAA4A497A8D248951B3120AAA-->  <PROCESSING><![CDATA[N]]></PROCESSING>
<!--4933EC8DAA4A497A8D248951B3120AAA-->  <ISDEFAULT><![CDATA[N]]></ISDEFAULT>
<!--4933EC8DAA4A497A8D248951B3120AAA-->  <AD_MODULE_ID><![CDATA[D5FD35D6C7604921BA951B7E0EEE5DC2]]></AD_MODULE_ID>
<!--4933EC8DAA4A497A8D248951B3120AAA-->  <ISTHREADSAFE><![CDATA[N]]></ISTHREADSAFE>
<!--4933EC8DAA4A497A8D248951B3120AAA-->  <ISADVANCEDFEATURE><![CDATA[N]]></ISADVANCEDFEATURE>
<!--4933EC8DAA4A497A8D248951B3120AAA--></AD_WINDOW>

<!--4D26E44245394F20A232A6B4185C8EC1--><AD_WINDOW>
<!--4D26E44245394F20A232A6B4185C8EC1-->  <AD_WINDOW_ID><![CDATA[4D26E44245394F20A232A6B4185C8EC1]]></AD_WINDOW_ID>
<!--4D26E44245394F20A232A6B4185C8EC1-->  <AD_CLIENT_ID><![CDATA[0]]></AD_CLIENT_ID>
<!--4D26E44245394F20A232A6B4185C8EC1-->  <AD_ORG_ID><![CDATA[0]]></AD_ORG_ID>
<!--4D26E44245394F20A232A6B4185C8EC1-->  <ISACTIVE><![CDATA[Y]]></ISACTIVE>
<!--4D26E44245394F20A232A6B4185C8EC1-->  <NAME><![CDATA[Import Employee Candidate]]></NAME>
<!--4D26E44245394F20A232A6B4185C8EC1-->  <WINDOWTYPE><![CDATA[M]]></WINDOWTYPE>
<!--4D26E44245394F20A232A6B4185C8EC1-->  <ISSOTRX><![CDATA[Y]]></ISSOTRX>
<!--4D26E44245394F20A232A6B4185C8EC1-->  <PROCESSING><![CDATA[N]]></PROCESSING>
<!--4D26E44245394F20A232A6B4185C8EC1-->  <ISDEFAULT><![CDATA[N]]></ISDEFAULT>
<!--4D26E44245394F20A232A6B4185C8EC1-->  <AD_MODULE_ID><![CDATA[D5FD35D6C7604921BA951B7E0EEE5DC2]]></AD_MODULE_ID>
<!--4D26E44245394F20A232A6B4185C8EC1-->  <ISTHREADSAFE><![CDATA[N]]></ISTHREADSAFE>
<!--4D26E44245394F20A232A6B4185C8EC1-->  <ISADVANCEDFEATURE><![CDATA[N]]></ISADVANCEDFEATURE>
<!--4D26E44245394F20A232A6B4185C8EC1--></AD_WINDOW>

<!--4E41DB4F32424F45B9C6A3767BB07F07--><AD_WINDOW>
<!--4E41DB4F32424F45B9C6A3767BB07F07-->  <AD_WINDOW_ID><![CDATA[4E41DB4F32424F45B9C6A3767BB07F07]]></AD_WINDOW_ID>
<!--4E41DB4F32424F45B9C6A3767BB07F07-->  <AD_CLIENT_ID><![CDATA[0]]></AD_CLIENT_ID>
<!--4E41DB4F32424F45B9C6A3767BB07F07-->  <AD_ORG_ID><![CDATA[0]]></AD_ORG_ID>
<!--4E41DB4F32424F45B9C6A3767BB07F07-->  <ISACTIVE><![CDATA[N]]></ISACTIVE>
<!--4E41DB4F32424F45B9C6A3767BB07F07-->  <NAME><![CDATA[Employee Transfer (OLD)]]></NAME>
<!--4E41DB4F32424F45B9C6A3767BB07F07-->  <HELP><![CDATA[Transfer employee to another region, site or department.]]></HELP>
<!--4E41DB4F32424F45B9C6A3767BB07F07-->  <WINDOWTYPE><![CDATA[M]]></WINDOWTYPE>
<!--4E41DB4F32424F45B9C6A3767BB07F07-->  <ISSOTRX><![CDATA[N]]></ISSOTRX>
<!--4E41DB4F32424F45B9C6A3767BB07F07-->  <PROCESSING><![CDATA[N]]></PROCESSING>
<!--4E41DB4F32424F45B9C6A3767BB07F07-->  <ISDEFAULT><![CDATA[N]]></ISDEFAULT>
<!--4E41DB4F32424F45B9C6A3767BB07F07-->  <AD_MODULE_ID><![CDATA[D5FD35D6C7604921BA951B7E0EEE5DC2]]></AD_MODULE_ID>
<!--4E41DB4F32424F45B9C6A3767BB07F07-->  <ISTHREADSAFE><![CDATA[N]]></ISTHREADSAFE>
<!--4E41DB4F32424F45B9C6A3767BB07F07-->  <ISADVANCEDFEATURE><![CDATA[N]]></ISADVANCEDFEATURE>
<!--4E41DB4F32424F45B9C6A3767BB07F07--></AD_WINDOW>

<!--51BC2F45125544458B939C3040B69A43--><AD_WINDOW>
<!--51BC2F45125544458B939C3040B69A43-->  <AD_WINDOW_ID><![CDATA[51BC2F45125544458B939C3040B69A43]]></AD_WINDOW_ID>
<!--51BC2F45125544458B939C3040B69A43-->  <AD_CLIENT_ID><![CDATA[0]]></AD_CLIENT_ID>
<!--51BC2F45125544458B939C3040B69A43-->  <AD_ORG_ID><![CDATA[0]]></AD_ORG_ID>
<!--51BC2F45125544458B939C3040B69A43-->  <ISACTIVE><![CDATA[Y]]></ISACTIVE>
<!--51BC2F45125544458B939C3040B69A43-->  <NAME><![CDATA[Job Title]]></NAME>
<!--51BC2F45125544458B939C3040B69A43-->  <DESCRIPTION><![CDATA[Job Title]]></DESCRIPTION>
<!--51BC2F45125544458B939C3040B69A43-->  <WINDOWTYPE><![CDATA[M]]></WINDOWTYPE>
<!--51BC2F45125544458B939C3040B69A43-->  <ISSOTRX><![CDATA[Y]]></ISSOTRX>
<!--51BC2F45125544458B939C3040B69A43-->  <PROCESSING><![CDATA[N]]></PROCESSING>
<!--51BC2F45125544458B939C3040B69A43-->  <ISDEFAULT><![CDATA[N]]></ISDEFAULT>
<!--51BC2F45125544458B939C3040B69A43-->  <AD_MODULE_ID><![CDATA[D5FD35D6C7604921BA951B7E0EEE5DC2]]></AD_MODULE_ID>
<!--51BC2F45125544458B939C3040B69A43-->  <ISTHREADSAFE><![CDATA[N]]></ISTHREADSAFE>
<!--51BC2F45125544458B939C3040B69A43-->  <ISADVANCEDFEATURE><![CDATA[N]]></ISADVANCEDFEATURE>
<!--51BC2F45125544458B939C3040B69A43--></AD_WINDOW>

<!--55A009FDAA594988871A5F503EC7F23D--><AD_WINDOW>
<!--55A009FDAA594988871A5F503EC7F23D-->  <AD_WINDOW_ID><![CDATA[55A009FDAA594988871A5F503EC7F23D]]></AD_WINDOW_ID>
<!--55A009FDAA594988871A5F503EC7F23D-->  <AD_CLIENT_ID><![CDATA[0]]></AD_CLIENT_ID>
<!--55A009FDAA594988871A5F503EC7F23D-->  <AD_ORG_ID><![CDATA[0]]></AD_ORG_ID>
<!--55A009FDAA594988871A5F503EC7F23D-->  <ISACTIVE><![CDATA[Y]]></ISACTIVE>
<!--55A009FDAA594988871A5F503EC7F23D-->  <NAME><![CDATA[Employee Position]]></NAME>
<!--55A009FDAA594988871A5F503EC7F23D-->  <WINDOWTYPE><![CDATA[M]]></WINDOWTYPE>
<!--55A009FDAA594988871A5F503EC7F23D-->  <ISSOTRX><![CDATA[Y]]></ISSOTRX>
<!--55A009FDAA594988871A5F503EC7F23D-->  <PROCESSING><![CDATA[N]]></PROCESSING>
<!--55A009FDAA594988871A5F503EC7F23D-->  <ISDEFAULT><![CDATA[N]]></ISDEFAULT>
<!--55A009FDAA594988871A5F503EC7F23D-->  <AD_MODULE_ID><![CDATA[D5FD35D6C7604921BA951B7E0EEE5DC2]]></AD_MODULE_ID>
<!--55A009FDAA594988871A5F503EC7F23D-->  <ISTHREADSAFE><![CDATA[N]]></ISTHREADSAFE>
<!--55A009FDAA594988871A5F503EC7F23D-->  <ISADVANCEDFEATURE><![CDATA[N]]></ISADVANCEDFEATURE>
<!--55A009FDAA594988871A5F503EC7F23D--></AD_WINDOW>

<!--61B7E50DC50946BB9B9F9554B3EFA2FC--><AD_WINDOW>
<!--61B7E50DC50946BB9B9F9554B3EFA2FC-->  <AD_WINDOW_ID><![CDATA[61B7E50DC50946BB9B9F9554B3EFA2FC]]></AD_WINDOW_ID>
<!--61B7E50DC50946BB9B9F9554B3EFA2FC-->  <AD_CLIENT_ID><![CDATA[0]]></AD_CLIENT_ID>
<!--61B7E50DC50946BB9B9F9554B3EFA2FC-->  <AD_ORG_ID><![CDATA[0]]></AD_ORG_ID>
<!--61B7E50DC50946BB9B9F9554B3EFA2FC-->  <ISACTIVE><![CDATA[Y]]></ISACTIVE>
<!--61B7E50DC50946BB9B9F9554B3EFA2FC-->  <NAME><![CDATA[Employee Training]]></NAME>
<!--61B7E50DC50946BB9B9F9554B3EFA2FC-->  <WINDOWTYPE><![CDATA[M]]></WINDOWTYPE>
<!--61B7E50DC50946BB9B9F9554B3EFA2FC-->  <ISSOTRX><![CDATA[Y]]></ISSOTRX>
<!--61B7E50DC50946BB9B9F9554B3EFA2FC-->  <PROCESSING><![CDATA[N]]></PROCESSING>
<!--61B7E50DC50946BB9B9F9554B3EFA2FC-->  <ISDEFAULT><![CDATA[N]]></ISDEFAULT>
<!--61B7E50DC50946BB9B9F9554B3EFA2FC-->  <AD_MODULE_ID><![CDATA[D5FD35D6C7604921BA951B7E0EEE5DC2]]></AD_MODULE_ID>
<!--61B7E50DC50946BB9B9F9554B3EFA2FC-->  <ISTHREADSAFE><![CDATA[N]]></ISTHREADSAFE>
<!--61B7E50DC50946BB9B9F9554B3EFA2FC-->  <ISADVANCEDFEATURE><![CDATA[N]]></ISADVANCEDFEATURE>
<!--61B7E50DC50946BB9B9F9554B3EFA2FC--></AD_WINDOW>

<!--621FCE92AE914C138F090072E8439FF8--><AD_WINDOW>
<!--621FCE92AE914C138F090072E8439FF8-->  <AD_WINDOW_ID><![CDATA[621FCE92AE914C138F090072E8439FF8]]></AD_WINDOW_ID>
<!--621FCE92AE914C138F090072E8439FF8-->  <AD_CLIENT_ID><![CDATA[0]]></AD_CLIENT_ID>
<!--621FCE92AE914C138F090072E8439FF8-->  <AD_ORG_ID><![CDATA[0]]></AD_ORG_ID>
<!--621FCE92AE914C138F090072E8439FF8-->  <ISACTIVE><![CDATA[Y]]></ISACTIVE>
<!--621FCE92AE914C138F090072E8439FF8-->  <NAME><![CDATA[Employee Grade]]></NAME>
<!--621FCE92AE914C138F090072E8439FF8-->  <WINDOWTYPE><![CDATA[M]]></WINDOWTYPE>
<!--621FCE92AE914C138F090072E8439FF8-->  <ISSOTRX><![CDATA[Y]]></ISSOTRX>
<!--621FCE92AE914C138F090072E8439FF8-->  <PROCESSING><![CDATA[N]]></PROCESSING>
<!--621FCE92AE914C138F090072E8439FF8-->  <ISDEFAULT><![CDATA[N]]></ISDEFAULT>
<!--621FCE92AE914C138F090072E8439FF8-->  <AD_MODULE_ID><![CDATA[D5FD35D6C7604921BA951B7E0EEE5DC2]]></AD_MODULE_ID>
<!--621FCE92AE914C138F090072E8439FF8-->  <ISTHREADSAFE><![CDATA[N]]></ISTHREADSAFE>
<!--621FCE92AE914C138F090072E8439FF8-->  <ISADVANCEDFEATURE><![CDATA[N]]></ISADVANCEDFEATURE>
<!--621FCE92AE914C138F090072E8439FF8--></AD_WINDOW>

<!--6A7C36AFEF574A93AFE54E811916BA18--><AD_WINDOW>
<!--6A7C36AFEF574A93AFE54E811916BA18-->  <AD_WINDOW_ID><![CDATA[6A7C36AFEF574A93AFE54E811916BA18]]></AD_WINDOW_ID>
<!--6A7C36AFEF574A93AFE54E811916BA18-->  <AD_CLIENT_ID><![CDATA[0]]></AD_CLIENT_ID>
<!--6A7C36AFEF574A93AFE54E811916BA18-->  <AD_ORG_ID><![CDATA[0]]></AD_ORG_ID>
<!--6A7C36AFEF574A93AFE54E811916BA18-->  <ISACTIVE><![CDATA[Y]]></ISACTIVE>
<!--6A7C36AFEF574A93AFE54E811916BA18-->  <NAME><![CDATA[Education Admission]]></NAME>
<!--6A7C36AFEF574A93AFE54E811916BA18-->  <WINDOWTYPE><![CDATA[M]]></WINDOWTYPE>
<!--6A7C36AFEF574A93AFE54E811916BA18-->  <ISSOTRX><![CDATA[N]]></ISSOTRX>
<!--6A7C36AFEF574A93AFE54E811916BA18-->  <PROCESSING><![CDATA[N]]></PROCESSING>
<!--6A7C36AFEF574A93AFE54E811916BA18-->  <ISDEFAULT><![CDATA[N]]></ISDEFAULT>
<!--6A7C36AFEF574A93AFE54E811916BA18-->  <AD_MODULE_ID><![CDATA[D5FD35D6C7604921BA951B7E0EEE5DC2]]></AD_MODULE_ID>
<!--6A7C36AFEF574A93AFE54E811916BA18-->  <ISTHREADSAFE><![CDATA[N]]></ISTHREADSAFE>
<!--6A7C36AFEF574A93AFE54E811916BA18-->  <ISADVANCEDFEATURE><![CDATA[N]]></ISADVANCEDFEATURE>
<!--6A7C36AFEF574A93AFE54E811916BA18--></AD_WINDOW>

<!--6AC924794F864213B7575DA0E3A5C660--><AD_WINDOW>
<!--6AC924794F864213B7575DA0E3A5C660-->  <AD_WINDOW_ID><![CDATA[6AC924794F864213B7575DA0E3A5C660]]></AD_WINDOW_ID>
<!--6AC924794F864213B7575DA0E3A5C660-->  <AD_CLIENT_ID><![CDATA[0]]></AD_CLIENT_ID>
<!--6AC924794F864213B7575DA0E3A5C660-->  <AD_ORG_ID><![CDATA[0]]></AD_ORG_ID>
<!--6AC924794F864213B7575DA0E3A5C660-->  <ISACTIVE><![CDATA[Y]]></ISACTIVE>
<!--6AC924794F864213B7575DA0E3A5C660-->  <NAME><![CDATA[Employee Job Experience]]></NAME>
<!--6AC924794F864213B7575DA0E3A5C660-->  <WINDOWTYPE><![CDATA[Q]]></WINDOWTYPE>
<!--6AC924794F864213B7575DA0E3A5C660-->  <ISSOTRX><![CDATA[Y]]></ISSOTRX>
<!--6AC924794F864213B7575DA0E3A5C660-->  <PROCESSING><![CDATA[N]]></PROCESSING>
<!--6AC924794F864213B7575DA0E3A5C660-->  <ISDEFAULT><![CDATA[N]]></ISDEFAULT>
<!--6AC924794F864213B7575DA0E3A5C660-->  <AD_MODULE_ID><![CDATA[D5FD35D6C7604921BA951B7E0EEE5DC2]]></AD_MODULE_ID>
<!--6AC924794F864213B7575DA0E3A5C660-->  <ISTHREADSAFE><![CDATA[N]]></ISTHREADSAFE>
<!--6AC924794F864213B7575DA0E3A5C660-->  <ISADVANCEDFEATURE><![CDATA[N]]></ISADVANCEDFEATURE>
<!--6AC924794F864213B7575DA0E3A5C660--></AD_WINDOW>

<!--740754A8DE014B86A87A18100707D318--><AD_WINDOW>
<!--740754A8DE014B86A87A18100707D318-->  <AD_WINDOW_ID><![CDATA[740754A8DE014B86A87A18100707D318]]></AD_WINDOW_ID>
<!--740754A8DE014B86A87A18100707D318-->  <AD_CLIENT_ID><![CDATA[0]]></AD_CLIENT_ID>
<!--740754A8DE014B86A87A18100707D318-->  <AD_ORG_ID><![CDATA[0]]></AD_ORG_ID>
<!--740754A8DE014B86A87A18100707D318-->  <ISACTIVE><![CDATA[Y]]></ISACTIVE>
<!--740754A8DE014B86A87A18100707D318-->  <NAME><![CDATA[Training Calendar]]></NAME>
<!--740754A8DE014B86A87A18100707D318-->  <WINDOWTYPE><![CDATA[M]]></WINDOWTYPE>
<!--740754A8DE014B86A87A18100707D318-->  <ISSOTRX><![CDATA[N]]></ISSOTRX>
<!--740754A8DE014B86A87A18100707D318-->  <PROCESSING><![CDATA[N]]></PROCESSING>
<!--740754A8DE014B86A87A18100707D318-->  <ISDEFAULT><![CDATA[N]]></ISDEFAULT>
<!--740754A8DE014B86A87A18100707D318-->  <AD_MODULE_ID><![CDATA[D5FD35D6C7604921BA951B7E0EEE5DC2]]></AD_MODULE_ID>
<!--740754A8DE014B86A87A18100707D318-->  <ISTHREADSAFE><![CDATA[N]]></ISTHREADSAFE>
<!--740754A8DE014B86A87A18100707D318-->  <ISADVANCEDFEATURE><![CDATA[N]]></ISADVANCEDFEATURE>
<!--740754A8DE014B86A87A18100707D318--></AD_WINDOW>

<!--7496A3EC1AF14E7797F167F2EFB10922--><AD_WINDOW>
<!--7496A3EC1AF14E7797F167F2EFB10922-->  <AD_WINDOW_ID><![CDATA[7496A3EC1AF14E7797F167F2EFB10922]]></AD_WINDOW_ID>
<!--7496A3EC1AF14E7797F167F2EFB10922-->  <AD_CLIENT_ID><![CDATA[0]]></AD_CLIENT_ID>
<!--7496A3EC1AF14E7797F167F2EFB10922-->  <AD_ORG_ID><![CDATA[0]]></AD_ORG_ID>
<!--7496A3EC1AF14E7797F167F2EFB10922-->  <ISACTIVE><![CDATA[Y]]></ISACTIVE>
<!--7496A3EC1AF14E7797F167F2EFB10922-->  <NAME><![CDATA[Benefit Claim]]></NAME>
<!--7496A3EC1AF14E7797F167F2EFB10922-->  <WINDOWTYPE><![CDATA[T]]></WINDOWTYPE>
<!--7496A3EC1AF14E7797F167F2EFB10922-->  <ISSOTRX><![CDATA[Y]]></ISSOTRX>
<!--7496A3EC1AF14E7797F167F2EFB10922-->  <PROCESSING><![CDATA[N]]></PROCESSING>
<!--7496A3EC1AF14E7797F167F2EFB10922-->  <ISDEFAULT><![CDATA[N]]></ISDEFAULT>
<!--7496A3EC1AF14E7797F167F2EFB10922-->  <AD_MODULE_ID><![CDATA[D5FD35D6C7604921BA951B7E0EEE5DC2]]></AD_MODULE_ID>
<!--7496A3EC1AF14E7797F167F2EFB10922-->  <ISTHREADSAFE><![CDATA[N]]></ISTHREADSAFE>
<!--7496A3EC1AF14E7797F167F2EFB10922-->  <ISADVANCEDFEATURE><![CDATA[N]]></ISADVANCEDFEATURE>
<!--7496A3EC1AF14E7797F167F2EFB10922--></AD_WINDOW>

<!--7531D0DBE5F84F0BB6DACC328E9B9C39--><AD_WINDOW>
<!--7531D0DBE5F84F0BB6DACC328E9B9C39-->  <AD_WINDOW_ID><![CDATA[7531D0DBE5F84F0BB6DACC328E9B9C39]]></AD_WINDOW_ID>
<!--7531D0DBE5F84F0BB6DACC328E9B9C39-->  <AD_CLIENT_ID><![CDATA[0]]></AD_CLIENT_ID>
<!--7531D0DBE5F84F0BB6DACC328E9B9C39-->  <AD_ORG_ID><![CDATA[0]]></AD_ORG_ID>
<!--7531D0DBE5F84F0BB6DACC328E9B9C39-->  <ISACTIVE><![CDATA[Y]]></ISACTIVE>
<!--7531D0DBE5F84F0BB6DACC328E9B9C39-->  <NAME><![CDATA[KPI Job Title]]></NAME>
<!--7531D0DBE5F84F0BB6DACC328E9B9C39-->  <WINDOWTYPE><![CDATA[T]]></WINDOWTYPE>
<!--7531D0DBE5F84F0BB6DACC328E9B9C39-->  <ISSOTRX><![CDATA[Y]]></ISSOTRX>
<!--7531D0DBE5F84F0BB6DACC328E9B9C39-->  <PROCESSING><![CDATA[N]]></PROCESSING>
<!--7531D0DBE5F84F0BB6DACC328E9B9C39-->  <ISDEFAULT><![CDATA[N]]></ISDEFAULT>
<!--7531D0DBE5F84F0BB6DACC328E9B9C39-->  <AD_MODULE_ID><![CDATA[D5FD35D6C7604921BA951B7E0EEE5DC2]]></AD_MODULE_ID>
<!--7531D0DBE5F84F0BB6DACC328E9B9C39-->  <ISTHREADSAFE><![CDATA[N]]></ISTHREADSAFE>
<!--7531D0DBE5F84F0BB6DACC328E9B9C39-->  <ISADVANCEDFEATURE><![CDATA[N]]></ISADVANCEDFEATURE>
<!--7531D0DBE5F84F0BB6DACC328E9B9C39--></AD_WINDOW>

<!--76184D9A52F246C2977A7D609445C49F--><AD_WINDOW>
<!--76184D9A52F246C2977A7D609445C49F-->  <AD_WINDOW_ID><![CDATA[76184D9A52F246C2977A7D609445C49F]]></AD_WINDOW_ID>
<!--76184D9A52F246C2977A7D609445C49F-->  <AD_CLIENT_ID><![CDATA[0]]></AD_CLIENT_ID>
<!--76184D9A52F246C2977A7D609445C49F-->  <AD_ORG_ID><![CDATA[0]]></AD_ORG_ID>
<!--76184D9A52F246C2977A7D609445C49F-->  <ISACTIVE><![CDATA[Y]]></ISACTIVE>
<!--76184D9A52F246C2977A7D609445C49F-->  <NAME><![CDATA[Education Dicipline]]></NAME>
<!--76184D9A52F246C2977A7D609445C49F-->  <WINDOWTYPE><![CDATA[M]]></WINDOWTYPE>
<!--76184D9A52F246C2977A7D609445C49F-->  <ISSOTRX><![CDATA[Y]]></ISSOTRX>
<!--76184D9A52F246C2977A7D609445C49F-->  <PROCESSING><![CDATA[N]]></PROCESSING>
<!--76184D9A52F246C2977A7D609445C49F-->  <ISDEFAULT><![CDATA[N]]></ISDEFAULT>
<!--76184D9A52F246C2977A7D609445C49F-->  <AD_MODULE_ID><![CDATA[D5FD35D6C7604921BA951B7E0EEE5DC2]]></AD_MODULE_ID>
<!--76184D9A52F246C2977A7D609445C49F-->  <ISTHREADSAFE><![CDATA[N]]></ISTHREADSAFE>
<!--76184D9A52F246C2977A7D609445C49F-->  <ISADVANCEDFEATURE><![CDATA[N]]></ISADVANCEDFEATURE>
<!--76184D9A52F246C2977A7D609445C49F--></AD_WINDOW>

<!--7AD8365CD77B48BCA2D641E35E294ED5--><AD_WINDOW>
<!--7AD8365CD77B48BCA2D641E35E294ED5-->  <AD_WINDOW_ID><![CDATA[7AD8365CD77B48BCA2D641E35E294ED5]]></AD_WINDOW_ID>
<!--7AD8365CD77B48BCA2D641E35E294ED5-->  <AD_CLIENT_ID><![CDATA[0]]></AD_CLIENT_ID>
<!--7AD8365CD77B48BCA2D641E35E294ED5-->  <AD_ORG_ID><![CDATA[0]]></AD_ORG_ID>
<!--7AD8365CD77B48BCA2D641E35E294ED5-->  <ISACTIVE><![CDATA[Y]]></ISACTIVE>
<!--7AD8365CD77B48BCA2D641E35E294ED5-->  <NAME><![CDATA[Employee Education]]></NAME>
<!--7AD8365CD77B48BCA2D641E35E294ED5-->  <WINDOWTYPE><![CDATA[M]]></WINDOWTYPE>
<!--7AD8365CD77B48BCA2D641E35E294ED5-->  <ISSOTRX><![CDATA[Y]]></ISSOTRX>
<!--7AD8365CD77B48BCA2D641E35E294ED5-->  <PROCESSING><![CDATA[N]]></PROCESSING>
<!--7AD8365CD77B48BCA2D641E35E294ED5-->  <ISDEFAULT><![CDATA[N]]></ISDEFAULT>
<!--7AD8365CD77B48BCA2D641E35E294ED5-->  <AD_MODULE_ID><![CDATA[D5FD35D6C7604921BA951B7E0EEE5DC2]]></AD_MODULE_ID>
<!--7AD8365CD77B48BCA2D641E35E294ED5-->  <ISTHREADSAFE><![CDATA[N]]></ISTHREADSAFE>
<!--7AD8365CD77B48BCA2D641E35E294ED5-->  <ISADVANCEDFEATURE><![CDATA[N]]></ISADVANCEDFEATURE>
<!--7AD8365CD77B48BCA2D641E35E294ED5--></AD_WINDOW>

<!--7FD62F31F5634FF5BD3617E9A1FA8B6C--><AD_WINDOW>
<!--7FD62F31F5634FF5BD3617E9A1FA8B6C-->  <AD_WINDOW_ID><![CDATA[7FD62F31F5634FF5BD3617E9A1FA8B6C]]></AD_WINDOW_ID>
<!--7FD62F31F5634FF5BD3617E9A1FA8B6C-->  <AD_CLIENT_ID><![CDATA[0]]></AD_CLIENT_ID>
<!--7FD62F31F5634FF5BD3617E9A1FA8B6C-->  <AD_ORG_ID><![CDATA[0]]></AD_ORG_ID>
<!--7FD62F31F5634FF5BD3617E9A1FA8B6C-->  <ISACTIVE><![CDATA[Y]]></ISACTIVE>
<!--7FD62F31F5634FF5BD3617E9A1FA8B6C-->  <NAME><![CDATA[Salary Back Payment]]></NAME>
<!--7FD62F31F5634FF5BD3617E9A1FA8B6C-->  <WINDOWTYPE><![CDATA[M]]></WINDOWTYPE>
<!--7FD62F31F5634FF5BD3617E9A1FA8B6C-->  <ISSOTRX><![CDATA[Y]]></ISSOTRX>
<!--7FD62F31F5634FF5BD3617E9A1FA8B6C-->  <PROCESSING><![CDATA[N]]></PROCESSING>
<!--7FD62F31F5634FF5BD3617E9A1FA8B6C-->  <ISDEFAULT><![CDATA[N]]></ISDEFAULT>
<!--7FD62F31F5634FF5BD3617E9A1FA8B6C-->  <AD_MODULE_ID><![CDATA[D5FD35D6C7604921BA951B7E0EEE5DC2]]></AD_MODULE_ID>
<!--7FD62F31F5634FF5BD3617E9A1FA8B6C-->  <ISTHREADSAFE><![CDATA[N]]></ISTHREADSAFE>
<!--7FD62F31F5634FF5BD3617E9A1FA8B6C-->  <ISADVANCEDFEATURE><![CDATA[N]]></ISADVANCEDFEATURE>
<!--7FD62F31F5634FF5BD3617E9A1FA8B6C--></AD_WINDOW>

<!--85C0F38EB78F44CCBCBA96750E077709--><AD_WINDOW>
<!--85C0F38EB78F44CCBCBA96750E077709-->  <AD_WINDOW_ID><![CDATA[85C0F38EB78F44CCBCBA96750E077709]]></AD_WINDOW_ID>
<!--85C0F38EB78F44CCBCBA96750E077709-->  <AD_CLIENT_ID><![CDATA[0]]></AD_CLIENT_ID>
<!--85C0F38EB78F44CCBCBA96750E077709-->  <AD_ORG_ID><![CDATA[0]]></AD_ORG_ID>
<!--85C0F38EB78F44CCBCBA96750E077709-->  <ISACTIVE><![CDATA[Y]]></ISACTIVE>
<!--85C0F38EB78F44CCBCBA96750E077709-->  <NAME><![CDATA[Training Plan]]></NAME>
<!--85C0F38EB78F44CCBCBA96750E077709-->  <WINDOWTYPE><![CDATA[M]]></WINDOWTYPE>
<!--85C0F38EB78F44CCBCBA96750E077709-->  <ISSOTRX><![CDATA[N]]></ISSOTRX>
<!--85C0F38EB78F44CCBCBA96750E077709-->  <PROCESSING><![CDATA[N]]></PROCESSING>
<!--85C0F38EB78F44CCBCBA96750E077709-->  <ISDEFAULT><![CDATA[N]]></ISDEFAULT>
<!--85C0F38EB78F44CCBCBA96750E077709-->  <AD_MODULE_ID><![CDATA[D5FD35D6C7604921BA951B7E0EEE5DC2]]></AD_MODULE_ID>
<!--85C0F38EB78F44CCBCBA96750E077709-->  <ISTHREADSAFE><![CDATA[N]]></ISTHREADSAFE>
<!--85C0F38EB78F44CCBCBA96750E077709-->  <ISADVANCEDFEATURE><![CDATA[N]]></ISADVANCEDFEATURE>
<!--85C0F38EB78F44CCBCBA96750E077709--></AD_WINDOW>

<!--8BD2CE9C7A1849E78C6AF75F57FA7BEB--><AD_WINDOW>
<!--8BD2CE9C7A1849E78C6AF75F57FA7BEB-->  <AD_WINDOW_ID><![CDATA[8BD2CE9C7A1849E78C6AF75F57FA7BEB]]></AD_WINDOW_ID>
<!--8BD2CE9C7A1849E78C6AF75F57FA7BEB-->  <AD_CLIENT_ID><![CDATA[0]]></AD_CLIENT_ID>
<!--8BD2CE9C7A1849E78C6AF75F57FA7BEB-->  <AD_ORG_ID><![CDATA[0]]></AD_ORG_ID>
<!--8BD2CE9C7A1849E78C6AF75F57FA7BEB-->  <ISACTIVE><![CDATA[Y]]></ISACTIVE>
<!--8BD2CE9C7A1849E78C6AF75F57FA7BEB-->  <NAME><![CDATA[Insurance Payee]]></NAME>
<!--8BD2CE9C7A1849E78C6AF75F57FA7BEB-->  <WINDOWTYPE><![CDATA[M]]></WINDOWTYPE>
<!--8BD2CE9C7A1849E78C6AF75F57FA7BEB-->  <ISSOTRX><![CDATA[Y]]></ISSOTRX>
<!--8BD2CE9C7A1849E78C6AF75F57FA7BEB-->  <PROCESSING><![CDATA[N]]></PROCESSING>
<!--8BD2CE9C7A1849E78C6AF75F57FA7BEB-->  <ISDEFAULT><![CDATA[N]]></ISDEFAULT>
<!--8BD2CE9C7A1849E78C6AF75F57FA7BEB-->  <AD_MODULE_ID><![CDATA[D5FD35D6C7604921BA951B7E0EEE5DC2]]></AD_MODULE_ID>
<!--8BD2CE9C7A1849E78C6AF75F57FA7BEB-->  <ISTHREADSAFE><![CDATA[N]]></ISTHREADSAFE>
<!--8BD2CE9C7A1849E78C6AF75F57FA7BEB-->  <ISADVANCEDFEATURE><![CDATA[N]]></ISADVANCEDFEATURE>
<!--8BD2CE9C7A1849E78C6AF75F57FA7BEB--></AD_WINDOW>

<!--969A9247C47547A88A724B0B82EB5B6D--><AD_WINDOW>
<!--969A9247C47547A88A724B0B82EB5B6D-->  <AD_WINDOW_ID><![CDATA[969A9247C47547A88A724B0B82EB5B6D]]></AD_WINDOW_ID>
<!--969A9247C47547A88A724B0B82EB5B6D-->  <AD_CLIENT_ID><![CDATA[0]]></AD_CLIENT_ID>
<!--969A9247C47547A88A724B0B82EB5B6D-->  <AD_ORG_ID><![CDATA[0]]></AD_ORG_ID>
<!--969A9247C47547A88A724B0B82EB5B6D-->  <ISACTIVE><![CDATA[Y]]></ISACTIVE>
<!--969A9247C47547A88A724B0B82EB5B6D-->  <NAME><![CDATA[Certificate/License Catalogue]]></NAME>
<!--969A9247C47547A88A724B0B82EB5B6D-->  <WINDOWTYPE><![CDATA[M]]></WINDOWTYPE>
<!--969A9247C47547A88A724B0B82EB5B6D-->  <ISSOTRX><![CDATA[Y]]></ISSOTRX>
<!--969A9247C47547A88A724B0B82EB5B6D-->  <PROCESSING><![CDATA[N]]></PROCESSING>
<!--969A9247C47547A88A724B0B82EB5B6D-->  <ISDEFAULT><![CDATA[N]]></ISDEFAULT>
<!--969A9247C47547A88A724B0B82EB5B6D-->  <AD_MODULE_ID><![CDATA[D5FD35D6C7604921BA951B7E0EEE5DC2]]></AD_MODULE_ID>
<!--969A9247C47547A88A724B0B82EB5B6D-->  <ISTHREADSAFE><![CDATA[N]]></ISTHREADSAFE>
<!--969A9247C47547A88A724B0B82EB5B6D-->  <ISADVANCEDFEATURE><![CDATA[N]]></ISADVANCEDFEATURE>
<!--969A9247C47547A88A724B0B82EB5B6D--></AD_WINDOW>

<!--A14581C13597471EB281EE4277BC6712--><AD_WINDOW>
<!--A14581C13597471EB281EE4277BC6712-->  <AD_WINDOW_ID><![CDATA[A14581C13597471EB281EE4277BC6712]]></AD_WINDOW_ID>
<!--A14581C13597471EB281EE4277BC6712-->  <AD_CLIENT_ID><![CDATA[0]]></AD_CLIENT_ID>
<!--A14581C13597471EB281EE4277BC6712-->  <AD_ORG_ID><![CDATA[0]]></AD_ORG_ID>
<!--A14581C13597471EB281EE4277BC6712-->  <ISACTIVE><![CDATA[Y]]></ISACTIVE>
<!--A14581C13597471EB281EE4277BC6712-->  <NAME><![CDATA[Insurance Provider]]></NAME>
<!--A14581C13597471EB281EE4277BC6712-->  <DESCRIPTION><![CDATA[Insurance provider]]></DESCRIPTION>
<!--A14581C13597471EB281EE4277BC6712-->  <HELP><![CDATA[Insurance provider]]></HELP>
<!--A14581C13597471EB281EE4277BC6712-->  <WINDOWTYPE><![CDATA[M]]></WINDOWTYPE>
<!--A14581C13597471EB281EE4277BC6712-->  <ISSOTRX><![CDATA[Y]]></ISSOTRX>
<!--A14581C13597471EB281EE4277BC6712-->  <PROCESSING><![CDATA[N]]></PROCESSING>
<!--A14581C13597471EB281EE4277BC6712-->  <ISDEFAULT><![CDATA[N]]></ISDEFAULT>
<!--A14581C13597471EB281EE4277BC6712-->  <AD_MODULE_ID><![CDATA[D5FD35D6C7604921BA951B7E0EEE5DC2]]></AD_MODULE_ID>
<!--A14581C13597471EB281EE4277BC6712-->  <ISTHREADSAFE><![CDATA[N]]></ISTHREADSAFE>
<!--A14581C13597471EB281EE4277BC6712-->  <ISADVANCEDFEATURE><![CDATA[N]]></ISADVANCEDFEATURE>
<!--A14581C13597471EB281EE4277BC6712--></AD_WINDOW>

<!--A93208B28D6A4E6A87DD2C75D1E6307C--><AD_WINDOW>
<!--A93208B28D6A4E6A87DD2C75D1E6307C-->  <AD_WINDOW_ID><![CDATA[A93208B28D6A4E6A87DD2C75D1E6307C]]></AD_WINDOW_ID>
<!--A93208B28D6A4E6A87DD2C75D1E6307C-->  <AD_CLIENT_ID><![CDATA[0]]></AD_CLIENT_ID>
<!--A93208B28D6A4E6A87DD2C75D1E6307C-->  <AD_ORG_ID><![CDATA[0]]></AD_ORG_ID>
<!--A93208B28D6A4E6A87DD2C75D1E6307C-->  <ISACTIVE><![CDATA[Y]]></ISACTIVE>
<!--A93208B28D6A4E6A87DD2C75D1E6307C-->  <NAME><![CDATA[KPI Measurement]]></NAME>
<!--A93208B28D6A4E6A87DD2C75D1E6307C-->  <WINDOWTYPE><![CDATA[T]]></WINDOWTYPE>
<!--A93208B28D6A4E6A87DD2C75D1E6307C-->  <ISSOTRX><![CDATA[Y]]></ISSOTRX>
<!--A93208B28D6A4E6A87DD2C75D1E6307C-->  <PROCESSING><![CDATA[N]]></PROCESSING>
<!--A93208B28D6A4E6A87DD2C75D1E6307C-->  <ISDEFAULT><![CDATA[N]]></ISDEFAULT>
<!--A93208B28D6A4E6A87DD2C75D1E6307C-->  <AD_MODULE_ID><![CDATA[D5FD35D6C7604921BA951B7E0EEE5DC2]]></AD_MODULE_ID>
<!--A93208B28D6A4E6A87DD2C75D1E6307C-->  <ISTHREADSAFE><![CDATA[N]]></ISTHREADSAFE>
<!--A93208B28D6A4E6A87DD2C75D1E6307C-->  <ISADVANCEDFEATURE><![CDATA[N]]></ISADVANCEDFEATURE>
<!--A93208B28D6A4E6A87DD2C75D1E6307C--></AD_WINDOW>

<!--AC61DC9576D64230A032BB3324FDAD23--><AD_WINDOW>
<!--AC61DC9576D64230A032BB3324FDAD23-->  <AD_WINDOW_ID><![CDATA[AC61DC9576D64230A032BB3324FDAD23]]></AD_WINDOW_ID>
<!--AC61DC9576D64230A032BB3324FDAD23-->  <AD_CLIENT_ID><![CDATA[0]]></AD_CLIENT_ID>
<!--AC61DC9576D64230A032BB3324FDAD23-->  <AD_ORG_ID><![CDATA[0]]></AD_ORG_ID>
<!--AC61DC9576D64230A032BB3324FDAD23-->  <ISACTIVE><![CDATA[Y]]></ISACTIVE>
<!--AC61DC9576D64230A032BB3324FDAD23-->  <NAME><![CDATA[Employee Profile]]></NAME>
<!--AC61DC9576D64230A032BB3324FDAD23-->  <WINDOWTYPE><![CDATA[M]]></WINDOWTYPE>
<!--AC61DC9576D64230A032BB3324FDAD23-->  <ISSOTRX><![CDATA[Y]]></ISSOTRX>
<!--AC61DC9576D64230A032BB3324FDAD23-->  <PROCESSING><![CDATA[N]]></PROCESSING>
<!--AC61DC9576D64230A032BB3324FDAD23-->  <ISDEFAULT><![CDATA[N]]></ISDEFAULT>
<!--AC61DC9576D64230A032BB3324FDAD23-->  <AD_MODULE_ID><![CDATA[D5FD35D6C7604921BA951B7E0EEE5DC2]]></AD_MODULE_ID>
<!--AC61DC9576D64230A032BB3324FDAD23-->  <ISTHREADSAFE><![CDATA[N]]></ISTHREADSAFE>
<!--AC61DC9576D64230A032BB3324FDAD23-->  <ISADVANCEDFEATURE><![CDATA[N]]></ISADVANCEDFEATURE>
<!--AC61DC9576D64230A032BB3324FDAD23--></AD_WINDOW>

<!--AC9D6644B7B242FFB0AA7471DE11A636--><AD_WINDOW>
<!--AC9D6644B7B242FFB0AA7471DE11A636-->  <AD_WINDOW_ID><![CDATA[AC9D6644B7B242FFB0AA7471DE11A636]]></AD_WINDOW_ID>
<!--AC9D6644B7B242FFB0AA7471DE11A636-->  <AD_CLIENT_ID><![CDATA[0]]></AD_CLIENT_ID>
<!--AC9D6644B7B242FFB0AA7471DE11A636-->  <AD_ORG_ID><![CDATA[0]]></AD_ORG_ID>
<!--AC9D6644B7B242FFB0AA7471DE11A636-->  <ISACTIVE><![CDATA[Y]]></ISACTIVE>
<!--AC9D6644B7B242FFB0AA7471DE11A636-->  <NAME><![CDATA[KPI]]></NAME>
<!--AC9D6644B7B242FFB0AA7471DE11A636-->  <DESCRIPTION><![CDATA[Key Performance Indicator]]></DESCRIPTION>
<!--AC9D6644B7B242FFB0AA7471DE11A636-->  <HELP><![CDATA[Key Performance Indicator master data]]></HELP>
<!--AC9D6644B7B242FFB0AA7471DE11A636-->  <WINDOWTYPE><![CDATA[M]]></WINDOWTYPE>
<!--AC9D6644B7B242FFB0AA7471DE11A636-->  <ISSOTRX><![CDATA[Y]]></ISSOTRX>
<!--AC9D6644B7B242FFB0AA7471DE11A636-->  <PROCESSING><![CDATA[N]]></PROCESSING>
<!--AC9D6644B7B242FFB0AA7471DE11A636-->  <ISDEFAULT><![CDATA[N]]></ISDEFAULT>
<!--AC9D6644B7B242FFB0AA7471DE11A636-->  <AD_MODULE_ID><![CDATA[D5FD35D6C7604921BA951B7E0EEE5DC2]]></AD_MODULE_ID>
<!--AC9D6644B7B242FFB0AA7471DE11A636-->  <ISTHREADSAFE><![CDATA[N]]></ISTHREADSAFE>
<!--AC9D6644B7B242FFB0AA7471DE11A636-->  <ISADVANCEDFEATURE><![CDATA[N]]></ISADVANCEDFEATURE>
<!--AC9D6644B7B242FFB0AA7471DE11A636--></AD_WINDOW>

<!--BE792B7473504EF091C93ED8CB647037--><AD_WINDOW>
<!--BE792B7473504EF091C93ED8CB647037-->  <AD_WINDOW_ID><![CDATA[BE792B7473504EF091C93ED8CB647037]]></AD_WINDOW_ID>
<!--BE792B7473504EF091C93ED8CB647037-->  <AD_CLIENT_ID><![CDATA[0]]></AD_CLIENT_ID>
<!--BE792B7473504EF091C93ED8CB647037-->  <AD_ORG_ID><![CDATA[0]]></AD_ORG_ID>
<!--BE792B7473504EF091C93ED8CB647037-->  <ISACTIVE><![CDATA[Y]]></ISACTIVE>
<!--BE792B7473504EF091C93ED8CB647037-->  <NAME><![CDATA[Employee Competency]]></NAME>
<!--BE792B7473504EF091C93ED8CB647037-->  <WINDOWTYPE><![CDATA[M]]></WINDOWTYPE>
<!--BE792B7473504EF091C93ED8CB647037-->  <ISSOTRX><![CDATA[Y]]></ISSOTRX>
<!--BE792B7473504EF091C93ED8CB647037-->  <PROCESSING><![CDATA[N]]></PROCESSING>
<!--BE792B7473504EF091C93ED8CB647037-->  <ISDEFAULT><![CDATA[N]]></ISDEFAULT>
<!--BE792B7473504EF091C93ED8CB647037-->  <AD_MODULE_ID><![CDATA[D5FD35D6C7604921BA951B7E0EEE5DC2]]></AD_MODULE_ID>
<!--BE792B7473504EF091C93ED8CB647037-->  <ISTHREADSAFE><![CDATA[N]]></ISTHREADSAFE>
<!--BE792B7473504EF091C93ED8CB647037-->  <ISADVANCEDFEATURE><![CDATA[N]]></ISADVANCEDFEATURE>
<!--BE792B7473504EF091C93ED8CB647037--></AD_WINDOW>

<!--BFD9AFB6CC094205BD92318F875D5FE6--><AD_WINDOW>
<!--BFD9AFB6CC094205BD92318F875D5FE6-->  <AD_WINDOW_ID><![CDATA[BFD9AFB6CC094205BD92318F875D5FE6]]></AD_WINDOW_ID>
<!--BFD9AFB6CC094205BD92318F875D5FE6-->  <AD_CLIENT_ID><![CDATA[0]]></AD_CLIENT_ID>
<!--BFD9AFB6CC094205BD92318F875D5FE6-->  <AD_ORG_ID><![CDATA[0]]></AD_ORG_ID>
<!--BFD9AFB6CC094205BD92318F875D5FE6-->  <ISACTIVE><![CDATA[N]]></ISACTIVE>
<!--BFD9AFB6CC094205BD92318F875D5FE6-->  <NAME><![CDATA[My Information]]></NAME>
<!--BFD9AFB6CC094205BD92318F875D5FE6-->  <WINDOWTYPE><![CDATA[M]]></WINDOWTYPE>
<!--BFD9AFB6CC094205BD92318F875D5FE6-->  <ISSOTRX><![CDATA[Y]]></ISSOTRX>
<!--BFD9AFB6CC094205BD92318F875D5FE6-->  <PROCESSING><![CDATA[N]]></PROCESSING>
<!--BFD9AFB6CC094205BD92318F875D5FE6-->  <ISDEFAULT><![CDATA[N]]></ISDEFAULT>
<!--BFD9AFB6CC094205BD92318F875D5FE6-->  <AD_MODULE_ID><![CDATA[D5FD35D6C7604921BA951B7E0EEE5DC2]]></AD_MODULE_ID>
<!--BFD9AFB6CC094205BD92318F875D5FE6-->  <ISTHREADSAFE><![CDATA[N]]></ISTHREADSAFE>
<!--BFD9AFB6CC094205BD92318F875D5FE6-->  <ISADVANCEDFEATURE><![CDATA[N]]></ISADVANCEDFEATURE>
<!--BFD9AFB6CC094205BD92318F875D5FE6--></AD_WINDOW>

<!--C549CEAFE6294E0EB17FB45B6A8F17B7--><AD_WINDOW>
<!--C549CEAFE6294E0EB17FB45B6A8F17B7-->  <AD_WINDOW_ID><![CDATA[C549CEAFE6294E0EB17FB45B6A8F17B7]]></AD_WINDOW_ID>
<!--C549CEAFE6294E0EB17FB45B6A8F17B7-->  <AD_CLIENT_ID><![CDATA[0]]></AD_CLIENT_ID>
<!--C549CEAFE6294E0EB17FB45B6A8F17B7-->  <AD_ORG_ID><![CDATA[0]]></AD_ORG_ID>
<!--C549CEAFE6294E0EB17FB45B6A8F17B7-->  <ISACTIVE><![CDATA[Y]]></ISACTIVE>
<!--C549CEAFE6294E0EB17FB45B6A8F17B7-->  <NAME><![CDATA[Job Competency Catalogue]]></NAME>
<!--C549CEAFE6294E0EB17FB45B6A8F17B7-->  <DESCRIPTION><![CDATA[Competency]]></DESCRIPTION>
<!--C549CEAFE6294E0EB17FB45B6A8F17B7-->  <WINDOWTYPE><![CDATA[M]]></WINDOWTYPE>
<!--C549CEAFE6294E0EB17FB45B6A8F17B7-->  <ISSOTRX><![CDATA[Y]]></ISSOTRX>
<!--C549CEAFE6294E0EB17FB45B6A8F17B7-->  <PROCESSING><![CDATA[N]]></PROCESSING>
<!--C549CEAFE6294E0EB17FB45B6A8F17B7-->  <ISDEFAULT><![CDATA[N]]></ISDEFAULT>
<!--C549CEAFE6294E0EB17FB45B6A8F17B7-->  <AD_MODULE_ID><![CDATA[D5FD35D6C7604921BA951B7E0EEE5DC2]]></AD_MODULE_ID>
<!--C549CEAFE6294E0EB17FB45B6A8F17B7-->  <ISTHREADSAFE><![CDATA[N]]></ISTHREADSAFE>
<!--C549CEAFE6294E0EB17FB45B6A8F17B7-->  <ISADVANCEDFEATURE><![CDATA[N]]></ISADVANCEDFEATURE>
<!--C549CEAFE6294E0EB17FB45B6A8F17B7--></AD_WINDOW>

<!--CB34CF8E36F248C1BE7B258319F53874--><AD_WINDOW>
<!--CB34CF8E36F248C1BE7B258319F53874-->  <AD_WINDOW_ID><![CDATA[CB34CF8E36F248C1BE7B258319F53874]]></AD_WINDOW_ID>
<!--CB34CF8E36F248C1BE7B258319F53874-->  <AD_CLIENT_ID><![CDATA[0]]></AD_CLIENT_ID>
<!--CB34CF8E36F248C1BE7B258319F53874-->  <AD_ORG_ID><![CDATA[0]]></AD_ORG_ID>
<!--CB34CF8E36F248C1BE7B258319F53874-->  <ISACTIVE><![CDATA[Y]]></ISACTIVE>
<!--CB34CF8E36F248C1BE7B258319F53874-->  <NAME><![CDATA[Punishment Classification]]></NAME>
<!--CB34CF8E36F248C1BE7B258319F53874-->  <WINDOWTYPE><![CDATA[M]]></WINDOWTYPE>
<!--CB34CF8E36F248C1BE7B258319F53874-->  <ISSOTRX><![CDATA[Y]]></ISSOTRX>
<!--CB34CF8E36F248C1BE7B258319F53874-->  <PROCESSING><![CDATA[N]]></PROCESSING>
<!--CB34CF8E36F248C1BE7B258319F53874-->  <ISDEFAULT><![CDATA[N]]></ISDEFAULT>
<!--CB34CF8E36F248C1BE7B258319F53874-->  <AD_MODULE_ID><![CDATA[D5FD35D6C7604921BA951B7E0EEE5DC2]]></AD_MODULE_ID>
<!--CB34CF8E36F248C1BE7B258319F53874-->  <ISTHREADSAFE><![CDATA[N]]></ISTHREADSAFE>
<!--CB34CF8E36F248C1BE7B258319F53874-->  <ISADVANCEDFEATURE><![CDATA[N]]></ISADVANCEDFEATURE>
<!--CB34CF8E36F248C1BE7B258319F53874--></AD_WINDOW>

<!--CB4DA7909FF04ECD9730B325127D272E--><AD_WINDOW>
<!--CB4DA7909FF04ECD9730B325127D272E-->  <AD_WINDOW_ID><![CDATA[CB4DA7909FF04ECD9730B325127D272E]]></AD_WINDOW_ID>
<!--CB4DA7909FF04ECD9730B325127D272E-->  <AD_CLIENT_ID><![CDATA[0]]></AD_CLIENT_ID>
<!--CB4DA7909FF04ECD9730B325127D272E-->  <AD_ORG_ID><![CDATA[0]]></AD_ORG_ID>
<!--CB4DA7909FF04ECD9730B325127D272E-->  <ISACTIVE><![CDATA[Y]]></ISACTIVE>
<!--CB4DA7909FF04ECD9730B325127D272E-->  <NAME><![CDATA[Employee Supervisor Management]]></NAME>
<!--CB4DA7909FF04ECD9730B325127D272E-->  <WINDOWTYPE><![CDATA[M]]></WINDOWTYPE>
<!--CB4DA7909FF04ECD9730B325127D272E-->  <ISSOTRX><![CDATA[N]]></ISSOTRX>
<!--CB4DA7909FF04ECD9730B325127D272E-->  <PROCESSING><![CDATA[N]]></PROCESSING>
<!--CB4DA7909FF04ECD9730B325127D272E-->  <ISDEFAULT><![CDATA[N]]></ISDEFAULT>
<!--CB4DA7909FF04ECD9730B325127D272E-->  <AD_MODULE_ID><![CDATA[D5FD35D6C7604921BA951B7E0EEE5DC2]]></AD_MODULE_ID>
<!--CB4DA7909FF04ECD9730B325127D272E-->  <ISTHREADSAFE><![CDATA[N]]></ISTHREADSAFE>
<!--CB4DA7909FF04ECD9730B325127D272E-->  <ISADVANCEDFEATURE><![CDATA[N]]></ISADVANCEDFEATURE>
<!--CB4DA7909FF04ECD9730B325127D272E--></AD_WINDOW>

<!--CF764C8FE1744043A1355CECFA3C0EF0--><AD_WINDOW>
<!--CF764C8FE1744043A1355CECFA3C0EF0-->  <AD_WINDOW_ID><![CDATA[CF764C8FE1744043A1355CECFA3C0EF0]]></AD_WINDOW_ID>
<!--CF764C8FE1744043A1355CECFA3C0EF0-->  <AD_CLIENT_ID><![CDATA[0]]></AD_CLIENT_ID>
<!--CF764C8FE1744043A1355CECFA3C0EF0-->  <AD_ORG_ID><![CDATA[0]]></AD_ORG_ID>
<!--CF764C8FE1744043A1355CECFA3C0EF0-->  <ISACTIVE><![CDATA[Y]]></ISACTIVE>
<!--CF764C8FE1744043A1355CECFA3C0EF0-->  <NAME><![CDATA[Employee Certificate/License]]></NAME>
<!--CF764C8FE1744043A1355CECFA3C0EF0-->  <WINDOWTYPE><![CDATA[M]]></WINDOWTYPE>
<!--CF764C8FE1744043A1355CECFA3C0EF0-->  <ISSOTRX><![CDATA[Y]]></ISSOTRX>
<!--CF764C8FE1744043A1355CECFA3C0EF0-->  <PROCESSING><![CDATA[N]]></PROCESSING>
<!--CF764C8FE1744043A1355CECFA3C0EF0-->  <ISDEFAULT><![CDATA[N]]></ISDEFAULT>
<!--CF764C8FE1744043A1355CECFA3C0EF0-->  <AD_MODULE_ID><![CDATA[D5FD35D6C7604921BA951B7E0EEE5DC2]]></AD_MODULE_ID>
<!--CF764C8FE1744043A1355CECFA3C0EF0-->  <ISTHREADSAFE><![CDATA[N]]></ISTHREADSAFE>
<!--CF764C8FE1744043A1355CECFA3C0EF0-->  <ISADVANCEDFEATURE><![CDATA[N]]></ISADVANCEDFEATURE>
<!--CF764C8FE1744043A1355CECFA3C0EF0--></AD_WINDOW>

<!--D4EF0CA107C04FB096D439C2DF0A43A7--><AD_WINDOW>
<!--D4EF0CA107C04FB096D439C2DF0A43A7-->  <AD_WINDOW_ID><![CDATA[D4EF0CA107C04FB096D439C2DF0A43A7]]></AD_WINDOW_ID>
<!--D4EF0CA107C04FB096D439C2DF0A43A7-->  <AD_CLIENT_ID><![CDATA[0]]></AD_CLIENT_ID>
<!--D4EF0CA107C04FB096D439C2DF0A43A7-->  <AD_ORG_ID><![CDATA[0]]></AD_ORG_ID>
<!--D4EF0CA107C04FB096D439C2DF0A43A7-->  <ISACTIVE><![CDATA[Y]]></ISACTIVE>
<!--D4EF0CA107C04FB096D439C2DF0A43A7-->  <NAME><![CDATA[Violation Catalogue]]></NAME>
<!--D4EF0CA107C04FB096D439C2DF0A43A7-->  <WINDOWTYPE><![CDATA[M]]></WINDOWTYPE>
<!--D4EF0CA107C04FB096D439C2DF0A43A7-->  <ISSOTRX><![CDATA[Y]]></ISSOTRX>
<!--D4EF0CA107C04FB096D439C2DF0A43A7-->  <PROCESSING><![CDATA[N]]></PROCESSING>
<!--D4EF0CA107C04FB096D439C2DF0A43A7-->  <ISDEFAULT><![CDATA[N]]></ISDEFAULT>
<!--D4EF0CA107C04FB096D439C2DF0A43A7-->  <AD_MODULE_ID><![CDATA[D5FD35D6C7604921BA951B7E0EEE5DC2]]></AD_MODULE_ID>
<!--D4EF0CA107C04FB096D439C2DF0A43A7-->  <ISTHREADSAFE><![CDATA[N]]></ISTHREADSAFE>
<!--D4EF0CA107C04FB096D439C2DF0A43A7-->  <ISADVANCEDFEATURE><![CDATA[N]]></ISADVANCEDFEATURE>
<!--D4EF0CA107C04FB096D439C2DF0A43A7--></AD_WINDOW>

<!--DA244CFE8DDC45399F2263ADAE9A4C99--><AD_WINDOW>
<!--DA244CFE8DDC45399F2263ADAE9A4C99-->  <AD_WINDOW_ID><![CDATA[DA244CFE8DDC45399F2263ADAE9A4C99]]></AD_WINDOW_ID>
<!--DA244CFE8DDC45399F2263ADAE9A4C99-->  <AD_CLIENT_ID><![CDATA[0]]></AD_CLIENT_ID>
<!--DA244CFE8DDC45399F2263ADAE9A4C99-->  <AD_ORG_ID><![CDATA[0]]></AD_ORG_ID>
<!--DA244CFE8DDC45399F2263ADAE9A4C99-->  <ISACTIVE><![CDATA[Y]]></ISACTIVE>
<!--DA244CFE8DDC45399F2263ADAE9A4C99-->  <NAME><![CDATA[Training Catalogue]]></NAME>
<!--DA244CFE8DDC45399F2263ADAE9A4C99-->  <WINDOWTYPE><![CDATA[M]]></WINDOWTYPE>
<!--DA244CFE8DDC45399F2263ADAE9A4C99-->  <ISSOTRX><![CDATA[Y]]></ISSOTRX>
<!--DA244CFE8DDC45399F2263ADAE9A4C99-->  <PROCESSING><![CDATA[N]]></PROCESSING>
<!--DA244CFE8DDC45399F2263ADAE9A4C99-->  <ISDEFAULT><![CDATA[N]]></ISDEFAULT>
<!--DA244CFE8DDC45399F2263ADAE9A4C99-->  <AD_MODULE_ID><![CDATA[D5FD35D6C7604921BA951B7E0EEE5DC2]]></AD_MODULE_ID>
<!--DA244CFE8DDC45399F2263ADAE9A4C99-->  <ISTHREADSAFE><![CDATA[N]]></ISTHREADSAFE>
<!--DA244CFE8DDC45399F2263ADAE9A4C99-->  <ISADVANCEDFEATURE><![CDATA[N]]></ISADVANCEDFEATURE>
<!--DA244CFE8DDC45399F2263ADAE9A4C99--></AD_WINDOW>

<!--F1C7BD2153B84DBE9D9C30FD9281611F--><AD_WINDOW>
<!--F1C7BD2153B84DBE9D9C30FD9281611F-->  <AD_WINDOW_ID><![CDATA[F1C7BD2153B84DBE9D9C30FD9281611F]]></AD_WINDOW_ID>
<!--F1C7BD2153B84DBE9D9C30FD9281611F-->  <AD_CLIENT_ID><![CDATA[0]]></AD_CLIENT_ID>
<!--F1C7BD2153B84DBE9D9C30FD9281611F-->  <AD_ORG_ID><![CDATA[0]]></AD_ORG_ID>
<!--F1C7BD2153B84DBE9D9C30FD9281611F-->  <ISACTIVE><![CDATA[Y]]></ISACTIVE>
<!--F1C7BD2153B84DBE9D9C30FD9281611F-->  <NAME><![CDATA[Education Exam]]></NAME>
<!--F1C7BD2153B84DBE9D9C30FD9281611F-->  <WINDOWTYPE><![CDATA[M]]></WINDOWTYPE>
<!--F1C7BD2153B84DBE9D9C30FD9281611F-->  <ISSOTRX><![CDATA[N]]></ISSOTRX>
<!--F1C7BD2153B84DBE9D9C30FD9281611F-->  <PROCESSING><![CDATA[N]]></PROCESSING>
<!--F1C7BD2153B84DBE9D9C30FD9281611F-->  <ISDEFAULT><![CDATA[N]]></ISDEFAULT>
<!--F1C7BD2153B84DBE9D9C30FD9281611F-->  <AD_MODULE_ID><![CDATA[D5FD35D6C7604921BA951B7E0EEE5DC2]]></AD_MODULE_ID>
<!--F1C7BD2153B84DBE9D9C30FD9281611F-->  <ISTHREADSAFE><![CDATA[N]]></ISTHREADSAFE>
<!--F1C7BD2153B84DBE9D9C30FD9281611F-->  <ISADVANCEDFEATURE><![CDATA[N]]></ISADVANCEDFEATURE>
<!--F1C7BD2153B84DBE9D9C30FD9281611F--></AD_WINDOW>

<!--F4F354C55D7F435581506736C95C38DA--><AD_WINDOW>
<!--F4F354C55D7F435581506736C95C38DA-->  <AD_WINDOW_ID><![CDATA[F4F354C55D7F435581506736C95C38DA]]></AD_WINDOW_ID>
<!--F4F354C55D7F435581506736C95C38DA-->  <AD_CLIENT_ID><![CDATA[0]]></AD_CLIENT_ID>
<!--F4F354C55D7F435581506736C95C38DA-->  <AD_ORG_ID><![CDATA[0]]></AD_ORG_ID>
<!--F4F354C55D7F435581506736C95C38DA-->  <ISACTIVE><![CDATA[Y]]></ISACTIVE>
<!--F4F354C55D7F435581506736C95C38DA-->  <NAME><![CDATA[ARCI Matrix]]></NAME>
<!--F4F354C55D7F435581506736C95C38DA-->  <DESCRIPTION><![CDATA[ARCI Matrix]]></DESCRIPTION>
<!--F4F354C55D7F435581506736C95C38DA-->  <WINDOWTYPE><![CDATA[M]]></WINDOWTYPE>
<!--F4F354C55D7F435581506736C95C38DA-->  <ISSOTRX><![CDATA[Y]]></ISSOTRX>
<!--F4F354C55D7F435581506736C95C38DA-->  <PROCESSING><![CDATA[N]]></PROCESSING>
<!--F4F354C55D7F435581506736C95C38DA-->  <ISDEFAULT><![CDATA[N]]></ISDEFAULT>
<!--F4F354C55D7F435581506736C95C38DA-->  <AD_MODULE_ID><![CDATA[D5FD35D6C7604921BA951B7E0EEE5DC2]]></AD_MODULE_ID>
<!--F4F354C55D7F435581506736C95C38DA-->  <ISTHREADSAFE><![CDATA[N]]></ISTHREADSAFE>
<!--F4F354C55D7F435581506736C95C38DA-->  <ISADVANCEDFEATURE><![CDATA[N]]></ISADVANCEDFEATURE>
<!--F4F354C55D7F435581506736C95C38DA--></AD_WINDOW>

<!--F6C2A66D5D7D42EAA324E2105C24BCEC--><AD_WINDOW>
<!--F6C2A66D5D7D42EAA324E2105C24BCEC-->  <AD_WINDOW_ID><![CDATA[F6C2A66D5D7D42EAA324E2105C24BCEC]]></AD_WINDOW_ID>
<!--F6C2A66D5D7D42EAA324E2105C24BCEC-->  <AD_CLIENT_ID><![CDATA[0]]></AD_CLIENT_ID>
<!--F6C2A66D5D7D42EAA324E2105C24BCEC-->  <AD_ORG_ID><![CDATA[0]]></AD_ORG_ID>
<!--F6C2A66D5D7D42EAA324E2105C24BCEC-->  <ISACTIVE><![CDATA[Y]]></ISACTIVE>
<!--F6C2A66D5D7D42EAA324E2105C24BCEC-->  <NAME><![CDATA[Employee Information]]></NAME>
<!--F6C2A66D5D7D42EAA324E2105C24BCEC-->  <WINDOWTYPE><![CDATA[M]]></WINDOWTYPE>
<!--F6C2A66D5D7D42EAA324E2105C24BCEC-->  <ISSOTRX><![CDATA[Y]]></ISSOTRX>
<!--F6C2A66D5D7D42EAA324E2105C24BCEC-->  <PROCESSING><![CDATA[N]]></PROCESSING>
<!--F6C2A66D5D7D42EAA324E2105C24BCEC-->  <ISDEFAULT><![CDATA[N]]></ISDEFAULT>
<!--F6C2A66D5D7D42EAA324E2105C24BCEC-->  <AD_MODULE_ID><![CDATA[D5FD35D6C7604921BA951B7E0EEE5DC2]]></AD_MODULE_ID>
<!--F6C2A66D5D7D42EAA324E2105C24BCEC-->  <ISTHREADSAFE><![CDATA[N]]></ISTHREADSAFE>
<!--F6C2A66D5D7D42EAA324E2105C24BCEC-->  <ISADVANCEDFEATURE><![CDATA[N]]></ISADVANCEDFEATURE>
<!--F6C2A66D5D7D42EAA324E2105C24BCEC--></AD_WINDOW>

<!--F71F1E2860D94878AF710DDF5530A9D9--><AD_WINDOW>
<!--F71F1E2860D94878AF710DDF5530A9D9-->  <AD_WINDOW_ID><![CDATA[F71F1E2860D94878AF710DDF5530A9D9]]></AD_WINDOW_ID>
<!--F71F1E2860D94878AF710DDF5530A9D9-->  <AD_CLIENT_ID><![CDATA[0]]></AD_CLIENT_ID>
<!--F71F1E2860D94878AF710DDF5530A9D9-->  <AD_ORG_ID><![CDATA[0]]></AD_ORG_ID>
<!--F71F1E2860D94878AF710DDF5530A9D9-->  <ISACTIVE><![CDATA[Y]]></ISACTIVE>
<!--F71F1E2860D94878AF710DDF5530A9D9-->  <NAME><![CDATA[Employee Case]]></NAME>
<!--F71F1E2860D94878AF710DDF5530A9D9-->  <DESCRIPTION><![CDATA[Employee Case History]]></DESCRIPTION>
<!--F71F1E2860D94878AF710DDF5530A9D9-->  <HELP><![CDATA[Capture Employee Case, violation and punishment for his violation]]></HELP>
<!--F71F1E2860D94878AF710DDF5530A9D9-->  <WINDOWTYPE><![CDATA[T]]></WINDOWTYPE>
<!--F71F1E2860D94878AF710DDF5530A9D9-->  <ISSOTRX><![CDATA[Y]]></ISSOTRX>
<!--F71F1E2860D94878AF710DDF5530A9D9-->  <PROCESSING><![CDATA[N]]></PROCESSING>
<!--F71F1E2860D94878AF710DDF5530A9D9-->  <ISDEFAULT><![CDATA[N]]></ISDEFAULT>
<!--F71F1E2860D94878AF710DDF5530A9D9-->  <AD_MODULE_ID><![CDATA[D5FD35D6C7604921BA951B7E0EEE5DC2]]></AD_MODULE_ID>
<!--F71F1E2860D94878AF710DDF5530A9D9-->  <ISTHREADSAFE><![CDATA[N]]></ISTHREADSAFE>
<!--F71F1E2860D94878AF710DDF5530A9D9-->  <ISADVANCEDFEATURE><![CDATA[N]]></ISADVANCEDFEATURE>
<!--F71F1E2860D94878AF710DDF5530A9D9--></AD_WINDOW>

<!--F7E1DB9C4BE04C08A6FDEC1BF2C677DB--><AD_WINDOW>
<!--F7E1DB9C4BE04C08A6FDEC1BF2C677DB-->  <AD_WINDOW_ID><![CDATA[F7E1DB9C4BE04C08A6FDEC1BF2C677DB]]></AD_WINDOW_ID>
<!--F7E1DB9C4BE04C08A6FDEC1BF2C677DB-->  <AD_CLIENT_ID><![CDATA[0]]></AD_CLIENT_ID>
<!--F7E1DB9C4BE04C08A6FDEC1BF2C677DB-->  <AD_ORG_ID><![CDATA[0]]></AD_ORG_ID>
<!--F7E1DB9C4BE04C08A6FDEC1BF2C677DB-->  <ISACTIVE><![CDATA[Y]]></ISACTIVE>
<!--F7E1DB9C4BE04C08A6FDEC1BF2C677DB-->  <NAME><![CDATA[Position Rule]]></NAME>
<!--F7E1DB9C4BE04C08A6FDEC1BF2C677DB-->  <DESCRIPTION><![CDATA[Position rule]]></DESCRIPTION>
<!--F7E1DB9C4BE04C08A6FDEC1BF2C677DB-->  <HELP><![CDATA[define a rule to assign an employee to an position]]></HELP>
<!--F7E1DB9C4BE04C08A6FDEC1BF2C677DB-->  <WINDOWTYPE><![CDATA[M]]></WINDOWTYPE>
<!--F7E1DB9C4BE04C08A6FDEC1BF2C677DB-->  <ISSOTRX><![CDATA[Y]]></ISSOTRX>
<!--F7E1DB9C4BE04C08A6FDEC1BF2C677DB-->  <PROCESSING><![CDATA[N]]></PROCESSING>
<!--F7E1DB9C4BE04C08A6FDEC1BF2C677DB-->  <ISDEFAULT><![CDATA[N]]></ISDEFAULT>
<!--F7E1DB9C4BE04C08A6FDEC1BF2C677DB-->  <AD_MODULE_ID><![CDATA[D5FD35D6C7604921BA951B7E0EEE5DC2]]></AD_MODULE_ID>
<!--F7E1DB9C4BE04C08A6FDEC1BF2C677DB-->  <ISTHREADSAFE><![CDATA[N]]></ISTHREADSAFE>
<!--F7E1DB9C4BE04C08A6FDEC1BF2C677DB-->  <ISADVANCEDFEATURE><![CDATA[N]]></ISADVANCEDFEATURE>
<!--F7E1DB9C4BE04C08A6FDEC1BF2C677DB--></AD_WINDOW>

<!--FE4E14F938BC40DA842779AD7A826685--><AD_WINDOW>
<!--FE4E14F938BC40DA842779AD7A826685-->  <AD_WINDOW_ID><![CDATA[FE4E14F938BC40DA842779AD7A826685]]></AD_WINDOW_ID>
<!--FE4E14F938BC40DA842779AD7A826685-->  <AD_CLIENT_ID><![CDATA[0]]></AD_CLIENT_ID>
<!--FE4E14F938BC40DA842779AD7A826685-->  <AD_ORG_ID><![CDATA[0]]></AD_ORG_ID>
<!--FE4E14F938BC40DA842779AD7A826685-->  <ISACTIVE><![CDATA[Y]]></ISACTIVE>
<!--FE4E14F938BC40DA842779AD7A826685-->  <NAME><![CDATA[Reimbursment]]></NAME>
<!--FE4E14F938BC40DA842779AD7A826685-->  <DESCRIPTION><![CDATA[Reimbursment request]]></DESCRIPTION>
<!--FE4E14F938BC40DA842779AD7A826685-->  <HELP><![CDATA[Reimbursment request]]></HELP>
<!--FE4E14F938BC40DA842779AD7A826685-->  <WINDOWTYPE><![CDATA[M]]></WINDOWTYPE>
<!--FE4E14F938BC40DA842779AD7A826685-->  <ISSOTRX><![CDATA[Y]]></ISSOTRX>
<!--FE4E14F938BC40DA842779AD7A826685-->  <PROCESSING><![CDATA[N]]></PROCESSING>
<!--FE4E14F938BC40DA842779AD7A826685-->  <ISDEFAULT><![CDATA[N]]></ISDEFAULT>
<!--FE4E14F938BC40DA842779AD7A826685-->  <AD_MODULE_ID><![CDATA[D5FD35D6C7604921BA951B7E0EEE5DC2]]></AD_MODULE_ID>
<!--FE4E14F938BC40DA842779AD7A826685-->  <ISTHREADSAFE><![CDATA[N]]></ISTHREADSAFE>
<!--FE4E14F938BC40DA842779AD7A826685-->  <ISADVANCEDFEATURE><![CDATA[N]]></ISADVANCEDFEATURE>
<!--FE4E14F938BC40DA842779AD7A826685--></AD_WINDOW>

<!--FF10269006494B1F971010036D75B39E--><AD_WINDOW>
<!--FF10269006494B1F971010036D75B39E-->  <AD_WINDOW_ID><![CDATA[FF10269006494B1F971010036D75B39E]]></AD_WINDOW_ID>
<!--FF10269006494B1F971010036D75B39E-->  <AD_CLIENT_ID><![CDATA[0]]></AD_CLIENT_ID>
<!--FF10269006494B1F971010036D75B39E-->  <AD_ORG_ID><![CDATA[0]]></AD_ORG_ID>
<!--FF10269006494B1F971010036D75B39E-->  <ISACTIVE><![CDATA[Y]]></ISACTIVE>
<!--FF10269006494B1F971010036D75B39E-->  <NAME><![CDATA[Family Information Change Request]]></NAME>
<!--FF10269006494B1F971010036D75B39E-->  <WINDOWTYPE><![CDATA[M]]></WINDOWTYPE>
<!--FF10269006494B1F971010036D75B39E-->  <ISSOTRX><![CDATA[Y]]></ISSOTRX>
<!--FF10269006494B1F971010036D75B39E-->  <PROCESSING><![CDATA[N]]></PROCESSING>
<!--FF10269006494B1F971010036D75B39E-->  <ISDEFAULT><![CDATA[N]]></ISDEFAULT>
<!--FF10269006494B1F971010036D75B39E-->  <AD_MODULE_ID><![CDATA[D5FD35D6C7604921BA951B7E0EEE5DC2]]></AD_MODULE_ID>
<!--FF10269006494B1F971010036D75B39E-->  <ISTHREADSAFE><![CDATA[N]]></ISTHREADSAFE>
<!--FF10269006494B1F971010036D75B39E-->  <ISADVANCEDFEATURE><![CDATA[N]]></ISADVANCEDFEATURE>
<!--FF10269006494B1F971010036D75B39E--></AD_WINDOW>

</data>
