<?xml version="1.0" encoding="UTF-8"?>
<data>
<!--1560F335C60A40DD9E412E754D13406B--><OBUISEL_SELECTOR>
<!--1560F335C60A40DD9E412E754D13406B-->  <OBUISEL_SELECTOR_ID><![CDATA[1560F335C60A40DD9E412E754D13406B]]></OBUISEL_SELECTOR_ID>
<!--1560F335C60A40DD9E412E754D13406B-->  <AD_CLIENT_ID><![CDATA[0]]></AD_CLIENT_ID>
<!--1560F335C60A40DD9E412E754D13406B-->  <AD_ORG_ID><![CDATA[0]]></AD_ORG_ID>
<!--1560F335C60A40DD9E412E754D13406B-->  <AD_MODULE_ID><![CDATA[D5FD35D6C7604921BA951B7E0EEE5DC2]]></AD_MODULE_ID>
<!--1560F335C60A40DD9E412E754D13406B-->  <NAME><![CDATA[Employee]]></NAME>
<!--1560F335C60A40DD9E412E754D13406B-->  <AD_REFERENCE_ID><![CDATA[BF8F5FEEC9E747E3982C78F4E60BF857]]></AD_REFERENCE_ID>
<!--1560F335C60A40DD9E412E754D13406B-->  <AD_TABLE_ID><![CDATA[291]]></AD_TABLE_ID>
<!--1560F335C60A40DD9E412E754D13406B-->  <AD_COLUMN_ID><![CDATA[2893]]></AD_COLUMN_ID>
<!--1560F335C60A40DD9E412E754D13406B-->  <WHERECLAUSE><![CDATA[e.employee=true]]></WHERECLAUSE>
<!--1560F335C60A40DD9E412E754D13406B-->  <OBCLKER_TEMPLATE_ID><![CDATA[9314DE8599AD44E7BFC4CC50699042AB]]></OBCLKER_TEMPLATE_ID>
<!--1560F335C60A40DD9E412E754D13406B-->  <ISACTIVE><![CDATA[Y]]></ISACTIVE>
<!--1560F335C60A40DD9E412E754D13406B-->  <SUGGESTIONTEXTMATCHSTYLE><![CDATA[substring]]></SUGGESTIONTEXTMATCHSTYLE>
<!--1560F335C60A40DD9E412E754D13406B-->  <POPUPTEXTMATCHSTYLE><![CDATA[substring]]></POPUPTEXTMATCHSTYLE>
<!--1560F335C60A40DD9E412E754D13406B-->  <CUSTOM_QUERY><![CDATA[N]]></CUSTOM_QUERY>
<!--1560F335C60A40DD9E412E754D13406B--></OBUISEL_SELECTOR>

<!--5EBAA59B7A934EE48666F4708D4335C9--><OBUISEL_SELECTOR>
<!--5EBAA59B7A934EE48666F4708D4335C9-->  <OBUISEL_SELECTOR_ID><![CDATA[5EBAA59B7A934EE48666F4708D4335C9]]></OBUISEL_SELECTOR_ID>
<!--5EBAA59B7A934EE48666F4708D4335C9-->  <AD_CLIENT_ID><![CDATA[0]]></AD_CLIENT_ID>
<!--5EBAA59B7A934EE48666F4708D4335C9-->  <AD_ORG_ID><![CDATA[0]]></AD_ORG_ID>
<!--5EBAA59B7A934EE48666F4708D4335C9-->  <AD_MODULE_ID><![CDATA[D5FD35D6C7604921BA951B7E0EEE5DC2]]></AD_MODULE_ID>
<!--5EBAA59B7A934EE48666F4708D4335C9-->  <NAME><![CDATA[Employee Supervised]]></NAME>
<!--5EBAA59B7A934EE48666F4708D4335C9-->  <AD_REFERENCE_ID><![CDATA[ECF1E55D7A06477E850DC2E50DB14EE0]]></AD_REFERENCE_ID>
<!--5EBAA59B7A934EE48666F4708D4335C9-->  <AD_TABLE_ID><![CDATA[291]]></AD_TABLE_ID>
<!--5EBAA59B7A934EE48666F4708D4335C9-->  <AD_COLUMN_ID><![CDATA[2893]]></AD_COLUMN_ID>
<!--5EBAA59B7A934EE48666F4708D4335C9-->  <WHERECLAUSE><![CDATA[hris_issupervisor(e.id,(select businessPartner.id from ADUser where id=@#AD_USER_ID@))='Y' and e.active=true or @HR_ROLE@='Y']]></WHERECLAUSE>
<!--5EBAA59B7A934EE48666F4708D4335C9-->  <OBCLKER_TEMPLATE_ID><![CDATA[9314DE8599AD44E7BFC4CC50699042AB]]></OBCLKER_TEMPLATE_ID>
<!--5EBAA59B7A934EE48666F4708D4335C9-->  <ISACTIVE><![CDATA[Y]]></ISACTIVE>
<!--5EBAA59B7A934EE48666F4708D4335C9-->  <SUGGESTIONTEXTMATCHSTYLE><![CDATA[substring]]></SUGGESTIONTEXTMATCHSTYLE>
<!--5EBAA59B7A934EE48666F4708D4335C9-->  <POPUPTEXTMATCHSTYLE><![CDATA[substring]]></POPUPTEXTMATCHSTYLE>
<!--5EBAA59B7A934EE48666F4708D4335C9-->  <CUSTOM_QUERY><![CDATA[N]]></CUSTOM_QUERY>
<!--5EBAA59B7A934EE48666F4708D4335C9--></OBUISEL_SELECTOR>

<!--9389B82D420249FCABB3032D0B118059--><OBUISEL_SELECTOR>
<!--9389B82D420249FCABB3032D0B118059-->  <OBUISEL_SELECTOR_ID><![CDATA[9389B82D420249FCABB3032D0B118059]]></OBUISEL_SELECTOR_ID>
<!--9389B82D420249FCABB3032D0B118059-->  <AD_CLIENT_ID><![CDATA[0]]></AD_CLIENT_ID>
<!--9389B82D420249FCABB3032D0B118059-->  <AD_ORG_ID><![CDATA[0]]></AD_ORG_ID>
<!--9389B82D420249FCABB3032D0B118059-->  <AD_MODULE_ID><![CDATA[D5FD35D6C7604921BA951B7E0EEE5DC2]]></AD_MODULE_ID>
<!--9389B82D420249FCABB3032D0B118059-->  <NAME><![CDATA[Employee Tree]]></NAME>
<!--9389B82D420249FCABB3032D0B118059-->  <AD_REFERENCE_ID><![CDATA[EE11BBEA78E3447C84BC702C7928C8DE]]></AD_REFERENCE_ID>
<!--9389B82D420249FCABB3032D0B118059-->  <AD_TABLE_ID><![CDATA[291]]></AD_TABLE_ID>
<!--9389B82D420249FCABB3032D0B118059-->  <AD_COLUMN_ID><![CDATA[2893]]></AD_COLUMN_ID>
<!--9389B82D420249FCABB3032D0B118059-->  <WHERECLAUSE><![CDATA[e.employee=true AND  (@HR_ROLE@='Y'  OR e.id=(select businessPartner.id from ADUser where id=@#AD_USER_ID@)  OR e.id in (select node.id from hris_employeeclosure where parent.id=(select businessPartner.id from ADUser where id=@#AD_USER_ID@) and closure>0))]]></WHERECLAUSE>
<!--9389B82D420249FCABB3032D0B118059-->  <OBCLKER_TEMPLATE_ID><![CDATA[9314DE8599AD44E7BFC4CC50699042AB]]></OBCLKER_TEMPLATE_ID>
<!--9389B82D420249FCABB3032D0B118059-->  <ISACTIVE><![CDATA[Y]]></ISACTIVE>
<!--9389B82D420249FCABB3032D0B118059-->  <SUGGESTIONTEXTMATCHSTYLE><![CDATA[substring]]></SUGGESTIONTEXTMATCHSTYLE>
<!--9389B82D420249FCABB3032D0B118059-->  <POPUPTEXTMATCHSTYLE><![CDATA[substring]]></POPUPTEXTMATCHSTYLE>
<!--9389B82D420249FCABB3032D0B118059-->  <CUSTOM_QUERY><![CDATA[N]]></CUSTOM_QUERY>
<!--9389B82D420249FCABB3032D0B118059--></OBUISEL_SELECTOR>

<!--9EAD956AF70145DDAC2324C0896807B0--><OBUISEL_SELECTOR>
<!--9EAD956AF70145DDAC2324C0896807B0-->  <OBUISEL_SELECTOR_ID><![CDATA[9EAD956AF70145DDAC2324C0896807B0]]></OBUISEL_SELECTOR_ID>
<!--9EAD956AF70145DDAC2324C0896807B0-->  <AD_CLIENT_ID><![CDATA[0]]></AD_CLIENT_ID>
<!--9EAD956AF70145DDAC2324C0896807B0-->  <AD_ORG_ID><![CDATA[0]]></AD_ORG_ID>
<!--9EAD956AF70145DDAC2324C0896807B0-->  <AD_MODULE_ID><![CDATA[D5FD35D6C7604921BA951B7E0EEE5DC2]]></AD_MODULE_ID>
<!--9EAD956AF70145DDAC2324C0896807B0-->  <NAME><![CDATA[Training Provider]]></NAME>
<!--9EAD956AF70145DDAC2324C0896807B0-->  <AD_REFERENCE_ID><![CDATA[FA56F3DA7928442FACF8BA8C6F961002]]></AD_REFERENCE_ID>
<!--9EAD956AF70145DDAC2324C0896807B0-->  <AD_TABLE_ID><![CDATA[291]]></AD_TABLE_ID>
<!--9EAD956AF70145DDAC2324C0896807B0-->  <AD_COLUMN_ID><![CDATA[2893]]></AD_COLUMN_ID>
<!--9EAD956AF70145DDAC2324C0896807B0-->  <FILTER_EXPRESSION><![CDATA["e.active=true and e.hrisIstrainingprovider=true"]]></FILTER_EXPRESSION>
<!--9EAD956AF70145DDAC2324C0896807B0-->  <OBCLKER_TEMPLATE_ID><![CDATA[9314DE8599AD44E7BFC4CC50699042AB]]></OBCLKER_TEMPLATE_ID>
<!--9EAD956AF70145DDAC2324C0896807B0-->  <ISACTIVE><![CDATA[Y]]></ISACTIVE>
<!--9EAD956AF70145DDAC2324C0896807B0-->  <SUGGESTIONTEXTMATCHSTYLE><![CDATA[substring]]></SUGGESTIONTEXTMATCHSTYLE>
<!--9EAD956AF70145DDAC2324C0896807B0-->  <POPUPTEXTMATCHSTYLE><![CDATA[substring]]></POPUPTEXTMATCHSTYLE>
<!--9EAD956AF70145DDAC2324C0896807B0-->  <CUSTOM_QUERY><![CDATA[N]]></CUSTOM_QUERY>
<!--9EAD956AF70145DDAC2324C0896807B0--></OBUISEL_SELECTOR>

<!--A21C7C7BDA5B4E438D9A29EE25D35E7D--><OBUISEL_SELECTOR>
<!--A21C7C7BDA5B4E438D9A29EE25D35E7D-->  <OBUISEL_SELECTOR_ID><![CDATA[A21C7C7BDA5B4E438D9A29EE25D35E7D]]></OBUISEL_SELECTOR_ID>
<!--A21C7C7BDA5B4E438D9A29EE25D35E7D-->  <AD_CLIENT_ID><![CDATA[0]]></AD_CLIENT_ID>
<!--A21C7C7BDA5B4E438D9A29EE25D35E7D-->  <AD_ORG_ID><![CDATA[0]]></AD_ORG_ID>
<!--A21C7C7BDA5B4E438D9A29EE25D35E7D-->  <AD_MODULE_ID><![CDATA[D5FD35D6C7604921BA951B7E0EEE5DC2]]></AD_MODULE_ID>
<!--A21C7C7BDA5B4E438D9A29EE25D35E7D-->  <NAME><![CDATA[Employee]]></NAME>
<!--A21C7C7BDA5B4E438D9A29EE25D35E7D-->  <AD_REFERENCE_ID><![CDATA[02480D5EDD2B43199EB04EB4003F5276]]></AD_REFERENCE_ID>
<!--A21C7C7BDA5B4E438D9A29EE25D35E7D-->  <AD_TABLE_ID><![CDATA[291]]></AD_TABLE_ID>
<!--A21C7C7BDA5B4E438D9A29EE25D35E7D-->  <AD_COLUMN_ID><![CDATA[2893]]></AD_COLUMN_ID>
<!--A21C7C7BDA5B4E438D9A29EE25D35E7D-->  <WHERECLAUSE><![CDATA[e =(select u.businessPartner from ADUser u where u.id=@AD_USER_ID@) or e.hrisReportTo in(select u.businessPartner from ADUser u where u.id=@AD_USER_ID@) or e in(select p from BusinessPartner p where p.hrisReportTo in ((select bp from BusinessPartner bp where bp.hrisReportTo   in(select u.businessPartner from ADUser u where u.id=@AD_USER_ID@))))]]></WHERECLAUSE>
<!--A21C7C7BDA5B4E438D9A29EE25D35E7D-->  <FILTER_EXPRESSION><![CDATA["e.active=true and e.employee=true"]]></FILTER_EXPRESSION>
<!--A21C7C7BDA5B4E438D9A29EE25D35E7D-->  <OBCLKER_TEMPLATE_ID><![CDATA[9314DE8599AD44E7BFC4CC50699042AB]]></OBCLKER_TEMPLATE_ID>
<!--A21C7C7BDA5B4E438D9A29EE25D35E7D-->  <ISACTIVE><![CDATA[Y]]></ISACTIVE>
<!--A21C7C7BDA5B4E438D9A29EE25D35E7D-->  <SUGGESTIONTEXTMATCHSTYLE><![CDATA[substring]]></SUGGESTIONTEXTMATCHSTYLE>
<!--A21C7C7BDA5B4E438D9A29EE25D35E7D-->  <POPUPTEXTMATCHSTYLE><![CDATA[substring]]></POPUPTEXTMATCHSTYLE>
<!--A21C7C7BDA5B4E438D9A29EE25D35E7D-->  <ENTITY_ALIAS><![CDATA[pg]]></ENTITY_ALIAS>
<!--A21C7C7BDA5B4E438D9A29EE25D35E7D-->  <CUSTOM_QUERY><![CDATA[N]]></CUSTOM_QUERY>
<!--A21C7C7BDA5B4E438D9A29EE25D35E7D--></OBUISEL_SELECTOR>

<!--B2028F667F5340FE854CF990438290FD--><OBUISEL_SELECTOR>
<!--B2028F667F5340FE854CF990438290FD-->  <OBUISEL_SELECTOR_ID><![CDATA[B2028F667F5340FE854CF990438290FD]]></OBUISEL_SELECTOR_ID>
<!--B2028F667F5340FE854CF990438290FD-->  <AD_CLIENT_ID><![CDATA[0]]></AD_CLIENT_ID>
<!--B2028F667F5340FE854CF990438290FD-->  <AD_ORG_ID><![CDATA[0]]></AD_ORG_ID>
<!--B2028F667F5340FE854CF990438290FD-->  <AD_MODULE_ID><![CDATA[D5FD35D6C7604921BA951B7E0EEE5DC2]]></AD_MODULE_ID>
<!--B2028F667F5340FE854CF990438290FD-->  <NAME><![CDATA[Education Dicipline]]></NAME>
<!--B2028F667F5340FE854CF990438290FD-->  <AD_REFERENCE_ID><![CDATA[3B467AFFAB4341E3A74D42672D8EFFBB]]></AD_REFERENCE_ID>
<!--B2028F667F5340FE854CF990438290FD-->  <AD_TABLE_ID><![CDATA[7A6D5E9ECD0E497F95791180E6375E70]]></AD_TABLE_ID>
<!--B2028F667F5340FE854CF990438290FD-->  <AD_COLUMN_ID><![CDATA[6E24CF38F28B483E9B9E24DB2C2682F6]]></AD_COLUMN_ID>
<!--B2028F667F5340FE854CF990438290FD-->  <OBCLKER_TEMPLATE_ID><![CDATA[9314DE8599AD44E7BFC4CC50699042AB]]></OBCLKER_TEMPLATE_ID>
<!--B2028F667F5340FE854CF990438290FD-->  <ISACTIVE><![CDATA[Y]]></ISACTIVE>
<!--B2028F667F5340FE854CF990438290FD-->  <DISPLAYFIELD_ID><![CDATA[76B5D4E36BD94DAF9DEBFEB1F79721EC]]></DISPLAYFIELD_ID>
<!--B2028F667F5340FE854CF990438290FD-->  <SUGGESTIONTEXTMATCHSTYLE><![CDATA[substring]]></SUGGESTIONTEXTMATCHSTYLE>
<!--B2028F667F5340FE854CF990438290FD-->  <POPUPTEXTMATCHSTYLE><![CDATA[substring]]></POPUPTEXTMATCHSTYLE>
<!--B2028F667F5340FE854CF990438290FD-->  <CUSTOM_QUERY><![CDATA[N]]></CUSTOM_QUERY>
<!--B2028F667F5340FE854CF990438290FD--></OBUISEL_SELECTOR>

<!--B8F17B363B704D6092992905F52DCEA6--><OBUISEL_SELECTOR>
<!--B8F17B363B704D6092992905F52DCEA6-->  <OBUISEL_SELECTOR_ID><![CDATA[B8F17B363B704D6092992905F52DCEA6]]></OBUISEL_SELECTOR_ID>
<!--B8F17B363B704D6092992905F52DCEA6-->  <AD_CLIENT_ID><![CDATA[0]]></AD_CLIENT_ID>
<!--B8F17B363B704D6092992905F52DCEA6-->  <AD_ORG_ID><![CDATA[0]]></AD_ORG_ID>
<!--B8F17B363B704D6092992905F52DCEA6-->  <AD_MODULE_ID><![CDATA[D5FD35D6C7604921BA951B7E0EEE5DC2]]></AD_MODULE_ID>
<!--B8F17B363B704D6092992905F52DCEA6-->  <NAME><![CDATA[Insurance Provider]]></NAME>
<!--B8F17B363B704D6092992905F52DCEA6-->  <AD_REFERENCE_ID><![CDATA[A8863B29DE464EF287AFAA42D329E2CA]]></AD_REFERENCE_ID>
<!--B8F17B363B704D6092992905F52DCEA6-->  <AD_TABLE_ID><![CDATA[291]]></AD_TABLE_ID>
<!--B8F17B363B704D6092992905F52DCEA6-->  <AD_COLUMN_ID><![CDATA[2893]]></AD_COLUMN_ID>
<!--B8F17B363B704D6092992905F52DCEA6-->  <FILTER_EXPRESSION><![CDATA["e.active=true and e.hrisIsinsuranceprovider=true"]]></FILTER_EXPRESSION>
<!--B8F17B363B704D6092992905F52DCEA6-->  <OBCLKER_TEMPLATE_ID><![CDATA[9314DE8599AD44E7BFC4CC50699042AB]]></OBCLKER_TEMPLATE_ID>
<!--B8F17B363B704D6092992905F52DCEA6-->  <ISACTIVE><![CDATA[Y]]></ISACTIVE>
<!--B8F17B363B704D6092992905F52DCEA6-->  <SUGGESTIONTEXTMATCHSTYLE><![CDATA[substring]]></SUGGESTIONTEXTMATCHSTYLE>
<!--B8F17B363B704D6092992905F52DCEA6-->  <POPUPTEXTMATCHSTYLE><![CDATA[substring]]></POPUPTEXTMATCHSTYLE>
<!--B8F17B363B704D6092992905F52DCEA6-->  <CUSTOM_QUERY><![CDATA[N]]></CUSTOM_QUERY>
<!--B8F17B363B704D6092992905F52DCEA6--></OBUISEL_SELECTOR>

<!--E64194A0D7E346B99AB0C4FD1D92E6A1--><OBUISEL_SELECTOR>
<!--E64194A0D7E346B99AB0C4FD1D92E6A1-->  <OBUISEL_SELECTOR_ID><![CDATA[E64194A0D7E346B99AB0C4FD1D92E6A1]]></OBUISEL_SELECTOR_ID>
<!--E64194A0D7E346B99AB0C4FD1D92E6A1-->  <AD_CLIENT_ID><![CDATA[0]]></AD_CLIENT_ID>
<!--E64194A0D7E346B99AB0C4FD1D92E6A1-->  <AD_ORG_ID><![CDATA[0]]></AD_ORG_ID>
<!--E64194A0D7E346B99AB0C4FD1D92E6A1-->  <AD_MODULE_ID><![CDATA[D5FD35D6C7604921BA951B7E0EEE5DC2]]></AD_MODULE_ID>
<!--E64194A0D7E346B99AB0C4FD1D92E6A1-->  <NAME><![CDATA[Organization Selector]]></NAME>
<!--E64194A0D7E346B99AB0C4FD1D92E6A1-->  <AD_REFERENCE_ID><![CDATA[BCD595704A9346FAB69B4AE4462986BB]]></AD_REFERENCE_ID>
<!--E64194A0D7E346B99AB0C4FD1D92E6A1-->  <AD_TABLE_ID><![CDATA[155]]></AD_TABLE_ID>
<!--E64194A0D7E346B99AB0C4FD1D92E6A1-->  <OBCLKER_TEMPLATE_ID><![CDATA[9314DE8599AD44E7BFC4CC50699042AB]]></OBCLKER_TEMPLATE_ID>
<!--E64194A0D7E346B99AB0C4FD1D92E6A1-->  <ISACTIVE><![CDATA[Y]]></ISACTIVE>
<!--E64194A0D7E346B99AB0C4FD1D92E6A1-->  <SUGGESTIONTEXTMATCHSTYLE><![CDATA[substring]]></SUGGESTIONTEXTMATCHSTYLE>
<!--E64194A0D7E346B99AB0C4FD1D92E6A1-->  <POPUPTEXTMATCHSTYLE><![CDATA[substring]]></POPUPTEXTMATCHSTYLE>
<!--E64194A0D7E346B99AB0C4FD1D92E6A1-->  <CUSTOM_QUERY><![CDATA[N]]></CUSTOM_QUERY>
<!--E64194A0D7E346B99AB0C4FD1D92E6A1--></OBUISEL_SELECTOR>

<!--FE3C75767E73415B9E799EDB9EAF8092--><OBUISEL_SELECTOR>
<!--FE3C75767E73415B9E799EDB9EAF8092-->  <OBUISEL_SELECTOR_ID><![CDATA[FE3C75767E73415B9E799EDB9EAF8092]]></OBUISEL_SELECTOR_ID>
<!--FE3C75767E73415B9E799EDB9EAF8092-->  <AD_CLIENT_ID><![CDATA[0]]></AD_CLIENT_ID>
<!--FE3C75767E73415B9E799EDB9EAF8092-->  <AD_ORG_ID><![CDATA[0]]></AD_ORG_ID>
<!--FE3C75767E73415B9E799EDB9EAF8092-->  <AD_MODULE_ID><![CDATA[D5FD35D6C7604921BA951B7E0EEE5DC2]]></AD_MODULE_ID>
<!--FE3C75767E73415B9E799EDB9EAF8092-->  <NAME><![CDATA[Dependend Employee]]></NAME>
<!--FE3C75767E73415B9E799EDB9EAF8092-->  <AD_REFERENCE_ID><![CDATA[0C993A7CC8364E50928B604BEA809028]]></AD_REFERENCE_ID>
<!--FE3C75767E73415B9E799EDB9EAF8092-->  <AD_TABLE_ID><![CDATA[94816A43A44744BFB8B15505F5F229FE]]></AD_TABLE_ID>
<!--FE3C75767E73415B9E799EDB9EAF8092-->  <AD_COLUMN_ID><![CDATA[C06CAEEEC88A458F82D40BCA4B94F2F9]]></AD_COLUMN_ID>
<!--FE3C75767E73415B9E799EDB9EAF8092-->  <WHERECLAUSE><![CDATA[e.insured=true and e.employee.id = @inpcBpartnerId@]]></WHERECLAUSE>
<!--FE3C75767E73415B9E799EDB9EAF8092-->  <OBCLKER_TEMPLATE_ID><![CDATA[9314DE8599AD44E7BFC4CC50699042AB]]></OBCLKER_TEMPLATE_ID>
<!--FE3C75767E73415B9E799EDB9EAF8092-->  <ISACTIVE><![CDATA[Y]]></ISACTIVE>
<!--FE3C75767E73415B9E799EDB9EAF8092-->  <SUGGESTIONTEXTMATCHSTYLE><![CDATA[substring]]></SUGGESTIONTEXTMATCHSTYLE>
<!--FE3C75767E73415B9E799EDB9EAF8092-->  <POPUPTEXTMATCHSTYLE><![CDATA[substring]]></POPUPTEXTMATCHSTYLE>
<!--FE3C75767E73415B9E799EDB9EAF8092-->  <CUSTOM_QUERY><![CDATA[N]]></CUSTOM_QUERY>
<!--FE3C75767E73415B9E799EDB9EAF8092--></OBUISEL_SELECTOR>

</data>
