<?xml version="1.0" encoding="UTF-8"?>
<data>
<!--A5262E41F37B47B5AA056AE9A234C543--><OBUIAPP_PROCESS>
<!--A5262E41F37B47B5AA056AE9A234C543-->  <OBUIAPP_PROCESS_ID><![CDATA[A5262E41F37B47B5AA056AE9A234C543]]></OBUIAPP_PROCESS_ID>
<!--A5262E41F37B47B5AA056AE9A234C543-->  <AD_CLIENT_ID><![CDATA[0]]></AD_CLIENT_ID>
<!--A5262E41F37B47B5AA056AE9A234C543-->  <AD_ORG_ID><![CDATA[0]]></AD_ORG_ID>
<!--A5262E41F37B47B5AA056AE9A234C543-->  <ISACTIVE><![CDATA[Y]]></ISACTIVE>
<!--A5262E41F37B47B5AA056AE9A234C543-->  <VALUE><![CDATA[HrisDocUpdater]]></VALUE>
<!--A5262E41F37B47B5AA056AE9A234C543-->  <NAME><![CDATA[Document Number Updater in Multi Record]]></NAME>
<!--A5262E41F37B47B5AA056AE9A234C543-->  <ACCESSLEVEL><![CDATA[3]]></ACCESSLEVEL>
<!--A5262E41F37B47B5AA056AE9A234C543-->  <CLASSNAME><![CDATA[OB.HRIS.DocumentUpdate]]></CLASSNAME>
<!--A5262E41F37B47B5AA056AE9A234C543-->  <ISBACKGROUND><![CDATA[N]]></ISBACKGROUND>
<!--A5262E41F37B47B5AA056AE9A234C543-->  <AD_MODULE_ID><![CDATA[D5FD35D6C7604921BA951B7E0EEE5DC2]]></AD_MODULE_ID>
<!--A5262E41F37B47B5AA056AE9A234C543-->  <UIPATTERN><![CDATA[M]]></UIPATTERN>
<!--A5262E41F37B47B5AA056AE9A234C543-->  <ISMULTIRECORD><![CDATA[Y]]></ISMULTIRECORD>
<!--A5262E41F37B47B5AA056AE9A234C543-->  <IS_EXPLICIT_ACCESS><![CDATA[N]]></IS_EXPLICIT_ACCESS>
<!--A5262E41F37B47B5AA056AE9A234C543-->  <ISGRIDLEGACY><![CDATA[Y]]></ISGRIDLEGACY>
<!--A5262E41F37B47B5AA056AE9A234C543-->  <ISCANADDRECORDSTOSELECTOR><![CDATA[N]]></ISCANADDRECORDSTOSELECTOR>
<!--A5262E41F37B47B5AA056AE9A234C543--></OBUIAPP_PROCESS>

<!--F06B70DE82104A479ADF65891D599B35--><OBUIAPP_PROCESS>
<!--F06B70DE82104A479ADF65891D599B35-->  <OBUIAPP_PROCESS_ID><![CDATA[F06B70DE82104A479ADF65891D599B35]]></OBUIAPP_PROCESS_ID>
<!--F06B70DE82104A479ADF65891D599B35-->  <AD_CLIENT_ID><![CDATA[0]]></AD_CLIENT_ID>
<!--F06B70DE82104A479ADF65891D599B35-->  <AD_ORG_ID><![CDATA[0]]></AD_ORG_ID>
<!--F06B70DE82104A479ADF65891D599B35-->  <ISACTIVE><![CDATA[Y]]></ISACTIVE>
<!--F06B70DE82104A479ADF65891D599B35-->  <VALUE><![CDATA[GenerateKPIMeasurement]]></VALUE>
<!--F06B70DE82104A479ADF65891D599B35-->  <NAME><![CDATA[Generate KPI Measurement]]></NAME>
<!--F06B70DE82104A479ADF65891D599B35-->  <DESCRIPTION><![CDATA[Generate multi record jt_kpi]]></DESCRIPTION>
<!--F06B70DE82104A479ADF65891D599B35-->  <ACCESSLEVEL><![CDATA[3]]></ACCESSLEVEL>
<!--F06B70DE82104A479ADF65891D599B35-->  <CLASSNAME><![CDATA[OB.HRIS.GenerateKPI.tampil]]></CLASSNAME>
<!--F06B70DE82104A479ADF65891D599B35-->  <ISBACKGROUND><![CDATA[N]]></ISBACKGROUND>
<!--F06B70DE82104A479ADF65891D599B35-->  <AD_MODULE_ID><![CDATA[D5FD35D6C7604921BA951B7E0EEE5DC2]]></AD_MODULE_ID>
<!--F06B70DE82104A479ADF65891D599B35-->  <UIPATTERN><![CDATA[M]]></UIPATTERN>
<!--F06B70DE82104A479ADF65891D599B35-->  <ISMULTIRECORD><![CDATA[Y]]></ISMULTIRECORD>
<!--F06B70DE82104A479ADF65891D599B35-->  <IS_EXPLICIT_ACCESS><![CDATA[N]]></IS_EXPLICIT_ACCESS>
<!--F06B70DE82104A479ADF65891D599B35-->  <ISGRIDLEGACY><![CDATA[Y]]></ISGRIDLEGACY>
<!--F06B70DE82104A479ADF65891D599B35-->  <ISCANADDRECORDSTOSELECTOR><![CDATA[N]]></ISCANADDRECORDSTOSELECTOR>
<!--F06B70DE82104A479ADF65891D599B35--></OBUIAPP_PROCESS>

</data>
