<?xml version="1.0" encoding="UTF-8"?>
<data>
<!--0131F468D18F47BE9CBEA72AE842C150--><OBUISEL_SELECTOR_FIELD>
<!--0131F468D18F47BE9CBEA72AE842C150-->  <OBUISEL_SELECTOR_FIELD_ID><![CDATA[0131F468D18F47BE9CBEA72AE842C150]]></OBUISEL_SELECTOR_FIELD_ID>
<!--0131F468D18F47BE9CBEA72AE842C150-->  <OBUISEL_SELECTOR_ID><![CDATA[B2028F667F5340FE854CF990438290FD]]></OBUISEL_SELECTOR_ID>
<!--0131F468D18F47BE9CBEA72AE842C150-->  <AD_CLIENT_ID><![CDATA[0]]></AD_CLIENT_ID>
<!--0131F468D18F47BE9CBEA72AE842C150-->  <AD_ORG_ID><![CDATA[0]]></AD_ORG_ID>
<!--0131F468D18F47BE9CBEA72AE842C150-->  <AD_MODULE_ID><![CDATA[D5FD35D6C7604921BA951B7E0EEE5DC2]]></AD_MODULE_ID>
<!--0131F468D18F47BE9CBEA72AE842C150-->  <AD_COLUMN_ID><![CDATA[FE9166F7E07343BEB44B275382E76B34]]></AD_COLUMN_ID>
<!--0131F468D18F47BE9CBEA72AE842C150-->  <NAME><![CDATA[Faculty]]></NAME>
<!--0131F468D18F47BE9CBEA72AE842C150-->  <PROPERTY><![CDATA[faculty]]></PROPERTY>
<!--0131F468D18F47BE9CBEA72AE842C150-->  <ISCENTRALLYMAINTAINED><![CDATA[Y]]></ISCENTRALLYMAINTAINED>
<!--0131F468D18F47BE9CBEA72AE842C150-->  <SORT><![CDATA[Y]]></SORT>
<!--0131F468D18F47BE9CBEA72AE842C150-->  <FILTER><![CDATA[Y]]></FILTER>
<!--0131F468D18F47BE9CBEA72AE842C150-->  <SEARCHINSUGGESTIONBOX><![CDATA[N]]></SEARCHINSUGGESTIONBOX>
<!--0131F468D18F47BE9CBEA72AE842C150-->  <SHOWINGRID><![CDATA[N]]></SHOWINGRID>
<!--0131F468D18F47BE9CBEA72AE842C150-->  <SORTNO><![CDATA[0]]></SORTNO>
<!--0131F468D18F47BE9CBEA72AE842C150-->  <ISACTIVE><![CDATA[Y]]></ISACTIVE>
<!--0131F468D18F47BE9CBEA72AE842C150-->  <ISOUTFIELD><![CDATA[N]]></ISOUTFIELD>
<!--0131F468D18F47BE9CBEA72AE842C150-->  <SHOWINPICKLIST><![CDATA[N]]></SHOWINPICKLIST>
<!--0131F468D18F47BE9CBEA72AE842C150--></OBUISEL_SELECTOR_FIELD>

<!--013FCE57506B44B3A484CC1EA6011F50--><OBUISEL_SELECTOR_FIELD>
<!--013FCE57506B44B3A484CC1EA6011F50-->  <OBUISEL_SELECTOR_FIELD_ID><![CDATA[013FCE57506B44B3A484CC1EA6011F50]]></OBUISEL_SELECTOR_FIELD_ID>
<!--013FCE57506B44B3A484CC1EA6011F50-->  <OBUISEL_SELECTOR_ID><![CDATA[B2028F667F5340FE854CF990438290FD]]></OBUISEL_SELECTOR_ID>
<!--013FCE57506B44B3A484CC1EA6011F50-->  <AD_CLIENT_ID><![CDATA[0]]></AD_CLIENT_ID>
<!--013FCE57506B44B3A484CC1EA6011F50-->  <AD_ORG_ID><![CDATA[0]]></AD_ORG_ID>
<!--013FCE57506B44B3A484CC1EA6011F50-->  <AD_MODULE_ID><![CDATA[D5FD35D6C7604921BA951B7E0EEE5DC2]]></AD_MODULE_ID>
<!--013FCE57506B44B3A484CC1EA6011F50-->  <AD_COLUMN_ID><![CDATA[440CD4E7CEEF46B395B81AFE00122CDB]]></AD_COLUMN_ID>
<!--013FCE57506B44B3A484CC1EA6011F50-->  <NAME><![CDATA[Accreditation]]></NAME>
<!--013FCE57506B44B3A484CC1EA6011F50-->  <PROPERTY><![CDATA[accreditation]]></PROPERTY>
<!--013FCE57506B44B3A484CC1EA6011F50-->  <ISCENTRALLYMAINTAINED><![CDATA[Y]]></ISCENTRALLYMAINTAINED>
<!--013FCE57506B44B3A484CC1EA6011F50-->  <SORT><![CDATA[Y]]></SORT>
<!--013FCE57506B44B3A484CC1EA6011F50-->  <FILTER><![CDATA[Y]]></FILTER>
<!--013FCE57506B44B3A484CC1EA6011F50-->  <SEARCHINSUGGESTIONBOX><![CDATA[N]]></SEARCHINSUGGESTIONBOX>
<!--013FCE57506B44B3A484CC1EA6011F50-->  <SHOWINGRID><![CDATA[N]]></SHOWINGRID>
<!--013FCE57506B44B3A484CC1EA6011F50-->  <SORTNO><![CDATA[0]]></SORTNO>
<!--013FCE57506B44B3A484CC1EA6011F50-->  <ISACTIVE><![CDATA[Y]]></ISACTIVE>
<!--013FCE57506B44B3A484CC1EA6011F50-->  <ISOUTFIELD><![CDATA[N]]></ISOUTFIELD>
<!--013FCE57506B44B3A484CC1EA6011F50-->  <SHOWINPICKLIST><![CDATA[N]]></SHOWINPICKLIST>
<!--013FCE57506B44B3A484CC1EA6011F50--></OBUISEL_SELECTOR_FIELD>

<!--07A190F56EFC4334A2D5DA639C62E123--><OBUISEL_SELECTOR_FIELD>
<!--07A190F56EFC4334A2D5DA639C62E123-->  <OBUISEL_SELECTOR_FIELD_ID><![CDATA[07A190F56EFC4334A2D5DA639C62E123]]></OBUISEL_SELECTOR_FIELD_ID>
<!--07A190F56EFC4334A2D5DA639C62E123-->  <OBUISEL_SELECTOR_ID><![CDATA[5EBAA59B7A934EE48666F4708D4335C9]]></OBUISEL_SELECTOR_ID>
<!--07A190F56EFC4334A2D5DA639C62E123-->  <AD_CLIENT_ID><![CDATA[0]]></AD_CLIENT_ID>
<!--07A190F56EFC4334A2D5DA639C62E123-->  <AD_ORG_ID><![CDATA[0]]></AD_ORG_ID>
<!--07A190F56EFC4334A2D5DA639C62E123-->  <AD_MODULE_ID><![CDATA[D5FD35D6C7604921BA951B7E0EEE5DC2]]></AD_MODULE_ID>
<!--07A190F56EFC4334A2D5DA639C62E123-->  <AD_COLUMN_ID><![CDATA[2901]]></AD_COLUMN_ID>
<!--07A190F56EFC4334A2D5DA639C62E123-->  <NAME><![CDATA[Search Key]]></NAME>
<!--07A190F56EFC4334A2D5DA639C62E123-->  <DESCRIPTION><![CDATA[A fast method for finding a particular record.]]></DESCRIPTION>
<!--07A190F56EFC4334A2D5DA639C62E123-->  <HELP><![CDATA[A search key allows for a fast method of finding a particular record. If you leave the search key empty, the system automatically creates a numeric number originating from a document sequence defined in the  "Document Sequence" window. The sequence naming convention follows a rule "DocumentNo_TableName", where TableName is the actual name of the database table (e.g. C_Order).

Usually, company's internal identifiers for various records (products, customers, etc) are stored here.]]></HELP>
<!--07A190F56EFC4334A2D5DA639C62E123-->  <PROPERTY><![CDATA[searchKey]]></PROPERTY>
<!--07A190F56EFC4334A2D5DA639C62E123-->  <ISCENTRALLYMAINTAINED><![CDATA[Y]]></ISCENTRALLYMAINTAINED>
<!--07A190F56EFC4334A2D5DA639C62E123-->  <SORT><![CDATA[Y]]></SORT>
<!--07A190F56EFC4334A2D5DA639C62E123-->  <FILTER><![CDATA[Y]]></FILTER>
<!--07A190F56EFC4334A2D5DA639C62E123-->  <SEARCHINSUGGESTIONBOX><![CDATA[Y]]></SEARCHINSUGGESTIONBOX>
<!--07A190F56EFC4334A2D5DA639C62E123-->  <SHOWINGRID><![CDATA[Y]]></SHOWINGRID>
<!--07A190F56EFC4334A2D5DA639C62E123-->  <SORTNO><![CDATA[0]]></SORTNO>
<!--07A190F56EFC4334A2D5DA639C62E123-->  <ISACTIVE><![CDATA[Y]]></ISACTIVE>
<!--07A190F56EFC4334A2D5DA639C62E123-->  <ISOUTFIELD><![CDATA[N]]></ISOUTFIELD>
<!--07A190F56EFC4334A2D5DA639C62E123-->  <SHOWINPICKLIST><![CDATA[Y]]></SHOWINPICKLIST>
<!--07A190F56EFC4334A2D5DA639C62E123--></OBUISEL_SELECTOR_FIELD>

<!--07DA58DA478D40A0A011352A54A14D68--><OBUISEL_SELECTOR_FIELD>
<!--07DA58DA478D40A0A011352A54A14D68-->  <OBUISEL_SELECTOR_FIELD_ID><![CDATA[07DA58DA478D40A0A011352A54A14D68]]></OBUISEL_SELECTOR_FIELD_ID>
<!--07DA58DA478D40A0A011352A54A14D68-->  <OBUISEL_SELECTOR_ID><![CDATA[B8F17B363B704D6092992905F52DCEA6]]></OBUISEL_SELECTOR_ID>
<!--07DA58DA478D40A0A011352A54A14D68-->  <AD_CLIENT_ID><![CDATA[0]]></AD_CLIENT_ID>
<!--07DA58DA478D40A0A011352A54A14D68-->  <AD_ORG_ID><![CDATA[0]]></AD_ORG_ID>
<!--07DA58DA478D40A0A011352A54A14D68-->  <AD_MODULE_ID><![CDATA[D5FD35D6C7604921BA951B7E0EEE5DC2]]></AD_MODULE_ID>
<!--07DA58DA478D40A0A011352A54A14D68-->  <AD_COLUMN_ID><![CDATA[2902]]></AD_COLUMN_ID>
<!--07DA58DA478D40A0A011352A54A14D68-->  <NAME><![CDATA[Commercial Name]]></NAME>
<!--07DA58DA478D40A0A011352A54A14D68-->  <DESCRIPTION><![CDATA[Commercial Name of the Business Partner]]></DESCRIPTION>
<!--07DA58DA478D40A0A011352A54A14D68-->  <HELP><![CDATA[Commercial Name of the Business Partner]]></HELP>
<!--07DA58DA478D40A0A011352A54A14D68-->  <PROPERTY><![CDATA[name]]></PROPERTY>
<!--07DA58DA478D40A0A011352A54A14D68-->  <ISCENTRALLYMAINTAINED><![CDATA[Y]]></ISCENTRALLYMAINTAINED>
<!--07DA58DA478D40A0A011352A54A14D68-->  <SORT><![CDATA[Y]]></SORT>
<!--07DA58DA478D40A0A011352A54A14D68-->  <FILTER><![CDATA[Y]]></FILTER>
<!--07DA58DA478D40A0A011352A54A14D68-->  <SEARCHINSUGGESTIONBOX><![CDATA[Y]]></SEARCHINSUGGESTIONBOX>
<!--07DA58DA478D40A0A011352A54A14D68-->  <SHOWINGRID><![CDATA[Y]]></SHOWINGRID>
<!--07DA58DA478D40A0A011352A54A14D68-->  <SORTNO><![CDATA[10]]></SORTNO>
<!--07DA58DA478D40A0A011352A54A14D68-->  <ISACTIVE><![CDATA[Y]]></ISACTIVE>
<!--07DA58DA478D40A0A011352A54A14D68-->  <ISOUTFIELD><![CDATA[N]]></ISOUTFIELD>
<!--07DA58DA478D40A0A011352A54A14D68-->  <SHOWINPICKLIST><![CDATA[Y]]></SHOWINPICKLIST>
<!--07DA58DA478D40A0A011352A54A14D68--></OBUISEL_SELECTOR_FIELD>

<!--0A56F3B2713A42E69F4D063158EE18E3--><OBUISEL_SELECTOR_FIELD>
<!--0A56F3B2713A42E69F4D063158EE18E3-->  <OBUISEL_SELECTOR_FIELD_ID><![CDATA[0A56F3B2713A42E69F4D063158EE18E3]]></OBUISEL_SELECTOR_FIELD_ID>
<!--0A56F3B2713A42E69F4D063158EE18E3-->  <OBUISEL_SELECTOR_ID><![CDATA[B2028F667F5340FE854CF990438290FD]]></OBUISEL_SELECTOR_ID>
<!--0A56F3B2713A42E69F4D063158EE18E3-->  <AD_CLIENT_ID><![CDATA[0]]></AD_CLIENT_ID>
<!--0A56F3B2713A42E69F4D063158EE18E3-->  <AD_ORG_ID><![CDATA[0]]></AD_ORG_ID>
<!--0A56F3B2713A42E69F4D063158EE18E3-->  <AD_MODULE_ID><![CDATA[D5FD35D6C7604921BA951B7E0EEE5DC2]]></AD_MODULE_ID>
<!--0A56F3B2713A42E69F4D063158EE18E3-->  <AD_COLUMN_ID><![CDATA[CE1046990E40486EB9F08B43FE4A32FB]]></AD_COLUMN_ID>
<!--0A56F3B2713A42E69F4D063158EE18E3-->  <NAME><![CDATA[Education Level]]></NAME>
<!--0A56F3B2713A42E69F4D063158EE18E3-->  <PROPERTY><![CDATA[educationLevel]]></PROPERTY>
<!--0A56F3B2713A42E69F4D063158EE18E3-->  <ISCENTRALLYMAINTAINED><![CDATA[Y]]></ISCENTRALLYMAINTAINED>
<!--0A56F3B2713A42E69F4D063158EE18E3-->  <SORT><![CDATA[Y]]></SORT>
<!--0A56F3B2713A42E69F4D063158EE18E3-->  <FILTER><![CDATA[Y]]></FILTER>
<!--0A56F3B2713A42E69F4D063158EE18E3-->  <SEARCHINSUGGESTIONBOX><![CDATA[N]]></SEARCHINSUGGESTIONBOX>
<!--0A56F3B2713A42E69F4D063158EE18E3-->  <SHOWINGRID><![CDATA[N]]></SHOWINGRID>
<!--0A56F3B2713A42E69F4D063158EE18E3-->  <SORTNO><![CDATA[0]]></SORTNO>
<!--0A56F3B2713A42E69F4D063158EE18E3-->  <ISACTIVE><![CDATA[Y]]></ISACTIVE>
<!--0A56F3B2713A42E69F4D063158EE18E3-->  <ISOUTFIELD><![CDATA[N]]></ISOUTFIELD>
<!--0A56F3B2713A42E69F4D063158EE18E3-->  <SHOWINPICKLIST><![CDATA[N]]></SHOWINPICKLIST>
<!--0A56F3B2713A42E69F4D063158EE18E3--></OBUISEL_SELECTOR_FIELD>

<!--0C19BCE6B8FD4C8C869EA4F85DDF5150--><OBUISEL_SELECTOR_FIELD>
<!--0C19BCE6B8FD4C8C869EA4F85DDF5150-->  <OBUISEL_SELECTOR_FIELD_ID><![CDATA[0C19BCE6B8FD4C8C869EA4F85DDF5150]]></OBUISEL_SELECTOR_FIELD_ID>
<!--0C19BCE6B8FD4C8C869EA4F85DDF5150-->  <OBUISEL_SELECTOR_ID><![CDATA[9389B82D420249FCABB3032D0B118059]]></OBUISEL_SELECTOR_ID>
<!--0C19BCE6B8FD4C8C869EA4F85DDF5150-->  <AD_CLIENT_ID><![CDATA[0]]></AD_CLIENT_ID>
<!--0C19BCE6B8FD4C8C869EA4F85DDF5150-->  <AD_ORG_ID><![CDATA[0]]></AD_ORG_ID>
<!--0C19BCE6B8FD4C8C869EA4F85DDF5150-->  <AD_MODULE_ID><![CDATA[D5FD35D6C7604921BA951B7E0EEE5DC2]]></AD_MODULE_ID>
<!--0C19BCE6B8FD4C8C869EA4F85DDF5150-->  <AD_COLUMN_ID><![CDATA[2901]]></AD_COLUMN_ID>
<!--0C19BCE6B8FD4C8C869EA4F85DDF5150-->  <NAME><![CDATA[Search Key]]></NAME>
<!--0C19BCE6B8FD4C8C869EA4F85DDF5150-->  <PROPERTY><![CDATA[searchKey]]></PROPERTY>
<!--0C19BCE6B8FD4C8C869EA4F85DDF5150-->  <ISCENTRALLYMAINTAINED><![CDATA[N]]></ISCENTRALLYMAINTAINED>
<!--0C19BCE6B8FD4C8C869EA4F85DDF5150-->  <SORT><![CDATA[Y]]></SORT>
<!--0C19BCE6B8FD4C8C869EA4F85DDF5150-->  <FILTER><![CDATA[Y]]></FILTER>
<!--0C19BCE6B8FD4C8C869EA4F85DDF5150-->  <SEARCHINSUGGESTIONBOX><![CDATA[N]]></SEARCHINSUGGESTIONBOX>
<!--0C19BCE6B8FD4C8C869EA4F85DDF5150-->  <SHOWINGRID><![CDATA[Y]]></SHOWINGRID>
<!--0C19BCE6B8FD4C8C869EA4F85DDF5150-->  <SORTNO><![CDATA[0]]></SORTNO>
<!--0C19BCE6B8FD4C8C869EA4F85DDF5150-->  <ISACTIVE><![CDATA[Y]]></ISACTIVE>
<!--0C19BCE6B8FD4C8C869EA4F85DDF5150-->  <ISOUTFIELD><![CDATA[N]]></ISOUTFIELD>
<!--0C19BCE6B8FD4C8C869EA4F85DDF5150-->  <SHOWINPICKLIST><![CDATA[N]]></SHOWINPICKLIST>
<!--0C19BCE6B8FD4C8C869EA4F85DDF5150--></OBUISEL_SELECTOR_FIELD>

<!--0F0530454C414159A4B7AD308AD9117F--><OBUISEL_SELECTOR_FIELD>
<!--0F0530454C414159A4B7AD308AD9117F-->  <OBUISEL_SELECTOR_FIELD_ID><![CDATA[0F0530454C414159A4B7AD308AD9117F]]></OBUISEL_SELECTOR_FIELD_ID>
<!--0F0530454C414159A4B7AD308AD9117F-->  <OBUISEL_SELECTOR_ID><![CDATA[9EAD956AF70145DDAC2324C0896807B0]]></OBUISEL_SELECTOR_ID>
<!--0F0530454C414159A4B7AD308AD9117F-->  <AD_CLIENT_ID><![CDATA[0]]></AD_CLIENT_ID>
<!--0F0530454C414159A4B7AD308AD9117F-->  <AD_ORG_ID><![CDATA[0]]></AD_ORG_ID>
<!--0F0530454C414159A4B7AD308AD9117F-->  <AD_MODULE_ID><![CDATA[D5FD35D6C7604921BA951B7E0EEE5DC2]]></AD_MODULE_ID>
<!--0F0530454C414159A4B7AD308AD9117F-->  <NAME><![CDATA[Search Key]]></NAME>
<!--0F0530454C414159A4B7AD308AD9117F-->  <PROPERTY><![CDATA[searchKeysearchKey]]></PROPERTY>
<!--0F0530454C414159A4B7AD308AD9117F-->  <ISCENTRALLYMAINTAINED><![CDATA[Y]]></ISCENTRALLYMAINTAINED>
<!--0F0530454C414159A4B7AD308AD9117F-->  <SORT><![CDATA[Y]]></SORT>
<!--0F0530454C414159A4B7AD308AD9117F-->  <FILTER><![CDATA[Y]]></FILTER>
<!--0F0530454C414159A4B7AD308AD9117F-->  <SEARCHINSUGGESTIONBOX><![CDATA[Y]]></SEARCHINSUGGESTIONBOX>
<!--0F0530454C414159A4B7AD308AD9117F-->  <SHOWINGRID><![CDATA[Y]]></SHOWINGRID>
<!--0F0530454C414159A4B7AD308AD9117F-->  <SORTNO><![CDATA[10]]></SORTNO>
<!--0F0530454C414159A4B7AD308AD9117F-->  <ISACTIVE><![CDATA[Y]]></ISACTIVE>
<!--0F0530454C414159A4B7AD308AD9117F-->  <ISOUTFIELD><![CDATA[N]]></ISOUTFIELD>
<!--0F0530454C414159A4B7AD308AD9117F-->  <SHOWINPICKLIST><![CDATA[Y]]></SHOWINPICKLIST>
<!--0F0530454C414159A4B7AD308AD9117F--></OBUISEL_SELECTOR_FIELD>

<!--19CBA3AABD66482C8D05A5E3EAC34ACB--><OBUISEL_SELECTOR_FIELD>
<!--19CBA3AABD66482C8D05A5E3EAC34ACB-->  <OBUISEL_SELECTOR_FIELD_ID><![CDATA[19CBA3AABD66482C8D05A5E3EAC34ACB]]></OBUISEL_SELECTOR_FIELD_ID>
<!--19CBA3AABD66482C8D05A5E3EAC34ACB-->  <OBUISEL_SELECTOR_ID><![CDATA[FE3C75767E73415B9E799EDB9EAF8092]]></OBUISEL_SELECTOR_ID>
<!--19CBA3AABD66482C8D05A5E3EAC34ACB-->  <AD_CLIENT_ID><![CDATA[0]]></AD_CLIENT_ID>
<!--19CBA3AABD66482C8D05A5E3EAC34ACB-->  <AD_ORG_ID><![CDATA[0]]></AD_ORG_ID>
<!--19CBA3AABD66482C8D05A5E3EAC34ACB-->  <AD_MODULE_ID><![CDATA[D5FD35D6C7604921BA951B7E0EEE5DC2]]></AD_MODULE_ID>
<!--19CBA3AABD66482C8D05A5E3EAC34ACB-->  <AD_COLUMN_ID><![CDATA[DF3514B98AA44988A0D0C2D38AE15073]]></AD_COLUMN_ID>
<!--19CBA3AABD66482C8D05A5E3EAC34ACB-->  <NAME><![CDATA[Insured]]></NAME>
<!--19CBA3AABD66482C8D05A5E3EAC34ACB-->  <DESCRIPTION><![CDATA[this field is indicate that this family member is insured by employee]]></DESCRIPTION>
<!--19CBA3AABD66482C8D05A5E3EAC34ACB-->  <HELP><![CDATA[this field is indicate that this family member is insured by employee]]></HELP>
<!--19CBA3AABD66482C8D05A5E3EAC34ACB-->  <PROPERTY><![CDATA[insured]]></PROPERTY>
<!--19CBA3AABD66482C8D05A5E3EAC34ACB-->  <ISCENTRALLYMAINTAINED><![CDATA[Y]]></ISCENTRALLYMAINTAINED>
<!--19CBA3AABD66482C8D05A5E3EAC34ACB-->  <SORT><![CDATA[Y]]></SORT>
<!--19CBA3AABD66482C8D05A5E3EAC34ACB-->  <FILTER><![CDATA[Y]]></FILTER>
<!--19CBA3AABD66482C8D05A5E3EAC34ACB-->  <SEARCHINSUGGESTIONBOX><![CDATA[N]]></SEARCHINSUGGESTIONBOX>
<!--19CBA3AABD66482C8D05A5E3EAC34ACB-->  <SHOWINGRID><![CDATA[Y]]></SHOWINGRID>
<!--19CBA3AABD66482C8D05A5E3EAC34ACB-->  <SORTNO><![CDATA[0]]></SORTNO>
<!--19CBA3AABD66482C8D05A5E3EAC34ACB-->  <ISACTIVE><![CDATA[Y]]></ISACTIVE>
<!--19CBA3AABD66482C8D05A5E3EAC34ACB-->  <ISOUTFIELD><![CDATA[N]]></ISOUTFIELD>
<!--19CBA3AABD66482C8D05A5E3EAC34ACB-->  <DISPLAY_EXPRESSION><![CDATA[Is Dependent]]></DISPLAY_EXPRESSION>
<!--19CBA3AABD66482C8D05A5E3EAC34ACB-->  <SHOWINPICKLIST><![CDATA[N]]></SHOWINPICKLIST>
<!--19CBA3AABD66482C8D05A5E3EAC34ACB--></OBUISEL_SELECTOR_FIELD>

<!--291A6E56168544F8BDA312D808008159--><OBUISEL_SELECTOR_FIELD>
<!--291A6E56168544F8BDA312D808008159-->  <OBUISEL_SELECTOR_FIELD_ID><![CDATA[291A6E56168544F8BDA312D808008159]]></OBUISEL_SELECTOR_FIELD_ID>
<!--291A6E56168544F8BDA312D808008159-->  <OBUISEL_SELECTOR_ID><![CDATA[1560F335C60A40DD9E412E754D13406B]]></OBUISEL_SELECTOR_ID>
<!--291A6E56168544F8BDA312D808008159-->  <AD_CLIENT_ID><![CDATA[0]]></AD_CLIENT_ID>
<!--291A6E56168544F8BDA312D808008159-->  <AD_ORG_ID><![CDATA[0]]></AD_ORG_ID>
<!--291A6E56168544F8BDA312D808008159-->  <AD_MODULE_ID><![CDATA[D5FD35D6C7604921BA951B7E0EEE5DC2]]></AD_MODULE_ID>
<!--291A6E56168544F8BDA312D808008159-->  <AD_COLUMN_ID><![CDATA[6E4B881D161F4A518FCF5E806BA690D3]]></AD_COLUMN_ID>
<!--291A6E56168544F8BDA312D808008159-->  <NAME><![CDATA[Manufacturing Cost Center]]></NAME>
<!--291A6E56168544F8BDA312D808008159-->  <PROPERTY><![CDATA[hrisCostcenter]]></PROPERTY>
<!--291A6E56168544F8BDA312D808008159-->  <ISCENTRALLYMAINTAINED><![CDATA[Y]]></ISCENTRALLYMAINTAINED>
<!--291A6E56168544F8BDA312D808008159-->  <SORT><![CDATA[Y]]></SORT>
<!--291A6E56168544F8BDA312D808008159-->  <FILTER><![CDATA[Y]]></FILTER>
<!--291A6E56168544F8BDA312D808008159-->  <SEARCHINSUGGESTIONBOX><![CDATA[N]]></SEARCHINSUGGESTIONBOX>
<!--291A6E56168544F8BDA312D808008159-->  <SHOWINGRID><![CDATA[Y]]></SHOWINGRID>
<!--291A6E56168544F8BDA312D808008159-->  <SORTNO><![CDATA[30]]></SORTNO>
<!--291A6E56168544F8BDA312D808008159-->  <ISACTIVE><![CDATA[Y]]></ISACTIVE>
<!--291A6E56168544F8BDA312D808008159-->  <ISOUTFIELD><![CDATA[N]]></ISOUTFIELD>
<!--291A6E56168544F8BDA312D808008159-->  <SHOWINPICKLIST><![CDATA[N]]></SHOWINPICKLIST>
<!--291A6E56168544F8BDA312D808008159--></OBUISEL_SELECTOR_FIELD>

<!--3C55900807564F488CE4B158BA1EB51D--><OBUISEL_SELECTOR_FIELD>
<!--3C55900807564F488CE4B158BA1EB51D-->  <OBUISEL_SELECTOR_FIELD_ID><![CDATA[3C55900807564F488CE4B158BA1EB51D]]></OBUISEL_SELECTOR_FIELD_ID>
<!--3C55900807564F488CE4B158BA1EB51D-->  <OBUISEL_SELECTOR_ID><![CDATA[1560F335C60A40DD9E412E754D13406B]]></OBUISEL_SELECTOR_ID>
<!--3C55900807564F488CE4B158BA1EB51D-->  <AD_CLIENT_ID><![CDATA[0]]></AD_CLIENT_ID>
<!--3C55900807564F488CE4B158BA1EB51D-->  <AD_ORG_ID><![CDATA[0]]></AD_ORG_ID>
<!--3C55900807564F488CE4B158BA1EB51D-->  <AD_MODULE_ID><![CDATA[D5FD35D6C7604921BA951B7E0EEE5DC2]]></AD_MODULE_ID>
<!--3C55900807564F488CE4B158BA1EB51D-->  <AD_COLUMN_ID><![CDATA[6CCBA685C38F454A93A62425AFCDC082]]></AD_COLUMN_ID>
<!--3C55900807564F488CE4B158BA1EB51D-->  <NAME><![CDATA[Site]]></NAME>
<!--3C55900807564F488CE4B158BA1EB51D-->  <PROPERTY><![CDATA[hrisSite]]></PROPERTY>
<!--3C55900807564F488CE4B158BA1EB51D-->  <ISCENTRALLYMAINTAINED><![CDATA[Y]]></ISCENTRALLYMAINTAINED>
<!--3C55900807564F488CE4B158BA1EB51D-->  <SORT><![CDATA[Y]]></SORT>
<!--3C55900807564F488CE4B158BA1EB51D-->  <FILTER><![CDATA[Y]]></FILTER>
<!--3C55900807564F488CE4B158BA1EB51D-->  <SEARCHINSUGGESTIONBOX><![CDATA[N]]></SEARCHINSUGGESTIONBOX>
<!--3C55900807564F488CE4B158BA1EB51D-->  <SHOWINGRID><![CDATA[Y]]></SHOWINGRID>
<!--3C55900807564F488CE4B158BA1EB51D-->  <SORTNO><![CDATA[40]]></SORTNO>
<!--3C55900807564F488CE4B158BA1EB51D-->  <ISACTIVE><![CDATA[Y]]></ISACTIVE>
<!--3C55900807564F488CE4B158BA1EB51D-->  <ISOUTFIELD><![CDATA[N]]></ISOUTFIELD>
<!--3C55900807564F488CE4B158BA1EB51D-->  <SHOWINPICKLIST><![CDATA[N]]></SHOWINPICKLIST>
<!--3C55900807564F488CE4B158BA1EB51D--></OBUISEL_SELECTOR_FIELD>

<!--422DC71833CE4434A2EFF754DFCAF909--><OBUISEL_SELECTOR_FIELD>
<!--422DC71833CE4434A2EFF754DFCAF909-->  <OBUISEL_SELECTOR_FIELD_ID><![CDATA[422DC71833CE4434A2EFF754DFCAF909]]></OBUISEL_SELECTOR_FIELD_ID>
<!--422DC71833CE4434A2EFF754DFCAF909-->  <OBUISEL_SELECTOR_ID><![CDATA[1560F335C60A40DD9E412E754D13406B]]></OBUISEL_SELECTOR_ID>
<!--422DC71833CE4434A2EFF754DFCAF909-->  <AD_CLIENT_ID><![CDATA[0]]></AD_CLIENT_ID>
<!--422DC71833CE4434A2EFF754DFCAF909-->  <AD_ORG_ID><![CDATA[0]]></AD_ORG_ID>
<!--422DC71833CE4434A2EFF754DFCAF909-->  <AD_MODULE_ID><![CDATA[D5FD35D6C7604921BA951B7E0EEE5DC2]]></AD_MODULE_ID>
<!--422DC71833CE4434A2EFF754DFCAF909-->  <AD_COLUMN_ID><![CDATA[2901]]></AD_COLUMN_ID>
<!--422DC71833CE4434A2EFF754DFCAF909-->  <NAME><![CDATA[Search Key]]></NAME>
<!--422DC71833CE4434A2EFF754DFCAF909-->  <DESCRIPTION><![CDATA[A fast method for finding a particular record.]]></DESCRIPTION>
<!--422DC71833CE4434A2EFF754DFCAF909-->  <HELP><![CDATA[A search key allows for a fast method of finding a particular record. If you leave the search key empty, the system automatically creates a numeric number originating from a document sequence defined in the  "Document Sequence" window. The sequence naming convention follows a rule "DocumentNo_TableName", where TableName is the actual name of the database table (e.g. C_Order).

Usually, company's internal identifiers for various records (products, customers, etc) are stored here.]]></HELP>
<!--422DC71833CE4434A2EFF754DFCAF909-->  <PROPERTY><![CDATA[searchKey]]></PROPERTY>
<!--422DC71833CE4434A2EFF754DFCAF909-->  <ISCENTRALLYMAINTAINED><![CDATA[Y]]></ISCENTRALLYMAINTAINED>
<!--422DC71833CE4434A2EFF754DFCAF909-->  <SORT><![CDATA[Y]]></SORT>
<!--422DC71833CE4434A2EFF754DFCAF909-->  <FILTER><![CDATA[Y]]></FILTER>
<!--422DC71833CE4434A2EFF754DFCAF909-->  <SEARCHINSUGGESTIONBOX><![CDATA[N]]></SEARCHINSUGGESTIONBOX>
<!--422DC71833CE4434A2EFF754DFCAF909-->  <SHOWINGRID><![CDATA[Y]]></SHOWINGRID>
<!--422DC71833CE4434A2EFF754DFCAF909-->  <SORTNO><![CDATA[10]]></SORTNO>
<!--422DC71833CE4434A2EFF754DFCAF909-->  <ISACTIVE><![CDATA[Y]]></ISACTIVE>
<!--422DC71833CE4434A2EFF754DFCAF909-->  <ISOUTFIELD><![CDATA[N]]></ISOUTFIELD>
<!--422DC71833CE4434A2EFF754DFCAF909-->  <SHOWINPICKLIST><![CDATA[N]]></SHOWINPICKLIST>
<!--422DC71833CE4434A2EFF754DFCAF909--></OBUISEL_SELECTOR_FIELD>

<!--4EB60768144946AA8DC769826358572E--><OBUISEL_SELECTOR_FIELD>
<!--4EB60768144946AA8DC769826358572E-->  <OBUISEL_SELECTOR_FIELD_ID><![CDATA[4EB60768144946AA8DC769826358572E]]></OBUISEL_SELECTOR_FIELD_ID>
<!--4EB60768144946AA8DC769826358572E-->  <OBUISEL_SELECTOR_ID><![CDATA[A21C7C7BDA5B4E438D9A29EE25D35E7D]]></OBUISEL_SELECTOR_ID>
<!--4EB60768144946AA8DC769826358572E-->  <AD_CLIENT_ID><![CDATA[0]]></AD_CLIENT_ID>
<!--4EB60768144946AA8DC769826358572E-->  <AD_ORG_ID><![CDATA[0]]></AD_ORG_ID>
<!--4EB60768144946AA8DC769826358572E-->  <AD_MODULE_ID><![CDATA[D5FD35D6C7604921BA951B7E0EEE5DC2]]></AD_MODULE_ID>
<!--4EB60768144946AA8DC769826358572E-->  <AD_COLUMN_ID><![CDATA[2902]]></AD_COLUMN_ID>
<!--4EB60768144946AA8DC769826358572E-->  <NAME><![CDATA[Commercial Name]]></NAME>
<!--4EB60768144946AA8DC769826358572E-->  <DESCRIPTION><![CDATA[Commercial Name of the Business Partner]]></DESCRIPTION>
<!--4EB60768144946AA8DC769826358572E-->  <HELP><![CDATA[Commercial Name of the Business Partner]]></HELP>
<!--4EB60768144946AA8DC769826358572E-->  <PROPERTY><![CDATA[name]]></PROPERTY>
<!--4EB60768144946AA8DC769826358572E-->  <ISCENTRALLYMAINTAINED><![CDATA[Y]]></ISCENTRALLYMAINTAINED>
<!--4EB60768144946AA8DC769826358572E-->  <SORT><![CDATA[Y]]></SORT>
<!--4EB60768144946AA8DC769826358572E-->  <FILTER><![CDATA[Y]]></FILTER>
<!--4EB60768144946AA8DC769826358572E-->  <SEARCHINSUGGESTIONBOX><![CDATA[Y]]></SEARCHINSUGGESTIONBOX>
<!--4EB60768144946AA8DC769826358572E-->  <SHOWINGRID><![CDATA[Y]]></SHOWINGRID>
<!--4EB60768144946AA8DC769826358572E-->  <SORTNO><![CDATA[32]]></SORTNO>
<!--4EB60768144946AA8DC769826358572E-->  <ISACTIVE><![CDATA[Y]]></ISACTIVE>
<!--4EB60768144946AA8DC769826358572E-->  <ISOUTFIELD><![CDATA[N]]></ISOUTFIELD>
<!--4EB60768144946AA8DC769826358572E-->  <SHOWINPICKLIST><![CDATA[Y]]></SHOWINPICKLIST>
<!--4EB60768144946AA8DC769826358572E--></OBUISEL_SELECTOR_FIELD>

<!--58293BCE7A7C4260BEBB1383841C333D--><OBUISEL_SELECTOR_FIELD>
<!--58293BCE7A7C4260BEBB1383841C333D-->  <OBUISEL_SELECTOR_FIELD_ID><![CDATA[58293BCE7A7C4260BEBB1383841C333D]]></OBUISEL_SELECTOR_FIELD_ID>
<!--58293BCE7A7C4260BEBB1383841C333D-->  <OBUISEL_SELECTOR_ID><![CDATA[9389B82D420249FCABB3032D0B118059]]></OBUISEL_SELECTOR_ID>
<!--58293BCE7A7C4260BEBB1383841C333D-->  <AD_CLIENT_ID><![CDATA[0]]></AD_CLIENT_ID>
<!--58293BCE7A7C4260BEBB1383841C333D-->  <AD_ORG_ID><![CDATA[0]]></AD_ORG_ID>
<!--58293BCE7A7C4260BEBB1383841C333D-->  <AD_MODULE_ID><![CDATA[D5FD35D6C7604921BA951B7E0EEE5DC2]]></AD_MODULE_ID>
<!--58293BCE7A7C4260BEBB1383841C333D-->  <AD_COLUMN_ID><![CDATA[5274965BB10543FEA996B84FB41184D6]]></AD_COLUMN_ID>
<!--58293BCE7A7C4260BEBB1383841C333D-->  <NAME><![CDATA[Position]]></NAME>
<!--58293BCE7A7C4260BEBB1383841C333D-->  <PROPERTY><![CDATA[hRISPosition]]></PROPERTY>
<!--58293BCE7A7C4260BEBB1383841C333D-->  <ISCENTRALLYMAINTAINED><![CDATA[N]]></ISCENTRALLYMAINTAINED>
<!--58293BCE7A7C4260BEBB1383841C333D-->  <SORT><![CDATA[Y]]></SORT>
<!--58293BCE7A7C4260BEBB1383841C333D-->  <FILTER><![CDATA[Y]]></FILTER>
<!--58293BCE7A7C4260BEBB1383841C333D-->  <SEARCHINSUGGESTIONBOX><![CDATA[N]]></SEARCHINSUGGESTIONBOX>
<!--58293BCE7A7C4260BEBB1383841C333D-->  <SHOWINGRID><![CDATA[Y]]></SHOWINGRID>
<!--58293BCE7A7C4260BEBB1383841C333D-->  <SORTNO><![CDATA[0]]></SORTNO>
<!--58293BCE7A7C4260BEBB1383841C333D-->  <ISACTIVE><![CDATA[Y]]></ISACTIVE>
<!--58293BCE7A7C4260BEBB1383841C333D-->  <ISOUTFIELD><![CDATA[N]]></ISOUTFIELD>
<!--58293BCE7A7C4260BEBB1383841C333D-->  <SHOWINPICKLIST><![CDATA[N]]></SHOWINPICKLIST>
<!--58293BCE7A7C4260BEBB1383841C333D--></OBUISEL_SELECTOR_FIELD>

<!--728B256B850842ED82270FBCEAF9A523--><OBUISEL_SELECTOR_FIELD>
<!--728B256B850842ED82270FBCEAF9A523-->  <OBUISEL_SELECTOR_FIELD_ID><![CDATA[728B256B850842ED82270FBCEAF9A523]]></OBUISEL_SELECTOR_FIELD_ID>
<!--728B256B850842ED82270FBCEAF9A523-->  <OBUISEL_SELECTOR_ID><![CDATA[9389B82D420249FCABB3032D0B118059]]></OBUISEL_SELECTOR_ID>
<!--728B256B850842ED82270FBCEAF9A523-->  <AD_CLIENT_ID><![CDATA[0]]></AD_CLIENT_ID>
<!--728B256B850842ED82270FBCEAF9A523-->  <AD_ORG_ID><![CDATA[0]]></AD_ORG_ID>
<!--728B256B850842ED82270FBCEAF9A523-->  <AD_MODULE_ID><![CDATA[D5FD35D6C7604921BA951B7E0EEE5DC2]]></AD_MODULE_ID>
<!--728B256B850842ED82270FBCEAF9A523-->  <AD_COLUMN_ID><![CDATA[33118B2BD45045A1A912F53411C3889D]]></AD_COLUMN_ID>
<!--728B256B850842ED82270FBCEAF9A523-->  <NAME><![CDATA[Job Title]]></NAME>
<!--728B256B850842ED82270FBCEAF9A523-->  <PROPERTY><![CDATA[hrisJobtitle]]></PROPERTY>
<!--728B256B850842ED82270FBCEAF9A523-->  <ISCENTRALLYMAINTAINED><![CDATA[N]]></ISCENTRALLYMAINTAINED>
<!--728B256B850842ED82270FBCEAF9A523-->  <SORT><![CDATA[Y]]></SORT>
<!--728B256B850842ED82270FBCEAF9A523-->  <FILTER><![CDATA[Y]]></FILTER>
<!--728B256B850842ED82270FBCEAF9A523-->  <SEARCHINSUGGESTIONBOX><![CDATA[N]]></SEARCHINSUGGESTIONBOX>
<!--728B256B850842ED82270FBCEAF9A523-->  <SHOWINGRID><![CDATA[Y]]></SHOWINGRID>
<!--728B256B850842ED82270FBCEAF9A523-->  <SORTNO><![CDATA[0]]></SORTNO>
<!--728B256B850842ED82270FBCEAF9A523-->  <ISACTIVE><![CDATA[Y]]></ISACTIVE>
<!--728B256B850842ED82270FBCEAF9A523-->  <ISOUTFIELD><![CDATA[N]]></ISOUTFIELD>
<!--728B256B850842ED82270FBCEAF9A523-->  <SHOWINPICKLIST><![CDATA[N]]></SHOWINPICKLIST>
<!--728B256B850842ED82270FBCEAF9A523--></OBUISEL_SELECTOR_FIELD>

<!--76B5D4E36BD94DAF9DEBFEB1F79721EC--><OBUISEL_SELECTOR_FIELD>
<!--76B5D4E36BD94DAF9DEBFEB1F79721EC-->  <OBUISEL_SELECTOR_FIELD_ID><![CDATA[76B5D4E36BD94DAF9DEBFEB1F79721EC]]></OBUISEL_SELECTOR_FIELD_ID>
<!--76B5D4E36BD94DAF9DEBFEB1F79721EC-->  <OBUISEL_SELECTOR_ID><![CDATA[B2028F667F5340FE854CF990438290FD]]></OBUISEL_SELECTOR_ID>
<!--76B5D4E36BD94DAF9DEBFEB1F79721EC-->  <AD_CLIENT_ID><![CDATA[0]]></AD_CLIENT_ID>
<!--76B5D4E36BD94DAF9DEBFEB1F79721EC-->  <AD_ORG_ID><![CDATA[0]]></AD_ORG_ID>
<!--76B5D4E36BD94DAF9DEBFEB1F79721EC-->  <AD_MODULE_ID><![CDATA[D5FD35D6C7604921BA951B7E0EEE5DC2]]></AD_MODULE_ID>
<!--76B5D4E36BD94DAF9DEBFEB1F79721EC-->  <AD_COLUMN_ID><![CDATA[83C91E943EC04AB3BB8AF75C8EA2F512]]></AD_COLUMN_ID>
<!--76B5D4E36BD94DAF9DEBFEB1F79721EC-->  <NAME><![CDATA[Name]]></NAME>
<!--76B5D4E36BD94DAF9DEBFEB1F79721EC-->  <DESCRIPTION><![CDATA[A non-unique identifier for a record/document often used as a search tool.]]></DESCRIPTION>
<!--76B5D4E36BD94DAF9DEBFEB1F79721EC-->  <HELP><![CDATA[A more descriptive identifier (that does need to be unique) of a record/document that is used as a default search option along with the search key (that is unique and mostly shorter). It is up to 60 characters in length.]]></HELP>
<!--76B5D4E36BD94DAF9DEBFEB1F79721EC-->  <PROPERTY><![CDATA[name]]></PROPERTY>
<!--76B5D4E36BD94DAF9DEBFEB1F79721EC-->  <ISCENTRALLYMAINTAINED><![CDATA[Y]]></ISCENTRALLYMAINTAINED>
<!--76B5D4E36BD94DAF9DEBFEB1F79721EC-->  <SORT><![CDATA[Y]]></SORT>
<!--76B5D4E36BD94DAF9DEBFEB1F79721EC-->  <FILTER><![CDATA[Y]]></FILTER>
<!--76B5D4E36BD94DAF9DEBFEB1F79721EC-->  <SEARCHINSUGGESTIONBOX><![CDATA[N]]></SEARCHINSUGGESTIONBOX>
<!--76B5D4E36BD94DAF9DEBFEB1F79721EC-->  <SHOWINGRID><![CDATA[N]]></SHOWINGRID>
<!--76B5D4E36BD94DAF9DEBFEB1F79721EC-->  <SORTNO><![CDATA[0]]></SORTNO>
<!--76B5D4E36BD94DAF9DEBFEB1F79721EC-->  <ISACTIVE><![CDATA[Y]]></ISACTIVE>
<!--76B5D4E36BD94DAF9DEBFEB1F79721EC-->  <ISOUTFIELD><![CDATA[N]]></ISOUTFIELD>
<!--76B5D4E36BD94DAF9DEBFEB1F79721EC-->  <SHOWINPICKLIST><![CDATA[N]]></SHOWINPICKLIST>
<!--76B5D4E36BD94DAF9DEBFEB1F79721EC--></OBUISEL_SELECTOR_FIELD>

<!--7BE65903345F4BF4A820C8CE2BC018BB--><OBUISEL_SELECTOR_FIELD>
<!--7BE65903345F4BF4A820C8CE2BC018BB-->  <OBUISEL_SELECTOR_FIELD_ID><![CDATA[7BE65903345F4BF4A820C8CE2BC018BB]]></OBUISEL_SELECTOR_FIELD_ID>
<!--7BE65903345F4BF4A820C8CE2BC018BB-->  <OBUISEL_SELECTOR_ID><![CDATA[9EAD956AF70145DDAC2324C0896807B0]]></OBUISEL_SELECTOR_ID>
<!--7BE65903345F4BF4A820C8CE2BC018BB-->  <AD_CLIENT_ID><![CDATA[0]]></AD_CLIENT_ID>
<!--7BE65903345F4BF4A820C8CE2BC018BB-->  <AD_ORG_ID><![CDATA[0]]></AD_ORG_ID>
<!--7BE65903345F4BF4A820C8CE2BC018BB-->  <AD_MODULE_ID><![CDATA[D5FD35D6C7604921BA951B7E0EEE5DC2]]></AD_MODULE_ID>
<!--7BE65903345F4BF4A820C8CE2BC018BB-->  <AD_COLUMN_ID><![CDATA[2902]]></AD_COLUMN_ID>
<!--7BE65903345F4BF4A820C8CE2BC018BB-->  <NAME><![CDATA[Commercial Name]]></NAME>
<!--7BE65903345F4BF4A820C8CE2BC018BB-->  <DESCRIPTION><![CDATA[Commercial Name of the Business Partner]]></DESCRIPTION>
<!--7BE65903345F4BF4A820C8CE2BC018BB-->  <HELP><![CDATA[Commercial Name of the Business Partner]]></HELP>
<!--7BE65903345F4BF4A820C8CE2BC018BB-->  <PROPERTY><![CDATA[name]]></PROPERTY>
<!--7BE65903345F4BF4A820C8CE2BC018BB-->  <ISCENTRALLYMAINTAINED><![CDATA[Y]]></ISCENTRALLYMAINTAINED>
<!--7BE65903345F4BF4A820C8CE2BC018BB-->  <SORT><![CDATA[Y]]></SORT>
<!--7BE65903345F4BF4A820C8CE2BC018BB-->  <FILTER><![CDATA[Y]]></FILTER>
<!--7BE65903345F4BF4A820C8CE2BC018BB-->  <SEARCHINSUGGESTIONBOX><![CDATA[Y]]></SEARCHINSUGGESTIONBOX>
<!--7BE65903345F4BF4A820C8CE2BC018BB-->  <SHOWINGRID><![CDATA[Y]]></SHOWINGRID>
<!--7BE65903345F4BF4A820C8CE2BC018BB-->  <SORTNO><![CDATA[20]]></SORTNO>
<!--7BE65903345F4BF4A820C8CE2BC018BB-->  <ISACTIVE><![CDATA[Y]]></ISACTIVE>
<!--7BE65903345F4BF4A820C8CE2BC018BB-->  <ISOUTFIELD><![CDATA[N]]></ISOUTFIELD>
<!--7BE65903345F4BF4A820C8CE2BC018BB-->  <SHOWINPICKLIST><![CDATA[Y]]></SHOWINPICKLIST>
<!--7BE65903345F4BF4A820C8CE2BC018BB--></OBUISEL_SELECTOR_FIELD>

<!--86CB9618366944CEA111B1D74B296711--><OBUISEL_SELECTOR_FIELD>
<!--86CB9618366944CEA111B1D74B296711-->  <OBUISEL_SELECTOR_FIELD_ID><![CDATA[86CB9618366944CEA111B1D74B296711]]></OBUISEL_SELECTOR_FIELD_ID>
<!--86CB9618366944CEA111B1D74B296711-->  <OBUISEL_SELECTOR_ID><![CDATA[FE3C75767E73415B9E799EDB9EAF8092]]></OBUISEL_SELECTOR_ID>
<!--86CB9618366944CEA111B1D74B296711-->  <AD_CLIENT_ID><![CDATA[0]]></AD_CLIENT_ID>
<!--86CB9618366944CEA111B1D74B296711-->  <AD_ORG_ID><![CDATA[0]]></AD_ORG_ID>
<!--86CB9618366944CEA111B1D74B296711-->  <AD_MODULE_ID><![CDATA[D5FD35D6C7604921BA951B7E0EEE5DC2]]></AD_MODULE_ID>
<!--86CB9618366944CEA111B1D74B296711-->  <AD_COLUMN_ID><![CDATA[B01DDC70B31C4BB5BB85D57F8D7C2EE6]]></AD_COLUMN_ID>
<!--86CB9618366944CEA111B1D74B296711-->  <NAME><![CDATA[Name]]></NAME>
<!--86CB9618366944CEA111B1D74B296711-->  <DESCRIPTION><![CDATA[A non-unique identifier for a record/document often used as a search tool.]]></DESCRIPTION>
<!--86CB9618366944CEA111B1D74B296711-->  <HELP><![CDATA[A more descriptive identifier (that does need to be unique) of a record/document that is used as a default search option along with the search key (that is unique and mostly shorter). It is up to 60 characters in length.]]></HELP>
<!--86CB9618366944CEA111B1D74B296711-->  <PROPERTY><![CDATA[name]]></PROPERTY>
<!--86CB9618366944CEA111B1D74B296711-->  <ISCENTRALLYMAINTAINED><![CDATA[Y]]></ISCENTRALLYMAINTAINED>
<!--86CB9618366944CEA111B1D74B296711-->  <SORT><![CDATA[Y]]></SORT>
<!--86CB9618366944CEA111B1D74B296711-->  <FILTER><![CDATA[Y]]></FILTER>
<!--86CB9618366944CEA111B1D74B296711-->  <SEARCHINSUGGESTIONBOX><![CDATA[N]]></SEARCHINSUGGESTIONBOX>
<!--86CB9618366944CEA111B1D74B296711-->  <SHOWINGRID><![CDATA[Y]]></SHOWINGRID>
<!--86CB9618366944CEA111B1D74B296711-->  <SORTNO><![CDATA[0]]></SORTNO>
<!--86CB9618366944CEA111B1D74B296711-->  <ISACTIVE><![CDATA[Y]]></ISACTIVE>
<!--86CB9618366944CEA111B1D74B296711-->  <ISOUTFIELD><![CDATA[N]]></ISOUTFIELD>
<!--86CB9618366944CEA111B1D74B296711-->  <DISPLAY_EXPRESSION><![CDATA[Dependent Name]]></DISPLAY_EXPRESSION>
<!--86CB9618366944CEA111B1D74B296711-->  <SHOWINPICKLIST><![CDATA[Y]]></SHOWINPICKLIST>
<!--86CB9618366944CEA111B1D74B296711--></OBUISEL_SELECTOR_FIELD>

<!--8BECEF016ACE40E2A30C129AE109B05D--><OBUISEL_SELECTOR_FIELD>
<!--8BECEF016ACE40E2A30C129AE109B05D-->  <OBUISEL_SELECTOR_FIELD_ID><![CDATA[8BECEF016ACE40E2A30C129AE109B05D]]></OBUISEL_SELECTOR_FIELD_ID>
<!--8BECEF016ACE40E2A30C129AE109B05D-->  <OBUISEL_SELECTOR_ID><![CDATA[B2028F667F5340FE854CF990438290FD]]></OBUISEL_SELECTOR_ID>
<!--8BECEF016ACE40E2A30C129AE109B05D-->  <AD_CLIENT_ID><![CDATA[0]]></AD_CLIENT_ID>
<!--8BECEF016ACE40E2A30C129AE109B05D-->  <AD_ORG_ID><![CDATA[0]]></AD_ORG_ID>
<!--8BECEF016ACE40E2A30C129AE109B05D-->  <AD_MODULE_ID><![CDATA[D5FD35D6C7604921BA951B7E0EEE5DC2]]></AD_MODULE_ID>
<!--8BECEF016ACE40E2A30C129AE109B05D-->  <AD_COLUMN_ID><![CDATA[BAD5F9E792054D94AEAB1649BE8105D9]]></AD_COLUMN_ID>
<!--8BECEF016ACE40E2A30C129AE109B05D-->  <NAME><![CDATA[Institution Name]]></NAME>
<!--8BECEF016ACE40E2A30C129AE109B05D-->  <PROPERTY><![CDATA[institutionname]]></PROPERTY>
<!--8BECEF016ACE40E2A30C129AE109B05D-->  <ISCENTRALLYMAINTAINED><![CDATA[Y]]></ISCENTRALLYMAINTAINED>
<!--8BECEF016ACE40E2A30C129AE109B05D-->  <SORT><![CDATA[Y]]></SORT>
<!--8BECEF016ACE40E2A30C129AE109B05D-->  <FILTER><![CDATA[Y]]></FILTER>
<!--8BECEF016ACE40E2A30C129AE109B05D-->  <SEARCHINSUGGESTIONBOX><![CDATA[N]]></SEARCHINSUGGESTIONBOX>
<!--8BECEF016ACE40E2A30C129AE109B05D-->  <SHOWINGRID><![CDATA[N]]></SHOWINGRID>
<!--8BECEF016ACE40E2A30C129AE109B05D-->  <SORTNO><![CDATA[0]]></SORTNO>
<!--8BECEF016ACE40E2A30C129AE109B05D-->  <ISACTIVE><![CDATA[Y]]></ISACTIVE>
<!--8BECEF016ACE40E2A30C129AE109B05D-->  <ISOUTFIELD><![CDATA[N]]></ISOUTFIELD>
<!--8BECEF016ACE40E2A30C129AE109B05D-->  <SHOWINPICKLIST><![CDATA[N]]></SHOWINPICKLIST>
<!--8BECEF016ACE40E2A30C129AE109B05D--></OBUISEL_SELECTOR_FIELD>

<!--95448FF19A0C41FF88D6716A7B227483--><OBUISEL_SELECTOR_FIELD>
<!--95448FF19A0C41FF88D6716A7B227483-->  <OBUISEL_SELECTOR_FIELD_ID><![CDATA[95448FF19A0C41FF88D6716A7B227483]]></OBUISEL_SELECTOR_FIELD_ID>
<!--95448FF19A0C41FF88D6716A7B227483-->  <OBUISEL_SELECTOR_ID><![CDATA[1560F335C60A40DD9E412E754D13406B]]></OBUISEL_SELECTOR_ID>
<!--95448FF19A0C41FF88D6716A7B227483-->  <AD_CLIENT_ID><![CDATA[0]]></AD_CLIENT_ID>
<!--95448FF19A0C41FF88D6716A7B227483-->  <AD_ORG_ID><![CDATA[0]]></AD_ORG_ID>
<!--95448FF19A0C41FF88D6716A7B227483-->  <AD_MODULE_ID><![CDATA[D5FD35D6C7604921BA951B7E0EEE5DC2]]></AD_MODULE_ID>
<!--95448FF19A0C41FF88D6716A7B227483-->  <AD_COLUMN_ID><![CDATA[2902]]></AD_COLUMN_ID>
<!--95448FF19A0C41FF88D6716A7B227483-->  <NAME><![CDATA[Commercial Name]]></NAME>
<!--95448FF19A0C41FF88D6716A7B227483-->  <DESCRIPTION><![CDATA[Commercial Name of the Business Partner]]></DESCRIPTION>
<!--95448FF19A0C41FF88D6716A7B227483-->  <HELP><![CDATA[Commercial Name of the Business Partner]]></HELP>
<!--95448FF19A0C41FF88D6716A7B227483-->  <PROPERTY><![CDATA[name]]></PROPERTY>
<!--95448FF19A0C41FF88D6716A7B227483-->  <ISCENTRALLYMAINTAINED><![CDATA[Y]]></ISCENTRALLYMAINTAINED>
<!--95448FF19A0C41FF88D6716A7B227483-->  <SORT><![CDATA[Y]]></SORT>
<!--95448FF19A0C41FF88D6716A7B227483-->  <FILTER><![CDATA[Y]]></FILTER>
<!--95448FF19A0C41FF88D6716A7B227483-->  <SEARCHINSUGGESTIONBOX><![CDATA[N]]></SEARCHINSUGGESTIONBOX>
<!--95448FF19A0C41FF88D6716A7B227483-->  <SHOWINGRID><![CDATA[Y]]></SHOWINGRID>
<!--95448FF19A0C41FF88D6716A7B227483-->  <SORTNO><![CDATA[5]]></SORTNO>
<!--95448FF19A0C41FF88D6716A7B227483-->  <ISACTIVE><![CDATA[Y]]></ISACTIVE>
<!--95448FF19A0C41FF88D6716A7B227483-->  <ISOUTFIELD><![CDATA[N]]></ISOUTFIELD>
<!--95448FF19A0C41FF88D6716A7B227483-->  <SHOWINPICKLIST><![CDATA[N]]></SHOWINPICKLIST>
<!--95448FF19A0C41FF88D6716A7B227483--></OBUISEL_SELECTOR_FIELD>

<!--9C479577219C44048331735033AAE22C--><OBUISEL_SELECTOR_FIELD>
<!--9C479577219C44048331735033AAE22C-->  <OBUISEL_SELECTOR_FIELD_ID><![CDATA[9C479577219C44048331735033AAE22C]]></OBUISEL_SELECTOR_FIELD_ID>
<!--9C479577219C44048331735033AAE22C-->  <OBUISEL_SELECTOR_ID><![CDATA[9EAD956AF70145DDAC2324C0896807B0]]></OBUISEL_SELECTOR_ID>
<!--9C479577219C44048331735033AAE22C-->  <AD_CLIENT_ID><![CDATA[0]]></AD_CLIENT_ID>
<!--9C479577219C44048331735033AAE22C-->  <AD_ORG_ID><![CDATA[0]]></AD_ORG_ID>
<!--9C479577219C44048331735033AAE22C-->  <AD_MODULE_ID><![CDATA[D5FD35D6C7604921BA951B7E0EEE5DC2]]></AD_MODULE_ID>
<!--9C479577219C44048331735033AAE22C-->  <AD_COLUMN_ID><![CDATA[4940]]></AD_COLUMN_ID>
<!--9C479577219C44048331735033AAE22C-->  <NAME><![CDATA[Business Partner Category]]></NAME>
<!--9C479577219C44048331735033AAE22C-->  <DESCRIPTION><![CDATA[A classification of business partners based on defined similarities.]]></DESCRIPTION>
<!--9C479577219C44048331735033AAE22C-->  <HELP><![CDATA[A way of grouping business partners together for classification and reporting purposes. Provides a method of defining certain defaults to be used when opening new business partners.]]></HELP>
<!--9C479577219C44048331735033AAE22C-->  <PROPERTY><![CDATA[businessPartnerCategory]]></PROPERTY>
<!--9C479577219C44048331735033AAE22C-->  <ISCENTRALLYMAINTAINED><![CDATA[Y]]></ISCENTRALLYMAINTAINED>
<!--9C479577219C44048331735033AAE22C-->  <SORT><![CDATA[Y]]></SORT>
<!--9C479577219C44048331735033AAE22C-->  <FILTER><![CDATA[Y]]></FILTER>
<!--9C479577219C44048331735033AAE22C-->  <SEARCHINSUGGESTIONBOX><![CDATA[Y]]></SEARCHINSUGGESTIONBOX>
<!--9C479577219C44048331735033AAE22C-->  <SHOWINGRID><![CDATA[Y]]></SHOWINGRID>
<!--9C479577219C44048331735033AAE22C-->  <SORTNO><![CDATA[30]]></SORTNO>
<!--9C479577219C44048331735033AAE22C-->  <ISACTIVE><![CDATA[Y]]></ISACTIVE>
<!--9C479577219C44048331735033AAE22C-->  <ISOUTFIELD><![CDATA[N]]></ISOUTFIELD>
<!--9C479577219C44048331735033AAE22C-->  <SHOWINPICKLIST><![CDATA[Y]]></SHOWINPICKLIST>
<!--9C479577219C44048331735033AAE22C--></OBUISEL_SELECTOR_FIELD>

<!--A902AA63BCC64623A225A0B2AC45E12F--><OBUISEL_SELECTOR_FIELD>
<!--A902AA63BCC64623A225A0B2AC45E12F-->  <OBUISEL_SELECTOR_FIELD_ID><![CDATA[A902AA63BCC64623A225A0B2AC45E12F]]></OBUISEL_SELECTOR_FIELD_ID>
<!--A902AA63BCC64623A225A0B2AC45E12F-->  <OBUISEL_SELECTOR_ID><![CDATA[E64194A0D7E346B99AB0C4FD1D92E6A1]]></OBUISEL_SELECTOR_ID>
<!--A902AA63BCC64623A225A0B2AC45E12F-->  <AD_CLIENT_ID><![CDATA[0]]></AD_CLIENT_ID>
<!--A902AA63BCC64623A225A0B2AC45E12F-->  <AD_ORG_ID><![CDATA[0]]></AD_ORG_ID>
<!--A902AA63BCC64623A225A0B2AC45E12F-->  <AD_MODULE_ID><![CDATA[D5FD35D6C7604921BA951B7E0EEE5DC2]]></AD_MODULE_ID>
<!--A902AA63BCC64623A225A0B2AC45E12F-->  <AD_COLUMN_ID><![CDATA[522]]></AD_COLUMN_ID>
<!--A902AA63BCC64623A225A0B2AC45E12F-->  <NAME><![CDATA[Name]]></NAME>
<!--A902AA63BCC64623A225A0B2AC45E12F-->  <DESCRIPTION><![CDATA[A non-unique identifier for a record/document often used as a search tool.]]></DESCRIPTION>
<!--A902AA63BCC64623A225A0B2AC45E12F-->  <HELP><![CDATA[A more descriptive identifier (that does need to be unique) of a record/document that is used as a default search option along with the search key (that is unique and mostly shorter). It is up to 60 characters in length.]]></HELP>
<!--A902AA63BCC64623A225A0B2AC45E12F-->  <PROPERTY><![CDATA[name]]></PROPERTY>
<!--A902AA63BCC64623A225A0B2AC45E12F-->  <ISCENTRALLYMAINTAINED><![CDATA[Y]]></ISCENTRALLYMAINTAINED>
<!--A902AA63BCC64623A225A0B2AC45E12F-->  <SORT><![CDATA[Y]]></SORT>
<!--A902AA63BCC64623A225A0B2AC45E12F-->  <FILTER><![CDATA[Y]]></FILTER>
<!--A902AA63BCC64623A225A0B2AC45E12F-->  <SEARCHINSUGGESTIONBOX><![CDATA[Y]]></SEARCHINSUGGESTIONBOX>
<!--A902AA63BCC64623A225A0B2AC45E12F-->  <SHOWINGRID><![CDATA[Y]]></SHOWINGRID>
<!--A902AA63BCC64623A225A0B2AC45E12F-->  <SORTNO><![CDATA[20]]></SORTNO>
<!--A902AA63BCC64623A225A0B2AC45E12F-->  <ISACTIVE><![CDATA[Y]]></ISACTIVE>
<!--A902AA63BCC64623A225A0B2AC45E12F-->  <ISOUTFIELD><![CDATA[N]]></ISOUTFIELD>
<!--A902AA63BCC64623A225A0B2AC45E12F-->  <SHOWINPICKLIST><![CDATA[Y]]></SHOWINPICKLIST>
<!--A902AA63BCC64623A225A0B2AC45E12F--></OBUISEL_SELECTOR_FIELD>

<!--AB2CCB296FA44DE6AC94BB3B3DFDC7D5--><OBUISEL_SELECTOR_FIELD>
<!--AB2CCB296FA44DE6AC94BB3B3DFDC7D5-->  <OBUISEL_SELECTOR_FIELD_ID><![CDATA[AB2CCB296FA44DE6AC94BB3B3DFDC7D5]]></OBUISEL_SELECTOR_FIELD_ID>
<!--AB2CCB296FA44DE6AC94BB3B3DFDC7D5-->  <OBUISEL_SELECTOR_ID><![CDATA[9389B82D420249FCABB3032D0B118059]]></OBUISEL_SELECTOR_ID>
<!--AB2CCB296FA44DE6AC94BB3B3DFDC7D5-->  <AD_CLIENT_ID><![CDATA[0]]></AD_CLIENT_ID>
<!--AB2CCB296FA44DE6AC94BB3B3DFDC7D5-->  <AD_ORG_ID><![CDATA[0]]></AD_ORG_ID>
<!--AB2CCB296FA44DE6AC94BB3B3DFDC7D5-->  <AD_MODULE_ID><![CDATA[D5FD35D6C7604921BA951B7E0EEE5DC2]]></AD_MODULE_ID>
<!--AB2CCB296FA44DE6AC94BB3B3DFDC7D5-->  <AD_COLUMN_ID><![CDATA[2902]]></AD_COLUMN_ID>
<!--AB2CCB296FA44DE6AC94BB3B3DFDC7D5-->  <NAME><![CDATA[Name]]></NAME>
<!--AB2CCB296FA44DE6AC94BB3B3DFDC7D5-->  <PROPERTY><![CDATA[name]]></PROPERTY>
<!--AB2CCB296FA44DE6AC94BB3B3DFDC7D5-->  <ISCENTRALLYMAINTAINED><![CDATA[N]]></ISCENTRALLYMAINTAINED>
<!--AB2CCB296FA44DE6AC94BB3B3DFDC7D5-->  <SORT><![CDATA[Y]]></SORT>
<!--AB2CCB296FA44DE6AC94BB3B3DFDC7D5-->  <FILTER><![CDATA[Y]]></FILTER>
<!--AB2CCB296FA44DE6AC94BB3B3DFDC7D5-->  <SEARCHINSUGGESTIONBOX><![CDATA[N]]></SEARCHINSUGGESTIONBOX>
<!--AB2CCB296FA44DE6AC94BB3B3DFDC7D5-->  <SHOWINGRID><![CDATA[Y]]></SHOWINGRID>
<!--AB2CCB296FA44DE6AC94BB3B3DFDC7D5-->  <SORTNO><![CDATA[0]]></SORTNO>
<!--AB2CCB296FA44DE6AC94BB3B3DFDC7D5-->  <ISACTIVE><![CDATA[Y]]></ISACTIVE>
<!--AB2CCB296FA44DE6AC94BB3B3DFDC7D5-->  <ISOUTFIELD><![CDATA[N]]></ISOUTFIELD>
<!--AB2CCB296FA44DE6AC94BB3B3DFDC7D5-->  <SHOWINPICKLIST><![CDATA[N]]></SHOWINPICKLIST>
<!--AB2CCB296FA44DE6AC94BB3B3DFDC7D5--></OBUISEL_SELECTOR_FIELD>

<!--B107A4E9B21E4E47B9FEFA9A4953397F--><OBUISEL_SELECTOR_FIELD>
<!--B107A4E9B21E4E47B9FEFA9A4953397F-->  <OBUISEL_SELECTOR_FIELD_ID><![CDATA[B107A4E9B21E4E47B9FEFA9A4953397F]]></OBUISEL_SELECTOR_FIELD_ID>
<!--B107A4E9B21E4E47B9FEFA9A4953397F-->  <OBUISEL_SELECTOR_ID><![CDATA[E64194A0D7E346B99AB0C4FD1D92E6A1]]></OBUISEL_SELECTOR_ID>
<!--B107A4E9B21E4E47B9FEFA9A4953397F-->  <AD_CLIENT_ID><![CDATA[0]]></AD_CLIENT_ID>
<!--B107A4E9B21E4E47B9FEFA9A4953397F-->  <AD_ORG_ID><![CDATA[0]]></AD_ORG_ID>
<!--B107A4E9B21E4E47B9FEFA9A4953397F-->  <AD_MODULE_ID><![CDATA[D5FD35D6C7604921BA951B7E0EEE5DC2]]></AD_MODULE_ID>
<!--B107A4E9B21E4E47B9FEFA9A4953397F-->  <AD_COLUMN_ID><![CDATA[2045]]></AD_COLUMN_ID>
<!--B107A4E9B21E4E47B9FEFA9A4953397F-->  <NAME><![CDATA[Search Key]]></NAME>
<!--B107A4E9B21E4E47B9FEFA9A4953397F-->  <DESCRIPTION><![CDATA[A fast method for finding a particular record.]]></DESCRIPTION>
<!--B107A4E9B21E4E47B9FEFA9A4953397F-->  <HELP><![CDATA[A search key allows for a fast method of finding a particular record. If you leave the search key empty, the system automatically creates a numeric number originating from a document sequence defined in the  "Document Sequence" window. The sequence naming convention follows a rule "DocumentNo_TableName", where TableName is the actual name of the database table (e.g. C_Order).

Usually, company's internal identifiers for various records (products, customers, etc) are stored here.]]></HELP>
<!--B107A4E9B21E4E47B9FEFA9A4953397F-->  <PROPERTY><![CDATA[searchKey]]></PROPERTY>
<!--B107A4E9B21E4E47B9FEFA9A4953397F-->  <ISCENTRALLYMAINTAINED><![CDATA[Y]]></ISCENTRALLYMAINTAINED>
<!--B107A4E9B21E4E47B9FEFA9A4953397F-->  <SORT><![CDATA[Y]]></SORT>
<!--B107A4E9B21E4E47B9FEFA9A4953397F-->  <FILTER><![CDATA[Y]]></FILTER>
<!--B107A4E9B21E4E47B9FEFA9A4953397F-->  <SEARCHINSUGGESTIONBOX><![CDATA[Y]]></SEARCHINSUGGESTIONBOX>
<!--B107A4E9B21E4E47B9FEFA9A4953397F-->  <SHOWINGRID><![CDATA[Y]]></SHOWINGRID>
<!--B107A4E9B21E4E47B9FEFA9A4953397F-->  <SORTNO><![CDATA[10]]></SORTNO>
<!--B107A4E9B21E4E47B9FEFA9A4953397F-->  <ISACTIVE><![CDATA[Y]]></ISACTIVE>
<!--B107A4E9B21E4E47B9FEFA9A4953397F-->  <ISOUTFIELD><![CDATA[N]]></ISOUTFIELD>
<!--B107A4E9B21E4E47B9FEFA9A4953397F-->  <SHOWINPICKLIST><![CDATA[Y]]></SHOWINPICKLIST>
<!--B107A4E9B21E4E47B9FEFA9A4953397F--></OBUISEL_SELECTOR_FIELD>

<!--B6998C934C344A7FAC0A424E151E9EDA--><OBUISEL_SELECTOR_FIELD>
<!--B6998C934C344A7FAC0A424E151E9EDA-->  <OBUISEL_SELECTOR_FIELD_ID><![CDATA[B6998C934C344A7FAC0A424E151E9EDA]]></OBUISEL_SELECTOR_FIELD_ID>
<!--B6998C934C344A7FAC0A424E151E9EDA-->  <OBUISEL_SELECTOR_ID><![CDATA[B8F17B363B704D6092992905F52DCEA6]]></OBUISEL_SELECTOR_ID>
<!--B6998C934C344A7FAC0A424E151E9EDA-->  <AD_CLIENT_ID><![CDATA[0]]></AD_CLIENT_ID>
<!--B6998C934C344A7FAC0A424E151E9EDA-->  <AD_ORG_ID><![CDATA[0]]></AD_ORG_ID>
<!--B6998C934C344A7FAC0A424E151E9EDA-->  <AD_MODULE_ID><![CDATA[D5FD35D6C7604921BA951B7E0EEE5DC2]]></AD_MODULE_ID>
<!--B6998C934C344A7FAC0A424E151E9EDA-->  <AD_COLUMN_ID><![CDATA[2901]]></AD_COLUMN_ID>
<!--B6998C934C344A7FAC0A424E151E9EDA-->  <NAME><![CDATA[Search Key]]></NAME>
<!--B6998C934C344A7FAC0A424E151E9EDA-->  <DESCRIPTION><![CDATA[A fast method for finding a particular record.]]></DESCRIPTION>
<!--B6998C934C344A7FAC0A424E151E9EDA-->  <HELP><![CDATA[A search key allows for a fast method of finding a particular record. If you leave the search key empty, the system automatically creates a numeric number originating from a document sequence defined in the  "Document Sequence" window. The sequence naming convention follows a rule "DocumentNo_TableName", where TableName is the actual name of the database table (e.g. C_Order).

Usually, company's internal identifiers for various records (products, customers, etc) are stored here.]]></HELP>
<!--B6998C934C344A7FAC0A424E151E9EDA-->  <PROPERTY><![CDATA[searchKey]]></PROPERTY>
<!--B6998C934C344A7FAC0A424E151E9EDA-->  <ISCENTRALLYMAINTAINED><![CDATA[Y]]></ISCENTRALLYMAINTAINED>
<!--B6998C934C344A7FAC0A424E151E9EDA-->  <SORT><![CDATA[Y]]></SORT>
<!--B6998C934C344A7FAC0A424E151E9EDA-->  <FILTER><![CDATA[Y]]></FILTER>
<!--B6998C934C344A7FAC0A424E151E9EDA-->  <SEARCHINSUGGESTIONBOX><![CDATA[Y]]></SEARCHINSUGGESTIONBOX>
<!--B6998C934C344A7FAC0A424E151E9EDA-->  <SHOWINGRID><![CDATA[Y]]></SHOWINGRID>
<!--B6998C934C344A7FAC0A424E151E9EDA-->  <SORTNO><![CDATA[5]]></SORTNO>
<!--B6998C934C344A7FAC0A424E151E9EDA-->  <ISACTIVE><![CDATA[Y]]></ISACTIVE>
<!--B6998C934C344A7FAC0A424E151E9EDA-->  <ISOUTFIELD><![CDATA[N]]></ISOUTFIELD>
<!--B6998C934C344A7FAC0A424E151E9EDA-->  <SHOWINPICKLIST><![CDATA[Y]]></SHOWINPICKLIST>
<!--B6998C934C344A7FAC0A424E151E9EDA--></OBUISEL_SELECTOR_FIELD>

<!--C149E6CEB0EF4370BBD31742AD8CB3AB--><OBUISEL_SELECTOR_FIELD>
<!--C149E6CEB0EF4370BBD31742AD8CB3AB-->  <OBUISEL_SELECTOR_FIELD_ID><![CDATA[C149E6CEB0EF4370BBD31742AD8CB3AB]]></OBUISEL_SELECTOR_FIELD_ID>
<!--C149E6CEB0EF4370BBD31742AD8CB3AB-->  <OBUISEL_SELECTOR_ID><![CDATA[FE3C75767E73415B9E799EDB9EAF8092]]></OBUISEL_SELECTOR_ID>
<!--C149E6CEB0EF4370BBD31742AD8CB3AB-->  <AD_CLIENT_ID><![CDATA[0]]></AD_CLIENT_ID>
<!--C149E6CEB0EF4370BBD31742AD8CB3AB-->  <AD_ORG_ID><![CDATA[0]]></AD_ORG_ID>
<!--C149E6CEB0EF4370BBD31742AD8CB3AB-->  <AD_MODULE_ID><![CDATA[D5FD35D6C7604921BA951B7E0EEE5DC2]]></AD_MODULE_ID>
<!--C149E6CEB0EF4370BBD31742AD8CB3AB-->  <AD_COLUMN_ID><![CDATA[F164AD317AE345109F83A8D316567F8A]]></AD_COLUMN_ID>
<!--C149E6CEB0EF4370BBD31742AD8CB3AB-->  <NAME><![CDATA[Location / Address]]></NAME>
<!--C149E6CEB0EF4370BBD31742AD8CB3AB-->  <DESCRIPTION><![CDATA[A specific place or residence.]]></DESCRIPTION>
<!--C149E6CEB0EF4370BBD31742AD8CB3AB-->  <HELP><![CDATA[The Location / Address field defines the location of an entity.]]></HELP>
<!--C149E6CEB0EF4370BBD31742AD8CB3AB-->  <PROPERTY><![CDATA[locationAddress]]></PROPERTY>
<!--C149E6CEB0EF4370BBD31742AD8CB3AB-->  <ISCENTRALLYMAINTAINED><![CDATA[Y]]></ISCENTRALLYMAINTAINED>
<!--C149E6CEB0EF4370BBD31742AD8CB3AB-->  <SORT><![CDATA[Y]]></SORT>
<!--C149E6CEB0EF4370BBD31742AD8CB3AB-->  <FILTER><![CDATA[Y]]></FILTER>
<!--C149E6CEB0EF4370BBD31742AD8CB3AB-->  <SEARCHINSUGGESTIONBOX><![CDATA[N]]></SEARCHINSUGGESTIONBOX>
<!--C149E6CEB0EF4370BBD31742AD8CB3AB-->  <SHOWINGRID><![CDATA[Y]]></SHOWINGRID>
<!--C149E6CEB0EF4370BBD31742AD8CB3AB-->  <SORTNO><![CDATA[0]]></SORTNO>
<!--C149E6CEB0EF4370BBD31742AD8CB3AB-->  <ISACTIVE><![CDATA[Y]]></ISACTIVE>
<!--C149E6CEB0EF4370BBD31742AD8CB3AB-->  <ISOUTFIELD><![CDATA[N]]></ISOUTFIELD>
<!--C149E6CEB0EF4370BBD31742AD8CB3AB-->  <DISPLAY_EXPRESSION><![CDATA[Location]]></DISPLAY_EXPRESSION>
<!--C149E6CEB0EF4370BBD31742AD8CB3AB-->  <SHOWINPICKLIST><![CDATA[N]]></SHOWINPICKLIST>
<!--C149E6CEB0EF4370BBD31742AD8CB3AB--></OBUISEL_SELECTOR_FIELD>

<!--C210DE4B6F854B4982B33C9673A83AD6--><OBUISEL_SELECTOR_FIELD>
<!--C210DE4B6F854B4982B33C9673A83AD6-->  <OBUISEL_SELECTOR_FIELD_ID><![CDATA[C210DE4B6F854B4982B33C9673A83AD6]]></OBUISEL_SELECTOR_FIELD_ID>
<!--C210DE4B6F854B4982B33C9673A83AD6-->  <OBUISEL_SELECTOR_ID><![CDATA[1560F335C60A40DD9E412E754D13406B]]></OBUISEL_SELECTOR_ID>
<!--C210DE4B6F854B4982B33C9673A83AD6-->  <AD_CLIENT_ID><![CDATA[0]]></AD_CLIENT_ID>
<!--C210DE4B6F854B4982B33C9673A83AD6-->  <AD_ORG_ID><![CDATA[0]]></AD_ORG_ID>
<!--C210DE4B6F854B4982B33C9673A83AD6-->  <AD_MODULE_ID><![CDATA[D5FD35D6C7604921BA951B7E0EEE5DC2]]></AD_MODULE_ID>
<!--C210DE4B6F854B4982B33C9673A83AD6-->  <AD_COLUMN_ID><![CDATA[AE83402F3179435A8BADD2AB11AA65D1]]></AD_COLUMN_ID>
<!--C210DE4B6F854B4982B33C9673A83AD6-->  <NAME><![CDATA[Department]]></NAME>
<!--C210DE4B6F854B4982B33C9673A83AD6-->  <PROPERTY><![CDATA[hrisCBpDepartment]]></PROPERTY>
<!--C210DE4B6F854B4982B33C9673A83AD6-->  <ISCENTRALLYMAINTAINED><![CDATA[Y]]></ISCENTRALLYMAINTAINED>
<!--C210DE4B6F854B4982B33C9673A83AD6-->  <SORT><![CDATA[Y]]></SORT>
<!--C210DE4B6F854B4982B33C9673A83AD6-->  <FILTER><![CDATA[Y]]></FILTER>
<!--C210DE4B6F854B4982B33C9673A83AD6-->  <SEARCHINSUGGESTIONBOX><![CDATA[N]]></SEARCHINSUGGESTIONBOX>
<!--C210DE4B6F854B4982B33C9673A83AD6-->  <SHOWINGRID><![CDATA[Y]]></SHOWINGRID>
<!--C210DE4B6F854B4982B33C9673A83AD6-->  <SORTNO><![CDATA[50]]></SORTNO>
<!--C210DE4B6F854B4982B33C9673A83AD6-->  <ISACTIVE><![CDATA[Y]]></ISACTIVE>
<!--C210DE4B6F854B4982B33C9673A83AD6-->  <ISOUTFIELD><![CDATA[N]]></ISOUTFIELD>
<!--C210DE4B6F854B4982B33C9673A83AD6-->  <SHOWINPICKLIST><![CDATA[N]]></SHOWINPICKLIST>
<!--C210DE4B6F854B4982B33C9673A83AD6--></OBUISEL_SELECTOR_FIELD>

<!--C7363C19B8114BC0A52CA6D485B17D9B--><OBUISEL_SELECTOR_FIELD>
<!--C7363C19B8114BC0A52CA6D485B17D9B-->  <OBUISEL_SELECTOR_FIELD_ID><![CDATA[C7363C19B8114BC0A52CA6D485B17D9B]]></OBUISEL_SELECTOR_FIELD_ID>
<!--C7363C19B8114BC0A52CA6D485B17D9B-->  <OBUISEL_SELECTOR_ID><![CDATA[5EBAA59B7A934EE48666F4708D4335C9]]></OBUISEL_SELECTOR_ID>
<!--C7363C19B8114BC0A52CA6D485B17D9B-->  <AD_CLIENT_ID><![CDATA[0]]></AD_CLIENT_ID>
<!--C7363C19B8114BC0A52CA6D485B17D9B-->  <AD_ORG_ID><![CDATA[0]]></AD_ORG_ID>
<!--C7363C19B8114BC0A52CA6D485B17D9B-->  <AD_MODULE_ID><![CDATA[D5FD35D6C7604921BA951B7E0EEE5DC2]]></AD_MODULE_ID>
<!--C7363C19B8114BC0A52CA6D485B17D9B-->  <AD_COLUMN_ID><![CDATA[5274965BB10543FEA996B84FB41184D6]]></AD_COLUMN_ID>
<!--C7363C19B8114BC0A52CA6D485B17D9B-->  <NAME><![CDATA[Position]]></NAME>
<!--C7363C19B8114BC0A52CA6D485B17D9B-->  <PROPERTY><![CDATA[hRISPosition]]></PROPERTY>
<!--C7363C19B8114BC0A52CA6D485B17D9B-->  <ISCENTRALLYMAINTAINED><![CDATA[Y]]></ISCENTRALLYMAINTAINED>
<!--C7363C19B8114BC0A52CA6D485B17D9B-->  <SORT><![CDATA[Y]]></SORT>
<!--C7363C19B8114BC0A52CA6D485B17D9B-->  <FILTER><![CDATA[Y]]></FILTER>
<!--C7363C19B8114BC0A52CA6D485B17D9B-->  <SEARCHINSUGGESTIONBOX><![CDATA[Y]]></SEARCHINSUGGESTIONBOX>
<!--C7363C19B8114BC0A52CA6D485B17D9B-->  <SHOWINGRID><![CDATA[Y]]></SHOWINGRID>
<!--C7363C19B8114BC0A52CA6D485B17D9B-->  <SORTNO><![CDATA[1]]></SORTNO>
<!--C7363C19B8114BC0A52CA6D485B17D9B-->  <ISACTIVE><![CDATA[Y]]></ISACTIVE>
<!--C7363C19B8114BC0A52CA6D485B17D9B-->  <ISOUTFIELD><![CDATA[N]]></ISOUTFIELD>
<!--C7363C19B8114BC0A52CA6D485B17D9B-->  <SHOWINPICKLIST><![CDATA[Y]]></SHOWINPICKLIST>
<!--C7363C19B8114BC0A52CA6D485B17D9B--></OBUISEL_SELECTOR_FIELD>

<!--C95147F824224DECAAF6F0785BFE80E0--><OBUISEL_SELECTOR_FIELD>
<!--C95147F824224DECAAF6F0785BFE80E0-->  <OBUISEL_SELECTOR_FIELD_ID><![CDATA[C95147F824224DECAAF6F0785BFE80E0]]></OBUISEL_SELECTOR_FIELD_ID>
<!--C95147F824224DECAAF6F0785BFE80E0-->  <OBUISEL_SELECTOR_ID><![CDATA[5EBAA59B7A934EE48666F4708D4335C9]]></OBUISEL_SELECTOR_ID>
<!--C95147F824224DECAAF6F0785BFE80E0-->  <AD_CLIENT_ID><![CDATA[0]]></AD_CLIENT_ID>
<!--C95147F824224DECAAF6F0785BFE80E0-->  <AD_ORG_ID><![CDATA[0]]></AD_ORG_ID>
<!--C95147F824224DECAAF6F0785BFE80E0-->  <AD_MODULE_ID><![CDATA[D5FD35D6C7604921BA951B7E0EEE5DC2]]></AD_MODULE_ID>
<!--C95147F824224DECAAF6F0785BFE80E0-->  <AD_COLUMN_ID><![CDATA[4FDF43D91B954C51881AA6E299E1D406]]></AD_COLUMN_ID>
<!--C95147F824224DECAAF6F0785BFE80E0-->  <NAME><![CDATA[Supervisor]]></NAME>
<!--C95147F824224DECAAF6F0785BFE80E0-->  <DESCRIPTION><![CDATA[Supervisor for this user - used for escalation]]></DESCRIPTION>
<!--C95147F824224DECAAF6F0785BFE80E0-->  <HELP><![CDATA[The Supervisor indicates who will be used for forwarding and escalating issues for this user.]]></HELP>
<!--C95147F824224DECAAF6F0785BFE80E0-->  <PROPERTY><![CDATA[hrisReportTo]]></PROPERTY>
<!--C95147F824224DECAAF6F0785BFE80E0-->  <ISCENTRALLYMAINTAINED><![CDATA[Y]]></ISCENTRALLYMAINTAINED>
<!--C95147F824224DECAAF6F0785BFE80E0-->  <SORT><![CDATA[Y]]></SORT>
<!--C95147F824224DECAAF6F0785BFE80E0-->  <FILTER><![CDATA[Y]]></FILTER>
<!--C95147F824224DECAAF6F0785BFE80E0-->  <SEARCHINSUGGESTIONBOX><![CDATA[Y]]></SEARCHINSUGGESTIONBOX>
<!--C95147F824224DECAAF6F0785BFE80E0-->  <SHOWINGRID><![CDATA[Y]]></SHOWINGRID>
<!--C95147F824224DECAAF6F0785BFE80E0-->  <SORTNO><![CDATA[2]]></SORTNO>
<!--C95147F824224DECAAF6F0785BFE80E0-->  <ISACTIVE><![CDATA[Y]]></ISACTIVE>
<!--C95147F824224DECAAF6F0785BFE80E0-->  <ISOUTFIELD><![CDATA[N]]></ISOUTFIELD>
<!--C95147F824224DECAAF6F0785BFE80E0-->  <SHOWINPICKLIST><![CDATA[N]]></SHOWINPICKLIST>
<!--C95147F824224DECAAF6F0785BFE80E0--></OBUISEL_SELECTOR_FIELD>

<!--CB5D16A2003341CCB1B723BDAE78568D--><OBUISEL_SELECTOR_FIELD>
<!--CB5D16A2003341CCB1B723BDAE78568D-->  <OBUISEL_SELECTOR_FIELD_ID><![CDATA[CB5D16A2003341CCB1B723BDAE78568D]]></OBUISEL_SELECTOR_FIELD_ID>
<!--CB5D16A2003341CCB1B723BDAE78568D-->  <OBUISEL_SELECTOR_ID><![CDATA[B8F17B363B704D6092992905F52DCEA6]]></OBUISEL_SELECTOR_ID>
<!--CB5D16A2003341CCB1B723BDAE78568D-->  <AD_CLIENT_ID><![CDATA[0]]></AD_CLIENT_ID>
<!--CB5D16A2003341CCB1B723BDAE78568D-->  <AD_ORG_ID><![CDATA[0]]></AD_ORG_ID>
<!--CB5D16A2003341CCB1B723BDAE78568D-->  <AD_MODULE_ID><![CDATA[D5FD35D6C7604921BA951B7E0EEE5DC2]]></AD_MODULE_ID>
<!--CB5D16A2003341CCB1B723BDAE78568D-->  <AD_COLUMN_ID><![CDATA[4940]]></AD_COLUMN_ID>
<!--CB5D16A2003341CCB1B723BDAE78568D-->  <NAME><![CDATA[Business Partner Category]]></NAME>
<!--CB5D16A2003341CCB1B723BDAE78568D-->  <DESCRIPTION><![CDATA[A classification of business partners based on defined similarities.]]></DESCRIPTION>
<!--CB5D16A2003341CCB1B723BDAE78568D-->  <HELP><![CDATA[A way of grouping business partners together for classification and reporting purposes. Provides a method of defining certain defaults to be used when opening new business partners.]]></HELP>
<!--CB5D16A2003341CCB1B723BDAE78568D-->  <PROPERTY><![CDATA[businessPartnerCategory]]></PROPERTY>
<!--CB5D16A2003341CCB1B723BDAE78568D-->  <ISCENTRALLYMAINTAINED><![CDATA[Y]]></ISCENTRALLYMAINTAINED>
<!--CB5D16A2003341CCB1B723BDAE78568D-->  <SORT><![CDATA[Y]]></SORT>
<!--CB5D16A2003341CCB1B723BDAE78568D-->  <FILTER><![CDATA[Y]]></FILTER>
<!--CB5D16A2003341CCB1B723BDAE78568D-->  <SEARCHINSUGGESTIONBOX><![CDATA[Y]]></SEARCHINSUGGESTIONBOX>
<!--CB5D16A2003341CCB1B723BDAE78568D-->  <SHOWINGRID><![CDATA[Y]]></SHOWINGRID>
<!--CB5D16A2003341CCB1B723BDAE78568D-->  <SORTNO><![CDATA[30]]></SORTNO>
<!--CB5D16A2003341CCB1B723BDAE78568D-->  <ISACTIVE><![CDATA[Y]]></ISACTIVE>
<!--CB5D16A2003341CCB1B723BDAE78568D-->  <ISOUTFIELD><![CDATA[N]]></ISOUTFIELD>
<!--CB5D16A2003341CCB1B723BDAE78568D-->  <SHOWINPICKLIST><![CDATA[Y]]></SHOWINPICKLIST>
<!--CB5D16A2003341CCB1B723BDAE78568D--></OBUISEL_SELECTOR_FIELD>

<!--D033FDD533444004BC03B3FC9FAD0250--><OBUISEL_SELECTOR_FIELD>
<!--D033FDD533444004BC03B3FC9FAD0250-->  <OBUISEL_SELECTOR_FIELD_ID><![CDATA[D033FDD533444004BC03B3FC9FAD0250]]></OBUISEL_SELECTOR_FIELD_ID>
<!--D033FDD533444004BC03B3FC9FAD0250-->  <OBUISEL_SELECTOR_ID><![CDATA[5EBAA59B7A934EE48666F4708D4335C9]]></OBUISEL_SELECTOR_ID>
<!--D033FDD533444004BC03B3FC9FAD0250-->  <AD_CLIENT_ID><![CDATA[0]]></AD_CLIENT_ID>
<!--D033FDD533444004BC03B3FC9FAD0250-->  <AD_ORG_ID><![CDATA[0]]></AD_ORG_ID>
<!--D033FDD533444004BC03B3FC9FAD0250-->  <AD_MODULE_ID><![CDATA[D5FD35D6C7604921BA951B7E0EEE5DC2]]></AD_MODULE_ID>
<!--D033FDD533444004BC03B3FC9FAD0250-->  <AD_COLUMN_ID><![CDATA[2902]]></AD_COLUMN_ID>
<!--D033FDD533444004BC03B3FC9FAD0250-->  <NAME><![CDATA[Commercial Name]]></NAME>
<!--D033FDD533444004BC03B3FC9FAD0250-->  <DESCRIPTION><![CDATA[Commercial Name of the Business Partner]]></DESCRIPTION>
<!--D033FDD533444004BC03B3FC9FAD0250-->  <HELP><![CDATA[Commercial Name of the Business Partner]]></HELP>
<!--D033FDD533444004BC03B3FC9FAD0250-->  <PROPERTY><![CDATA[name]]></PROPERTY>
<!--D033FDD533444004BC03B3FC9FAD0250-->  <ISCENTRALLYMAINTAINED><![CDATA[Y]]></ISCENTRALLYMAINTAINED>
<!--D033FDD533444004BC03B3FC9FAD0250-->  <SORT><![CDATA[Y]]></SORT>
<!--D033FDD533444004BC03B3FC9FAD0250-->  <FILTER><![CDATA[Y]]></FILTER>
<!--D033FDD533444004BC03B3FC9FAD0250-->  <SEARCHINSUGGESTIONBOX><![CDATA[Y]]></SEARCHINSUGGESTIONBOX>
<!--D033FDD533444004BC03B3FC9FAD0250-->  <SHOWINGRID><![CDATA[Y]]></SHOWINGRID>
<!--D033FDD533444004BC03B3FC9FAD0250-->  <SORTNO><![CDATA[0]]></SORTNO>
<!--D033FDD533444004BC03B3FC9FAD0250-->  <ISACTIVE><![CDATA[Y]]></ISACTIVE>
<!--D033FDD533444004BC03B3FC9FAD0250-->  <ISOUTFIELD><![CDATA[N]]></ISOUTFIELD>
<!--D033FDD533444004BC03B3FC9FAD0250-->  <SHOWINPICKLIST><![CDATA[Y]]></SHOWINPICKLIST>
<!--D033FDD533444004BC03B3FC9FAD0250--></OBUISEL_SELECTOR_FIELD>

<!--D4BD3DE0B2204A46BDA8A7F1CAC33879--><OBUISEL_SELECTOR_FIELD>
<!--D4BD3DE0B2204A46BDA8A7F1CAC33879-->  <OBUISEL_SELECTOR_FIELD_ID><![CDATA[D4BD3DE0B2204A46BDA8A7F1CAC33879]]></OBUISEL_SELECTOR_FIELD_ID>
<!--D4BD3DE0B2204A46BDA8A7F1CAC33879-->  <OBUISEL_SELECTOR_ID><![CDATA[FE3C75767E73415B9E799EDB9EAF8092]]></OBUISEL_SELECTOR_ID>
<!--D4BD3DE0B2204A46BDA8A7F1CAC33879-->  <AD_CLIENT_ID><![CDATA[0]]></AD_CLIENT_ID>
<!--D4BD3DE0B2204A46BDA8A7F1CAC33879-->  <AD_ORG_ID><![CDATA[0]]></AD_ORG_ID>
<!--D4BD3DE0B2204A46BDA8A7F1CAC33879-->  <AD_MODULE_ID><![CDATA[D5FD35D6C7604921BA951B7E0EEE5DC2]]></AD_MODULE_ID>
<!--D4BD3DE0B2204A46BDA8A7F1CAC33879-->  <AD_COLUMN_ID><![CDATA[C792431B85084DEBB140B776330C48DD]]></AD_COLUMN_ID>
<!--D4BD3DE0B2204A46BDA8A7F1CAC33879-->  <NAME><![CDATA[Relation]]></NAME>
<!--D4BD3DE0B2204A46BDA8A7F1CAC33879-->  <PROPERTY><![CDATA[relation]]></PROPERTY>
<!--D4BD3DE0B2204A46BDA8A7F1CAC33879-->  <ISCENTRALLYMAINTAINED><![CDATA[Y]]></ISCENTRALLYMAINTAINED>
<!--D4BD3DE0B2204A46BDA8A7F1CAC33879-->  <SORT><![CDATA[Y]]></SORT>
<!--D4BD3DE0B2204A46BDA8A7F1CAC33879-->  <FILTER><![CDATA[Y]]></FILTER>
<!--D4BD3DE0B2204A46BDA8A7F1CAC33879-->  <SEARCHINSUGGESTIONBOX><![CDATA[N]]></SEARCHINSUGGESTIONBOX>
<!--D4BD3DE0B2204A46BDA8A7F1CAC33879-->  <SHOWINGRID><![CDATA[Y]]></SHOWINGRID>
<!--D4BD3DE0B2204A46BDA8A7F1CAC33879-->  <SORTNO><![CDATA[0]]></SORTNO>
<!--D4BD3DE0B2204A46BDA8A7F1CAC33879-->  <ISACTIVE><![CDATA[Y]]></ISACTIVE>
<!--D4BD3DE0B2204A46BDA8A7F1CAC33879-->  <ISOUTFIELD><![CDATA[N]]></ISOUTFIELD>
<!--D4BD3DE0B2204A46BDA8A7F1CAC33879-->  <DISPLAY_EXPRESSION><![CDATA[Dependent Relation]]></DISPLAY_EXPRESSION>
<!--D4BD3DE0B2204A46BDA8A7F1CAC33879-->  <SHOWINPICKLIST><![CDATA[N]]></SHOWINPICKLIST>
<!--D4BD3DE0B2204A46BDA8A7F1CAC33879--></OBUISEL_SELECTOR_FIELD>

<!--D8A57C49D55C4597BDE93F78A338F48D--><OBUISEL_SELECTOR_FIELD>
<!--D8A57C49D55C4597BDE93F78A338F48D-->  <OBUISEL_SELECTOR_FIELD_ID><![CDATA[D8A57C49D55C4597BDE93F78A338F48D]]></OBUISEL_SELECTOR_FIELD_ID>
<!--D8A57C49D55C4597BDE93F78A338F48D-->  <OBUISEL_SELECTOR_ID><![CDATA[5EBAA59B7A934EE48666F4708D4335C9]]></OBUISEL_SELECTOR_ID>
<!--D8A57C49D55C4597BDE93F78A338F48D-->  <AD_CLIENT_ID><![CDATA[0]]></AD_CLIENT_ID>
<!--D8A57C49D55C4597BDE93F78A338F48D-->  <AD_ORG_ID><![CDATA[0]]></AD_ORG_ID>
<!--D8A57C49D55C4597BDE93F78A338F48D-->  <AD_MODULE_ID><![CDATA[D5FD35D6C7604921BA951B7E0EEE5DC2]]></AD_MODULE_ID>
<!--D8A57C49D55C4597BDE93F78A338F48D-->  <AD_COLUMN_ID><![CDATA[33118B2BD45045A1A912F53411C3889D]]></AD_COLUMN_ID>
<!--D8A57C49D55C4597BDE93F78A338F48D-->  <NAME><![CDATA[Job Title]]></NAME>
<!--D8A57C49D55C4597BDE93F78A338F48D-->  <PROPERTY><![CDATA[hrisJobtitle]]></PROPERTY>
<!--D8A57C49D55C4597BDE93F78A338F48D-->  <ISCENTRALLYMAINTAINED><![CDATA[Y]]></ISCENTRALLYMAINTAINED>
<!--D8A57C49D55C4597BDE93F78A338F48D-->  <SORT><![CDATA[Y]]></SORT>
<!--D8A57C49D55C4597BDE93F78A338F48D-->  <FILTER><![CDATA[Y]]></FILTER>
<!--D8A57C49D55C4597BDE93F78A338F48D-->  <SEARCHINSUGGESTIONBOX><![CDATA[Y]]></SEARCHINSUGGESTIONBOX>
<!--D8A57C49D55C4597BDE93F78A338F48D-->  <SHOWINGRID><![CDATA[Y]]></SHOWINGRID>
<!--D8A57C49D55C4597BDE93F78A338F48D-->  <SORTNO><![CDATA[4]]></SORTNO>
<!--D8A57C49D55C4597BDE93F78A338F48D-->  <ISACTIVE><![CDATA[Y]]></ISACTIVE>
<!--D8A57C49D55C4597BDE93F78A338F48D-->  <ISOUTFIELD><![CDATA[N]]></ISOUTFIELD>
<!--D8A57C49D55C4597BDE93F78A338F48D-->  <SHOWINPICKLIST><![CDATA[Y]]></SHOWINPICKLIST>
<!--D8A57C49D55C4597BDE93F78A338F48D--></OBUISEL_SELECTOR_FIELD>

<!--F2D6608D7B6947E99787811CDB4EE6E6--><OBUISEL_SELECTOR_FIELD>
<!--F2D6608D7B6947E99787811CDB4EE6E6-->  <OBUISEL_SELECTOR_FIELD_ID><![CDATA[F2D6608D7B6947E99787811CDB4EE6E6]]></OBUISEL_SELECTOR_FIELD_ID>
<!--F2D6608D7B6947E99787811CDB4EE6E6-->  <OBUISEL_SELECTOR_ID><![CDATA[FE3C75767E73415B9E799EDB9EAF8092]]></OBUISEL_SELECTOR_ID>
<!--F2D6608D7B6947E99787811CDB4EE6E6-->  <AD_CLIENT_ID><![CDATA[0]]></AD_CLIENT_ID>
<!--F2D6608D7B6947E99787811CDB4EE6E6-->  <AD_ORG_ID><![CDATA[0]]></AD_ORG_ID>
<!--F2D6608D7B6947E99787811CDB4EE6E6-->  <AD_MODULE_ID><![CDATA[D5FD35D6C7604921BA951B7E0EEE5DC2]]></AD_MODULE_ID>
<!--F2D6608D7B6947E99787811CDB4EE6E6-->  <AD_COLUMN_ID><![CDATA[9CC0F96DCE624FF29308AE09DA0199D3]]></AD_COLUMN_ID>
<!--F2D6608D7B6947E99787811CDB4EE6E6-->  <NAME><![CDATA[Date of Birth]]></NAME>
<!--F2D6608D7B6947E99787811CDB4EE6E6-->  <PROPERTY><![CDATA[birthday]]></PROPERTY>
<!--F2D6608D7B6947E99787811CDB4EE6E6-->  <ISCENTRALLYMAINTAINED><![CDATA[Y]]></ISCENTRALLYMAINTAINED>
<!--F2D6608D7B6947E99787811CDB4EE6E6-->  <SORT><![CDATA[Y]]></SORT>
<!--F2D6608D7B6947E99787811CDB4EE6E6-->  <FILTER><![CDATA[Y]]></FILTER>
<!--F2D6608D7B6947E99787811CDB4EE6E6-->  <SEARCHINSUGGESTIONBOX><![CDATA[N]]></SEARCHINSUGGESTIONBOX>
<!--F2D6608D7B6947E99787811CDB4EE6E6-->  <SHOWINGRID><![CDATA[Y]]></SHOWINGRID>
<!--F2D6608D7B6947E99787811CDB4EE6E6-->  <SORTNO><![CDATA[0]]></SORTNO>
<!--F2D6608D7B6947E99787811CDB4EE6E6-->  <ISACTIVE><![CDATA[Y]]></ISACTIVE>
<!--F2D6608D7B6947E99787811CDB4EE6E6-->  <ISOUTFIELD><![CDATA[N]]></ISOUTFIELD>
<!--F2D6608D7B6947E99787811CDB4EE6E6-->  <DISPLAY_EXPRESSION><![CDATA[Birth Day]]></DISPLAY_EXPRESSION>
<!--F2D6608D7B6947E99787811CDB4EE6E6-->  <SHOWINPICKLIST><![CDATA[N]]></SHOWINPICKLIST>
<!--F2D6608D7B6947E99787811CDB4EE6E6--></OBUISEL_SELECTOR_FIELD>

<!--F9D5A44E19754709B6B3BA281A3B289C--><OBUISEL_SELECTOR_FIELD>
<!--F9D5A44E19754709B6B3BA281A3B289C-->  <OBUISEL_SELECTOR_FIELD_ID><![CDATA[F9D5A44E19754709B6B3BA281A3B289C]]></OBUISEL_SELECTOR_FIELD_ID>
<!--F9D5A44E19754709B6B3BA281A3B289C-->  <OBUISEL_SELECTOR_ID><![CDATA[E64194A0D7E346B99AB0C4FD1D92E6A1]]></OBUISEL_SELECTOR_ID>
<!--F9D5A44E19754709B6B3BA281A3B289C-->  <AD_CLIENT_ID><![CDATA[0]]></AD_CLIENT_ID>
<!--F9D5A44E19754709B6B3BA281A3B289C-->  <AD_ORG_ID><![CDATA[0]]></AD_ORG_ID>
<!--F9D5A44E19754709B6B3BA281A3B289C-->  <AD_MODULE_ID><![CDATA[D5FD35D6C7604921BA951B7E0EEE5DC2]]></AD_MODULE_ID>
<!--F9D5A44E19754709B6B3BA281A3B289C-->  <AD_COLUMN_ID><![CDATA[57923EC680D411DDA0EA574F27229B25]]></AD_COLUMN_ID>
<!--F9D5A44E19754709B6B3BA281A3B289C-->  <NAME><![CDATA[Organization Type]]></NAME>
<!--F9D5A44E19754709B6B3BA281A3B289C-->  <DESCRIPTION><![CDATA[Defines the Organization Type]]></DESCRIPTION>
<!--F9D5A44E19754709B6B3BA281A3B289C-->  <HELP><![CDATA[Each organization belongs to an organization type defined in the system]]></HELP>
<!--F9D5A44E19754709B6B3BA281A3B289C-->  <PROPERTY><![CDATA[organizationType]]></PROPERTY>
<!--F9D5A44E19754709B6B3BA281A3B289C-->  <ISCENTRALLYMAINTAINED><![CDATA[Y]]></ISCENTRALLYMAINTAINED>
<!--F9D5A44E19754709B6B3BA281A3B289C-->  <SORT><![CDATA[Y]]></SORT>
<!--F9D5A44E19754709B6B3BA281A3B289C-->  <FILTER><![CDATA[Y]]></FILTER>
<!--F9D5A44E19754709B6B3BA281A3B289C-->  <SEARCHINSUGGESTIONBOX><![CDATA[Y]]></SEARCHINSUGGESTIONBOX>
<!--F9D5A44E19754709B6B3BA281A3B289C-->  <SHOWINGRID><![CDATA[Y]]></SHOWINGRID>
<!--F9D5A44E19754709B6B3BA281A3B289C-->  <SORTNO><![CDATA[30]]></SORTNO>
<!--F9D5A44E19754709B6B3BA281A3B289C-->  <ISACTIVE><![CDATA[Y]]></ISACTIVE>
<!--F9D5A44E19754709B6B3BA281A3B289C-->  <ISOUTFIELD><![CDATA[N]]></ISOUTFIELD>
<!--F9D5A44E19754709B6B3BA281A3B289C-->  <SHOWINPICKLIST><![CDATA[Y]]></SHOWINPICKLIST>
<!--F9D5A44E19754709B6B3BA281A3B289C--></OBUISEL_SELECTOR_FIELD>

</data>
