<?xml version="1.0" encoding="UTF-8"?>
<data>
<!--54E39B3CB208478390A23000567C83C1--><AD_MODULE>
<!--54E39B3CB208478390A23000567C83C1-->  <AD_MODULE_ID><![CDATA[54E39B3CB208478390A23000567C83C1]]></AD_MODULE_ID>
<!--54E39B3CB208478390A23000567C83C1-->  <AD_CLIENT_ID><![CDATA[0]]></AD_CLIENT_ID>
<!--54E39B3CB208478390A23000567C83C1-->  <AD_ORG_ID><![CDATA[0]]></AD_ORG_ID>
<!--54E39B3CB208478390A23000567C83C1-->  <ISACTIVE><![CDATA[Y]]></ISACTIVE>
<!--54E39B3CB208478390A23000567C83C1-->  <NAME><![CDATA[Enterprise Asset Management Package]]></NAME>
<!--54E39B3CB208478390A23000567C83C1-->  <VERSION><![CDATA[0.0.6]]></VERSION>
<!--54E39B3CB208478390A23000567C83C1-->  <DESCRIPTION><![CDATA[Enterprise asset management package for Openbravo ERP]]></DESCRIPTION>
<!--54E39B3CB208478390A23000567C83C1-->  <URL><![CDATA[wirabumisoftware.com]]></URL>
<!--54E39B3CB208478390A23000567C83C1-->  <TYPE><![CDATA[T]]></TYPE>
<!--54E39B3CB208478390A23000567C83C1-->  <LICENSE><![CDATA[this module is distributed under GNU GPL v2]]></LICENSE>
<!--54E39B3CB208478390A23000567C83C1-->  <JAVAPACKAGE><![CDATA[org.wirabumi.cam.tmp]]></JAVAPACKAGE>
<!--54E39B3CB208478390A23000567C83C1-->  <LICENSETYPE><![CDATA[GPL2.0]]></LICENSETYPE>
<!--54E39B3CB208478390A23000567C83C1-->  <AUTHOR><![CDATA[wirabumi softwrae]]></AUTHOR>
<!--54E39B3CB208478390A23000567C83C1-->  <ISTRANSLATIONREQUIRED><![CDATA[N]]></ISTRANSLATIONREQUIRED>
<!--54E39B3CB208478390A23000567C83C1-->  <AD_LANGUAGE><![CDATA[en_US]]></AD_LANGUAGE>
<!--54E39B3CB208478390A23000567C83C1-->  <HASCHARTOFACCOUNTS><![CDATA[N]]></HASCHARTOFACCOUNTS>
<!--54E39B3CB208478390A23000567C83C1-->  <ISTRANSLATIONMODULE><![CDATA[N]]></ISTRANSLATIONMODULE>
<!--54E39B3CB208478390A23000567C83C1-->  <HASREFERENCEDATA><![CDATA[N]]></HASREFERENCEDATA>
<!--54E39B3CB208478390A23000567C83C1-->  <UPDATEINFO><![CDATA[please email me at zaien@wirabumisoftware.com]]></UPDATEINFO>
<!--54E39B3CB208478390A23000567C83C1-->  <ISCOMMERCIAL><![CDATA[N]]></ISCOMMERCIAL>
<!--54E39B3CB208478390A23000567C83C1-->  <ISTRIALALLOWED><![CDATA[N]]></ISTRIALALLOWED>
<!--54E39B3CB208478390A23000567C83C1--></AD_MODULE>

</data>
