<?xml version="1.0" encoding="UTF-8"?>
<data>
<!--50BADC703A024547ADB03E1FF5EC026A--><AD_MODULE_DEPENDENCY>
<!--50BADC703A024547ADB03E1FF5EC026A-->  <AD_MODULE_DEPENDENCY_ID><![CDATA[50BADC703A024547ADB03E1FF5EC026A]]></AD_MODULE_DEPENDENCY_ID>
<!--50BADC703A024547ADB03E1FF5EC026A-->  <AD_CLIENT_ID><![CDATA[0]]></AD_CLIENT_ID>
<!--50BADC703A024547ADB03E1FF5EC026A-->  <AD_ORG_ID><![CDATA[0]]></AD_ORG_ID>
<!--50BADC703A024547ADB03E1FF5EC026A-->  <ISACTIVE><![CDATA[Y]]></ISACTIVE>
<!--50BADC703A024547ADB03E1FF5EC026A-->  <AD_MODULE_ID><![CDATA[54E39B3CB208478390A23000567C83C1]]></AD_MODULE_ID>
<!--50BADC703A024547ADB03E1FF5EC026A-->  <AD_DEPENDENT_MODULE_ID><![CDATA[5C40CF085DCA477AB9DA89559237F7EB]]></AD_DEPENDENT_MODULE_ID>
<!--50BADC703A024547ADB03E1FF5EC026A-->  <STARTVERSION><![CDATA[0.0.17]]></STARTVERSION>
<!--50BADC703A024547ADB03E1FF5EC026A-->  <ISINCLUDED><![CDATA[Y]]></ISINCLUDED>
<!--50BADC703A024547ADB03E1FF5EC026A-->  <DEPENDANT_MODULE_NAME><![CDATA[Enterprise Asset Management]]></DEPENDANT_MODULE_NAME>
<!--50BADC703A024547ADB03E1FF5EC026A-->  <DEPENDENCY_ENFORCEMENT><![CDATA[MAJOR]]></DEPENDENCY_ENFORCEMENT>
<!--50BADC703A024547ADB03E1FF5EC026A-->  <USER_EDITABLE_ENFORCEMENT><![CDATA[N]]></USER_EDITABLE_ENFORCEMENT>
<!--50BADC703A024547ADB03E1FF5EC026A--></AD_MODULE_DEPENDENCY>

</data>
