<?xml version="1.0"?>
  <database name="TABLE CAM_METERGROUPLINE">
    <table name="CAM_METERGROUPLINE" primaryKey="CAM_METERGROUPLINE_KEY">
      <column name="CAM_METERGROUPLINE_ID" primaryKey="true" required="true" type="VARCHAR" size="32" autoIncrement="false">
        <default/>
        <onCreateDefault/>
      </column>
      <column name="AD_CLIENT_ID" primaryKey="false" required="true" type="VARCHAR" size="32" autoIncrement="false">
        <default/>
        <onCreateDefault/>
      </column>
      <column name="AD_ORG_ID" primaryKey="false" required="true" type="VARCHAR" size="32" autoIncrement="false">
        <default/>
        <onCreateDefault/>
      </column>
      <column name="ISACTIVE" primaryKey="false" required="true" type="CHAR" size="1" autoIncrement="false">
        <default><![CDATA[Y]]></default>
        <onCreateDefault/>
      </column>
      <column name="CREATED" primaryKey="false" required="true" type="TIMESTAMP" size="7" autoIncrement="false">
        <default><![CDATA[SYSDATE]]></default>
        <onCreateDefault/>
      </column>
      <column name="CREATEDBY" primaryKey="false" required="true" type="VARCHAR" size="32" autoIncrement="false">
        <default/>
        <onCreateDefault/>
      </column>
      <column name="UPDATED" primaryKey="false" required="true" type="TIMESTAMP" size="7" autoIncrement="false">
        <default><![CDATA[SYSDATE]]></default>
        <onCreateDefault/>
      </column>
      <column name="UPDATEDBY" primaryKey="false" required="true" type="VARCHAR" size="32" autoIncrement="false">
        <default/>
        <onCreateDefault/>
      </column>
      <column name="CAM_METERGROUP_ID" primaryKey="false" required="true" type="VARCHAR" size="32" autoIncrement="false">
        <default/>
        <onCreateDefault/>
      </column>
      <column name="CAM_METER_ID" primaryKey="false" required="true" type="VARCHAR" size="32" autoIncrement="false">
        <default/>
        <onCreateDefault/>
      </column>
      <column name="DESCRIPTION" primaryKey="false" required="false" type="VARCHAR" size="255" autoIncrement="false">
        <default/>
        <onCreateDefault/>
      </column>
      <foreign-key foreignTable="AD_CLIENT" name="CAM_METERGROUPLINE_AD_CLIENT">
        <reference local="AD_CLIENT_ID" foreign="AD_CLIENT_ID"/>
      </foreign-key>
      <foreign-key foreignTable="AD_ORG" name="CAM_METERGROUPLINE_AD_ORG">
        <reference local="AD_ORG_ID" foreign="AD_ORG_ID"/>
      </foreign-key>
      <foreign-key foreignTable="CAM_METERGROUP" name="CAM_METERGROUPLINE_HEADER">
        <reference local="CAM_METERGROUP_ID" foreign="CAM_METERGROUP_ID"/>
      </foreign-key>
      <foreign-key foreignTable="CAM_METER" name="CAM_METERGROUPLINE_METER">
        <reference local="CAM_METER_ID" foreign="CAM_METER_ID"/>
      </foreign-key>
      <check name="CAM_METERGROUPLINE_ACTIVE_CHK"><![CDATA[ISACTIVE IN ('Y', 'N')]]></check>
    </table>
  </database>
