<?xml version="1.0"?>
  <database name="TABLE CAM_WORKORDERASSET">
    <table name="CAM_WORKORDERASSET" primaryKey="CAM_WORKORDERASSET_KEY">
      <column name="CAM_WORKORDERASSET_ID" primaryKey="true" required="true" type="VARCHAR" size="32" autoIncrement="false">
        <default/>
        <onCreateDefault/>
      </column>
      <column name="AD_CLIENT_ID" primaryKey="false" required="true" type="VARCHAR" size="32" autoIncrement="false">
        <default/>
        <onCreateDefault/>
      </column>
      <column name="AD_ORG_ID" primaryKey="false" required="true" type="VARCHAR" size="32" autoIncrement="false">
        <default/>
        <onCreateDefault/>
      </column>
      <column name="ISACTIVE" primaryKey="false" required="true" type="CHAR" size="1" autoIncrement="false">
        <default><![CDATA[Y]]></default>
        <onCreateDefault/>
      </column>
      <column name="CREATED" primaryKey="false" required="true" type="TIMESTAMP" size="7" autoIncrement="false">
        <default><![CDATA[SYSDATE]]></default>
        <onCreateDefault/>
      </column>
      <column name="CREATEDBY" primaryKey="false" required="true" type="VARCHAR" size="32" autoIncrement="false">
        <default/>
        <onCreateDefault/>
      </column>
      <column name="UPDATED" primaryKey="false" required="true" type="TIMESTAMP" size="7" autoIncrement="false">
        <default><![CDATA[SYSDATE]]></default>
        <onCreateDefault/>
      </column>
      <column name="UPDATEDBY" primaryKey="false" required="true" type="VARCHAR" size="32" autoIncrement="false">
        <default/>
        <onCreateDefault/>
      </column>
      <column name="CAM_WORKORDER_ID" primaryKey="false" required="true" type="VARCHAR" size="32" autoIncrement="false">
        <default/>
        <onCreateDefault/>
      </column>
      <column name="A_ASSET_ID" primaryKey="false" required="true" type="VARCHAR" size="32" autoIncrement="false">
        <default/>
        <onCreateDefault/>
      </column>
      <column name="ISASSETMOVEMENT" primaryKey="false" required="true" type="CHAR" size="1" autoIncrement="false">
        <default><![CDATA[N]]></default>
        <onCreateDefault/>
      </column>
      <column name="CAM_LOCATION_ID" primaryKey="false" required="false" type="VARCHAR" size="32" autoIncrement="false">
        <default/>
        <onCreateDefault/>
      </column>
      <column name="C_COSTCENTER_ID" primaryKey="false" required="false" type="VARCHAR" size="32" autoIncrement="false">
        <default/>
        <onCreateDefault/>
      </column>
      <column name="ISASSETOPNAME" primaryKey="false" required="true" type="CHAR" size="1" autoIncrement="false">
        <default><![CDATA[N]]></default>
        <onCreateDefault/>
      </column>
      <column name="MA_MAINT_OPERATION_ID" primaryKey="false" required="false" type="VARCHAR" size="32" autoIncrement="false">
        <default/>
        <onCreateDefault/>
      </column>
      <column name="ESTIMATEDCOST" primaryKey="false" required="true" type="DECIMAL" autoIncrement="false">
        <default><![CDATA[0]]></default>
        <onCreateDefault/>
      </column>
      <column name="DESCRIPTION" primaryKey="false" required="false" type="VARCHAR" size="2000" autoIncrement="false">
        <default/>
        <onCreateDefault/>
      </column>
      <column name="ISDISPOSED" primaryKey="false" required="true" type="CHAR" size="1" autoIncrement="false">
        <default><![CDATA[N]]></default>
        <onCreateDefault/>
      </column>
      <column name="CAM_OLDLOCATION_ID" primaryKey="false" required="false" type="VARCHAR" size="32" autoIncrement="false">
        <default/>
        <onCreateDefault/>
      </column>
      <column name="C_OLDCOSTCENTER_ID" primaryKey="false" required="false" type="VARCHAR" size="32" autoIncrement="false">
        <default/>
        <onCreateDefault/>
      </column>
      <foreign-key foreignTable="C_COSTCENTER" name="CAM_WO_ASSET_CC_FK">
        <reference local="C_COSTCENTER_ID" foreign="C_COSTCENTER_ID"/>
      </foreign-key>
      <foreign-key foreignTable="C_COSTCENTER" name="CAM_WOA_OLDCOSTCENTER_FK">
        <reference local="C_OLDCOSTCENTER_ID" foreign="C_COSTCENTER_ID"/>
      </foreign-key>
      <foreign-key foreignTable="CAM_LOCATION" name="CAM_WOA_OLDLOCATION_FK">
        <reference local="CAM_OLDLOCATION_ID" foreign="CAM_LOCATION_ID"/>
      </foreign-key>
      <foreign-key foreignTable="CAM_LOCATION" name="CAM_WOASSET_LOCATION">
        <reference local="CAM_LOCATION_ID" foreign="CAM_LOCATION_ID"/>
      </foreign-key>
      <foreign-key foreignTable="A_ASSET" name="CAM_WORKORDER_ASSET">
        <reference local="A_ASSET_ID" foreign="A_ASSET_ID"/>
      </foreign-key>
      <foreign-key foreignTable="CAM_WORKORDER" name="CAM_WORKORDER_PARENT">
        <reference local="CAM_WORKORDER_ID" foreign="CAM_WORKORDER_ID"/>
      </foreign-key>
      <foreign-key foreignTable="AD_CLIENT" name="CAM_WORKORDERASSET_AD_CLIENT">
        <reference local="AD_CLIENT_ID" foreign="AD_CLIENT_ID"/>
      </foreign-key>
      <foreign-key foreignTable="AD_ORG" name="CAM_WORKORDERASSET_AD_ORG">
        <reference local="AD_ORG_ID" foreign="AD_ORG_ID"/>
      </foreign-key>
      <foreign-key foreignTable="MA_MAINT_OPERATION" name="CAM_WORKORDERASSET_TASK">
        <reference local="MA_MAINT_OPERATION_ID" foreign="MA_MAINT_OPERATION_ID"/>
      </foreign-key>
      <unique name="CAM_WOASSET_UNQ">
        <unique-column name="CAM_WORKORDER_ID"/>
        <unique-column name="A_ASSET_ID"/>
      </unique>
      <check name="CAM_WOASSET_ACTIVE_CHK"><![CDATA[ISACTIVE IN ('Y', 'N')]]></check>
      <check name="CAM_WORKORDERASSET_ISMOVEMENT"><![CDATA[ISASSETMOVEMENT IN ('Y', 'N')]]></check>
    </table>
  </database>
