<?xml version="1.0" encoding="UTF-8"?>
<data>
<!--21DEB3BC4E624F50AA3C1C21F68E1C6D--><AD_AUXILIARINPUT>
<!--21DEB3BC4E624F50AA3C1C21F68E1C6D-->  <AD_AUXILIARINPUT_ID><![CDATA[21DEB3BC4E624F50AA3C1C21F68E1C6D]]></AD_AUXILIARINPUT_ID>
<!--21DEB3BC4E624F50AA3C1C21F68E1C6D-->  <AD_CLIENT_ID><![CDATA[0]]></AD_CLIENT_ID>
<!--21DEB3BC4E624F50AA3C1C21F68E1C6D-->  <AD_ORG_ID><![CDATA[0]]></AD_ORG_ID>
<!--21DEB3BC4E624F50AA3C1C21F68E1C6D-->  <ISACTIVE><![CDATA[Y]]></ISACTIVE>
<!--21DEB3BC4E624F50AA3C1C21F68E1C6D-->  <AD_TAB_ID><![CDATA[146]]></AD_TAB_ID>
<!--21DEB3BC4E624F50AA3C1C21F68E1C6D-->  <NAME><![CDATA[OEZ_YEAR]]></NAME>
<!--21DEB3BC4E624F50AA3C1C21F68E1C6D-->  <CODE><![CDATA[@SQL=select DATE_PART('YEAR',now()::DATE) from dual]]></CODE>
<!--21DEB3BC4E624F50AA3C1C21F68E1C6D-->  <AD_MODULE_ID><![CDATA[27445C8270364452BEB29669FBB21CED]]></AD_MODULE_ID>
<!--21DEB3BC4E624F50AA3C1C21F68E1C6D--></AD_AUXILIARINPUT>

<!--33F13E7BA5934BF482778A167B07E8AD--><AD_AUXILIARINPUT>
<!--33F13E7BA5934BF482778A167B07E8AD-->  <AD_AUXILIARINPUT_ID><![CDATA[33F13E7BA5934BF482778A167B07E8AD]]></AD_AUXILIARINPUT_ID>
<!--33F13E7BA5934BF482778A167B07E8AD-->  <AD_CLIENT_ID><![CDATA[0]]></AD_CLIENT_ID>
<!--33F13E7BA5934BF482778A167B07E8AD-->  <AD_ORG_ID><![CDATA[0]]></AD_ORG_ID>
<!--33F13E7BA5934BF482778A167B07E8AD-->  <ISACTIVE><![CDATA[Y]]></ISACTIVE>
<!--33F13E7BA5934BF482778A167B07E8AD-->  <AD_TAB_ID><![CDATA[C45C2DFFF5AF452FBE47E08D24D08F14]]></AD_TAB_ID>
<!--33F13E7BA5934BF482778A167B07E8AD-->  <NAME><![CDATA[ORDERTRANSACTION]]></NAME>
<!--33F13E7BA5934BF482778A167B07E8AD-->  <CODE><![CDATA[@SQL=SELECT (CASE WHEN @AD_TAB_ID@ IN ('294','186','AF4090093CFF1431E040007F010048A5','5A5CCFC8359B4D79BA705DC487FE8173','F87F1EB7EB404F1F916EBAFAD1A0A334')
		THEN 'Y'
		ELSE 'N'
		END) AS ORDERTRANSACTION
FROM DUAL]]></CODE>
<!--33F13E7BA5934BF482778A167B07E8AD-->  <AD_MODULE_ID><![CDATA[27445C8270364452BEB29669FBB21CED]]></AD_MODULE_ID>
<!--33F13E7BA5934BF482778A167B07E8AD--></AD_AUXILIARINPUT>

<!--B99119B92A8F474AAE1F8EBE98BF814A--><AD_AUXILIARINPUT>
<!--B99119B92A8F474AAE1F8EBE98BF814A-->  <AD_AUXILIARINPUT_ID><![CDATA[B99119B92A8F474AAE1F8EBE98BF814A]]></AD_AUXILIARINPUT_ID>
<!--B99119B92A8F474AAE1F8EBE98BF814A-->  <AD_CLIENT_ID><![CDATA[0]]></AD_CLIENT_ID>
<!--B99119B92A8F474AAE1F8EBE98BF814A-->  <AD_ORG_ID><![CDATA[0]]></AD_ORG_ID>
<!--B99119B92A8F474AAE1F8EBE98BF814A-->  <ISACTIVE><![CDATA[Y]]></ISACTIVE>
<!--B99119B92A8F474AAE1F8EBE98BF814A-->  <AD_TAB_ID><![CDATA[5C6C9488BE75482C91C43C130615CE55]]></AD_TAB_ID>
<!--B99119B92A8F474AAE1F8EBE98BF814A-->  <NAME><![CDATA[OEZ_Window_Budget]]></NAME>
<!--B99119B92A8F474AAE1F8EBE98BF814A-->  <CODE><![CDATA[S]]></CODE>
<!--B99119B92A8F474AAE1F8EBE98BF814A-->  <AD_MODULE_ID><![CDATA[27445C8270364452BEB29669FBB21CED]]></AD_MODULE_ID>
<!--B99119B92A8F474AAE1F8EBE98BF814A--></AD_AUXILIARINPUT>

<!--FDF4CB1024C747CC9EA83F63B2F764B9--><AD_AUXILIARINPUT>
<!--FDF4CB1024C747CC9EA83F63B2F764B9-->  <AD_AUXILIARINPUT_ID><![CDATA[FDF4CB1024C747CC9EA83F63B2F764B9]]></AD_AUXILIARINPUT_ID>
<!--FDF4CB1024C747CC9EA83F63B2F764B9-->  <AD_CLIENT_ID><![CDATA[0]]></AD_CLIENT_ID>
<!--FDF4CB1024C747CC9EA83F63B2F764B9-->  <AD_ORG_ID><![CDATA[0]]></AD_ORG_ID>
<!--FDF4CB1024C747CC9EA83F63B2F764B9-->  <ISACTIVE><![CDATA[Y]]></ISACTIVE>
<!--FDF4CB1024C747CC9EA83F63B2F764B9-->  <AD_TAB_ID><![CDATA[C45C2DFFF5AF452FBE47E08D24D08F14]]></AD_TAB_ID>
<!--FDF4CB1024C747CC9EA83F63B2F764B9-->  <NAME><![CDATA[TRANSACTIONWITHAMOUNT]]></NAME>
<!--FDF4CB1024C747CC9EA83F63B2F764B9-->  <CODE><![CDATA[@SQL=SELECT (CASE WHEN @AD_TAB_ID@ IN ('294','186','AF4090093CFF1431E040007F010048A5','5A5CCFC8359B4D79BA705DC487FE8173','F87F1EB7EB404F1F916EBAFAD1A0A334','263','290')
		THEN 'Y'
		ELSE 'N'
		END) AS TRANSACTIONWITHAMOUNT
FROM DUAL]]></CODE>
<!--FDF4CB1024C747CC9EA83F63B2F764B9-->  <AD_MODULE_ID><![CDATA[27445C8270364452BEB29669FBB21CED]]></AD_MODULE_ID>
<!--FDF4CB1024C747CC9EA83F63B2F764B9--></AD_AUXILIARINPUT>

</data>
