<?xml version="1.0" encoding="UTF-8"?>
<data>
<!--9DC30497C5C44DAD91EA7C75C0B96AE3--><AD_CALLOUT>
<!--9DC30497C5C44DAD91EA7C75C0B96AE3-->  <AD_CALLOUT_ID><![CDATA[9DC30497C5C44DAD91EA7C75C0B96AE3]]></AD_CALLOUT_ID>
<!--9DC30497C5C44DAD91EA7C75C0B96AE3-->  <AD_CLIENT_ID><![CDATA[0]]></AD_CLIENT_ID>
<!--9DC30497C5C44DAD91EA7C75C0B96AE3-->  <AD_ORG_ID><![CDATA[0]]></AD_ORG_ID>
<!--9DC30497C5C44DAD91EA7C75C0B96AE3-->  <ISACTIVE><![CDATA[Y]]></ISACTIVE>
<!--9DC30497C5C44DAD91EA7C75C0B96AE3-->  <NAME><![CDATA[Exisiting Attribute Set Instance]]></NAME>
<!--9DC30497C5C44DAD91EA7C75C0B96AE3-->  <AD_MODULE_ID><![CDATA[27445C8270364452BEB29669FBB21CED]]></AD_MODULE_ID>
<!--9DC30497C5C44DAD91EA7C75C0B96AE3--></AD_CALLOUT>

<!--C43FB2C5ECAC4AC6854103BA5CBE2EBB--><AD_CALLOUT>
<!--C43FB2C5ECAC4AC6854103BA5CBE2EBB-->  <AD_CALLOUT_ID><![CDATA[C43FB2C5ECAC4AC6854103BA5CBE2EBB]]></AD_CALLOUT_ID>
<!--C43FB2C5ECAC4AC6854103BA5CBE2EBB-->  <AD_CLIENT_ID><![CDATA[0]]></AD_CLIENT_ID>
<!--C43FB2C5ECAC4AC6854103BA5CBE2EBB-->  <AD_ORG_ID><![CDATA[0]]></AD_ORG_ID>
<!--C43FB2C5ECAC4AC6854103BA5CBE2EBB-->  <ISACTIVE><![CDATA[Y]]></ISACTIVE>
<!--C43FB2C5ECAC4AC6854103BA5CBE2EBB-->  <NAME><![CDATA[Year]]></NAME>
<!--C43FB2C5ECAC4AC6854103BA5CBE2EBB-->  <AD_MODULE_ID><![CDATA[27445C8270364452BEB29669FBB21CED]]></AD_MODULE_ID>
<!--C43FB2C5ECAC4AC6854103BA5CBE2EBB--></AD_CALLOUT>

<!--F24F54E1C17E4895981EB22749EBF818--><AD_CALLOUT>
<!--F24F54E1C17E4895981EB22749EBF818-->  <AD_CALLOUT_ID><![CDATA[F24F54E1C17E4895981EB22749EBF818]]></AD_CALLOUT_ID>
<!--F24F54E1C17E4895981EB22749EBF818-->  <AD_CLIENT_ID><![CDATA[0]]></AD_CLIENT_ID>
<!--F24F54E1C17E4895981EB22749EBF818-->  <AD_ORG_ID><![CDATA[0]]></AD_ORG_ID>
<!--F24F54E1C17E4895981EB22749EBF818-->  <ISACTIVE><![CDATA[Y]]></ISACTIVE>
<!--F24F54E1C17E4895981EB22749EBF818-->  <NAME><![CDATA[OEZ_ICL_DocumentNo]]></NAME>
<!--F24F54E1C17E4895981EB22749EBF818-->  <AD_MODULE_ID><![CDATA[27445C8270364452BEB29669FBB21CED]]></AD_MODULE_ID>
<!--F24F54E1C17E4895981EB22749EBF818--></AD_CALLOUT>

</data>
