<?xml version="1.0" encoding="UTF-8"?>
<data>
<!--015DA1BA84AF4BF39DF8619B1951DC29--><AD_DATASET_TABLE>
<!--015DA1BA84AF4BF39DF8619B1951DC29-->  <AD_DATASET_TABLE_ID><![CDATA[015DA1BA84AF4BF39DF8619B1951DC29]]></AD_DATASET_TABLE_ID>
<!--015DA1BA84AF4BF39DF8619B1951DC29-->  <AD_CLIENT_ID><![CDATA[0]]></AD_CLIENT_ID>
<!--015DA1BA84AF4BF39DF8619B1951DC29-->  <AD_ORG_ID><![CDATA[0]]></AD_ORG_ID>
<!--015DA1BA84AF4BF39DF8619B1951DC29-->  <ISACTIVE><![CDATA[Y]]></ISACTIVE>
<!--015DA1BA84AF4BF39DF8619B1951DC29-->  <AD_DATASET_ID><![CDATA[CF96207B981F4BF3968132B4654EE68B]]></AD_DATASET_ID>
<!--015DA1BA84AF4BF39DF8619B1951DC29-->  <AD_TABLE_ID><![CDATA[113]]></AD_TABLE_ID>
<!--015DA1BA84AF4BF39DF8619B1951DC29-->  <INCLUDEALLCOLUMNS><![CDATA[Y]]></INCLUDEALLCOLUMNS>
<!--015DA1BA84AF4BF39DF8619B1951DC29-->  <WHERECLAUSE><![CDATA[ad_client_id='60CD717795234262A4BF80E3F0420058']]></WHERECLAUSE>
<!--015DA1BA84AF4BF39DF8619B1951DC29-->  <EXCLUDEAUDITINFO><![CDATA[Y]]></EXCLUDEAUDITINFO>
<!--015DA1BA84AF4BF39DF8619B1951DC29-->  <ISBUSINESSOBJECT><![CDATA[N]]></ISBUSINESSOBJECT>
<!--015DA1BA84AF4BF39DF8619B1951DC29-->  <AD_MODULE_ID><![CDATA[27445C8270364452BEB29669FBB21CED]]></AD_MODULE_ID>
<!--015DA1BA84AF4BF39DF8619B1951DC29--></AD_DATASET_TABLE>

<!--05F9A7A1179549FC889A7F6658321063--><AD_DATASET_TABLE>
<!--05F9A7A1179549FC889A7F6658321063-->  <AD_DATASET_TABLE_ID><![CDATA[05F9A7A1179549FC889A7F6658321063]]></AD_DATASET_TABLE_ID>
<!--05F9A7A1179549FC889A7F6658321063-->  <AD_CLIENT_ID><![CDATA[0]]></AD_CLIENT_ID>
<!--05F9A7A1179549FC889A7F6658321063-->  <AD_ORG_ID><![CDATA[0]]></AD_ORG_ID>
<!--05F9A7A1179549FC889A7F6658321063-->  <ISACTIVE><![CDATA[Y]]></ISACTIVE>
<!--05F9A7A1179549FC889A7F6658321063-->  <AD_DATASET_ID><![CDATA[CF96207B981F4BF3968132B4654EE68B]]></AD_DATASET_ID>
<!--05F9A7A1179549FC889A7F6658321063-->  <AD_TABLE_ID><![CDATA[475]]></AD_TABLE_ID>
<!--05F9A7A1179549FC889A7F6658321063-->  <INCLUDEALLCOLUMNS><![CDATA[Y]]></INCLUDEALLCOLUMNS>
<!--05F9A7A1179549FC889A7F6658321063-->  <WHERECLAUSE><![CDATA[ad_client_id='60CD717795234262A4BF80E3F0420058']]></WHERECLAUSE>
<!--05F9A7A1179549FC889A7F6658321063-->  <EXCLUDEAUDITINFO><![CDATA[Y]]></EXCLUDEAUDITINFO>
<!--05F9A7A1179549FC889A7F6658321063-->  <ISBUSINESSOBJECT><![CDATA[N]]></ISBUSINESSOBJECT>
<!--05F9A7A1179549FC889A7F6658321063-->  <AD_MODULE_ID><![CDATA[27445C8270364452BEB29669FBB21CED]]></AD_MODULE_ID>
<!--05F9A7A1179549FC889A7F6658321063--></AD_DATASET_TABLE>

<!--0A2BABA141974E55B7818C24318544BA--><AD_DATASET_TABLE>
<!--0A2BABA141974E55B7818C24318544BA-->  <AD_DATASET_TABLE_ID><![CDATA[0A2BABA141974E55B7818C24318544BA]]></AD_DATASET_TABLE_ID>
<!--0A2BABA141974E55B7818C24318544BA-->  <AD_CLIENT_ID><![CDATA[0]]></AD_CLIENT_ID>
<!--0A2BABA141974E55B7818C24318544BA-->  <AD_ORG_ID><![CDATA[0]]></AD_ORG_ID>
<!--0A2BABA141974E55B7818C24318544BA-->  <ISACTIVE><![CDATA[Y]]></ISACTIVE>
<!--0A2BABA141974E55B7818C24318544BA-->  <AD_DATASET_ID><![CDATA[C87A52784FE5433EA62CE67726618128]]></AD_DATASET_ID>
<!--0A2BABA141974E55B7818C24318544BA-->  <AD_TABLE_ID><![CDATA[146]]></AD_TABLE_ID>
<!--0A2BABA141974E55B7818C24318544BA-->  <INCLUDEALLCOLUMNS><![CDATA[Y]]></INCLUDEALLCOLUMNS>
<!--0A2BABA141974E55B7818C24318544BA-->  <WHERECLAUSE><![CDATA[x12de355 not in ('DA','HR','KG','WD','WM','MJ','MO','OZ','LB','EA','WK','YR')]]></WHERECLAUSE>
<!--0A2BABA141974E55B7818C24318544BA-->  <EXCLUDEAUDITINFO><![CDATA[Y]]></EXCLUDEAUDITINFO>
<!--0A2BABA141974E55B7818C24318544BA-->  <ISBUSINESSOBJECT><![CDATA[N]]></ISBUSINESSOBJECT>
<!--0A2BABA141974E55B7818C24318544BA-->  <AD_MODULE_ID><![CDATA[27445C8270364452BEB29669FBB21CED]]></AD_MODULE_ID>
<!--0A2BABA141974E55B7818C24318544BA--></AD_DATASET_TABLE>

<!--0C67DF9C950B4D44AD590EF5C2977DCE--><AD_DATASET_TABLE>
<!--0C67DF9C950B4D44AD590EF5C2977DCE-->  <AD_DATASET_TABLE_ID><![CDATA[0C67DF9C950B4D44AD590EF5C2977DCE]]></AD_DATASET_TABLE_ID>
<!--0C67DF9C950B4D44AD590EF5C2977DCE-->  <AD_CLIENT_ID><![CDATA[0]]></AD_CLIENT_ID>
<!--0C67DF9C950B4D44AD590EF5C2977DCE-->  <AD_ORG_ID><![CDATA[0]]></AD_ORG_ID>
<!--0C67DF9C950B4D44AD590EF5C2977DCE-->  <ISACTIVE><![CDATA[Y]]></ISACTIVE>
<!--0C67DF9C950B4D44AD590EF5C2977DCE-->  <AD_DATASET_ID><![CDATA[CF96207B981F4BF3968132B4654EE68B]]></AD_DATASET_ID>
<!--0C67DF9C950B4D44AD590EF5C2977DCE-->  <AD_TABLE_ID><![CDATA[252]]></AD_TABLE_ID>
<!--0C67DF9C950B4D44AD590EF5C2977DCE-->  <INCLUDEALLCOLUMNS><![CDATA[Y]]></INCLUDEALLCOLUMNS>
<!--0C67DF9C950B4D44AD590EF5C2977DCE-->  <WHERECLAUSE><![CDATA[ad_client_id='60CD717795234262A4BF80E3F0420058']]></WHERECLAUSE>
<!--0C67DF9C950B4D44AD590EF5C2977DCE-->  <EXCLUDEAUDITINFO><![CDATA[Y]]></EXCLUDEAUDITINFO>
<!--0C67DF9C950B4D44AD590EF5C2977DCE-->  <ISBUSINESSOBJECT><![CDATA[N]]></ISBUSINESSOBJECT>
<!--0C67DF9C950B4D44AD590EF5C2977DCE-->  <AD_MODULE_ID><![CDATA[27445C8270364452BEB29669FBB21CED]]></AD_MODULE_ID>
<!--0C67DF9C950B4D44AD590EF5C2977DCE--></AD_DATASET_TABLE>

<!--38C7BA41C4A142F2890A189609A62E9D--><AD_DATASET_TABLE>
<!--38C7BA41C4A142F2890A189609A62E9D-->  <AD_DATASET_TABLE_ID><![CDATA[38C7BA41C4A142F2890A189609A62E9D]]></AD_DATASET_TABLE_ID>
<!--38C7BA41C4A142F2890A189609A62E9D-->  <AD_CLIENT_ID><![CDATA[0]]></AD_CLIENT_ID>
<!--38C7BA41C4A142F2890A189609A62E9D-->  <AD_ORG_ID><![CDATA[0]]></AD_ORG_ID>
<!--38C7BA41C4A142F2890A189609A62E9D-->  <ISACTIVE><![CDATA[Y]]></ISACTIVE>
<!--38C7BA41C4A142F2890A189609A62E9D-->  <AD_DATASET_ID><![CDATA[AC71D6476642415C93B11F434AFF93CB]]></AD_DATASET_ID>
<!--38C7BA41C4A142F2890A189609A62E9D-->  <AD_TABLE_ID><![CDATA[382]]></AD_TABLE_ID>
<!--38C7BA41C4A142F2890A189609A62E9D-->  <INCLUDEALLCOLUMNS><![CDATA[Y]]></INCLUDEALLCOLUMNS>
<!--38C7BA41C4A142F2890A189609A62E9D-->  <WHERECLAUSE><![CDATA[ad_client_id='FF8081813C8B1C4F013C8B254A190009']]></WHERECLAUSE>
<!--38C7BA41C4A142F2890A189609A62E9D-->  <EXCLUDEAUDITINFO><![CDATA[Y]]></EXCLUDEAUDITINFO>
<!--38C7BA41C4A142F2890A189609A62E9D-->  <ISBUSINESSOBJECT><![CDATA[N]]></ISBUSINESSOBJECT>
<!--38C7BA41C4A142F2890A189609A62E9D-->  <AD_MODULE_ID><![CDATA[27445C8270364452BEB29669FBB21CED]]></AD_MODULE_ID>
<!--38C7BA41C4A142F2890A189609A62E9D--></AD_DATASET_TABLE>

<!--3DE06A2B82E04BDA985323EFAF62D30A--><AD_DATASET_TABLE>
<!--3DE06A2B82E04BDA985323EFAF62D30A-->  <AD_DATASET_TABLE_ID><![CDATA[3DE06A2B82E04BDA985323EFAF62D30A]]></AD_DATASET_TABLE_ID>
<!--3DE06A2B82E04BDA985323EFAF62D30A-->  <AD_CLIENT_ID><![CDATA[0]]></AD_CLIENT_ID>
<!--3DE06A2B82E04BDA985323EFAF62D30A-->  <AD_ORG_ID><![CDATA[0]]></AD_ORG_ID>
<!--3DE06A2B82E04BDA985323EFAF62D30A-->  <ISACTIVE><![CDATA[Y]]></ISACTIVE>
<!--3DE06A2B82E04BDA985323EFAF62D30A-->  <AD_DATASET_ID><![CDATA[35CB58BD116F4821957FFCF10E0B8EFD]]></AD_DATASET_ID>
<!--3DE06A2B82E04BDA985323EFAF62D30A-->  <AD_TABLE_ID><![CDATA[21099395A88C4657B4A13C758EBCDB72]]></AD_TABLE_ID>
<!--3DE06A2B82E04BDA985323EFAF62D30A-->  <INCLUDEALLCOLUMNS><![CDATA[Y]]></INCLUDEALLCOLUMNS>
<!--3DE06A2B82E04BDA985323EFAF62D30A-->  <EXCLUDEAUDITINFO><![CDATA[N]]></EXCLUDEAUDITINFO>
<!--3DE06A2B82E04BDA985323EFAF62D30A-->  <ISBUSINESSOBJECT><![CDATA[N]]></ISBUSINESSOBJECT>
<!--3DE06A2B82E04BDA985323EFAF62D30A-->  <AD_MODULE_ID><![CDATA[27445C8270364452BEB29669FBB21CED]]></AD_MODULE_ID>
<!--3DE06A2B82E04BDA985323EFAF62D30A--></AD_DATASET_TABLE>

<!--63D7383285FE40D6A710EA2F363BDA83--><AD_DATASET_TABLE>
<!--63D7383285FE40D6A710EA2F363BDA83-->  <AD_DATASET_TABLE_ID><![CDATA[63D7383285FE40D6A710EA2F363BDA83]]></AD_DATASET_TABLE_ID>
<!--63D7383285FE40D6A710EA2F363BDA83-->  <AD_CLIENT_ID><![CDATA[0]]></AD_CLIENT_ID>
<!--63D7383285FE40D6A710EA2F363BDA83-->  <AD_ORG_ID><![CDATA[0]]></AD_ORG_ID>
<!--63D7383285FE40D6A710EA2F363BDA83-->  <ISACTIVE><![CDATA[Y]]></ISACTIVE>
<!--63D7383285FE40D6A710EA2F363BDA83-->  <AD_DATASET_ID><![CDATA[CF96207B981F4BF3968132B4654EE68B]]></AD_DATASET_ID>
<!--63D7383285FE40D6A710EA2F363BDA83-->  <AD_TABLE_ID><![CDATA[257]]></AD_TABLE_ID>
<!--63D7383285FE40D6A710EA2F363BDA83-->  <INCLUDEALLCOLUMNS><![CDATA[Y]]></INCLUDEALLCOLUMNS>
<!--63D7383285FE40D6A710EA2F363BDA83-->  <WHERECLAUSE><![CDATA[ad_client_id='60CD717795234262A4BF80E3F0420058']]></WHERECLAUSE>
<!--63D7383285FE40D6A710EA2F363BDA83-->  <EXCLUDEAUDITINFO><![CDATA[Y]]></EXCLUDEAUDITINFO>
<!--63D7383285FE40D6A710EA2F363BDA83-->  <ISBUSINESSOBJECT><![CDATA[N]]></ISBUSINESSOBJECT>
<!--63D7383285FE40D6A710EA2F363BDA83-->  <AD_MODULE_ID><![CDATA[27445C8270364452BEB29669FBB21CED]]></AD_MODULE_ID>
<!--63D7383285FE40D6A710EA2F363BDA83--></AD_DATASET_TABLE>

<!--72E71A117CF34619ACDB9555024029B5--><AD_DATASET_TABLE>
<!--72E71A117CF34619ACDB9555024029B5-->  <AD_DATASET_TABLE_ID><![CDATA[72E71A117CF34619ACDB9555024029B5]]></AD_DATASET_TABLE_ID>
<!--72E71A117CF34619ACDB9555024029B5-->  <AD_CLIENT_ID><![CDATA[0]]></AD_CLIENT_ID>
<!--72E71A117CF34619ACDB9555024029B5-->  <AD_ORG_ID><![CDATA[0]]></AD_ORG_ID>
<!--72E71A117CF34619ACDB9555024029B5-->  <ISACTIVE><![CDATA[Y]]></ISACTIVE>
<!--72E71A117CF34619ACDB9555024029B5-->  <AD_DATASET_ID><![CDATA[C3D2E94C4FE64157A4F9C437D9D538A8]]></AD_DATASET_ID>
<!--72E71A117CF34619ACDB9555024029B5-->  <AD_TABLE_ID><![CDATA[381]]></AD_TABLE_ID>
<!--72E71A117CF34619ACDB9555024029B5-->  <INCLUDEALLCOLUMNS><![CDATA[Y]]></INCLUDEALLCOLUMNS>
<!--72E71A117CF34619ACDB9555024029B5-->  <WHERECLAUSE><![CDATA[name in ('import goods shipment', 'import goods receipt', 'import G/L Journal', 'import budget', 'import goods shipment', 'import sales invoice', 'import purchase order (IDR)', 'import sales order (IDR)')]]></WHERECLAUSE>
<!--72E71A117CF34619ACDB9555024029B5-->  <EXCLUDEAUDITINFO><![CDATA[Y]]></EXCLUDEAUDITINFO>
<!--72E71A117CF34619ACDB9555024029B5-->  <ISBUSINESSOBJECT><![CDATA[Y]]></ISBUSINESSOBJECT>
<!--72E71A117CF34619ACDB9555024029B5-->  <AD_MODULE_ID><![CDATA[27445C8270364452BEB29669FBB21CED]]></AD_MODULE_ID>
<!--72E71A117CF34619ACDB9555024029B5--></AD_DATASET_TABLE>

<!--72E729E085F54ACF8CE7F20FFA5C3159--><AD_DATASET_TABLE>
<!--72E729E085F54ACF8CE7F20FFA5C3159-->  <AD_DATASET_TABLE_ID><![CDATA[72E729E085F54ACF8CE7F20FFA5C3159]]></AD_DATASET_TABLE_ID>
<!--72E729E085F54ACF8CE7F20FFA5C3159-->  <AD_CLIENT_ID><![CDATA[0]]></AD_CLIENT_ID>
<!--72E729E085F54ACF8CE7F20FFA5C3159-->  <AD_ORG_ID><![CDATA[0]]></AD_ORG_ID>
<!--72E729E085F54ACF8CE7F20FFA5C3159-->  <ISACTIVE><![CDATA[Y]]></ISACTIVE>
<!--72E729E085F54ACF8CE7F20FFA5C3159-->  <AD_DATASET_ID><![CDATA[CF96207B981F4BF3968132B4654EE68B]]></AD_DATASET_ID>
<!--72E729E085F54ACF8CE7F20FFA5C3159-->  <AD_TABLE_ID><![CDATA[394]]></AD_TABLE_ID>
<!--72E729E085F54ACF8CE7F20FFA5C3159-->  <INCLUDEALLCOLUMNS><![CDATA[Y]]></INCLUDEALLCOLUMNS>
<!--72E729E085F54ACF8CE7F20FFA5C3159-->  <WHERECLAUSE><![CDATA[ad_client_id='60CD717795234262A4BF80E3F0420058']]></WHERECLAUSE>
<!--72E729E085F54ACF8CE7F20FFA5C3159-->  <EXCLUDEAUDITINFO><![CDATA[Y]]></EXCLUDEAUDITINFO>
<!--72E729E085F54ACF8CE7F20FFA5C3159-->  <ISBUSINESSOBJECT><![CDATA[N]]></ISBUSINESSOBJECT>
<!--72E729E085F54ACF8CE7F20FFA5C3159-->  <AD_MODULE_ID><![CDATA[27445C8270364452BEB29669FBB21CED]]></AD_MODULE_ID>
<!--72E729E085F54ACF8CE7F20FFA5C3159--></AD_DATASET_TABLE>

<!--84716BFDFCFC4A14837F65E829E7F53C--><AD_DATASET_TABLE>
<!--84716BFDFCFC4A14837F65E829E7F53C-->  <AD_DATASET_TABLE_ID><![CDATA[84716BFDFCFC4A14837F65E829E7F53C]]></AD_DATASET_TABLE_ID>
<!--84716BFDFCFC4A14837F65E829E7F53C-->  <AD_CLIENT_ID><![CDATA[0]]></AD_CLIENT_ID>
<!--84716BFDFCFC4A14837F65E829E7F53C-->  <AD_ORG_ID><![CDATA[0]]></AD_ORG_ID>
<!--84716BFDFCFC4A14837F65E829E7F53C-->  <ISACTIVE><![CDATA[Y]]></ISACTIVE>
<!--84716BFDFCFC4A14837F65E829E7F53C-->  <AD_DATASET_ID><![CDATA[AC71D6476642415C93B11F434AFF93CB]]></AD_DATASET_ID>
<!--84716BFDFCFC4A14837F65E829E7F53C-->  <AD_TABLE_ID><![CDATA[381]]></AD_TABLE_ID>
<!--84716BFDFCFC4A14837F65E829E7F53C-->  <INCLUDEALLCOLUMNS><![CDATA[Y]]></INCLUDEALLCOLUMNS>
<!--84716BFDFCFC4A14837F65E829E7F53C-->  <WHERECLAUSE><![CDATA[ad_client_id='FF8081813C8B1C4F013C8B254A190009']]></WHERECLAUSE>
<!--84716BFDFCFC4A14837F65E829E7F53C-->  <EXCLUDEAUDITINFO><![CDATA[Y]]></EXCLUDEAUDITINFO>
<!--84716BFDFCFC4A14837F65E829E7F53C-->  <ISBUSINESSOBJECT><![CDATA[N]]></ISBUSINESSOBJECT>
<!--84716BFDFCFC4A14837F65E829E7F53C-->  <AD_MODULE_ID><![CDATA[27445C8270364452BEB29669FBB21CED]]></AD_MODULE_ID>
<!--84716BFDFCFC4A14837F65E829E7F53C--></AD_DATASET_TABLE>

<!--8CBAD36CC327435197172538615BBEDF--><AD_DATASET_TABLE>
<!--8CBAD36CC327435197172538615BBEDF-->  <AD_DATASET_TABLE_ID><![CDATA[8CBAD36CC327435197172538615BBEDF]]></AD_DATASET_TABLE_ID>
<!--8CBAD36CC327435197172538615BBEDF-->  <AD_CLIENT_ID><![CDATA[0]]></AD_CLIENT_ID>
<!--8CBAD36CC327435197172538615BBEDF-->  <AD_ORG_ID><![CDATA[0]]></AD_ORG_ID>
<!--8CBAD36CC327435197172538615BBEDF-->  <ISACTIVE><![CDATA[Y]]></ISACTIVE>
<!--8CBAD36CC327435197172538615BBEDF-->  <AD_DATASET_ID><![CDATA[CF96207B981F4BF3968132B4654EE68B]]></AD_DATASET_ID>
<!--8CBAD36CC327435197172538615BBEDF-->  <AD_TABLE_ID><![CDATA[209]]></AD_TABLE_ID>
<!--8CBAD36CC327435197172538615BBEDF-->  <INCLUDEALLCOLUMNS><![CDATA[Y]]></INCLUDEALLCOLUMNS>
<!--8CBAD36CC327435197172538615BBEDF-->  <WHERECLAUSE><![CDATA[ad_client_id='60CD717795234262A4BF80E3F0420058']]></WHERECLAUSE>
<!--8CBAD36CC327435197172538615BBEDF-->  <EXCLUDEAUDITINFO><![CDATA[Y]]></EXCLUDEAUDITINFO>
<!--8CBAD36CC327435197172538615BBEDF-->  <ISBUSINESSOBJECT><![CDATA[N]]></ISBUSINESSOBJECT>
<!--8CBAD36CC327435197172538615BBEDF-->  <AD_MODULE_ID><![CDATA[27445C8270364452BEB29669FBB21CED]]></AD_MODULE_ID>
<!--8CBAD36CC327435197172538615BBEDF--></AD_DATASET_TABLE>

<!--90F2808AF1E0439596C3FFBDDC25A864--><AD_DATASET_TABLE>
<!--90F2808AF1E0439596C3FFBDDC25A864-->  <AD_DATASET_TABLE_ID><![CDATA[90F2808AF1E0439596C3FFBDDC25A864]]></AD_DATASET_TABLE_ID>
<!--90F2808AF1E0439596C3FFBDDC25A864-->  <AD_CLIENT_ID><![CDATA[0]]></AD_CLIENT_ID>
<!--90F2808AF1E0439596C3FFBDDC25A864-->  <AD_ORG_ID><![CDATA[0]]></AD_ORG_ID>
<!--90F2808AF1E0439596C3FFBDDC25A864-->  <ISACTIVE><![CDATA[Y]]></ISACTIVE>
<!--90F2808AF1E0439596C3FFBDDC25A864-->  <AD_DATASET_ID><![CDATA[CF96207B981F4BF3968132B4654EE68B]]></AD_DATASET_ID>
<!--90F2808AF1E0439596C3FFBDDC25A864-->  <AD_TABLE_ID><![CDATA[255]]></AD_TABLE_ID>
<!--90F2808AF1E0439596C3FFBDDC25A864-->  <INCLUDEALLCOLUMNS><![CDATA[Y]]></INCLUDEALLCOLUMNS>
<!--90F2808AF1E0439596C3FFBDDC25A864-->  <WHERECLAUSE><![CDATA[ad_client_id='60CD717795234262A4BF80E3F0420058']]></WHERECLAUSE>
<!--90F2808AF1E0439596C3FFBDDC25A864-->  <EXCLUDEAUDITINFO><![CDATA[Y]]></EXCLUDEAUDITINFO>
<!--90F2808AF1E0439596C3FFBDDC25A864-->  <ISBUSINESSOBJECT><![CDATA[N]]></ISBUSINESSOBJECT>
<!--90F2808AF1E0439596C3FFBDDC25A864-->  <AD_MODULE_ID><![CDATA[27445C8270364452BEB29669FBB21CED]]></AD_MODULE_ID>
<!--90F2808AF1E0439596C3FFBDDC25A864--></AD_DATASET_TABLE>

<!--922C94456E9149C892DD409D5D76BD1D--><AD_DATASET_TABLE>
<!--922C94456E9149C892DD409D5D76BD1D-->  <AD_DATASET_TABLE_ID><![CDATA[922C94456E9149C892DD409D5D76BD1D]]></AD_DATASET_TABLE_ID>
<!--922C94456E9149C892DD409D5D76BD1D-->  <AD_CLIENT_ID><![CDATA[0]]></AD_CLIENT_ID>
<!--922C94456E9149C892DD409D5D76BD1D-->  <AD_ORG_ID><![CDATA[0]]></AD_ORG_ID>
<!--922C94456E9149C892DD409D5D76BD1D-->  <ISACTIVE><![CDATA[Y]]></ISACTIVE>
<!--922C94456E9149C892DD409D5D76BD1D-->  <AD_DATASET_ID><![CDATA[A6D62CB069FB444E975E4ED768C32DB5]]></AD_DATASET_ID>
<!--922C94456E9149C892DD409D5D76BD1D-->  <AD_TABLE_ID><![CDATA[381]]></AD_TABLE_ID>
<!--922C94456E9149C892DD409D5D76BD1D-->  <INCLUDEALLCOLUMNS><![CDATA[Y]]></INCLUDEALLCOLUMNS>
<!--922C94456E9149C892DD409D5D76BD1D-->  <WHERECLAUSE><![CDATA[name in ('Inventory','Order','Invoice','Shipment','Work Effort')]]></WHERECLAUSE>
<!--922C94456E9149C892DD409D5D76BD1D-->  <EXCLUDEAUDITINFO><![CDATA[Y]]></EXCLUDEAUDITINFO>
<!--922C94456E9149C892DD409D5D76BD1D-->  <ISBUSINESSOBJECT><![CDATA[N]]></ISBUSINESSOBJECT>
<!--922C94456E9149C892DD409D5D76BD1D-->  <AD_MODULE_ID><![CDATA[27445C8270364452BEB29669FBB21CED]]></AD_MODULE_ID>
<!--922C94456E9149C892DD409D5D76BD1D--></AD_DATASET_TABLE>

<!--9A619674253442B3AFDEDF997F64BEB3--><AD_DATASET_TABLE>
<!--9A619674253442B3AFDEDF997F64BEB3-->  <AD_DATASET_TABLE_ID><![CDATA[9A619674253442B3AFDEDF997F64BEB3]]></AD_DATASET_TABLE_ID>
<!--9A619674253442B3AFDEDF997F64BEB3-->  <AD_CLIENT_ID><![CDATA[0]]></AD_CLIENT_ID>
<!--9A619674253442B3AFDEDF997F64BEB3-->  <AD_ORG_ID><![CDATA[0]]></AD_ORG_ID>
<!--9A619674253442B3AFDEDF997F64BEB3-->  <ISACTIVE><![CDATA[Y]]></ISACTIVE>
<!--9A619674253442B3AFDEDF997F64BEB3-->  <AD_DATASET_ID><![CDATA[A6D62CB069FB444E975E4ED768C32DB5]]></AD_DATASET_ID>
<!--9A619674253442B3AFDEDF997F64BEB3-->  <AD_TABLE_ID><![CDATA[382]]></AD_TABLE_ID>
<!--9A619674253442B3AFDEDF997F64BEB3-->  <INCLUDEALLCOLUMNS><![CDATA[Y]]></INCLUDEALLCOLUMNS>
<!--9A619674253442B3AFDEDF997F64BEB3-->  <WHERECLAUSE><![CDATA[importFormat.id in(select i.id from DataImportFormat i
where i.name in ('Inventory','Order','Invoice','Shipment','Work Effort'))]]></WHERECLAUSE>
<!--9A619674253442B3AFDEDF997F64BEB3-->  <EXCLUDEAUDITINFO><![CDATA[Y]]></EXCLUDEAUDITINFO>
<!--9A619674253442B3AFDEDF997F64BEB3-->  <ISBUSINESSOBJECT><![CDATA[N]]></ISBUSINESSOBJECT>
<!--9A619674253442B3AFDEDF997F64BEB3-->  <AD_MODULE_ID><![CDATA[27445C8270364452BEB29669FBB21CED]]></AD_MODULE_ID>
<!--9A619674253442B3AFDEDF997F64BEB3--></AD_DATASET_TABLE>

<!--A305DAD0DF8D4C0D99DA9470D689FECC--><AD_DATASET_TABLE>
<!--A305DAD0DF8D4C0D99DA9470D689FECC-->  <AD_DATASET_TABLE_ID><![CDATA[A305DAD0DF8D4C0D99DA9470D689FECC]]></AD_DATASET_TABLE_ID>
<!--A305DAD0DF8D4C0D99DA9470D689FECC-->  <AD_CLIENT_ID><![CDATA[0]]></AD_CLIENT_ID>
<!--A305DAD0DF8D4C0D99DA9470D689FECC-->  <AD_ORG_ID><![CDATA[0]]></AD_ORG_ID>
<!--A305DAD0DF8D4C0D99DA9470D689FECC-->  <ISACTIVE><![CDATA[Y]]></ISACTIVE>
<!--A305DAD0DF8D4C0D99DA9470D689FECC-->  <AD_DATASET_ID><![CDATA[CF96207B981F4BF3968132B4654EE68B]]></AD_DATASET_ID>
<!--A305DAD0DF8D4C0D99DA9470D689FECC-->  <AD_TABLE_ID><![CDATA[261]]></AD_TABLE_ID>
<!--A305DAD0DF8D4C0D99DA9470D689FECC-->  <INCLUDEALLCOLUMNS><![CDATA[Y]]></INCLUDEALLCOLUMNS>
<!--A305DAD0DF8D4C0D99DA9470D689FECC-->  <WHERECLAUSE><![CDATA[ad_client_id='60CD717795234262A4BF80E3F0420058']]></WHERECLAUSE>
<!--A305DAD0DF8D4C0D99DA9470D689FECC-->  <EXCLUDEAUDITINFO><![CDATA[Y]]></EXCLUDEAUDITINFO>
<!--A305DAD0DF8D4C0D99DA9470D689FECC-->  <ISBUSINESSOBJECT><![CDATA[N]]></ISBUSINESSOBJECT>
<!--A305DAD0DF8D4C0D99DA9470D689FECC-->  <AD_MODULE_ID><![CDATA[27445C8270364452BEB29669FBB21CED]]></AD_MODULE_ID>
<!--A305DAD0DF8D4C0D99DA9470D689FECC--></AD_DATASET_TABLE>

<!--A58297BD055C4A619D3084722779CA54--><AD_DATASET_TABLE>
<!--A58297BD055C4A619D3084722779CA54-->  <AD_DATASET_TABLE_ID><![CDATA[A58297BD055C4A619D3084722779CA54]]></AD_DATASET_TABLE_ID>
<!--A58297BD055C4A619D3084722779CA54-->  <AD_CLIENT_ID><![CDATA[0]]></AD_CLIENT_ID>
<!--A58297BD055C4A619D3084722779CA54-->  <AD_ORG_ID><![CDATA[0]]></AD_ORG_ID>
<!--A58297BD055C4A619D3084722779CA54-->  <ISACTIVE><![CDATA[Y]]></ISACTIVE>
<!--A58297BD055C4A619D3084722779CA54-->  <AD_DATASET_ID><![CDATA[9FFA3B15D4B34038BB67B2E8C09584B7]]></AD_DATASET_ID>
<!--A58297BD055C4A619D3084722779CA54-->  <AD_TABLE_ID><![CDATA[593]]></AD_TABLE_ID>
<!--A58297BD055C4A619D3084722779CA54-->  <INCLUDEALLCOLUMNS><![CDATA[Y]]></INCLUDEALLCOLUMNS>
<!--A58297BD055C4A619D3084722779CA54-->  <WHERECLAUSE><![CDATA[name in ('Customer/Supplier tanpa alamat penagihan',
	 'Produk tanpa harga beli atau harga jual',
	 'Customer telah melebihi 80% batas kredit',
	 'Customer tanpa pesanan penjualan dalam 30 hari terakhir',
	 'Tagihan yang lewat jatuh tempo',
	 'Bank Statement Belum Diproses',
	 'Purchase Invoice Belum Diproses',
	 'Sales Invoice Belum Diproses',
	 'Customer tanpa alamat pengiriman',
         'Goods Receipt dengan status DRAFT sudah lebih dari 5 hari',
         'Goods Shipment dengan status DRAFT sudah lebih dari 5 hari'
	 )]]></WHERECLAUSE>
<!--A58297BD055C4A619D3084722779CA54-->  <EXCLUDEAUDITINFO><![CDATA[N]]></EXCLUDEAUDITINFO>
<!--A58297BD055C4A619D3084722779CA54-->  <ISBUSINESSOBJECT><![CDATA[N]]></ISBUSINESSOBJECT>
<!--A58297BD055C4A619D3084722779CA54-->  <AD_MODULE_ID><![CDATA[27445C8270364452BEB29669FBB21CED]]></AD_MODULE_ID>
<!--A58297BD055C4A619D3084722779CA54--></AD_DATASET_TABLE>

<!--D64A94D7670446F196D1DB15B74CA358--><AD_DATASET_TABLE>
<!--D64A94D7670446F196D1DB15B74CA358-->  <AD_DATASET_TABLE_ID><![CDATA[D64A94D7670446F196D1DB15B74CA358]]></AD_DATASET_TABLE_ID>
<!--D64A94D7670446F196D1DB15B74CA358-->  <AD_CLIENT_ID><![CDATA[0]]></AD_CLIENT_ID>
<!--D64A94D7670446F196D1DB15B74CA358-->  <AD_ORG_ID><![CDATA[0]]></AD_ORG_ID>
<!--D64A94D7670446F196D1DB15B74CA358-->  <ISACTIVE><![CDATA[Y]]></ISACTIVE>
<!--D64A94D7670446F196D1DB15B74CA358-->  <AD_DATASET_ID><![CDATA[CF96207B981F4BF3968132B4654EE68B]]></AD_DATASET_ID>
<!--D64A94D7670446F196D1DB15B74CA358-->  <AD_TABLE_ID><![CDATA[0B44DF7A2A854784BF34AD49C58647D7]]></AD_TABLE_ID>
<!--D64A94D7670446F196D1DB15B74CA358-->  <INCLUDEALLCOLUMNS><![CDATA[Y]]></INCLUDEALLCOLUMNS>
<!--D64A94D7670446F196D1DB15B74CA358-->  <WHERECLAUSE><![CDATA[ad_client_id='60CD717795234262A4BF80E3F0420058']]></WHERECLAUSE>
<!--D64A94D7670446F196D1DB15B74CA358-->  <EXCLUDEAUDITINFO><![CDATA[Y]]></EXCLUDEAUDITINFO>
<!--D64A94D7670446F196D1DB15B74CA358-->  <ISBUSINESSOBJECT><![CDATA[N]]></ISBUSINESSOBJECT>
<!--D64A94D7670446F196D1DB15B74CA358-->  <AD_MODULE_ID><![CDATA[27445C8270364452BEB29669FBB21CED]]></AD_MODULE_ID>
<!--D64A94D7670446F196D1DB15B74CA358--></AD_DATASET_TABLE>

<!--DC9F90ABD4B14F4CA00F756B4461D5BD--><AD_DATASET_TABLE>
<!--DC9F90ABD4B14F4CA00F756B4461D5BD-->  <AD_DATASET_TABLE_ID><![CDATA[DC9F90ABD4B14F4CA00F756B4461D5BD]]></AD_DATASET_TABLE_ID>
<!--DC9F90ABD4B14F4CA00F756B4461D5BD-->  <AD_CLIENT_ID><![CDATA[0]]></AD_CLIENT_ID>
<!--DC9F90ABD4B14F4CA00F756B4461D5BD-->  <AD_ORG_ID><![CDATA[0]]></AD_ORG_ID>
<!--DC9F90ABD4B14F4CA00F756B4461D5BD-->  <ISACTIVE><![CDATA[Y]]></ISACTIVE>
<!--DC9F90ABD4B14F4CA00F756B4461D5BD-->  <AD_DATASET_ID><![CDATA[CF96207B981F4BF3968132B4654EE68B]]></AD_DATASET_ID>
<!--DC9F90ABD4B14F4CA00F756B4461D5BD-->  <AD_TABLE_ID><![CDATA[D3231436A21B4315AAB7100DDC9E3027]]></AD_TABLE_ID>
<!--DC9F90ABD4B14F4CA00F756B4461D5BD-->  <INCLUDEALLCOLUMNS><![CDATA[Y]]></INCLUDEALLCOLUMNS>
<!--DC9F90ABD4B14F4CA00F756B4461D5BD-->  <WHERECLAUSE><![CDATA[ad_client_id='60CD717795234262A4BF80E3F0420058']]></WHERECLAUSE>
<!--DC9F90ABD4B14F4CA00F756B4461D5BD-->  <EXCLUDEAUDITINFO><![CDATA[Y]]></EXCLUDEAUDITINFO>
<!--DC9F90ABD4B14F4CA00F756B4461D5BD-->  <ISBUSINESSOBJECT><![CDATA[N]]></ISBUSINESSOBJECT>
<!--DC9F90ABD4B14F4CA00F756B4461D5BD-->  <AD_MODULE_ID><![CDATA[27445C8270364452BEB29669FBB21CED]]></AD_MODULE_ID>
<!--DC9F90ABD4B14F4CA00F756B4461D5BD--></AD_DATASET_TABLE>

<!--DEAA984C95CD4D7C88CB99FB6EA9D8C7--><AD_DATASET_TABLE>
<!--DEAA984C95CD4D7C88CB99FB6EA9D8C7-->  <AD_DATASET_TABLE_ID><![CDATA[DEAA984C95CD4D7C88CB99FB6EA9D8C7]]></AD_DATASET_TABLE_ID>
<!--DEAA984C95CD4D7C88CB99FB6EA9D8C7-->  <AD_CLIENT_ID><![CDATA[0]]></AD_CLIENT_ID>
<!--DEAA984C95CD4D7C88CB99FB6EA9D8C7-->  <AD_ORG_ID><![CDATA[0]]></AD_ORG_ID>
<!--DEAA984C95CD4D7C88CB99FB6EA9D8C7-->  <ISACTIVE><![CDATA[Y]]></ISACTIVE>
<!--DEAA984C95CD4D7C88CB99FB6EA9D8C7-->  <AD_DATASET_ID><![CDATA[CF96207B981F4BF3968132B4654EE68B]]></AD_DATASET_ID>
<!--DEAA984C95CD4D7C88CB99FB6EA9D8C7-->  <AD_TABLE_ID><![CDATA[295]]></AD_TABLE_ID>
<!--DEAA984C95CD4D7C88CB99FB6EA9D8C7-->  <INCLUDEALLCOLUMNS><![CDATA[Y]]></INCLUDEALLCOLUMNS>
<!--DEAA984C95CD4D7C88CB99FB6EA9D8C7-->  <WHERECLAUSE><![CDATA[ad_client_id='60CD717795234262A4BF80E3F0420058']]></WHERECLAUSE>
<!--DEAA984C95CD4D7C88CB99FB6EA9D8C7-->  <EXCLUDEAUDITINFO><![CDATA[Y]]></EXCLUDEAUDITINFO>
<!--DEAA984C95CD4D7C88CB99FB6EA9D8C7-->  <ISBUSINESSOBJECT><![CDATA[N]]></ISBUSINESSOBJECT>
<!--DEAA984C95CD4D7C88CB99FB6EA9D8C7-->  <AD_MODULE_ID><![CDATA[27445C8270364452BEB29669FBB21CED]]></AD_MODULE_ID>
<!--DEAA984C95CD4D7C88CB99FB6EA9D8C7--></AD_DATASET_TABLE>

<!--F97E61E0072F4D67AAE840028F93EE21--><AD_DATASET_TABLE>
<!--F97E61E0072F4D67AAE840028F93EE21-->  <AD_DATASET_TABLE_ID><![CDATA[F97E61E0072F4D67AAE840028F93EE21]]></AD_DATASET_TABLE_ID>
<!--F97E61E0072F4D67AAE840028F93EE21-->  <AD_CLIENT_ID><![CDATA[0]]></AD_CLIENT_ID>
<!--F97E61E0072F4D67AAE840028F93EE21-->  <AD_ORG_ID><![CDATA[0]]></AD_ORG_ID>
<!--F97E61E0072F4D67AAE840028F93EE21-->  <ISACTIVE><![CDATA[Y]]></ISACTIVE>
<!--F97E61E0072F4D67AAE840028F93EE21-->  <AD_DATASET_ID><![CDATA[CF96207B981F4BF3968132B4654EE68B]]></AD_DATASET_ID>
<!--F97E61E0072F4D67AAE840028F93EE21-->  <AD_TABLE_ID><![CDATA[477]]></AD_TABLE_ID>
<!--F97E61E0072F4D67AAE840028F93EE21-->  <INCLUDEALLCOLUMNS><![CDATA[Y]]></INCLUDEALLCOLUMNS>
<!--F97E61E0072F4D67AAE840028F93EE21-->  <WHERECLAUSE><![CDATA[ad_client_id='60CD717795234262A4BF80E3F0420058']]></WHERECLAUSE>
<!--F97E61E0072F4D67AAE840028F93EE21-->  <EXCLUDEAUDITINFO><![CDATA[Y]]></EXCLUDEAUDITINFO>
<!--F97E61E0072F4D67AAE840028F93EE21-->  <ISBUSINESSOBJECT><![CDATA[N]]></ISBUSINESSOBJECT>
<!--F97E61E0072F4D67AAE840028F93EE21-->  <AD_MODULE_ID><![CDATA[27445C8270364452BEB29669FBB21CED]]></AD_MODULE_ID>
<!--F97E61E0072F4D67AAE840028F93EE21--></AD_DATASET_TABLE>

</data>
