<?xml version="1.0" encoding="UTF-8"?>
<data>
<!--35CB58BD116F4821957FFCF10E0B8EFD--><AD_DATASET>
<!--35CB58BD116F4821957FFCF10E0B8EFD-->  <AD_DATASET_ID><![CDATA[35CB58BD116F4821957FFCF10E0B8EFD]]></AD_DATASET_ID>
<!--35CB58BD116F4821957FFCF10E0B8EFD-->  <AD_CLIENT_ID><![CDATA[0]]></AD_CLIENT_ID>
<!--35CB58BD116F4821957FFCF10E0B8EFD-->  <AD_ORG_ID><![CDATA[0]]></AD_ORG_ID>
<!--35CB58BD116F4821957FFCF10E0B8EFD-->  <ISACTIVE><![CDATA[Y]]></ISACTIVE>
<!--35CB58BD116F4821957FFCF10E0B8EFD-->  <VALUE><![CDATA[Document Routing Configuration]]></VALUE>
<!--35CB58BD116F4821957FFCF10E0B8EFD-->  <NAME><![CDATA[Document Routing Configuration]]></NAME>
<!--35CB58BD116F4821957FFCF10E0B8EFD-->  <DESCRIPTION><![CDATA[library used to standard approval in Document Routing module]]></DESCRIPTION>
<!--35CB58BD116F4821957FFCF10E0B8EFD-->  <AD_MODULE_ID><![CDATA[27445C8270364452BEB29669FBB21CED]]></AD_MODULE_ID>
<!--35CB58BD116F4821957FFCF10E0B8EFD-->  <EXPORT><![CDATA[N]]></EXPORT>
<!--35CB58BD116F4821957FFCF10E0B8EFD-->  <ACCESSLEVEL><![CDATA[3]]></ACCESSLEVEL>
<!--35CB58BD116F4821957FFCF10E0B8EFD-->  <EXPORTALLOWED><![CDATA[Y]]></EXPORTALLOWED>
<!--35CB58BD116F4821957FFCF10E0B8EFD-->  <CHECKSUM><![CDATA[291888592197744733842764828908555899670]]></CHECKSUM>
<!--35CB58BD116F4821957FFCF10E0B8EFD-->  <SEQNO><![CDATA[150]]></SEQNO>
<!--35CB58BD116F4821957FFCF10E0B8EFD-->  <ISDEFAULTVALUESDATASET><![CDATA[N]]></ISDEFAULTVALUESDATASET>
<!--35CB58BD116F4821957FFCF10E0B8EFD--></AD_DATASET>

<!--9FFA3B15D4B34038BB67B2E8C09584B7--><AD_DATASET>
<!--9FFA3B15D4B34038BB67B2E8C09584B7-->  <AD_DATASET_ID><![CDATA[9FFA3B15D4B34038BB67B2E8C09584B7]]></AD_DATASET_ID>
<!--9FFA3B15D4B34038BB67B2E8C09584B7-->  <AD_CLIENT_ID><![CDATA[0]]></AD_CLIENT_ID>
<!--9FFA3B15D4B34038BB67B2E8C09584B7-->  <AD_ORG_ID><![CDATA[0]]></AD_ORG_ID>
<!--9FFA3B15D4B34038BB67B2E8C09584B7-->  <ISACTIVE><![CDATA[Y]]></ISACTIVE>
<!--9FFA3B15D4B34038BB67B2E8C09584B7-->  <VALUE><![CDATA[Alert]]></VALUE>
<!--9FFA3B15D4B34038BB67B2E8C09584B7-->  <NAME><![CDATA[Openbravo EZ Alert]]></NAME>
<!--9FFA3B15D4B34038BB67B2E8C09584B7-->  <AD_MODULE_ID><![CDATA[27445C8270364452BEB29669FBB21CED]]></AD_MODULE_ID>
<!--9FFA3B15D4B34038BB67B2E8C09584B7-->  <EXPORT><![CDATA[N]]></EXPORT>
<!--9FFA3B15D4B34038BB67B2E8C09584B7-->  <ACCESSLEVEL><![CDATA[4]]></ACCESSLEVEL>
<!--9FFA3B15D4B34038BB67B2E8C09584B7-->  <EXPORTALLOWED><![CDATA[Y]]></EXPORTALLOWED>
<!--9FFA3B15D4B34038BB67B2E8C09584B7-->  <CHECKSUM><![CDATA[22503447158144607150473409274683028223]]></CHECKSUM>
<!--9FFA3B15D4B34038BB67B2E8C09584B7-->  <SEQNO><![CDATA[20]]></SEQNO>
<!--9FFA3B15D4B34038BB67B2E8C09584B7-->  <ISDEFAULTVALUESDATASET><![CDATA[N]]></ISDEFAULTVALUESDATASET>
<!--9FFA3B15D4B34038BB67B2E8C09584B7--></AD_DATASET>

<!--A6D62CB069FB444E975E4ED768C32DB5--><AD_DATASET>
<!--A6D62CB069FB444E975E4ED768C32DB5-->  <AD_DATASET_ID><![CDATA[A6D62CB069FB444E975E4ED768C32DB5]]></AD_DATASET_ID>
<!--A6D62CB069FB444E975E4ED768C32DB5-->  <AD_CLIENT_ID><![CDATA[0]]></AD_CLIENT_ID>
<!--A6D62CB069FB444E975E4ED768C32DB5-->  <AD_ORG_ID><![CDATA[0]]></AD_ORG_ID>
<!--A6D62CB069FB444E975E4ED768C32DB5-->  <ISACTIVE><![CDATA[Y]]></ISACTIVE>
<!--A6D62CB069FB444E975E4ED768C32DB5-->  <VALUE><![CDATA[IFL3]]></VALUE>
<!--A6D62CB069FB444E975E4ED768C32DB5-->  <NAME><![CDATA[Import File Loader 3]]></NAME>
<!--A6D62CB069FB444E975E4ED768C32DB5-->  <AD_MODULE_ID><![CDATA[27445C8270364452BEB29669FBB21CED]]></AD_MODULE_ID>
<!--A6D62CB069FB444E975E4ED768C32DB5-->  <EXPORT><![CDATA[N]]></EXPORT>
<!--A6D62CB069FB444E975E4ED768C32DB5-->  <ACCESSLEVEL><![CDATA[6]]></ACCESSLEVEL>
<!--A6D62CB069FB444E975E4ED768C32DB5-->  <EXPORTALLOWED><![CDATA[Y]]></EXPORTALLOWED>
<!--A6D62CB069FB444E975E4ED768C32DB5-->  <CHECKSUM><![CDATA[339297583702491008582092663502802241500]]></CHECKSUM>
<!--A6D62CB069FB444E975E4ED768C32DB5-->  <SEQNO><![CDATA[140]]></SEQNO>
<!--A6D62CB069FB444E975E4ED768C32DB5-->  <ISDEFAULTVALUESDATASET><![CDATA[N]]></ISDEFAULTVALUESDATASET>
<!--A6D62CB069FB444E975E4ED768C32DB5--></AD_DATASET>

<!--AC71D6476642415C93B11F434AFF93CB--><AD_DATASET>
<!--AC71D6476642415C93B11F434AFF93CB-->  <AD_DATASET_ID><![CDATA[AC71D6476642415C93B11F434AFF93CB]]></AD_DATASET_ID>
<!--AC71D6476642415C93B11F434AFF93CB-->  <AD_CLIENT_ID><![CDATA[0]]></AD_CLIENT_ID>
<!--AC71D6476642415C93B11F434AFF93CB-->  <AD_ORG_ID><![CDATA[0]]></AD_ORG_ID>
<!--AC71D6476642415C93B11F434AFF93CB-->  <ISACTIVE><![CDATA[Y]]></ISACTIVE>
<!--AC71D6476642415C93B11F434AFF93CB-->  <VALUE><![CDATA[Import File Format]]></VALUE>
<!--AC71D6476642415C93B11F434AFF93CB-->  <NAME><![CDATA[Import File Format]]></NAME>
<!--AC71D6476642415C93B11F434AFF93CB-->  <DESCRIPTION><![CDATA[Import master data, partner balance, product cost and price, inventory, and GL Account]]></DESCRIPTION>
<!--AC71D6476642415C93B11F434AFF93CB-->  <AD_MODULE_ID><![CDATA[27445C8270364452BEB29669FBB21CED]]></AD_MODULE_ID>
<!--AC71D6476642415C93B11F434AFF93CB-->  <EXPORT><![CDATA[N]]></EXPORT>
<!--AC71D6476642415C93B11F434AFF93CB-->  <ACCESSLEVEL><![CDATA[6]]></ACCESSLEVEL>
<!--AC71D6476642415C93B11F434AFF93CB-->  <EXPORTALLOWED><![CDATA[Y]]></EXPORTALLOWED>
<!--AC71D6476642415C93B11F434AFF93CB-->  <CHECKSUM><![CDATA[281949768489412648962353822266799178366]]></CHECKSUM>
<!--AC71D6476642415C93B11F434AFF93CB-->  <ISDEFAULTVALUESDATASET><![CDATA[N]]></ISDEFAULTVALUESDATASET>
<!--AC71D6476642415C93B11F434AFF93CB--></AD_DATASET>

<!--C3D2E94C4FE64157A4F9C437D9D538A8--><AD_DATASET>
<!--C3D2E94C4FE64157A4F9C437D9D538A8-->  <AD_DATASET_ID><![CDATA[C3D2E94C4FE64157A4F9C437D9D538A8]]></AD_DATASET_ID>
<!--C3D2E94C4FE64157A4F9C437D9D538A8-->  <AD_CLIENT_ID><![CDATA[0]]></AD_CLIENT_ID>
<!--C3D2E94C4FE64157A4F9C437D9D538A8-->  <AD_ORG_ID><![CDATA[0]]></AD_ORG_ID>
<!--C3D2E94C4FE64157A4F9C437D9D538A8-->  <ISACTIVE><![CDATA[Y]]></ISACTIVE>
<!--C3D2E94C4FE64157A4F9C437D9D538A8-->  <VALUE><![CDATA[Import File Format 2]]></VALUE>
<!--C3D2E94C4FE64157A4F9C437D9D538A8-->  <NAME><![CDATA[Import File Format 2]]></NAME>
<!--C3D2E94C4FE64157A4F9C437D9D538A8-->  <DESCRIPTION><![CDATA[Import file format tahap 2]]></DESCRIPTION>
<!--C3D2E94C4FE64157A4F9C437D9D538A8-->  <AD_MODULE_ID><![CDATA[27445C8270364452BEB29669FBB21CED]]></AD_MODULE_ID>
<!--C3D2E94C4FE64157A4F9C437D9D538A8-->  <EXPORT><![CDATA[N]]></EXPORT>
<!--C3D2E94C4FE64157A4F9C437D9D538A8-->  <ACCESSLEVEL><![CDATA[6]]></ACCESSLEVEL>
<!--C3D2E94C4FE64157A4F9C437D9D538A8-->  <EXPORTALLOWED><![CDATA[Y]]></EXPORTALLOWED>
<!--C3D2E94C4FE64157A4F9C437D9D538A8-->  <CHECKSUM><![CDATA[281949768489412648962353822266799178366]]></CHECKSUM>
<!--C3D2E94C4FE64157A4F9C437D9D538A8-->  <SEQNO><![CDATA[120]]></SEQNO>
<!--C3D2E94C4FE64157A4F9C437D9D538A8-->  <ISDEFAULTVALUESDATASET><![CDATA[N]]></ISDEFAULTVALUESDATASET>
<!--C3D2E94C4FE64157A4F9C437D9D538A8--></AD_DATASET>

<!--C87A52784FE5433EA62CE67726618128--><AD_DATASET>
<!--C87A52784FE5433EA62CE67726618128-->  <AD_DATASET_ID><![CDATA[C87A52784FE5433EA62CE67726618128]]></AD_DATASET_ID>
<!--C87A52784FE5433EA62CE67726618128-->  <AD_CLIENT_ID><![CDATA[0]]></AD_CLIENT_ID>
<!--C87A52784FE5433EA62CE67726618128-->  <AD_ORG_ID><![CDATA[0]]></AD_ORG_ID>
<!--C87A52784FE5433EA62CE67726618128-->  <ISACTIVE><![CDATA[Y]]></ISACTIVE>
<!--C87A52784FE5433EA62CE67726618128-->  <VALUE><![CDATA[ANSI UoM]]></VALUE>
<!--C87A52784FE5433EA62CE67726618128-->  <NAME><![CDATA[ANSI UoM]]></NAME>
<!--C87A52784FE5433EA62CE67726618128-->  <DESCRIPTION><![CDATA[unit of measure based on ANSI standard]]></DESCRIPTION>
<!--C87A52784FE5433EA62CE67726618128-->  <AD_MODULE_ID><![CDATA[27445C8270364452BEB29669FBB21CED]]></AD_MODULE_ID>
<!--C87A52784FE5433EA62CE67726618128-->  <EXPORT><![CDATA[N]]></EXPORT>
<!--C87A52784FE5433EA62CE67726618128-->  <ACCESSLEVEL><![CDATA[4]]></ACCESSLEVEL>
<!--C87A52784FE5433EA62CE67726618128-->  <EXPORTALLOWED><![CDATA[Y]]></EXPORTALLOWED>
<!--C87A52784FE5433EA62CE67726618128-->  <CHECKSUM><![CDATA[36387568329554304932739702653297984762]]></CHECKSUM>
<!--C87A52784FE5433EA62CE67726618128-->  <SEQNO><![CDATA[100]]></SEQNO>
<!--C87A52784FE5433EA62CE67726618128-->  <ISDEFAULTVALUESDATASET><![CDATA[N]]></ISDEFAULTVALUESDATASET>
<!--C87A52784FE5433EA62CE67726618128--></AD_DATASET>

<!--CF96207B981F4BF3968132B4654EE68B--><AD_DATASET>
<!--CF96207B981F4BF3968132B4654EE68B-->  <AD_DATASET_ID><![CDATA[CF96207B981F4BF3968132B4654EE68B]]></AD_DATASET_ID>
<!--CF96207B981F4BF3968132B4654EE68B-->  <AD_CLIENT_ID><![CDATA[0]]></AD_CLIENT_ID>
<!--CF96207B981F4BF3968132B4654EE68B-->  <AD_ORG_ID><![CDATA[0]]></AD_ORG_ID>
<!--CF96207B981F4BF3968132B4654EE68B-->  <ISACTIVE><![CDATA[Y]]></ISACTIVE>
<!--CF96207B981F4BF3968132B4654EE68B-->  <VALUE><![CDATA[Configuration Data]]></VALUE>
<!--CF96207B981F4BF3968132B4654EE68B-->  <NAME><![CDATA[Configuration Data]]></NAME>
<!--CF96207B981F4BF3968132B4654EE68B-->  <DESCRIPTION><![CDATA[Configuration data including: Business Partner Category, Invoice Schedule, Payment Term, Return Reason, Product Category, Price List Schema, Price List, Tax Category, Tax Rate, and Payment Method]]></DESCRIPTION>
<!--CF96207B981F4BF3968132B4654EE68B-->  <AD_MODULE_ID><![CDATA[27445C8270364452BEB29669FBB21CED]]></AD_MODULE_ID>
<!--CF96207B981F4BF3968132B4654EE68B-->  <EXPORT><![CDATA[N]]></EXPORT>
<!--CF96207B981F4BF3968132B4654EE68B-->  <ACCESSLEVEL><![CDATA[3]]></ACCESSLEVEL>
<!--CF96207B981F4BF3968132B4654EE68B-->  <EXPORTALLOWED><![CDATA[Y]]></EXPORTALLOWED>
<!--CF96207B981F4BF3968132B4654EE68B-->  <CHECKSUM><![CDATA[294530871162222326905395105929602734916]]></CHECKSUM>
<!--CF96207B981F4BF3968132B4654EE68B-->  <SEQNO><![CDATA[90]]></SEQNO>
<!--CF96207B981F4BF3968132B4654EE68B-->  <ISDEFAULTVALUESDATASET><![CDATA[N]]></ISDEFAULTVALUESDATASET>
<!--CF96207B981F4BF3968132B4654EE68B--></AD_DATASET>

</data>
