<?xml version="1.0" encoding="UTF-8"?>
<data>
<!--02A52627314841B19765C1F8491BE3CB--><AD_FIELDGROUP>
<!--02A52627314841B19765C1F8491BE3CB-->  <AD_FIELDGROUP_ID><![CDATA[02A52627314841B19765C1F8491BE3CB]]></AD_FIELDGROUP_ID>
<!--02A52627314841B19765C1F8491BE3CB-->  <AD_CLIENT_ID><![CDATA[0]]></AD_CLIENT_ID>
<!--02A52627314841B19765C1F8491BE3CB-->  <AD_ORG_ID><![CDATA[0]]></AD_ORG_ID>
<!--02A52627314841B19765C1F8491BE3CB-->  <ISACTIVE><![CDATA[Y]]></ISACTIVE>
<!--02A52627314841B19765C1F8491BE3CB-->  <NAME><![CDATA[Fiscal Calendar and Accounting Period Creation Wizard]]></NAME>
<!--02A52627314841B19765C1F8491BE3CB-->  <AD_MODULE_ID><![CDATA[27445C8270364452BEB29669FBB21CED]]></AD_MODULE_ID>
<!--02A52627314841B19765C1F8491BE3CB--></AD_FIELDGROUP>

<!--4E01CA7142CC4135827FBB90BCAE8F06--><AD_FIELDGROUP>
<!--4E01CA7142CC4135827FBB90BCAE8F06-->  <AD_FIELDGROUP_ID><![CDATA[4E01CA7142CC4135827FBB90BCAE8F06]]></AD_FIELDGROUP_ID>
<!--4E01CA7142CC4135827FBB90BCAE8F06-->  <AD_CLIENT_ID><![CDATA[0]]></AD_CLIENT_ID>
<!--4E01CA7142CC4135827FBB90BCAE8F06-->  <AD_ORG_ID><![CDATA[0]]></AD_ORG_ID>
<!--4E01CA7142CC4135827FBB90BCAE8F06-->  <ISACTIVE><![CDATA[Y]]></ISACTIVE>
<!--4E01CA7142CC4135827FBB90BCAE8F06-->  <NAME><![CDATA[Import Process Information]]></NAME>
<!--4E01CA7142CC4135827FBB90BCAE8F06-->  <AD_MODULE_ID><![CDATA[27445C8270364452BEB29669FBB21CED]]></AD_MODULE_ID>
<!--4E01CA7142CC4135827FBB90BCAE8F06-->  <ISCOLLAPSED><![CDATA[N]]></ISCOLLAPSED>
<!--4E01CA7142CC4135827FBB90BCAE8F06--></AD_FIELDGROUP>

<!--501BD79FCE2C41469C6E2D114C4764C0--><AD_FIELDGROUP>
<!--501BD79FCE2C41469C6E2D114C4764C0-->  <AD_FIELDGROUP_ID><![CDATA[501BD79FCE2C41469C6E2D114C4764C0]]></AD_FIELDGROUP_ID>
<!--501BD79FCE2C41469C6E2D114C4764C0-->  <AD_CLIENT_ID><![CDATA[0]]></AD_CLIENT_ID>
<!--501BD79FCE2C41469C6E2D114C4764C0-->  <AD_ORG_ID><![CDATA[0]]></AD_ORG_ID>
<!--501BD79FCE2C41469C6E2D114C4764C0-->  <ISACTIVE><![CDATA[Y]]></ISACTIVE>
<!--501BD79FCE2C41469C6E2D114C4764C0-->  <NAME><![CDATA[Financial Statement Report Creation Wizard]]></NAME>
<!--501BD79FCE2C41469C6E2D114C4764C0-->  <AD_MODULE_ID><![CDATA[27445C8270364452BEB29669FBB21CED]]></AD_MODULE_ID>
<!--501BD79FCE2C41469C6E2D114C4764C0--></AD_FIELDGROUP>

<!--6D0CD4CA6D7D45EC95AE9D7097744799--><AD_FIELDGROUP>
<!--6D0CD4CA6D7D45EC95AE9D7097744799-->  <AD_FIELDGROUP_ID><![CDATA[6D0CD4CA6D7D45EC95AE9D7097744799]]></AD_FIELDGROUP_ID>
<!--6D0CD4CA6D7D45EC95AE9D7097744799-->  <AD_CLIENT_ID><![CDATA[0]]></AD_CLIENT_ID>
<!--6D0CD4CA6D7D45EC95AE9D7097744799-->  <AD_ORG_ID><![CDATA[0]]></AD_ORG_ID>
<!--6D0CD4CA6D7D45EC95AE9D7097744799-->  <ISACTIVE><![CDATA[Y]]></ISACTIVE>
<!--6D0CD4CA6D7D45EC95AE9D7097744799-->  <NAME><![CDATA[Warehouse Creation Wizard]]></NAME>
<!--6D0CD4CA6D7D45EC95AE9D7097744799-->  <AD_MODULE_ID><![CDATA[27445C8270364452BEB29669FBB21CED]]></AD_MODULE_ID>
<!--6D0CD4CA6D7D45EC95AE9D7097744799--></AD_FIELDGROUP>

<!--6F52A6B2AC3948A3992B8010BAB14C9A--><AD_FIELDGROUP>
<!--6F52A6B2AC3948A3992B8010BAB14C9A-->  <AD_FIELDGROUP_ID><![CDATA[6F52A6B2AC3948A3992B8010BAB14C9A]]></AD_FIELDGROUP_ID>
<!--6F52A6B2AC3948A3992B8010BAB14C9A-->  <AD_CLIENT_ID><![CDATA[0]]></AD_CLIENT_ID>
<!--6F52A6B2AC3948A3992B8010BAB14C9A-->  <AD_ORG_ID><![CDATA[0]]></AD_ORG_ID>
<!--6F52A6B2AC3948A3992B8010BAB14C9A-->  <ISACTIVE><![CDATA[Y]]></ISACTIVE>
<!--6F52A6B2AC3948A3992B8010BAB14C9A-->  <NAME><![CDATA[Extra Dimension]]></NAME>
<!--6F52A6B2AC3948A3992B8010BAB14C9A-->  <AD_MODULE_ID><![CDATA[27445C8270364452BEB29669FBB21CED]]></AD_MODULE_ID>
<!--6F52A6B2AC3948A3992B8010BAB14C9A-->  <ISCOLLAPSED><![CDATA[Y]]></ISCOLLAPSED>
<!--6F52A6B2AC3948A3992B8010BAB14C9A--></AD_FIELDGROUP>

<!--8E08249B31404C999029FA578CEBE347--><AD_FIELDGROUP>
<!--8E08249B31404C999029FA578CEBE347-->  <AD_FIELDGROUP_ID><![CDATA[8E08249B31404C999029FA578CEBE347]]></AD_FIELDGROUP_ID>
<!--8E08249B31404C999029FA578CEBE347-->  <AD_CLIENT_ID><![CDATA[0]]></AD_CLIENT_ID>
<!--8E08249B31404C999029FA578CEBE347-->  <AD_ORG_ID><![CDATA[0]]></AD_ORG_ID>
<!--8E08249B31404C999029FA578CEBE347-->  <ISACTIVE><![CDATA[Y]]></ISACTIVE>
<!--8E08249B31404C999029FA578CEBE347-->  <NAME><![CDATA[Unrealized Forex]]></NAME>
<!--8E08249B31404C999029FA578CEBE347-->  <AD_MODULE_ID><![CDATA[27445C8270364452BEB29669FBB21CED]]></AD_MODULE_ID>
<!--8E08249B31404C999029FA578CEBE347-->  <ISCOLLAPSED><![CDATA[N]]></ISCOLLAPSED>
<!--8E08249B31404C999029FA578CEBE347--></AD_FIELDGROUP>

<!--A05E4E83064D4A59856D88793932A7A4--><AD_FIELDGROUP>
<!--A05E4E83064D4A59856D88793932A7A4-->  <AD_FIELDGROUP_ID><![CDATA[A05E4E83064D4A59856D88793932A7A4]]></AD_FIELDGROUP_ID>
<!--A05E4E83064D4A59856D88793932A7A4-->  <AD_CLIENT_ID><![CDATA[0]]></AD_CLIENT_ID>
<!--A05E4E83064D4A59856D88793932A7A4-->  <AD_ORG_ID><![CDATA[0]]></AD_ORG_ID>
<!--A05E4E83064D4A59856D88793932A7A4-->  <ISACTIVE><![CDATA[Y]]></ISACTIVE>
<!--A05E4E83064D4A59856D88793932A7A4-->  <NAME><![CDATA[Bank Account and Cashbook Creation Wizard]]></NAME>
<!--A05E4E83064D4A59856D88793932A7A4-->  <AD_MODULE_ID><![CDATA[27445C8270364452BEB29669FBB21CED]]></AD_MODULE_ID>
<!--A05E4E83064D4A59856D88793932A7A4--></AD_FIELDGROUP>

<!--BAA0A5685D4C4510A6DC63762EA03504--><AD_FIELDGROUP>
<!--BAA0A5685D4C4510A6DC63762EA03504-->  <AD_FIELDGROUP_ID><![CDATA[BAA0A5685D4C4510A6DC63762EA03504]]></AD_FIELDGROUP_ID>
<!--BAA0A5685D4C4510A6DC63762EA03504-->  <AD_CLIENT_ID><![CDATA[0]]></AD_CLIENT_ID>
<!--BAA0A5685D4C4510A6DC63762EA03504-->  <AD_ORG_ID><![CDATA[0]]></AD_ORG_ID>
<!--BAA0A5685D4C4510A6DC63762EA03504-->  <ISACTIVE><![CDATA[Y]]></ISACTIVE>
<!--BAA0A5685D4C4510A6DC63762EA03504-->  <NAME><![CDATA[Run Process]]></NAME>
<!--BAA0A5685D4C4510A6DC63762EA03504-->  <AD_MODULE_ID><![CDATA[27445C8270364452BEB29669FBB21CED]]></AD_MODULE_ID>
<!--BAA0A5685D4C4510A6DC63762EA03504--></AD_FIELDGROUP>

<!--C891C8D060F84EB395128212C3901943--><AD_FIELDGROUP>
<!--C891C8D060F84EB395128212C3901943-->  <AD_FIELDGROUP_ID><![CDATA[C891C8D060F84EB395128212C3901943]]></AD_FIELDGROUP_ID>
<!--C891C8D060F84EB395128212C3901943-->  <AD_CLIENT_ID><![CDATA[0]]></AD_CLIENT_ID>
<!--C891C8D060F84EB395128212C3901943-->  <AD_ORG_ID><![CDATA[0]]></AD_ORG_ID>
<!--C891C8D060F84EB395128212C3901943-->  <ISACTIVE><![CDATA[Y]]></ISACTIVE>
<!--C891C8D060F84EB395128212C3901943-->  <NAME><![CDATA[Production Run]]></NAME>
<!--C891C8D060F84EB395128212C3901943-->  <AD_MODULE_ID><![CDATA[27445C8270364452BEB29669FBB21CED]]></AD_MODULE_ID>
<!--C891C8D060F84EB395128212C3901943-->  <ISCOLLAPSED><![CDATA[N]]></ISCOLLAPSED>
<!--C891C8D060F84EB395128212C3901943--></AD_FIELDGROUP>

<!--D270A341F3514AEEB03935DA284DC5D9--><AD_FIELDGROUP>
<!--D270A341F3514AEEB03935DA284DC5D9-->  <AD_FIELDGROUP_ID><![CDATA[D270A341F3514AEEB03935DA284DC5D9]]></AD_FIELDGROUP_ID>
<!--D270A341F3514AEEB03935DA284DC5D9-->  <AD_CLIENT_ID><![CDATA[0]]></AD_CLIENT_ID>
<!--D270A341F3514AEEB03935DA284DC5D9-->  <AD_ORG_ID><![CDATA[0]]></AD_ORG_ID>
<!--D270A341F3514AEEB03935DA284DC5D9-->  <ISACTIVE><![CDATA[Y]]></ISACTIVE>
<!--D270A341F3514AEEB03935DA284DC5D9-->  <NAME><![CDATA[Document Routing]]></NAME>
<!--D270A341F3514AEEB03935DA284DC5D9-->  <AD_MODULE_ID><![CDATA[27445C8270364452BEB29669FBB21CED]]></AD_MODULE_ID>
<!--D270A341F3514AEEB03935DA284DC5D9--></AD_FIELDGROUP>

<!--E4FB5B22159B44B5B6C134E51DB89DB6--><AD_FIELDGROUP>
<!--E4FB5B22159B44B5B6C134E51DB89DB6-->  <AD_FIELDGROUP_ID><![CDATA[E4FB5B22159B44B5B6C134E51DB89DB6]]></AD_FIELDGROUP_ID>
<!--E4FB5B22159B44B5B6C134E51DB89DB6-->  <AD_CLIENT_ID><![CDATA[0]]></AD_CLIENT_ID>
<!--E4FB5B22159B44B5B6C134E51DB89DB6-->  <AD_ORG_ID><![CDATA[0]]></AD_ORG_ID>
<!--E4FB5B22159B44B5B6C134E51DB89DB6-->  <ISACTIVE><![CDATA[Y]]></ISACTIVE>
<!--E4FB5B22159B44B5B6C134E51DB89DB6-->  <NAME><![CDATA[Reimbursment]]></NAME>
<!--E4FB5B22159B44B5B6C134E51DB89DB6-->  <AD_MODULE_ID><![CDATA[27445C8270364452BEB29669FBB21CED]]></AD_MODULE_ID>
<!--E4FB5B22159B44B5B6C134E51DB89DB6-->  <ISCOLLAPSED><![CDATA[N]]></ISCOLLAPSED>
<!--E4FB5B22159B44B5B6C134E51DB89DB6--></AD_FIELDGROUP>

</data>
