<?xml version="1.0" encoding="UTF-8"?>
<data>
<!--0058F8AAFD6949ED817C7CA47C9646E8--><AD_MODEL_OBJECT_MAPPING>
<!--0058F8AAFD6949ED817C7CA47C9646E8-->  <AD_MODEL_OBJECT_MAPPING_ID><![CDATA[0058F8AAFD6949ED817C7CA47C9646E8]]></AD_MODEL_OBJECT_MAPPING_ID>
<!--0058F8AAFD6949ED817C7CA47C9646E8-->  <AD_CLIENT_ID><![CDATA[0]]></AD_CLIENT_ID>
<!--0058F8AAFD6949ED817C7CA47C9646E8-->  <AD_ORG_ID><![CDATA[0]]></AD_ORG_ID>
<!--0058F8AAFD6949ED817C7CA47C9646E8-->  <ISACTIVE><![CDATA[Y]]></ISACTIVE>
<!--0058F8AAFD6949ED817C7CA47C9646E8-->  <AD_MODEL_OBJECT_ID><![CDATA[1E223EF269CC46DF8C104F0613ED4578]]></AD_MODEL_OBJECT_ID>
<!--0058F8AAFD6949ED817C7CA47C9646E8-->  <MAPPINGNAME><![CDATA[/org.wirabumi.gen.oez.ad_callouts/Year.html]]></MAPPINGNAME>
<!--0058F8AAFD6949ED817C7CA47C9646E8-->  <ISDEFAULT><![CDATA[Y]]></ISDEFAULT>
<!--0058F8AAFD6949ED817C7CA47C9646E8--></AD_MODEL_OBJECT_MAPPING>

<!--090711214FF54CED9CF5FAD42FA64FBD--><AD_MODEL_OBJECT_MAPPING>
<!--090711214FF54CED9CF5FAD42FA64FBD-->  <AD_MODEL_OBJECT_MAPPING_ID><![CDATA[090711214FF54CED9CF5FAD42FA64FBD]]></AD_MODEL_OBJECT_MAPPING_ID>
<!--090711214FF54CED9CF5FAD42FA64FBD-->  <AD_CLIENT_ID><![CDATA[0]]></AD_CLIENT_ID>
<!--090711214FF54CED9CF5FAD42FA64FBD-->  <AD_ORG_ID><![CDATA[0]]></AD_ORG_ID>
<!--090711214FF54CED9CF5FAD42FA64FBD-->  <ISACTIVE><![CDATA[Y]]></ISACTIVE>
<!--090711214FF54CED9CF5FAD42FA64FBD-->  <AD_MODEL_OBJECT_ID><![CDATA[03B7C59D7A994DEF97747541E3A64496]]></AD_MODEL_OBJECT_ID>
<!--090711214FF54CED9CF5FAD42FA64FBD-->  <MAPPINGNAME><![CDATA[/org.wirabumi.gen.oez.ImportProductsCost/ImportProductsCostA975044C9C2C49CE85C2DDEEA1032534_Excel.xls]]></MAPPINGNAME>
<!--090711214FF54CED9CF5FAD42FA64FBD-->  <ISDEFAULT><![CDATA[N]]></ISDEFAULT>
<!--090711214FF54CED9CF5FAD42FA64FBD--></AD_MODEL_OBJECT_MAPPING>

<!--0A537958AE504DB2A1093316B645C09E--><AD_MODEL_OBJECT_MAPPING>
<!--0A537958AE504DB2A1093316B645C09E-->  <AD_MODEL_OBJECT_MAPPING_ID><![CDATA[0A537958AE504DB2A1093316B645C09E]]></AD_MODEL_OBJECT_MAPPING_ID>
<!--0A537958AE504DB2A1093316B645C09E-->  <AD_CLIENT_ID><![CDATA[0]]></AD_CLIENT_ID>
<!--0A537958AE504DB2A1093316B645C09E-->  <AD_ORG_ID><![CDATA[0]]></AD_ORG_ID>
<!--0A537958AE504DB2A1093316B645C09E-->  <ISACTIVE><![CDATA[Y]]></ISACTIVE>
<!--0A537958AE504DB2A1093316B645C09E-->  <AD_MODEL_OBJECT_ID><![CDATA[59695BA792D54E4D8BA4FE5A32A7ED18]]></AD_MODEL_OBJECT_ID>
<!--0A537958AE504DB2A1093316B645C09E-->  <MAPPINGNAME><![CDATA[/ad_callouts/ComboReloadsB546331C170940DE9CF4558A278C7B39.html]]></MAPPINGNAME>
<!--0A537958AE504DB2A1093316B645C09E-->  <ISDEFAULT><![CDATA[N]]></ISDEFAULT>
<!--0A537958AE504DB2A1093316B645C09E--></AD_MODEL_OBJECT_MAPPING>

<!--0B6D133EB3854489BFA50D6550C465AF--><AD_MODEL_OBJECT_MAPPING>
<!--0B6D133EB3854489BFA50D6550C465AF-->  <AD_MODEL_OBJECT_MAPPING_ID><![CDATA[0B6D133EB3854489BFA50D6550C465AF]]></AD_MODEL_OBJECT_MAPPING_ID>
<!--0B6D133EB3854489BFA50D6550C465AF-->  <AD_CLIENT_ID><![CDATA[0]]></AD_CLIENT_ID>
<!--0B6D133EB3854489BFA50D6550C465AF-->  <AD_ORG_ID><![CDATA[0]]></AD_ORG_ID>
<!--0B6D133EB3854489BFA50D6550C465AF-->  <ISACTIVE><![CDATA[Y]]></ISACTIVE>
<!--0B6D133EB3854489BFA50D6550C465AF-->  <AD_MODEL_OBJECT_ID><![CDATA[E641742F24344FB89814FEC3E71E94FC]]></AD_MODEL_OBJECT_ID>
<!--0B6D133EB3854489BFA50D6550C465AF-->  <MAPPINGNAME><![CDATA[/org.wirabumi.gen.oez.callout/ExisitingAttributeSetInstanceCallout.html]]></MAPPINGNAME>
<!--0B6D133EB3854489BFA50D6550C465AF-->  <ISDEFAULT><![CDATA[Y]]></ISDEFAULT>
<!--0B6D133EB3854489BFA50D6550C465AF--></AD_MODEL_OBJECT_MAPPING>

<!--13713E3455AB410896994E4D24DE7834--><AD_MODEL_OBJECT_MAPPING>
<!--13713E3455AB410896994E4D24DE7834-->  <AD_MODEL_OBJECT_MAPPING_ID><![CDATA[13713E3455AB410896994E4D24DE7834]]></AD_MODEL_OBJECT_MAPPING_ID>
<!--13713E3455AB410896994E4D24DE7834-->  <AD_CLIENT_ID><![CDATA[0]]></AD_CLIENT_ID>
<!--13713E3455AB410896994E4D24DE7834-->  <AD_ORG_ID><![CDATA[0]]></AD_ORG_ID>
<!--13713E3455AB410896994E4D24DE7834-->  <ISACTIVE><![CDATA[Y]]></ISACTIVE>
<!--13713E3455AB410896994E4D24DE7834-->  <AD_MODEL_OBJECT_ID><![CDATA[0FF746B803844A0394F42B786EB10EF8]]></AD_MODEL_OBJECT_ID>
<!--13713E3455AB410896994E4D24DE7834-->  <MAPPINGNAME><![CDATA[/org.wirabumi.gen.oez.ImportInventory/ImportInventoryB546331C170940DE9CF4558A278C7B39_Excel.xls]]></MAPPINGNAME>
<!--13713E3455AB410896994E4D24DE7834-->  <ISDEFAULT><![CDATA[N]]></ISDEFAULT>
<!--13713E3455AB410896994E4D24DE7834--></AD_MODEL_OBJECT_MAPPING>

<!--18D64B669F0B41188396EEA69CEDF985--><AD_MODEL_OBJECT_MAPPING>
<!--18D64B669F0B41188396EEA69CEDF985-->  <AD_MODEL_OBJECT_MAPPING_ID><![CDATA[18D64B669F0B41188396EEA69CEDF985]]></AD_MODEL_OBJECT_MAPPING_ID>
<!--18D64B669F0B41188396EEA69CEDF985-->  <AD_CLIENT_ID><![CDATA[0]]></AD_CLIENT_ID>
<!--18D64B669F0B41188396EEA69CEDF985-->  <AD_ORG_ID><![CDATA[0]]></AD_ORG_ID>
<!--18D64B669F0B41188396EEA69CEDF985-->  <ISACTIVE><![CDATA[Y]]></ISACTIVE>
<!--18D64B669F0B41188396EEA69CEDF985-->  <AD_MODEL_OBJECT_ID><![CDATA[689F69A3E66C4398868DBA31C9FD4B7C]]></AD_MODEL_OBJECT_ID>
<!--18D64B669F0B41188396EEA69CEDF985-->  <MAPPINGNAME><![CDATA[/org.wirabumi.gen.oez/src/org/wirabumi/gen/oez/RptSalesOrderApprovalSupport.html]]></MAPPINGNAME>
<!--18D64B669F0B41188396EEA69CEDF985-->  <ISDEFAULT><![CDATA[Y]]></ISDEFAULT>
<!--18D64B669F0B41188396EEA69CEDF985--></AD_MODEL_OBJECT_MAPPING>

<!--2E77EF898F6F4AEEAE959654211EF3E6--><AD_MODEL_OBJECT_MAPPING>
<!--2E77EF898F6F4AEEAE959654211EF3E6-->  <AD_MODEL_OBJECT_MAPPING_ID><![CDATA[2E77EF898F6F4AEEAE959654211EF3E6]]></AD_MODEL_OBJECT_MAPPING_ID>
<!--2E77EF898F6F4AEEAE959654211EF3E6-->  <AD_CLIENT_ID><![CDATA[0]]></AD_CLIENT_ID>
<!--2E77EF898F6F4AEEAE959654211EF3E6-->  <AD_ORG_ID><![CDATA[0]]></AD_ORG_ID>
<!--2E77EF898F6F4AEEAE959654211EF3E6-->  <ISACTIVE><![CDATA[Y]]></ISACTIVE>
<!--2E77EF898F6F4AEEAE959654211EF3E6-->  <AD_MODEL_OBJECT_ID><![CDATA[E0F49FC72834454F89FA4B2720E3A53D]]></AD_MODEL_OBJECT_ID>
<!--2E77EF898F6F4AEEAE959654211EF3E6-->  <MAPPINGNAME><![CDATA[/ad_callouts/ComboReloads8F2CE8D96EB24E60A44C0FAD5868E045.html]]></MAPPINGNAME>
<!--2E77EF898F6F4AEEAE959654211EF3E6-->  <ISDEFAULT><![CDATA[N]]></ISDEFAULT>
<!--2E77EF898F6F4AEEAE959654211EF3E6--></AD_MODEL_OBJECT_MAPPING>

<!--3162243FB73D4446BB7C77B456D24A33--><AD_MODEL_OBJECT_MAPPING>
<!--3162243FB73D4446BB7C77B456D24A33-->  <AD_MODEL_OBJECT_MAPPING_ID><![CDATA[3162243FB73D4446BB7C77B456D24A33]]></AD_MODEL_OBJECT_MAPPING_ID>
<!--3162243FB73D4446BB7C77B456D24A33-->  <AD_CLIENT_ID><![CDATA[0]]></AD_CLIENT_ID>
<!--3162243FB73D4446BB7C77B456D24A33-->  <AD_ORG_ID><![CDATA[0]]></AD_ORG_ID>
<!--3162243FB73D4446BB7C77B456D24A33-->  <ISACTIVE><![CDATA[Y]]></ISACTIVE>
<!--3162243FB73D4446BB7C77B456D24A33-->  <AD_MODEL_OBJECT_ID><![CDATA[75D499FECB52448791910177B57F8EDB]]></AD_MODEL_OBJECT_ID>
<!--3162243FB73D4446BB7C77B456D24A33-->  <MAPPINGNAME><![CDATA[/org.wirabumi.gen.oez.ImportBusinessPartnerBalance/ImportBusinessPartnerBalance78866F8CD2A147EB8561AF3C5C72609E_Relation.html]]></MAPPINGNAME>
<!--3162243FB73D4446BB7C77B456D24A33-->  <ISDEFAULT><![CDATA[Y]]></ISDEFAULT>
<!--3162243FB73D4446BB7C77B456D24A33--></AD_MODEL_OBJECT_MAPPING>

<!--422A49BE65A04FC49CB6DDEED1822B39--><AD_MODEL_OBJECT_MAPPING>
<!--422A49BE65A04FC49CB6DDEED1822B39-->  <AD_MODEL_OBJECT_MAPPING_ID><![CDATA[422A49BE65A04FC49CB6DDEED1822B39]]></AD_MODEL_OBJECT_MAPPING_ID>
<!--422A49BE65A04FC49CB6DDEED1822B39-->  <AD_CLIENT_ID><![CDATA[0]]></AD_CLIENT_ID>
<!--422A49BE65A04FC49CB6DDEED1822B39-->  <AD_ORG_ID><![CDATA[0]]></AD_ORG_ID>
<!--422A49BE65A04FC49CB6DDEED1822B39-->  <ISACTIVE><![CDATA[Y]]></ISACTIVE>
<!--422A49BE65A04FC49CB6DDEED1822B39-->  <AD_MODEL_OBJECT_ID><![CDATA[D7114C24B30C4913AB981F9F418737EF]]></AD_MODEL_OBJECT_ID>
<!--422A49BE65A04FC49CB6DDEED1822B39-->  <MAPPINGNAME><![CDATA[/org.wirabumi.gen.oez.ImportProductPrices/ImportProductPrices8F2CE8D96EB24E60A44C0FAD5868E045_Excel.xls]]></MAPPINGNAME>
<!--422A49BE65A04FC49CB6DDEED1822B39-->  <ISDEFAULT><![CDATA[N]]></ISDEFAULT>
<!--422A49BE65A04FC49CB6DDEED1822B39--></AD_MODEL_OBJECT_MAPPING>

<!--567652C8026C467CB9F18E2312D398E2--><AD_MODEL_OBJECT_MAPPING>
<!--567652C8026C467CB9F18E2312D398E2-->  <AD_MODEL_OBJECT_MAPPING_ID><![CDATA[567652C8026C467CB9F18E2312D398E2]]></AD_MODEL_OBJECT_MAPPING_ID>
<!--567652C8026C467CB9F18E2312D398E2-->  <AD_CLIENT_ID><![CDATA[0]]></AD_CLIENT_ID>
<!--567652C8026C467CB9F18E2312D398E2-->  <AD_ORG_ID><![CDATA[0]]></AD_ORG_ID>
<!--567652C8026C467CB9F18E2312D398E2-->  <ISACTIVE><![CDATA[Y]]></ISACTIVE>
<!--567652C8026C467CB9F18E2312D398E2-->  <AD_MODEL_OBJECT_ID><![CDATA[1E4729061461420E861DC32FC17CDF1F]]></AD_MODEL_OBJECT_ID>
<!--567652C8026C467CB9F18E2312D398E2-->  <MAPPINGNAME><![CDATA[/ad_callouts/ComboReloads78866F8CD2A147EB8561AF3C5C72609E.html]]></MAPPINGNAME>
<!--567652C8026C467CB9F18E2312D398E2-->  <ISDEFAULT><![CDATA[N]]></ISDEFAULT>
<!--567652C8026C467CB9F18E2312D398E2--></AD_MODEL_OBJECT_MAPPING>

<!--6097A12B2E1B42B7A2AE14911BA0D637--><AD_MODEL_OBJECT_MAPPING>
<!--6097A12B2E1B42B7A2AE14911BA0D637-->  <AD_MODEL_OBJECT_MAPPING_ID><![CDATA[6097A12B2E1B42B7A2AE14911BA0D637]]></AD_MODEL_OBJECT_MAPPING_ID>
<!--6097A12B2E1B42B7A2AE14911BA0D637-->  <AD_CLIENT_ID><![CDATA[0]]></AD_CLIENT_ID>
<!--6097A12B2E1B42B7A2AE14911BA0D637-->  <AD_ORG_ID><![CDATA[0]]></AD_ORG_ID>
<!--6097A12B2E1B42B7A2AE14911BA0D637-->  <ISACTIVE><![CDATA[Y]]></ISACTIVE>
<!--6097A12B2E1B42B7A2AE14911BA0D637-->  <AD_MODEL_OBJECT_ID><![CDATA[03B7C59D7A994DEF97747541E3A64496]]></AD_MODEL_OBJECT_ID>
<!--6097A12B2E1B42B7A2AE14911BA0D637-->  <MAPPINGNAME><![CDATA[/org.wirabumi.gen.oez.ImportProductsCost/ImportProductsCostA975044C9C2C49CE85C2DDEEA1032534_Relation.html]]></MAPPINGNAME>
<!--6097A12B2E1B42B7A2AE14911BA0D637-->  <ISDEFAULT><![CDATA[Y]]></ISDEFAULT>
<!--6097A12B2E1B42B7A2AE14911BA0D637--></AD_MODEL_OBJECT_MAPPING>

<!--7410CC0A46334109A0C974F0A143E26D--><AD_MODEL_OBJECT_MAPPING>
<!--7410CC0A46334109A0C974F0A143E26D-->  <AD_MODEL_OBJECT_MAPPING_ID><![CDATA[7410CC0A46334109A0C974F0A143E26D]]></AD_MODEL_OBJECT_MAPPING_ID>
<!--7410CC0A46334109A0C974F0A143E26D-->  <AD_CLIENT_ID><![CDATA[0]]></AD_CLIENT_ID>
<!--7410CC0A46334109A0C974F0A143E26D-->  <AD_ORG_ID><![CDATA[0]]></AD_ORG_ID>
<!--7410CC0A46334109A0C974F0A143E26D-->  <ISACTIVE><![CDATA[Y]]></ISACTIVE>
<!--7410CC0A46334109A0C974F0A143E26D-->  <AD_MODEL_OBJECT_ID><![CDATA[BD9C793B9FE94753897CE5A30734143E]]></AD_MODEL_OBJECT_ID>
<!--7410CC0A46334109A0C974F0A143E26D-->  <MAPPINGNAME><![CDATA[/org.wirabumi.gen.oez.ad_callouts/OEZ_ICL_DocumentNo.html]]></MAPPINGNAME>
<!--7410CC0A46334109A0C974F0A143E26D-->  <ISDEFAULT><![CDATA[Y]]></ISDEFAULT>
<!--7410CC0A46334109A0C974F0A143E26D--></AD_MODEL_OBJECT_MAPPING>

<!--84E67301265F4EB088A5B3DA5D888383--><AD_MODEL_OBJECT_MAPPING>
<!--84E67301265F4EB088A5B3DA5D888383-->  <AD_MODEL_OBJECT_MAPPING_ID><![CDATA[84E67301265F4EB088A5B3DA5D888383]]></AD_MODEL_OBJECT_MAPPING_ID>
<!--84E67301265F4EB088A5B3DA5D888383-->  <AD_CLIENT_ID><![CDATA[0]]></AD_CLIENT_ID>
<!--84E67301265F4EB088A5B3DA5D888383-->  <AD_ORG_ID><![CDATA[0]]></AD_ORG_ID>
<!--84E67301265F4EB088A5B3DA5D888383-->  <ISACTIVE><![CDATA[Y]]></ISACTIVE>
<!--84E67301265F4EB088A5B3DA5D888383-->  <AD_MODEL_OBJECT_ID><![CDATA[D7114C24B30C4913AB981F9F418737EF]]></AD_MODEL_OBJECT_ID>
<!--84E67301265F4EB088A5B3DA5D888383-->  <MAPPINGNAME><![CDATA[/org.wirabumi.gen.oez.ImportProductPrices/ImportProductPrices8F2CE8D96EB24E60A44C0FAD5868E045_Relation.html]]></MAPPINGNAME>
<!--84E67301265F4EB088A5B3DA5D888383-->  <ISDEFAULT><![CDATA[Y]]></ISDEFAULT>
<!--84E67301265F4EB088A5B3DA5D888383--></AD_MODEL_OBJECT_MAPPING>

<!--87DD5C31178147FCA76F40DC9F8F52CF--><AD_MODEL_OBJECT_MAPPING>
<!--87DD5C31178147FCA76F40DC9F8F52CF-->  <AD_MODEL_OBJECT_MAPPING_ID><![CDATA[87DD5C31178147FCA76F40DC9F8F52CF]]></AD_MODEL_OBJECT_MAPPING_ID>
<!--87DD5C31178147FCA76F40DC9F8F52CF-->  <AD_CLIENT_ID><![CDATA[0]]></AD_CLIENT_ID>
<!--87DD5C31178147FCA76F40DC9F8F52CF-->  <AD_ORG_ID><![CDATA[0]]></AD_ORG_ID>
<!--87DD5C31178147FCA76F40DC9F8F52CF-->  <ISACTIVE><![CDATA[Y]]></ISACTIVE>
<!--87DD5C31178147FCA76F40DC9F8F52CF-->  <AD_MODEL_OBJECT_ID><![CDATA[0FF746B803844A0394F42B786EB10EF8]]></AD_MODEL_OBJECT_ID>
<!--87DD5C31178147FCA76F40DC9F8F52CF-->  <MAPPINGNAME><![CDATA[/org.wirabumi.gen.oez.ImportInventory/ImportInventoryB546331C170940DE9CF4558A278C7B39_Edition.html]]></MAPPINGNAME>
<!--87DD5C31178147FCA76F40DC9F8F52CF-->  <ISDEFAULT><![CDATA[N]]></ISDEFAULT>
<!--87DD5C31178147FCA76F40DC9F8F52CF--></AD_MODEL_OBJECT_MAPPING>

<!--A372DBDA272E4FB7AE269012A8244545--><AD_MODEL_OBJECT_MAPPING>
<!--A372DBDA272E4FB7AE269012A8244545-->  <AD_MODEL_OBJECT_MAPPING_ID><![CDATA[A372DBDA272E4FB7AE269012A8244545]]></AD_MODEL_OBJECT_MAPPING_ID>
<!--A372DBDA272E4FB7AE269012A8244545-->  <AD_CLIENT_ID><![CDATA[0]]></AD_CLIENT_ID>
<!--A372DBDA272E4FB7AE269012A8244545-->  <AD_ORG_ID><![CDATA[0]]></AD_ORG_ID>
<!--A372DBDA272E4FB7AE269012A8244545-->  <ISACTIVE><![CDATA[Y]]></ISACTIVE>
<!--A372DBDA272E4FB7AE269012A8244545-->  <AD_MODEL_OBJECT_ID><![CDATA[D7114C24B30C4913AB981F9F418737EF]]></AD_MODEL_OBJECT_ID>
<!--A372DBDA272E4FB7AE269012A8244545-->  <MAPPINGNAME><![CDATA[/org.wirabumi.gen.oez.ImportProductPrices/ImportProductPrices8F2CE8D96EB24E60A44C0FAD5868E045_Edition.html]]></MAPPINGNAME>
<!--A372DBDA272E4FB7AE269012A8244545-->  <ISDEFAULT><![CDATA[N]]></ISDEFAULT>
<!--A372DBDA272E4FB7AE269012A8244545--></AD_MODEL_OBJECT_MAPPING>

<!--C840770ABB5D4A4F8848FFDCBA916CAB--><AD_MODEL_OBJECT_MAPPING>
<!--C840770ABB5D4A4F8848FFDCBA916CAB-->  <AD_MODEL_OBJECT_MAPPING_ID><![CDATA[C840770ABB5D4A4F8848FFDCBA916CAB]]></AD_MODEL_OBJECT_MAPPING_ID>
<!--C840770ABB5D4A4F8848FFDCBA916CAB-->  <AD_CLIENT_ID><![CDATA[0]]></AD_CLIENT_ID>
<!--C840770ABB5D4A4F8848FFDCBA916CAB-->  <AD_ORG_ID><![CDATA[0]]></AD_ORG_ID>
<!--C840770ABB5D4A4F8848FFDCBA916CAB-->  <ISACTIVE><![CDATA[Y]]></ISACTIVE>
<!--C840770ABB5D4A4F8848FFDCBA916CAB-->  <AD_MODEL_OBJECT_ID><![CDATA[0FF746B803844A0394F42B786EB10EF8]]></AD_MODEL_OBJECT_ID>
<!--C840770ABB5D4A4F8848FFDCBA916CAB-->  <MAPPINGNAME><![CDATA[/org.wirabumi.gen.oez.ImportInventory/ImportInventoryB546331C170940DE9CF4558A278C7B39_Relation.html]]></MAPPINGNAME>
<!--C840770ABB5D4A4F8848FFDCBA916CAB-->  <ISDEFAULT><![CDATA[Y]]></ISDEFAULT>
<!--C840770ABB5D4A4F8848FFDCBA916CAB--></AD_MODEL_OBJECT_MAPPING>

<!--E3D05A223E574352940CEC8210C46D2D--><AD_MODEL_OBJECT_MAPPING>
<!--E3D05A223E574352940CEC8210C46D2D-->  <AD_MODEL_OBJECT_MAPPING_ID><![CDATA[E3D05A223E574352940CEC8210C46D2D]]></AD_MODEL_OBJECT_MAPPING_ID>
<!--E3D05A223E574352940CEC8210C46D2D-->  <AD_CLIENT_ID><![CDATA[0]]></AD_CLIENT_ID>
<!--E3D05A223E574352940CEC8210C46D2D-->  <AD_ORG_ID><![CDATA[0]]></AD_ORG_ID>
<!--E3D05A223E574352940CEC8210C46D2D-->  <ISACTIVE><![CDATA[Y]]></ISACTIVE>
<!--E3D05A223E574352940CEC8210C46D2D-->  <AD_MODEL_OBJECT_ID><![CDATA[03B7C59D7A994DEF97747541E3A64496]]></AD_MODEL_OBJECT_ID>
<!--E3D05A223E574352940CEC8210C46D2D-->  <MAPPINGNAME><![CDATA[/org.wirabumi.gen.oez.ImportProductsCost/ImportProductsCostA975044C9C2C49CE85C2DDEEA1032534_Edition.html]]></MAPPINGNAME>
<!--E3D05A223E574352940CEC8210C46D2D-->  <ISDEFAULT><![CDATA[N]]></ISDEFAULT>
<!--E3D05A223E574352940CEC8210C46D2D--></AD_MODEL_OBJECT_MAPPING>

<!--F29B30440A4B49B59A144DEAAE4DF3CF--><AD_MODEL_OBJECT_MAPPING>
<!--F29B30440A4B49B59A144DEAAE4DF3CF-->  <AD_MODEL_OBJECT_MAPPING_ID><![CDATA[F29B30440A4B49B59A144DEAAE4DF3CF]]></AD_MODEL_OBJECT_MAPPING_ID>
<!--F29B30440A4B49B59A144DEAAE4DF3CF-->  <AD_CLIENT_ID><![CDATA[0]]></AD_CLIENT_ID>
<!--F29B30440A4B49B59A144DEAAE4DF3CF-->  <AD_ORG_ID><![CDATA[0]]></AD_ORG_ID>
<!--F29B30440A4B49B59A144DEAAE4DF3CF-->  <ISACTIVE><![CDATA[Y]]></ISACTIVE>
<!--F29B30440A4B49B59A144DEAAE4DF3CF-->  <AD_MODEL_OBJECT_ID><![CDATA[75D499FECB52448791910177B57F8EDB]]></AD_MODEL_OBJECT_ID>
<!--F29B30440A4B49B59A144DEAAE4DF3CF-->  <MAPPINGNAME><![CDATA[/org.wirabumi.gen.oez.ImportBusinessPartnerBalance/ImportBusinessPartnerBalance78866F8CD2A147EB8561AF3C5C72609E_Excel.xls]]></MAPPINGNAME>
<!--F29B30440A4B49B59A144DEAAE4DF3CF-->  <ISDEFAULT><![CDATA[N]]></ISDEFAULT>
<!--F29B30440A4B49B59A144DEAAE4DF3CF--></AD_MODEL_OBJECT_MAPPING>

<!--F6B0EA39985344CEADC2EF88FDD41C82--><AD_MODEL_OBJECT_MAPPING>
<!--F6B0EA39985344CEADC2EF88FDD41C82-->  <AD_MODEL_OBJECT_MAPPING_ID><![CDATA[F6B0EA39985344CEADC2EF88FDD41C82]]></AD_MODEL_OBJECT_MAPPING_ID>
<!--F6B0EA39985344CEADC2EF88FDD41C82-->  <AD_CLIENT_ID><![CDATA[0]]></AD_CLIENT_ID>
<!--F6B0EA39985344CEADC2EF88FDD41C82-->  <AD_ORG_ID><![CDATA[0]]></AD_ORG_ID>
<!--F6B0EA39985344CEADC2EF88FDD41C82-->  <ISACTIVE><![CDATA[Y]]></ISACTIVE>
<!--F6B0EA39985344CEADC2EF88FDD41C82-->  <AD_MODEL_OBJECT_ID><![CDATA[75D499FECB52448791910177B57F8EDB]]></AD_MODEL_OBJECT_ID>
<!--F6B0EA39985344CEADC2EF88FDD41C82-->  <MAPPINGNAME><![CDATA[/org.wirabumi.gen.oez.ImportBusinessPartnerBalance/ImportBusinessPartnerBalance78866F8CD2A147EB8561AF3C5C72609E_Edition.html]]></MAPPINGNAME>
<!--F6B0EA39985344CEADC2EF88FDD41C82-->  <ISDEFAULT><![CDATA[N]]></ISDEFAULT>
<!--F6B0EA39985344CEADC2EF88FDD41C82--></AD_MODEL_OBJECT_MAPPING>

<!--FDB0BAC98DAA4767A7485200350A5603--><AD_MODEL_OBJECT_MAPPING>
<!--FDB0BAC98DAA4767A7485200350A5603-->  <AD_MODEL_OBJECT_MAPPING_ID><![CDATA[FDB0BAC98DAA4767A7485200350A5603]]></AD_MODEL_OBJECT_MAPPING_ID>
<!--FDB0BAC98DAA4767A7485200350A5603-->  <AD_CLIENT_ID><![CDATA[0]]></AD_CLIENT_ID>
<!--FDB0BAC98DAA4767A7485200350A5603-->  <AD_ORG_ID><![CDATA[0]]></AD_ORG_ID>
<!--FDB0BAC98DAA4767A7485200350A5603-->  <ISACTIVE><![CDATA[Y]]></ISACTIVE>
<!--FDB0BAC98DAA4767A7485200350A5603-->  <AD_MODEL_OBJECT_ID><![CDATA[EA127CC4B05C48FE8D418A76AC028F16]]></AD_MODEL_OBJECT_ID>
<!--FDB0BAC98DAA4767A7485200350A5603-->  <MAPPINGNAME><![CDATA[/ad_callouts/ComboReloadsA975044C9C2C49CE85C2DDEEA1032534.html]]></MAPPINGNAME>
<!--FDB0BAC98DAA4767A7485200350A5603-->  <ISDEFAULT><![CDATA[N]]></ISDEFAULT>
<!--FDB0BAC98DAA4767A7485200350A5603--></AD_MODEL_OBJECT_MAPPING>

</data>
