<?xml version="1.0" encoding="UTF-8"?>
<data>
<!--00C6D01DFDEF43CAB195E48CCE09B94C--><AD_MODEL_OBJECT>
<!--00C6D01DFDEF43CAB195E48CCE09B94C-->  <AD_MODEL_OBJECT_ID><![CDATA[00C6D01DFDEF43CAB195E48CCE09B94C]]></AD_MODEL_OBJECT_ID>
<!--00C6D01DFDEF43CAB195E48CCE09B94C-->  <AD_CLIENT_ID><![CDATA[0]]></AD_CLIENT_ID>
<!--00C6D01DFDEF43CAB195E48CCE09B94C-->  <AD_ORG_ID><![CDATA[0]]></AD_ORG_ID>
<!--00C6D01DFDEF43CAB195E48CCE09B94C-->  <ISACTIVE><![CDATA[Y]]></ISACTIVE>
<!--00C6D01DFDEF43CAB195E48CCE09B94C-->  <ACTION><![CDATA[P]]></ACTION>
<!--00C6D01DFDEF43CAB195E48CCE09B94C-->  <CLASSNAME><![CDATA[org.wirabumi.gen.oez.ad_process.ImportOrder]]></CLASSNAME>
<!--00C6D01DFDEF43CAB195E48CCE09B94C-->  <ISDEFAULT><![CDATA[Y]]></ISDEFAULT>
<!--00C6D01DFDEF43CAB195E48CCE09B94C-->  <AD_PROCESS_ID><![CDATA[692AEB22612F4A39B7912019D797FC2D]]></AD_PROCESS_ID>
<!--00C6D01DFDEF43CAB195E48CCE09B94C-->  <OBJECT_TYPE><![CDATA[S]]></OBJECT_TYPE>
<!--00C6D01DFDEF43CAB195E48CCE09B94C--></AD_MODEL_OBJECT>

<!--015D72B943B9408E88CC1DC402C1F384--><AD_MODEL_OBJECT>
<!--015D72B943B9408E88CC1DC402C1F384-->  <AD_MODEL_OBJECT_ID><![CDATA[015D72B943B9408E88CC1DC402C1F384]]></AD_MODEL_OBJECT_ID>
<!--015D72B943B9408E88CC1DC402C1F384-->  <AD_CLIENT_ID><![CDATA[0]]></AD_CLIENT_ID>
<!--015D72B943B9408E88CC1DC402C1F384-->  <AD_ORG_ID><![CDATA[0]]></AD_ORG_ID>
<!--015D72B943B9408E88CC1DC402C1F384-->  <ISACTIVE><![CDATA[Y]]></ISACTIVE>
<!--015D72B943B9408E88CC1DC402C1F384-->  <ACTION><![CDATA[P]]></ACTION>
<!--015D72B943B9408E88CC1DC402C1F384-->  <CLASSNAME><![CDATA[org.wirabumi.gen.oez.ad_process.ImportInvoice]]></CLASSNAME>
<!--015D72B943B9408E88CC1DC402C1F384-->  <ISDEFAULT><![CDATA[Y]]></ISDEFAULT>
<!--015D72B943B9408E88CC1DC402C1F384-->  <AD_PROCESS_ID><![CDATA[6A8A69B7F47E444DAACA0C142573D174]]></AD_PROCESS_ID>
<!--015D72B943B9408E88CC1DC402C1F384-->  <OBJECT_TYPE><![CDATA[S]]></OBJECT_TYPE>
<!--015D72B943B9408E88CC1DC402C1F384--></AD_MODEL_OBJECT>

<!--03B7C59D7A994DEF97747541E3A64496--><AD_MODEL_OBJECT>
<!--03B7C59D7A994DEF97747541E3A64496-->  <AD_MODEL_OBJECT_ID><![CDATA[03B7C59D7A994DEF97747541E3A64496]]></AD_MODEL_OBJECT_ID>
<!--03B7C59D7A994DEF97747541E3A64496-->  <AD_CLIENT_ID><![CDATA[0]]></AD_CLIENT_ID>
<!--03B7C59D7A994DEF97747541E3A64496-->  <AD_ORG_ID><![CDATA[0]]></AD_ORG_ID>
<!--03B7C59D7A994DEF97747541E3A64496-->  <ISACTIVE><![CDATA[Y]]></ISACTIVE>
<!--03B7C59D7A994DEF97747541E3A64496-->  <ACTION><![CDATA[W]]></ACTION>
<!--03B7C59D7A994DEF97747541E3A64496-->  <AD_TAB_ID><![CDATA[A975044C9C2C49CE85C2DDEEA1032534]]></AD_TAB_ID>
<!--03B7C59D7A994DEF97747541E3A64496-->  <CLASSNAME><![CDATA[org.openbravo.erpWindows.org.wirabumi.gen.oez.ImportProductsCost.ImportProductsCostA975044C9C2C49CE85C2DDEEA1032534]]></CLASSNAME>
<!--03B7C59D7A994DEF97747541E3A64496-->  <ISDEFAULT><![CDATA[Y]]></ISDEFAULT>
<!--03B7C59D7A994DEF97747541E3A64496-->  <OBJECT_TYPE><![CDATA[S]]></OBJECT_TYPE>
<!--03B7C59D7A994DEF97747541E3A64496--></AD_MODEL_OBJECT>

<!--0FF746B803844A0394F42B786EB10EF8--><AD_MODEL_OBJECT>
<!--0FF746B803844A0394F42B786EB10EF8-->  <AD_MODEL_OBJECT_ID><![CDATA[0FF746B803844A0394F42B786EB10EF8]]></AD_MODEL_OBJECT_ID>
<!--0FF746B803844A0394F42B786EB10EF8-->  <AD_CLIENT_ID><![CDATA[0]]></AD_CLIENT_ID>
<!--0FF746B803844A0394F42B786EB10EF8-->  <AD_ORG_ID><![CDATA[0]]></AD_ORG_ID>
<!--0FF746B803844A0394F42B786EB10EF8-->  <ISACTIVE><![CDATA[Y]]></ISACTIVE>
<!--0FF746B803844A0394F42B786EB10EF8-->  <ACTION><![CDATA[W]]></ACTION>
<!--0FF746B803844A0394F42B786EB10EF8-->  <AD_TAB_ID><![CDATA[B546331C170940DE9CF4558A278C7B39]]></AD_TAB_ID>
<!--0FF746B803844A0394F42B786EB10EF8-->  <CLASSNAME><![CDATA[org.openbravo.erpWindows.org.wirabumi.gen.oez.ImportInventory.ImportInventoryB546331C170940DE9CF4558A278C7B39]]></CLASSNAME>
<!--0FF746B803844A0394F42B786EB10EF8-->  <ISDEFAULT><![CDATA[Y]]></ISDEFAULT>
<!--0FF746B803844A0394F42B786EB10EF8-->  <OBJECT_TYPE><![CDATA[S]]></OBJECT_TYPE>
<!--0FF746B803844A0394F42B786EB10EF8--></AD_MODEL_OBJECT>

<!--18D7BCB756774EAD95D5B081711857C3--><AD_MODEL_OBJECT>
<!--18D7BCB756774EAD95D5B081711857C3-->  <AD_MODEL_OBJECT_ID><![CDATA[18D7BCB756774EAD95D5B081711857C3]]></AD_MODEL_OBJECT_ID>
<!--18D7BCB756774EAD95D5B081711857C3-->  <AD_CLIENT_ID><![CDATA[0]]></AD_CLIENT_ID>
<!--18D7BCB756774EAD95D5B081711857C3-->  <AD_ORG_ID><![CDATA[0]]></AD_ORG_ID>
<!--18D7BCB756774EAD95D5B081711857C3-->  <ISACTIVE><![CDATA[Y]]></ISACTIVE>
<!--18D7BCB756774EAD95D5B081711857C3-->  <ACTION><![CDATA[P]]></ACTION>
<!--18D7BCB756774EAD95D5B081711857C3-->  <CLASSNAME><![CDATA[org.wirabumi.gen.oez.ad_process.ResetDocumentSequence]]></CLASSNAME>
<!--18D7BCB756774EAD95D5B081711857C3-->  <ISDEFAULT><![CDATA[Y]]></ISDEFAULT>
<!--18D7BCB756774EAD95D5B081711857C3-->  <AD_PROCESS_ID><![CDATA[9128A01FDF49406BBE7C19479DAC4414]]></AD_PROCESS_ID>
<!--18D7BCB756774EAD95D5B081711857C3-->  <OBJECT_TYPE><![CDATA[S]]></OBJECT_TYPE>
<!--18D7BCB756774EAD95D5B081711857C3--></AD_MODEL_OBJECT>

<!--1E223EF269CC46DF8C104F0613ED4578--><AD_MODEL_OBJECT>
<!--1E223EF269CC46DF8C104F0613ED4578-->  <AD_MODEL_OBJECT_ID><![CDATA[1E223EF269CC46DF8C104F0613ED4578]]></AD_MODEL_OBJECT_ID>
<!--1E223EF269CC46DF8C104F0613ED4578-->  <AD_CLIENT_ID><![CDATA[0]]></AD_CLIENT_ID>
<!--1E223EF269CC46DF8C104F0613ED4578-->  <AD_ORG_ID><![CDATA[0]]></AD_ORG_ID>
<!--1E223EF269CC46DF8C104F0613ED4578-->  <ISACTIVE><![CDATA[Y]]></ISACTIVE>
<!--1E223EF269CC46DF8C104F0613ED4578-->  <ACTION><![CDATA[C]]></ACTION>
<!--1E223EF269CC46DF8C104F0613ED4578-->  <CLASSNAME><![CDATA[org.wirabumi.gen.oez.callout.Year]]></CLASSNAME>
<!--1E223EF269CC46DF8C104F0613ED4578-->  <ISDEFAULT><![CDATA[Y]]></ISDEFAULT>
<!--1E223EF269CC46DF8C104F0613ED4578-->  <AD_CALLOUT_ID><![CDATA[C43FB2C5ECAC4AC6854103BA5CBE2EBB]]></AD_CALLOUT_ID>
<!--1E223EF269CC46DF8C104F0613ED4578-->  <OBJECT_TYPE><![CDATA[S]]></OBJECT_TYPE>
<!--1E223EF269CC46DF8C104F0613ED4578--></AD_MODEL_OBJECT>

<!--1E4729061461420E861DC32FC17CDF1F--><AD_MODEL_OBJECT>
<!--1E4729061461420E861DC32FC17CDF1F-->  <AD_MODEL_OBJECT_ID><![CDATA[1E4729061461420E861DC32FC17CDF1F]]></AD_MODEL_OBJECT_ID>
<!--1E4729061461420E861DC32FC17CDF1F-->  <AD_CLIENT_ID><![CDATA[0]]></AD_CLIENT_ID>
<!--1E4729061461420E861DC32FC17CDF1F-->  <AD_ORG_ID><![CDATA[0]]></AD_ORG_ID>
<!--1E4729061461420E861DC32FC17CDF1F-->  <ISACTIVE><![CDATA[Y]]></ISACTIVE>
<!--1E4729061461420E861DC32FC17CDF1F-->  <ACTION><![CDATA[W]]></ACTION>
<!--1E4729061461420E861DC32FC17CDF1F-->  <AD_TAB_ID><![CDATA[78866F8CD2A147EB8561AF3C5C72609E]]></AD_TAB_ID>
<!--1E4729061461420E861DC32FC17CDF1F-->  <CLASSNAME><![CDATA[org.openbravo.erpCommon.ad_callouts.ComboReloads78866F8CD2A147EB8561AF3C5C72609E]]></CLASSNAME>
<!--1E4729061461420E861DC32FC17CDF1F-->  <ISDEFAULT><![CDATA[N]]></ISDEFAULT>
<!--1E4729061461420E861DC32FC17CDF1F-->  <OBJECT_TYPE><![CDATA[S]]></OBJECT_TYPE>
<!--1E4729061461420E861DC32FC17CDF1F--></AD_MODEL_OBJECT>

<!--35603909DD2E4025AD62EAF8B5616628--><AD_MODEL_OBJECT>
<!--35603909DD2E4025AD62EAF8B5616628-->  <AD_MODEL_OBJECT_ID><![CDATA[35603909DD2E4025AD62EAF8B5616628]]></AD_MODEL_OBJECT_ID>
<!--35603909DD2E4025AD62EAF8B5616628-->  <AD_CLIENT_ID><![CDATA[0]]></AD_CLIENT_ID>
<!--35603909DD2E4025AD62EAF8B5616628-->  <AD_ORG_ID><![CDATA[0]]></AD_ORG_ID>
<!--35603909DD2E4025AD62EAF8B5616628-->  <ISACTIVE><![CDATA[Y]]></ISACTIVE>
<!--35603909DD2E4025AD62EAF8B5616628-->  <ACTION><![CDATA[P]]></ACTION>
<!--35603909DD2E4025AD62EAF8B5616628-->  <CLASSNAME><![CDATA[org.wirabumi.gen.oez.ad_process.ImportInventory]]></CLASSNAME>
<!--35603909DD2E4025AD62EAF8B5616628-->  <ISDEFAULT><![CDATA[Y]]></ISDEFAULT>
<!--35603909DD2E4025AD62EAF8B5616628-->  <AD_PROCESS_ID><![CDATA[F3B32C87EC0A49EB938D28FB64F12E35]]></AD_PROCESS_ID>
<!--35603909DD2E4025AD62EAF8B5616628-->  <OBJECT_TYPE><![CDATA[S]]></OBJECT_TYPE>
<!--35603909DD2E4025AD62EAF8B5616628--></AD_MODEL_OBJECT>

<!--3A6D31C2EB72404A98715352AEB94D43--><AD_MODEL_OBJECT>
<!--3A6D31C2EB72404A98715352AEB94D43-->  <AD_MODEL_OBJECT_ID><![CDATA[3A6D31C2EB72404A98715352AEB94D43]]></AD_MODEL_OBJECT_ID>
<!--3A6D31C2EB72404A98715352AEB94D43-->  <AD_CLIENT_ID><![CDATA[0]]></AD_CLIENT_ID>
<!--3A6D31C2EB72404A98715352AEB94D43-->  <AD_ORG_ID><![CDATA[0]]></AD_ORG_ID>
<!--3A6D31C2EB72404A98715352AEB94D43-->  <ISACTIVE><![CDATA[Y]]></ISACTIVE>
<!--3A6D31C2EB72404A98715352AEB94D43-->  <ACTION><![CDATA[P]]></ACTION>
<!--3A6D31C2EB72404A98715352AEB94D43-->  <CLASSNAME><![CDATA[org.wirabumi.gen.oez.ad_process.CreateCustomerReimbursementGR]]></CLASSNAME>
<!--3A6D31C2EB72404A98715352AEB94D43-->  <ISDEFAULT><![CDATA[Y]]></ISDEFAULT>
<!--3A6D31C2EB72404A98715352AEB94D43-->  <AD_PROCESS_ID><![CDATA[6DBBB591113D41AABDD74515D7E50480]]></AD_PROCESS_ID>
<!--3A6D31C2EB72404A98715352AEB94D43-->  <OBJECT_TYPE><![CDATA[S]]></OBJECT_TYPE>
<!--3A6D31C2EB72404A98715352AEB94D43--></AD_MODEL_OBJECT>

<!--3F156A993AED45D9A3CBDCF189B1F573--><AD_MODEL_OBJECT>
<!--3F156A993AED45D9A3CBDCF189B1F573-->  <AD_MODEL_OBJECT_ID><![CDATA[3F156A993AED45D9A3CBDCF189B1F573]]></AD_MODEL_OBJECT_ID>
<!--3F156A993AED45D9A3CBDCF189B1F573-->  <AD_CLIENT_ID><![CDATA[0]]></AD_CLIENT_ID>
<!--3F156A993AED45D9A3CBDCF189B1F573-->  <AD_ORG_ID><![CDATA[0]]></AD_ORG_ID>
<!--3F156A993AED45D9A3CBDCF189B1F573-->  <ISACTIVE><![CDATA[Y]]></ISACTIVE>
<!--3F156A993AED45D9A3CBDCF189B1F573-->  <ACTION><![CDATA[P]]></ACTION>
<!--3F156A993AED45D9A3CBDCF189B1F573-->  <CLASSNAME><![CDATA[org.wirabumi.gen.oez.ad_process.CopySOtoRequisition]]></CLASSNAME>
<!--3F156A993AED45D9A3CBDCF189B1F573-->  <ISDEFAULT><![CDATA[Y]]></ISDEFAULT>
<!--3F156A993AED45D9A3CBDCF189B1F573-->  <AD_PROCESS_ID><![CDATA[4A4DB835730245B29CB86D2FF2A48BC2]]></AD_PROCESS_ID>
<!--3F156A993AED45D9A3CBDCF189B1F573-->  <OBJECT_TYPE><![CDATA[S]]></OBJECT_TYPE>
<!--3F156A993AED45D9A3CBDCF189B1F573--></AD_MODEL_OBJECT>

<!--4435168C221C409DA8F63DCE1C635009--><AD_MODEL_OBJECT>
<!--4435168C221C409DA8F63DCE1C635009-->  <AD_MODEL_OBJECT_ID><![CDATA[4435168C221C409DA8F63DCE1C635009]]></AD_MODEL_OBJECT_ID>
<!--4435168C221C409DA8F63DCE1C635009-->  <AD_CLIENT_ID><![CDATA[0]]></AD_CLIENT_ID>
<!--4435168C221C409DA8F63DCE1C635009-->  <AD_ORG_ID><![CDATA[0]]></AD_ORG_ID>
<!--4435168C221C409DA8F63DCE1C635009-->  <ISACTIVE><![CDATA[Y]]></ISACTIVE>
<!--4435168C221C409DA8F63DCE1C635009-->  <ACTION><![CDATA[P]]></ACTION>
<!--4435168C221C409DA8F63DCE1C635009-->  <CLASSNAME><![CDATA[org.wirabumi.gen.oez.ad_process.ImportShipment]]></CLASSNAME>
<!--4435168C221C409DA8F63DCE1C635009-->  <ISDEFAULT><![CDATA[Y]]></ISDEFAULT>
<!--4435168C221C409DA8F63DCE1C635009-->  <AD_PROCESS_ID><![CDATA[B9DBEEFEE8B44DCA91F00D2D8E6E6435]]></AD_PROCESS_ID>
<!--4435168C221C409DA8F63DCE1C635009-->  <OBJECT_TYPE><![CDATA[S]]></OBJECT_TYPE>
<!--4435168C221C409DA8F63DCE1C635009--></AD_MODEL_OBJECT>

<!--59695BA792D54E4D8BA4FE5A32A7ED18--><AD_MODEL_OBJECT>
<!--59695BA792D54E4D8BA4FE5A32A7ED18-->  <AD_MODEL_OBJECT_ID><![CDATA[59695BA792D54E4D8BA4FE5A32A7ED18]]></AD_MODEL_OBJECT_ID>
<!--59695BA792D54E4D8BA4FE5A32A7ED18-->  <AD_CLIENT_ID><![CDATA[0]]></AD_CLIENT_ID>
<!--59695BA792D54E4D8BA4FE5A32A7ED18-->  <AD_ORG_ID><![CDATA[0]]></AD_ORG_ID>
<!--59695BA792D54E4D8BA4FE5A32A7ED18-->  <ISACTIVE><![CDATA[Y]]></ISACTIVE>
<!--59695BA792D54E4D8BA4FE5A32A7ED18-->  <ACTION><![CDATA[W]]></ACTION>
<!--59695BA792D54E4D8BA4FE5A32A7ED18-->  <AD_TAB_ID><![CDATA[B546331C170940DE9CF4558A278C7B39]]></AD_TAB_ID>
<!--59695BA792D54E4D8BA4FE5A32A7ED18-->  <CLASSNAME><![CDATA[org.openbravo.erpCommon.ad_callouts.ComboReloadsB546331C170940DE9CF4558A278C7B39]]></CLASSNAME>
<!--59695BA792D54E4D8BA4FE5A32A7ED18-->  <ISDEFAULT><![CDATA[N]]></ISDEFAULT>
<!--59695BA792D54E4D8BA4FE5A32A7ED18-->  <OBJECT_TYPE><![CDATA[S]]></OBJECT_TYPE>
<!--59695BA792D54E4D8BA4FE5A32A7ED18--></AD_MODEL_OBJECT>

<!--689F69A3E66C4398868DBA31C9FD4B7C--><AD_MODEL_OBJECT>
<!--689F69A3E66C4398868DBA31C9FD4B7C-->  <AD_MODEL_OBJECT_ID><![CDATA[689F69A3E66C4398868DBA31C9FD4B7C]]></AD_MODEL_OBJECT_ID>
<!--689F69A3E66C4398868DBA31C9FD4B7C-->  <AD_CLIENT_ID><![CDATA[0]]></AD_CLIENT_ID>
<!--689F69A3E66C4398868DBA31C9FD4B7C-->  <AD_ORG_ID><![CDATA[0]]></AD_ORG_ID>
<!--689F69A3E66C4398868DBA31C9FD4B7C-->  <ISACTIVE><![CDATA[Y]]></ISACTIVE>
<!--689F69A3E66C4398868DBA31C9FD4B7C-->  <ACTION><![CDATA[P]]></ACTION>
<!--689F69A3E66C4398868DBA31C9FD4B7C-->  <CLASSNAME><![CDATA[org.wirabumi.gen.oez.RptSalesOrderApprovalSupport]]></CLASSNAME>
<!--689F69A3E66C4398868DBA31C9FD4B7C-->  <ISDEFAULT><![CDATA[Y]]></ISDEFAULT>
<!--689F69A3E66C4398868DBA31C9FD4B7C-->  <AD_PROCESS_ID><![CDATA[9352988270C6464688CA21BE3B982C62]]></AD_PROCESS_ID>
<!--689F69A3E66C4398868DBA31C9FD4B7C-->  <OBJECT_TYPE><![CDATA[S]]></OBJECT_TYPE>
<!--689F69A3E66C4398868DBA31C9FD4B7C--></AD_MODEL_OBJECT>

<!--73089B56981C492785C2BB209A92B686--><AD_MODEL_OBJECT>
<!--73089B56981C492785C2BB209A92B686-->  <AD_MODEL_OBJECT_ID><![CDATA[73089B56981C492785C2BB209A92B686]]></AD_MODEL_OBJECT_ID>
<!--73089B56981C492785C2BB209A92B686-->  <AD_CLIENT_ID><![CDATA[0]]></AD_CLIENT_ID>
<!--73089B56981C492785C2BB209A92B686-->  <AD_ORG_ID><![CDATA[0]]></AD_ORG_ID>
<!--73089B56981C492785C2BB209A92B686-->  <ISACTIVE><![CDATA[Y]]></ISACTIVE>
<!--73089B56981C492785C2BB209A92B686-->  <ACTION><![CDATA[P]]></ACTION>
<!--73089B56981C492785C2BB209A92B686-->  <CLASSNAME><![CDATA[org.wirabumi.gen.oez.ad_process.ImportWorkEffort]]></CLASSNAME>
<!--73089B56981C492785C2BB209A92B686-->  <ISDEFAULT><![CDATA[Y]]></ISDEFAULT>
<!--73089B56981C492785C2BB209A92B686-->  <AD_PROCESS_ID><![CDATA[3D671B238B16410581EADAAF1091F625]]></AD_PROCESS_ID>
<!--73089B56981C492785C2BB209A92B686-->  <OBJECT_TYPE><![CDATA[S]]></OBJECT_TYPE>
<!--73089B56981C492785C2BB209A92B686--></AD_MODEL_OBJECT>

<!--75D499FECB52448791910177B57F8EDB--><AD_MODEL_OBJECT>
<!--75D499FECB52448791910177B57F8EDB-->  <AD_MODEL_OBJECT_ID><![CDATA[75D499FECB52448791910177B57F8EDB]]></AD_MODEL_OBJECT_ID>
<!--75D499FECB52448791910177B57F8EDB-->  <AD_CLIENT_ID><![CDATA[0]]></AD_CLIENT_ID>
<!--75D499FECB52448791910177B57F8EDB-->  <AD_ORG_ID><![CDATA[0]]></AD_ORG_ID>
<!--75D499FECB52448791910177B57F8EDB-->  <ISACTIVE><![CDATA[Y]]></ISACTIVE>
<!--75D499FECB52448791910177B57F8EDB-->  <ACTION><![CDATA[W]]></ACTION>
<!--75D499FECB52448791910177B57F8EDB-->  <AD_TAB_ID><![CDATA[78866F8CD2A147EB8561AF3C5C72609E]]></AD_TAB_ID>
<!--75D499FECB52448791910177B57F8EDB-->  <CLASSNAME><![CDATA[org.openbravo.erpWindows.org.wirabumi.gen.oez.ImportBusinessPartnerBalance.ImportBusinessPartnerBalance78866F8CD2A147EB8561AF3C5C72609E]]></CLASSNAME>
<!--75D499FECB52448791910177B57F8EDB-->  <ISDEFAULT><![CDATA[Y]]></ISDEFAULT>
<!--75D499FECB52448791910177B57F8EDB-->  <OBJECT_TYPE><![CDATA[S]]></OBJECT_TYPE>
<!--75D499FECB52448791910177B57F8EDB--></AD_MODEL_OBJECT>

<!--7BFCB2178BA64BCEA95773D4CCC7F951--><AD_MODEL_OBJECT>
<!--7BFCB2178BA64BCEA95773D4CCC7F951-->  <AD_MODEL_OBJECT_ID><![CDATA[7BFCB2178BA64BCEA95773D4CCC7F951]]></AD_MODEL_OBJECT_ID>
<!--7BFCB2178BA64BCEA95773D4CCC7F951-->  <AD_CLIENT_ID><![CDATA[0]]></AD_CLIENT_ID>
<!--7BFCB2178BA64BCEA95773D4CCC7F951-->  <AD_ORG_ID><![CDATA[0]]></AD_ORG_ID>
<!--7BFCB2178BA64BCEA95773D4CCC7F951-->  <ISACTIVE><![CDATA[Y]]></ISACTIVE>
<!--7BFCB2178BA64BCEA95773D4CCC7F951-->  <ACTION><![CDATA[P]]></ACTION>
<!--7BFCB2178BA64BCEA95773D4CCC7F951-->  <CLASSNAME><![CDATA[org.wirabumi.gen.oez.ad_process.CreateCustomerReimbursementPI]]></CLASSNAME>
<!--7BFCB2178BA64BCEA95773D4CCC7F951-->  <ISDEFAULT><![CDATA[Y]]></ISDEFAULT>
<!--7BFCB2178BA64BCEA95773D4CCC7F951-->  <AD_PROCESS_ID><![CDATA[F5C44E6E034B42FF8865AC0417C799FE]]></AD_PROCESS_ID>
<!--7BFCB2178BA64BCEA95773D4CCC7F951-->  <OBJECT_TYPE><![CDATA[S]]></OBJECT_TYPE>
<!--7BFCB2178BA64BCEA95773D4CCC7F951--></AD_MODEL_OBJECT>

<!--9BCF582FAD0D4B3E8FD194E2641B45A1--><AD_MODEL_OBJECT>
<!--9BCF582FAD0D4B3E8FD194E2641B45A1-->  <AD_MODEL_OBJECT_ID><![CDATA[9BCF582FAD0D4B3E8FD194E2641B45A1]]></AD_MODEL_OBJECT_ID>
<!--9BCF582FAD0D4B3E8FD194E2641B45A1-->  <AD_CLIENT_ID><![CDATA[0]]></AD_CLIENT_ID>
<!--9BCF582FAD0D4B3E8FD194E2641B45A1-->  <AD_ORG_ID><![CDATA[0]]></AD_ORG_ID>
<!--9BCF582FAD0D4B3E8FD194E2641B45A1-->  <ISACTIVE><![CDATA[Y]]></ISACTIVE>
<!--9BCF582FAD0D4B3E8FD194E2641B45A1-->  <ACTION><![CDATA[P]]></ACTION>
<!--9BCF582FAD0D4B3E8FD194E2641B45A1-->  <CLASSNAME><![CDATA[org.wirabumi.gen.oez.ad_process.ImportGLJournal]]></CLASSNAME>
<!--9BCF582FAD0D4B3E8FD194E2641B45A1-->  <ISDEFAULT><![CDATA[Y]]></ISDEFAULT>
<!--9BCF582FAD0D4B3E8FD194E2641B45A1-->  <AD_PROCESS_ID><![CDATA[9B26EF017C244CD59C77BE203A2D14A8]]></AD_PROCESS_ID>
<!--9BCF582FAD0D4B3E8FD194E2641B45A1-->  <OBJECT_TYPE><![CDATA[P]]></OBJECT_TYPE>
<!--9BCF582FAD0D4B3E8FD194E2641B45A1--></AD_MODEL_OBJECT>

<!--9C8510DD84F3460B81B483DC69A405A8--><AD_MODEL_OBJECT>
<!--9C8510DD84F3460B81B483DC69A405A8-->  <AD_MODEL_OBJECT_ID><![CDATA[9C8510DD84F3460B81B483DC69A405A8]]></AD_MODEL_OBJECT_ID>
<!--9C8510DD84F3460B81B483DC69A405A8-->  <AD_CLIENT_ID><![CDATA[0]]></AD_CLIENT_ID>
<!--9C8510DD84F3460B81B483DC69A405A8-->  <AD_ORG_ID><![CDATA[0]]></AD_ORG_ID>
<!--9C8510DD84F3460B81B483DC69A405A8-->  <ISACTIVE><![CDATA[Y]]></ISACTIVE>
<!--9C8510DD84F3460B81B483DC69A405A8-->  <ACTION><![CDATA[P]]></ACTION>
<!--9C8510DD84F3460B81B483DC69A405A8-->  <CLASSNAME><![CDATA[org.wirabumi.gen.oez.ad_process.ProcessImportAsset]]></CLASSNAME>
<!--9C8510DD84F3460B81B483DC69A405A8-->  <ISDEFAULT><![CDATA[Y]]></ISDEFAULT>
<!--9C8510DD84F3460B81B483DC69A405A8-->  <AD_PROCESS_ID><![CDATA[D5ED0F4EA8E44A4A827CCBBFA16433C3]]></AD_PROCESS_ID>
<!--9C8510DD84F3460B81B483DC69A405A8-->  <OBJECT_TYPE><![CDATA[S]]></OBJECT_TYPE>
<!--9C8510DD84F3460B81B483DC69A405A8--></AD_MODEL_OBJECT>

<!--AB9E6695B1514AD0ADB6552C4668D7B2--><AD_MODEL_OBJECT>
<!--AB9E6695B1514AD0ADB6552C4668D7B2-->  <AD_MODEL_OBJECT_ID><![CDATA[AB9E6695B1514AD0ADB6552C4668D7B2]]></AD_MODEL_OBJECT_ID>
<!--AB9E6695B1514AD0ADB6552C4668D7B2-->  <AD_CLIENT_ID><![CDATA[0]]></AD_CLIENT_ID>
<!--AB9E6695B1514AD0ADB6552C4668D7B2-->  <AD_ORG_ID><![CDATA[0]]></AD_ORG_ID>
<!--AB9E6695B1514AD0ADB6552C4668D7B2-->  <ISACTIVE><![CDATA[Y]]></ISACTIVE>
<!--AB9E6695B1514AD0ADB6552C4668D7B2-->  <ACTION><![CDATA[P]]></ACTION>
<!--AB9E6695B1514AD0ADB6552C4668D7B2-->  <CLASSNAME><![CDATA[org.wirabumi.gen.oez.ad_process.ImportWorkRequirement]]></CLASSNAME>
<!--AB9E6695B1514AD0ADB6552C4668D7B2-->  <ISDEFAULT><![CDATA[Y]]></ISDEFAULT>
<!--AB9E6695B1514AD0ADB6552C4668D7B2-->  <AD_PROCESS_ID><![CDATA[E93DD2C121914B4DA6A1252015B893DE]]></AD_PROCESS_ID>
<!--AB9E6695B1514AD0ADB6552C4668D7B2-->  <OBJECT_TYPE><![CDATA[S]]></OBJECT_TYPE>
<!--AB9E6695B1514AD0ADB6552C4668D7B2--></AD_MODEL_OBJECT>

<!--B218085B47CB49D8A5829503E08E10A1--><AD_MODEL_OBJECT>
<!--B218085B47CB49D8A5829503E08E10A1-->  <AD_MODEL_OBJECT_ID><![CDATA[B218085B47CB49D8A5829503E08E10A1]]></AD_MODEL_OBJECT_ID>
<!--B218085B47CB49D8A5829503E08E10A1-->  <AD_CLIENT_ID><![CDATA[0]]></AD_CLIENT_ID>
<!--B218085B47CB49D8A5829503E08E10A1-->  <AD_ORG_ID><![CDATA[0]]></AD_ORG_ID>
<!--B218085B47CB49D8A5829503E08E10A1-->  <ISACTIVE><![CDATA[Y]]></ISACTIVE>
<!--B218085B47CB49D8A5829503E08E10A1-->  <ACTION><![CDATA[P]]></ACTION>
<!--B218085B47CB49D8A5829503E08E10A1-->  <CLASSNAME><![CDATA[org.wirabumi.gen.oez.ad_process.CreateUnrealizeGainLossForex]]></CLASSNAME>
<!--B218085B47CB49D8A5829503E08E10A1-->  <ISDEFAULT><![CDATA[Y]]></ISDEFAULT>
<!--B218085B47CB49D8A5829503E08E10A1-->  <AD_PROCESS_ID><![CDATA[DDCB419F5A964DFA99419C772268160C]]></AD_PROCESS_ID>
<!--B218085B47CB49D8A5829503E08E10A1-->  <OBJECT_TYPE><![CDATA[S]]></OBJECT_TYPE>
<!--B218085B47CB49D8A5829503E08E10A1--></AD_MODEL_OBJECT>

<!--B8C143BD09C142F8AC87D0F23264517C--><AD_MODEL_OBJECT>
<!--B8C143BD09C142F8AC87D0F23264517C-->  <AD_MODEL_OBJECT_ID><![CDATA[B8C143BD09C142F8AC87D0F23264517C]]></AD_MODEL_OBJECT_ID>
<!--B8C143BD09C142F8AC87D0F23264517C-->  <AD_CLIENT_ID><![CDATA[0]]></AD_CLIENT_ID>
<!--B8C143BD09C142F8AC87D0F23264517C-->  <AD_ORG_ID><![CDATA[0]]></AD_ORG_ID>
<!--B8C143BD09C142F8AC87D0F23264517C-->  <ISACTIVE><![CDATA[Y]]></ISACTIVE>
<!--B8C143BD09C142F8AC87D0F23264517C-->  <ACTION><![CDATA[P]]></ACTION>
<!--B8C143BD09C142F8AC87D0F23264517C-->  <CLASSNAME><![CDATA[org.wirabumi.gen.oez.ad_process.ImportBPBalance]]></CLASSNAME>
<!--B8C143BD09C142F8AC87D0F23264517C-->  <ISDEFAULT><![CDATA[Y]]></ISDEFAULT>
<!--B8C143BD09C142F8AC87D0F23264517C-->  <AD_PROCESS_ID><![CDATA[AE856EB10CD8444EB7555625E1F48631]]></AD_PROCESS_ID>
<!--B8C143BD09C142F8AC87D0F23264517C-->  <OBJECT_TYPE><![CDATA[S]]></OBJECT_TYPE>
<!--B8C143BD09C142F8AC87D0F23264517C--></AD_MODEL_OBJECT>

<!--BBFB1F41306E4344BB48F2035406E8A3--><AD_MODEL_OBJECT>
<!--BBFB1F41306E4344BB48F2035406E8A3-->  <AD_MODEL_OBJECT_ID><![CDATA[BBFB1F41306E4344BB48F2035406E8A3]]></AD_MODEL_OBJECT_ID>
<!--BBFB1F41306E4344BB48F2035406E8A3-->  <AD_CLIENT_ID><![CDATA[0]]></AD_CLIENT_ID>
<!--BBFB1F41306E4344BB48F2035406E8A3-->  <AD_ORG_ID><![CDATA[0]]></AD_ORG_ID>
<!--BBFB1F41306E4344BB48F2035406E8A3-->  <ISACTIVE><![CDATA[Y]]></ISACTIVE>
<!--BBFB1F41306E4344BB48F2035406E8A3-->  <ACTION><![CDATA[P]]></ACTION>
<!--BBFB1F41306E4344BB48F2035406E8A3-->  <CLASSNAME><![CDATA[org.wirabumi.gen.oez.ad_process.ProcessImportInvoice]]></CLASSNAME>
<!--BBFB1F41306E4344BB48F2035406E8A3-->  <ISDEFAULT><![CDATA[Y]]></ISDEFAULT>
<!--BBFB1F41306E4344BB48F2035406E8A3-->  <AD_PROCESS_ID><![CDATA[926199266113402BAEEDAA0DA770E935]]></AD_PROCESS_ID>
<!--BBFB1F41306E4344BB48F2035406E8A3-->  <OBJECT_TYPE><![CDATA[S]]></OBJECT_TYPE>
<!--BBFB1F41306E4344BB48F2035406E8A3--></AD_MODEL_OBJECT>

<!--BD9C793B9FE94753897CE5A30734143E--><AD_MODEL_OBJECT>
<!--BD9C793B9FE94753897CE5A30734143E-->  <AD_MODEL_OBJECT_ID><![CDATA[BD9C793B9FE94753897CE5A30734143E]]></AD_MODEL_OBJECT_ID>
<!--BD9C793B9FE94753897CE5A30734143E-->  <AD_CLIENT_ID><![CDATA[0]]></AD_CLIENT_ID>
<!--BD9C793B9FE94753897CE5A30734143E-->  <AD_ORG_ID><![CDATA[0]]></AD_ORG_ID>
<!--BD9C793B9FE94753897CE5A30734143E-->  <ISACTIVE><![CDATA[Y]]></ISACTIVE>
<!--BD9C793B9FE94753897CE5A30734143E-->  <ACTION><![CDATA[C]]></ACTION>
<!--BD9C793B9FE94753897CE5A30734143E-->  <CLASSNAME><![CDATA[org.wirabumi.gen.oez.callout.OEZ_ICL_DocumentNo]]></CLASSNAME>
<!--BD9C793B9FE94753897CE5A30734143E-->  <ISDEFAULT><![CDATA[Y]]></ISDEFAULT>
<!--BD9C793B9FE94753897CE5A30734143E-->  <AD_CALLOUT_ID><![CDATA[F24F54E1C17E4895981EB22749EBF818]]></AD_CALLOUT_ID>
<!--BD9C793B9FE94753897CE5A30734143E-->  <OBJECT_TYPE><![CDATA[S]]></OBJECT_TYPE>
<!--BD9C793B9FE94753897CE5A30734143E--></AD_MODEL_OBJECT>

<!--C406AD68A10644B09D375AB55FE8C8F9--><AD_MODEL_OBJECT>
<!--C406AD68A10644B09D375AB55FE8C8F9-->  <AD_MODEL_OBJECT_ID><![CDATA[C406AD68A10644B09D375AB55FE8C8F9]]></AD_MODEL_OBJECT_ID>
<!--C406AD68A10644B09D375AB55FE8C8F9-->  <AD_CLIENT_ID><![CDATA[0]]></AD_CLIENT_ID>
<!--C406AD68A10644B09D375AB55FE8C8F9-->  <AD_ORG_ID><![CDATA[0]]></AD_ORG_ID>
<!--C406AD68A10644B09D375AB55FE8C8F9-->  <ISACTIVE><![CDATA[Y]]></ISACTIVE>
<!--C406AD68A10644B09D375AB55FE8C8F9-->  <ACTION><![CDATA[P]]></ACTION>
<!--C406AD68A10644B09D375AB55FE8C8F9-->  <CLASSNAME><![CDATA[org.wirabumi.gen.oez.ad_process.ConvertQuotationIntoOrder]]></CLASSNAME>
<!--C406AD68A10644B09D375AB55FE8C8F9-->  <ISDEFAULT><![CDATA[Y]]></ISDEFAULT>
<!--C406AD68A10644B09D375AB55FE8C8F9-->  <AD_PROCESS_ID><![CDATA[3270DC8DF5C143F280771F1200F2A11C]]></AD_PROCESS_ID>
<!--C406AD68A10644B09D375AB55FE8C8F9-->  <OBJECT_TYPE><![CDATA[S]]></OBJECT_TYPE>
<!--C406AD68A10644B09D375AB55FE8C8F9--></AD_MODEL_OBJECT>

<!--D7114C24B30C4913AB981F9F418737EF--><AD_MODEL_OBJECT>
<!--D7114C24B30C4913AB981F9F418737EF-->  <AD_MODEL_OBJECT_ID><![CDATA[D7114C24B30C4913AB981F9F418737EF]]></AD_MODEL_OBJECT_ID>
<!--D7114C24B30C4913AB981F9F418737EF-->  <AD_CLIENT_ID><![CDATA[0]]></AD_CLIENT_ID>
<!--D7114C24B30C4913AB981F9F418737EF-->  <AD_ORG_ID><![CDATA[0]]></AD_ORG_ID>
<!--D7114C24B30C4913AB981F9F418737EF-->  <ISACTIVE><![CDATA[Y]]></ISACTIVE>
<!--D7114C24B30C4913AB981F9F418737EF-->  <ACTION><![CDATA[W]]></ACTION>
<!--D7114C24B30C4913AB981F9F418737EF-->  <AD_TAB_ID><![CDATA[8F2CE8D96EB24E60A44C0FAD5868E045]]></AD_TAB_ID>
<!--D7114C24B30C4913AB981F9F418737EF-->  <CLASSNAME><![CDATA[org.openbravo.erpWindows.org.wirabumi.gen.oez.ImportProductPrices.ImportProductPrices8F2CE8D96EB24E60A44C0FAD5868E045]]></CLASSNAME>
<!--D7114C24B30C4913AB981F9F418737EF-->  <ISDEFAULT><![CDATA[Y]]></ISDEFAULT>
<!--D7114C24B30C4913AB981F9F418737EF-->  <OBJECT_TYPE><![CDATA[S]]></OBJECT_TYPE>
<!--D7114C24B30C4913AB981F9F418737EF--></AD_MODEL_OBJECT>

<!--DC6410BDC1CD4087ACE58953A342CD44--><AD_MODEL_OBJECT>
<!--DC6410BDC1CD4087ACE58953A342CD44-->  <AD_MODEL_OBJECT_ID><![CDATA[DC6410BDC1CD4087ACE58953A342CD44]]></AD_MODEL_OBJECT_ID>
<!--DC6410BDC1CD4087ACE58953A342CD44-->  <AD_CLIENT_ID><![CDATA[0]]></AD_CLIENT_ID>
<!--DC6410BDC1CD4087ACE58953A342CD44-->  <AD_ORG_ID><![CDATA[0]]></AD_ORG_ID>
<!--DC6410BDC1CD4087ACE58953A342CD44-->  <ISACTIVE><![CDATA[Y]]></ISACTIVE>
<!--DC6410BDC1CD4087ACE58953A342CD44-->  <ACTION><![CDATA[P]]></ACTION>
<!--DC6410BDC1CD4087ACE58953A342CD44-->  <CLASSNAME><![CDATA[org.wirabumi.gen.oez.CreatePurchaseOrder]]></CLASSNAME>
<!--DC6410BDC1CD4087ACE58953A342CD44-->  <ISDEFAULT><![CDATA[Y]]></ISDEFAULT>
<!--DC6410BDC1CD4087ACE58953A342CD44-->  <AD_PROCESS_ID><![CDATA[C4AEFC3C35174E5EB01DAF7187F3CCD0]]></AD_PROCESS_ID>
<!--DC6410BDC1CD4087ACE58953A342CD44-->  <OBJECT_TYPE><![CDATA[S]]></OBJECT_TYPE>
<!--DC6410BDC1CD4087ACE58953A342CD44--></AD_MODEL_OBJECT>

<!--E0F49FC72834454F89FA4B2720E3A53D--><AD_MODEL_OBJECT>
<!--E0F49FC72834454F89FA4B2720E3A53D-->  <AD_MODEL_OBJECT_ID><![CDATA[E0F49FC72834454F89FA4B2720E3A53D]]></AD_MODEL_OBJECT_ID>
<!--E0F49FC72834454F89FA4B2720E3A53D-->  <AD_CLIENT_ID><![CDATA[0]]></AD_CLIENT_ID>
<!--E0F49FC72834454F89FA4B2720E3A53D-->  <AD_ORG_ID><![CDATA[0]]></AD_ORG_ID>
<!--E0F49FC72834454F89FA4B2720E3A53D-->  <ISACTIVE><![CDATA[Y]]></ISACTIVE>
<!--E0F49FC72834454F89FA4B2720E3A53D-->  <ACTION><![CDATA[W]]></ACTION>
<!--E0F49FC72834454F89FA4B2720E3A53D-->  <AD_TAB_ID><![CDATA[8F2CE8D96EB24E60A44C0FAD5868E045]]></AD_TAB_ID>
<!--E0F49FC72834454F89FA4B2720E3A53D-->  <CLASSNAME><![CDATA[org.openbravo.erpCommon.ad_callouts.ComboReloads8F2CE8D96EB24E60A44C0FAD5868E045]]></CLASSNAME>
<!--E0F49FC72834454F89FA4B2720E3A53D-->  <ISDEFAULT><![CDATA[N]]></ISDEFAULT>
<!--E0F49FC72834454F89FA4B2720E3A53D-->  <OBJECT_TYPE><![CDATA[S]]></OBJECT_TYPE>
<!--E0F49FC72834454F89FA4B2720E3A53D--></AD_MODEL_OBJECT>

<!--E641742F24344FB89814FEC3E71E94FC--><AD_MODEL_OBJECT>
<!--E641742F24344FB89814FEC3E71E94FC-->  <AD_MODEL_OBJECT_ID><![CDATA[E641742F24344FB89814FEC3E71E94FC]]></AD_MODEL_OBJECT_ID>
<!--E641742F24344FB89814FEC3E71E94FC-->  <AD_CLIENT_ID><![CDATA[0]]></AD_CLIENT_ID>
<!--E641742F24344FB89814FEC3E71E94FC-->  <AD_ORG_ID><![CDATA[0]]></AD_ORG_ID>
<!--E641742F24344FB89814FEC3E71E94FC-->  <ISACTIVE><![CDATA[Y]]></ISACTIVE>
<!--E641742F24344FB89814FEC3E71E94FC-->  <ACTION><![CDATA[C]]></ACTION>
<!--E641742F24344FB89814FEC3E71E94FC-->  <CLASSNAME><![CDATA[org.wirabumi.gen.oez.callout.ExisitingAttributeSetInstanceCallout]]></CLASSNAME>
<!--E641742F24344FB89814FEC3E71E94FC-->  <ISDEFAULT><![CDATA[Y]]></ISDEFAULT>
<!--E641742F24344FB89814FEC3E71E94FC-->  <AD_CALLOUT_ID><![CDATA[9DC30497C5C44DAD91EA7C75C0B96AE3]]></AD_CALLOUT_ID>
<!--E641742F24344FB89814FEC3E71E94FC-->  <OBJECT_TYPE><![CDATA[S]]></OBJECT_TYPE>
<!--E641742F24344FB89814FEC3E71E94FC--></AD_MODEL_OBJECT>

<!--EA127CC4B05C48FE8D418A76AC028F16--><AD_MODEL_OBJECT>
<!--EA127CC4B05C48FE8D418A76AC028F16-->  <AD_MODEL_OBJECT_ID><![CDATA[EA127CC4B05C48FE8D418A76AC028F16]]></AD_MODEL_OBJECT_ID>
<!--EA127CC4B05C48FE8D418A76AC028F16-->  <AD_CLIENT_ID><![CDATA[0]]></AD_CLIENT_ID>
<!--EA127CC4B05C48FE8D418A76AC028F16-->  <AD_ORG_ID><![CDATA[0]]></AD_ORG_ID>
<!--EA127CC4B05C48FE8D418A76AC028F16-->  <ISACTIVE><![CDATA[Y]]></ISACTIVE>
<!--EA127CC4B05C48FE8D418A76AC028F16-->  <ACTION><![CDATA[W]]></ACTION>
<!--EA127CC4B05C48FE8D418A76AC028F16-->  <AD_TAB_ID><![CDATA[A975044C9C2C49CE85C2DDEEA1032534]]></AD_TAB_ID>
<!--EA127CC4B05C48FE8D418A76AC028F16-->  <CLASSNAME><![CDATA[org.openbravo.erpCommon.ad_callouts.ComboReloadsA975044C9C2C49CE85C2DDEEA1032534]]></CLASSNAME>
<!--EA127CC4B05C48FE8D418A76AC028F16-->  <ISDEFAULT><![CDATA[N]]></ISDEFAULT>
<!--EA127CC4B05C48FE8D418A76AC028F16-->  <OBJECT_TYPE><![CDATA[S]]></OBJECT_TYPE>
<!--EA127CC4B05C48FE8D418A76AC028F16--></AD_MODEL_OBJECT>

<!--F6FD355028AC4C27A05AB9584C3F28E7--><AD_MODEL_OBJECT>
<!--F6FD355028AC4C27A05AB9584C3F28E7-->  <AD_MODEL_OBJECT_ID><![CDATA[F6FD355028AC4C27A05AB9584C3F28E7]]></AD_MODEL_OBJECT_ID>
<!--F6FD355028AC4C27A05AB9584C3F28E7-->  <AD_CLIENT_ID><![CDATA[0]]></AD_CLIENT_ID>
<!--F6FD355028AC4C27A05AB9584C3F28E7-->  <AD_ORG_ID><![CDATA[0]]></AD_ORG_ID>
<!--F6FD355028AC4C27A05AB9584C3F28E7-->  <ISACTIVE><![CDATA[Y]]></ISACTIVE>
<!--F6FD355028AC4C27A05AB9584C3F28E7-->  <ACTION><![CDATA[P]]></ACTION>
<!--F6FD355028AC4C27A05AB9584C3F28E7-->  <CLASSNAME><![CDATA[org.wirabumi.gen.oez.ad_process.GenerateMonth]]></CLASSNAME>
<!--F6FD355028AC4C27A05AB9584C3F28E7-->  <ISDEFAULT><![CDATA[Y]]></ISDEFAULT>
<!--F6FD355028AC4C27A05AB9584C3F28E7-->  <AD_PROCESS_ID><![CDATA[337F8E5C1B1B4F2AA1F70B54B09EF5DA]]></AD_PROCESS_ID>
<!--F6FD355028AC4C27A05AB9584C3F28E7-->  <OBJECT_TYPE><![CDATA[S]]></OBJECT_TYPE>
<!--F6FD355028AC4C27A05AB9584C3F28E7--></AD_MODEL_OBJECT>

</data>
