<?xml version="1.0" encoding="UTF-8"?>
<data>
<!--510FBCEB2FE94340B4C7F54078D909E8--><AD_MODULE_DEPENDENCY>
<!--510FBCEB2FE94340B4C7F54078D909E8-->  <AD_MODULE_DEPENDENCY_ID><![CDATA[510FBCEB2FE94340B4C7F54078D909E8]]></AD_MODULE_DEPENDENCY_ID>
<!--510FBCEB2FE94340B4C7F54078D909E8-->  <AD_CLIENT_ID><![CDATA[0]]></AD_CLIENT_ID>
<!--510FBCEB2FE94340B4C7F54078D909E8-->  <AD_ORG_ID><![CDATA[0]]></AD_ORG_ID>
<!--510FBCEB2FE94340B4C7F54078D909E8-->  <ISACTIVE><![CDATA[Y]]></ISACTIVE>
<!--510FBCEB2FE94340B4C7F54078D909E8-->  <AD_MODULE_ID><![CDATA[27445C8270364452BEB29669FBB21CED]]></AD_MODULE_ID>
<!--510FBCEB2FE94340B4C7F54078D909E8-->  <AD_DEPENDENT_MODULE_ID><![CDATA[0]]></AD_DEPENDENT_MODULE_ID>
<!--510FBCEB2FE94340B4C7F54078D909E8-->  <STARTVERSION><![CDATA[3.0.22925]]></STARTVERSION>
<!--510FBCEB2FE94340B4C7F54078D909E8-->  <ISINCLUDED><![CDATA[N]]></ISINCLUDED>
<!--510FBCEB2FE94340B4C7F54078D909E8-->  <DEPENDANT_MODULE_NAME><![CDATA[Core]]></DEPENDANT_MODULE_NAME>
<!--510FBCEB2FE94340B4C7F54078D909E8-->  <DEPENDENCY_ENFORCEMENT><![CDATA[MAJOR]]></DEPENDENCY_ENFORCEMENT>
<!--510FBCEB2FE94340B4C7F54078D909E8-->  <USER_EDITABLE_ENFORCEMENT><![CDATA[N]]></USER_EDITABLE_ENFORCEMENT>
<!--510FBCEB2FE94340B4C7F54078D909E8--></AD_MODULE_DEPENDENCY>

<!--6F46B6DD177948F485BD0BDA8B202E5B--><AD_MODULE_DEPENDENCY>
<!--6F46B6DD177948F485BD0BDA8B202E5B-->  <AD_MODULE_DEPENDENCY_ID><![CDATA[6F46B6DD177948F485BD0BDA8B202E5B]]></AD_MODULE_DEPENDENCY_ID>
<!--6F46B6DD177948F485BD0BDA8B202E5B-->  <AD_CLIENT_ID><![CDATA[0]]></AD_CLIENT_ID>
<!--6F46B6DD177948F485BD0BDA8B202E5B-->  <AD_ORG_ID><![CDATA[0]]></AD_ORG_ID>
<!--6F46B6DD177948F485BD0BDA8B202E5B-->  <ISACTIVE><![CDATA[Y]]></ISACTIVE>
<!--6F46B6DD177948F485BD0BDA8B202E5B-->  <AD_MODULE_ID><![CDATA[27445C8270364452BEB29669FBB21CED]]></AD_MODULE_ID>
<!--6F46B6DD177948F485BD0BDA8B202E5B-->  <AD_DEPENDENT_MODULE_ID><![CDATA[9BA0836A3CD74EE4AB48753A47211BCC]]></AD_DEPENDENT_MODULE_ID>
<!--6F46B6DD177948F485BD0BDA8B202E5B-->  <STARTVERSION><![CDATA[2.1.21419]]></STARTVERSION>
<!--6F46B6DD177948F485BD0BDA8B202E5B-->  <ISINCLUDED><![CDATA[N]]></ISINCLUDED>
<!--6F46B6DD177948F485BD0BDA8B202E5B-->  <DEPENDANT_MODULE_NAME><![CDATA[User Interface Application]]></DEPENDANT_MODULE_NAME>
<!--6F46B6DD177948F485BD0BDA8B202E5B-->  <DEPENDENCY_ENFORCEMENT><![CDATA[MAJOR]]></DEPENDENCY_ENFORCEMENT>
<!--6F46B6DD177948F485BD0BDA8B202E5B-->  <USER_EDITABLE_ENFORCEMENT><![CDATA[N]]></USER_EDITABLE_ENFORCEMENT>
<!--6F46B6DD177948F485BD0BDA8B202E5B--></AD_MODULE_DEPENDENCY>

<!--DCC75D9B3F6146FF9F05DCCD81CD888A--><AD_MODULE_DEPENDENCY>
<!--DCC75D9B3F6146FF9F05DCCD81CD888A-->  <AD_MODULE_DEPENDENCY_ID><![CDATA[DCC75D9B3F6146FF9F05DCCD81CD888A]]></AD_MODULE_DEPENDENCY_ID>
<!--DCC75D9B3F6146FF9F05DCCD81CD888A-->  <AD_CLIENT_ID><![CDATA[0]]></AD_CLIENT_ID>
<!--DCC75D9B3F6146FF9F05DCCD81CD888A-->  <AD_ORG_ID><![CDATA[0]]></AD_ORG_ID>
<!--DCC75D9B3F6146FF9F05DCCD81CD888A-->  <ISACTIVE><![CDATA[Y]]></ISACTIVE>
<!--DCC75D9B3F6146FF9F05DCCD81CD888A-->  <AD_MODULE_ID><![CDATA[27445C8270364452BEB29669FBB21CED]]></AD_MODULE_ID>
<!--DCC75D9B3F6146FF9F05DCCD81CD888A-->  <AD_DEPENDENT_MODULE_ID><![CDATA[7E48CDD73B7E493A8BED4F7253E7C989]]></AD_DEPENDENT_MODULE_ID>
<!--DCC75D9B3F6146FF9F05DCCD81CD888A-->  <STARTVERSION><![CDATA[2.1.20689]]></STARTVERSION>
<!--DCC75D9B3F6146FF9F05DCCD81CD888A-->  <ISINCLUDED><![CDATA[N]]></ISINCLUDED>
<!--DCC75D9B3F6146FF9F05DCCD81CD888A-->  <DEPENDANT_MODULE_NAME><![CDATA[Openbravo 3.0 Framework]]></DEPENDANT_MODULE_NAME>
<!--DCC75D9B3F6146FF9F05DCCD81CD888A-->  <DEPENDENCY_ENFORCEMENT><![CDATA[MAJOR]]></DEPENDENCY_ENFORCEMENT>
<!--DCC75D9B3F6146FF9F05DCCD81CD888A-->  <USER_EDITABLE_ENFORCEMENT><![CDATA[N]]></USER_EDITABLE_ENFORCEMENT>
<!--DCC75D9B3F6146FF9F05DCCD81CD888A--></AD_MODULE_DEPENDENCY>

</data>
