<?xml version="1.0" encoding="UTF-8"?>
<data>
<!--068E1DB34B274A38BCCC00158E6199E1--><AD_MENU>
<!--068E1DB34B274A38BCCC00158E6199E1-->  <AD_MENU_ID><![CDATA[068E1DB34B274A38BCCC00158E6199E1]]></AD_MENU_ID>
<!--068E1DB34B274A38BCCC00158E6199E1-->  <AD_CLIENT_ID><![CDATA[0]]></AD_CLIENT_ID>
<!--068E1DB34B274A38BCCC00158E6199E1-->  <AD_ORG_ID><![CDATA[0]]></AD_ORG_ID>
<!--068E1DB34B274A38BCCC00158E6199E1-->  <ISACTIVE><![CDATA[Y]]></ISACTIVE>
<!--068E1DB34B274A38BCCC00158E6199E1-->  <NAME><![CDATA[Import Inventory]]></NAME>
<!--068E1DB34B274A38BCCC00158E6199E1-->  <DESCRIPTION><![CDATA[Import Inventory]]></DESCRIPTION>
<!--068E1DB34B274A38BCCC00158E6199E1-->  <ISSUMMARY><![CDATA[N]]></ISSUMMARY>
<!--068E1DB34B274A38BCCC00158E6199E1-->  <ACTION><![CDATA[W]]></ACTION>
<!--068E1DB34B274A38BCCC00158E6199E1-->  <AD_WINDOW_ID><![CDATA[179B637B416345B9AE8A3B9633246450]]></AD_WINDOW_ID>
<!--068E1DB34B274A38BCCC00158E6199E1-->  <AD_MODULE_ID><![CDATA[27445C8270364452BEB29669FBB21CED]]></AD_MODULE_ID>
<!--068E1DB34B274A38BCCC00158E6199E1-->  <OPENLINKINBROWSER><![CDATA[N]]></OPENLINKINBROWSER>
<!--068E1DB34B274A38BCCC00158E6199E1--></AD_MENU>

<!--0D4B792A48AA475E82FF3E0AF0471D70--><AD_MENU>
<!--0D4B792A48AA475E82FF3E0AF0471D70-->  <AD_MENU_ID><![CDATA[0D4B792A48AA475E82FF3E0AF0471D70]]></AD_MENU_ID>
<!--0D4B792A48AA475E82FF3E0AF0471D70-->  <AD_CLIENT_ID><![CDATA[0]]></AD_CLIENT_ID>
<!--0D4B792A48AA475E82FF3E0AF0471D70-->  <AD_ORG_ID><![CDATA[0]]></AD_ORG_ID>
<!--0D4B792A48AA475E82FF3E0AF0471D70-->  <ISACTIVE><![CDATA[Y]]></ISACTIVE>
<!--0D4B792A48AA475E82FF3E0AF0471D70-->  <NAME><![CDATA[Create Unrealized Gain (Loss) Forex Journal]]></NAME>
<!--0D4B792A48AA475E82FF3E0AF0471D70-->  <ISSUMMARY><![CDATA[N]]></ISSUMMARY>
<!--0D4B792A48AA475E82FF3E0AF0471D70-->  <ACTION><![CDATA[P]]></ACTION>
<!--0D4B792A48AA475E82FF3E0AF0471D70-->  <AD_PROCESS_ID><![CDATA[DDCB419F5A964DFA99419C772268160C]]></AD_PROCESS_ID>
<!--0D4B792A48AA475E82FF3E0AF0471D70-->  <AD_MODULE_ID><![CDATA[27445C8270364452BEB29669FBB21CED]]></AD_MODULE_ID>
<!--0D4B792A48AA475E82FF3E0AF0471D70-->  <OPENLINKINBROWSER><![CDATA[N]]></OPENLINKINBROWSER>
<!--0D4B792A48AA475E82FF3E0AF0471D70--></AD_MENU>

<!--116FA684DE594124A70CFF9042B516D0--><AD_MENU>
<!--116FA684DE594124A70CFF9042B516D0-->  <AD_MENU_ID><![CDATA[116FA684DE594124A70CFF9042B516D0]]></AD_MENU_ID>
<!--116FA684DE594124A70CFF9042B516D0-->  <AD_CLIENT_ID><![CDATA[0]]></AD_CLIENT_ID>
<!--116FA684DE594124A70CFF9042B516D0-->  <AD_ORG_ID><![CDATA[0]]></AD_ORG_ID>
<!--116FA684DE594124A70CFF9042B516D0-->  <ISACTIVE><![CDATA[Y]]></ISACTIVE>
<!--116FA684DE594124A70CFF9042B516D0-->  <NAME><![CDATA[Sales Budget]]></NAME>
<!--116FA684DE594124A70CFF9042B516D0-->  <ISSUMMARY><![CDATA[N]]></ISSUMMARY>
<!--116FA684DE594124A70CFF9042B516D0-->  <ACTION><![CDATA[W]]></ACTION>
<!--116FA684DE594124A70CFF9042B516D0-->  <AD_WINDOW_ID><![CDATA[BFE3B80BD5054873A5C4EFA6FD99F43A]]></AD_WINDOW_ID>
<!--116FA684DE594124A70CFF9042B516D0-->  <AD_MODULE_ID><![CDATA[27445C8270364452BEB29669FBB21CED]]></AD_MODULE_ID>
<!--116FA684DE594124A70CFF9042B516D0-->  <OPENLINKINBROWSER><![CDATA[N]]></OPENLINKINBROWSER>
<!--116FA684DE594124A70CFF9042B516D0--></AD_MENU>

<!--140F74505AA0468BA106AFD2E83B6B94--><AD_MENU>
<!--140F74505AA0468BA106AFD2E83B6B94-->  <AD_MENU_ID><![CDATA[140F74505AA0468BA106AFD2E83B6B94]]></AD_MENU_ID>
<!--140F74505AA0468BA106AFD2E83B6B94-->  <AD_CLIENT_ID><![CDATA[0]]></AD_CLIENT_ID>
<!--140F74505AA0468BA106AFD2E83B6B94-->  <AD_ORG_ID><![CDATA[0]]></AD_ORG_ID>
<!--140F74505AA0468BA106AFD2E83B6B94-->  <ISACTIVE><![CDATA[Y]]></ISACTIVE>
<!--140F74505AA0468BA106AFD2E83B6B94-->  <NAME><![CDATA[Sales Commission Transaction]]></NAME>
<!--140F74505AA0468BA106AFD2E83B6B94-->  <ISSUMMARY><![CDATA[N]]></ISSUMMARY>
<!--140F74505AA0468BA106AFD2E83B6B94-->  <ACTION><![CDATA[W]]></ACTION>
<!--140F74505AA0468BA106AFD2E83B6B94-->  <AD_WINDOW_ID><![CDATA[23597635A0D940508401D8FB6AD035B6]]></AD_WINDOW_ID>
<!--140F74505AA0468BA106AFD2E83B6B94-->  <AD_MODULE_ID><![CDATA[27445C8270364452BEB29669FBB21CED]]></AD_MODULE_ID>
<!--140F74505AA0468BA106AFD2E83B6B94-->  <OPENLINKINBROWSER><![CDATA[N]]></OPENLINKINBROWSER>
<!--140F74505AA0468BA106AFD2E83B6B94--></AD_MENU>

<!--2B2FB5BB5F9E426C88DA567C16747AED--><AD_MENU>
<!--2B2FB5BB5F9E426C88DA567C16747AED-->  <AD_MENU_ID><![CDATA[2B2FB5BB5F9E426C88DA567C16747AED]]></AD_MENU_ID>
<!--2B2FB5BB5F9E426C88DA567C16747AED-->  <AD_CLIENT_ID><![CDATA[0]]></AD_CLIENT_ID>
<!--2B2FB5BB5F9E426C88DA567C16747AED-->  <AD_ORG_ID><![CDATA[0]]></AD_ORG_ID>
<!--2B2FB5BB5F9E426C88DA567C16747AED-->  <ISACTIVE><![CDATA[Y]]></ISACTIVE>
<!--2B2FB5BB5F9E426C88DA567C16747AED-->  <NAME><![CDATA[Import Maping Definition]]></NAME>
<!--2B2FB5BB5F9E426C88DA567C16747AED-->  <ISSUMMARY><![CDATA[N]]></ISSUMMARY>
<!--2B2FB5BB5F9E426C88DA567C16747AED-->  <ACTION><![CDATA[W]]></ACTION>
<!--2B2FB5BB5F9E426C88DA567C16747AED-->  <AD_WINDOW_ID><![CDATA[1C5D969B0F3A4843A0609E4B88DAF48B]]></AD_WINDOW_ID>
<!--2B2FB5BB5F9E426C88DA567C16747AED-->  <AD_MODULE_ID><![CDATA[27445C8270364452BEB29669FBB21CED]]></AD_MODULE_ID>
<!--2B2FB5BB5F9E426C88DA567C16747AED-->  <OPENLINKINBROWSER><![CDATA[N]]></OPENLINKINBROWSER>
<!--2B2FB5BB5F9E426C88DA567C16747AED--></AD_MENU>

<!--2FA2A6FBC2254E21944C9C5A7184AD3B--><AD_MENU>
<!--2FA2A6FBC2254E21944C9C5A7184AD3B-->  <AD_MENU_ID><![CDATA[2FA2A6FBC2254E21944C9C5A7184AD3B]]></AD_MENU_ID>
<!--2FA2A6FBC2254E21944C9C5A7184AD3B-->  <AD_CLIENT_ID><![CDATA[0]]></AD_CLIENT_ID>
<!--2FA2A6FBC2254E21944C9C5A7184AD3B-->  <AD_ORG_ID><![CDATA[0]]></AD_ORG_ID>
<!--2FA2A6FBC2254E21944C9C5A7184AD3B-->  <ISACTIVE><![CDATA[Y]]></ISACTIVE>
<!--2FA2A6FBC2254E21944C9C5A7184AD3B-->  <NAME><![CDATA[Sales Order Awaiting Goods Shipment Report]]></NAME>
<!--2FA2A6FBC2254E21944C9C5A7184AD3B-->  <DESCRIPTION><![CDATA[Sales Order Awaiting Goods Shipment Report]]></DESCRIPTION>
<!--2FA2A6FBC2254E21944C9C5A7184AD3B-->  <ISSUMMARY><![CDATA[N]]></ISSUMMARY>
<!--2FA2A6FBC2254E21944C9C5A7184AD3B-->  <ACTION><![CDATA[P]]></ACTION>
<!--2FA2A6FBC2254E21944C9C5A7184AD3B-->  <AD_PROCESS_ID><![CDATA[FFB36346586F49FF8E590DD00A037318]]></AD_PROCESS_ID>
<!--2FA2A6FBC2254E21944C9C5A7184AD3B-->  <AD_MODULE_ID><![CDATA[27445C8270364452BEB29669FBB21CED]]></AD_MODULE_ID>
<!--2FA2A6FBC2254E21944C9C5A7184AD3B-->  <OPENLINKINBROWSER><![CDATA[N]]></OPENLINKINBROWSER>
<!--2FA2A6FBC2254E21944C9C5A7184AD3B--></AD_MENU>

<!--35FC48211ED9422C9B9069BE970F1B81--><AD_MENU>
<!--35FC48211ED9422C9B9069BE970F1B81-->  <AD_MENU_ID><![CDATA[35FC48211ED9422C9B9069BE970F1B81]]></AD_MENU_ID>
<!--35FC48211ED9422C9B9069BE970F1B81-->  <AD_CLIENT_ID><![CDATA[0]]></AD_CLIENT_ID>
<!--35FC48211ED9422C9B9069BE970F1B81-->  <AD_ORG_ID><![CDATA[0]]></AD_ORG_ID>
<!--35FC48211ED9422C9B9069BE970F1B81-->  <ISACTIVE><![CDATA[Y]]></ISACTIVE>
<!--35FC48211ED9422C9B9069BE970F1B81-->  <NAME><![CDATA[Sales Order Awaiting Sales Invoice Report]]></NAME>
<!--35FC48211ED9422C9B9069BE970F1B81-->  <DESCRIPTION><![CDATA[Sales Order Awaiting Sales Invoice Report]]></DESCRIPTION>
<!--35FC48211ED9422C9B9069BE970F1B81-->  <ISSUMMARY><![CDATA[N]]></ISSUMMARY>
<!--35FC48211ED9422C9B9069BE970F1B81-->  <ACTION><![CDATA[P]]></ACTION>
<!--35FC48211ED9422C9B9069BE970F1B81-->  <AD_PROCESS_ID><![CDATA[5059DC89F5C34BAA99A967E39E606562]]></AD_PROCESS_ID>
<!--35FC48211ED9422C9B9069BE970F1B81-->  <AD_MODULE_ID><![CDATA[27445C8270364452BEB29669FBB21CED]]></AD_MODULE_ID>
<!--35FC48211ED9422C9B9069BE970F1B81-->  <OPENLINKINBROWSER><![CDATA[N]]></OPENLINKINBROWSER>
<!--35FC48211ED9422C9B9069BE970F1B81--></AD_MENU>

<!--3D4E85439E724625B75B5C8276100F7C--><AD_MENU>
<!--3D4E85439E724625B75B5C8276100F7C-->  <AD_MENU_ID><![CDATA[3D4E85439E724625B75B5C8276100F7C]]></AD_MENU_ID>
<!--3D4E85439E724625B75B5C8276100F7C-->  <AD_CLIENT_ID><![CDATA[0]]></AD_CLIENT_ID>
<!--3D4E85439E724625B75B5C8276100F7C-->  <AD_ORG_ID><![CDATA[0]]></AD_ORG_ID>
<!--3D4E85439E724625B75B5C8276100F7C-->  <ISACTIVE><![CDATA[Y]]></ISACTIVE>
<!--3D4E85439E724625B75B5C8276100F7C-->  <NAME><![CDATA[Import Asset]]></NAME>
<!--3D4E85439E724625B75B5C8276100F7C-->  <ISSUMMARY><![CDATA[N]]></ISSUMMARY>
<!--3D4E85439E724625B75B5C8276100F7C-->  <ACTION><![CDATA[W]]></ACTION>
<!--3D4E85439E724625B75B5C8276100F7C-->  <AD_WINDOW_ID><![CDATA[96DC575FF2804BA595DAF6D57D7FAAEE]]></AD_WINDOW_ID>
<!--3D4E85439E724625B75B5C8276100F7C-->  <AD_MODULE_ID><![CDATA[27445C8270364452BEB29669FBB21CED]]></AD_MODULE_ID>
<!--3D4E85439E724625B75B5C8276100F7C-->  <OPENLINKINBROWSER><![CDATA[N]]></OPENLINKINBROWSER>
<!--3D4E85439E724625B75B5C8276100F7C--></AD_MENU>

<!--40DC90E3B3944A268D63603003AF3336--><AD_MENU>
<!--40DC90E3B3944A268D63603003AF3336-->  <AD_MENU_ID><![CDATA[40DC90E3B3944A268D63603003AF3336]]></AD_MENU_ID>
<!--40DC90E3B3944A268D63603003AF3336-->  <AD_CLIENT_ID><![CDATA[0]]></AD_CLIENT_ID>
<!--40DC90E3B3944A268D63603003AF3336-->  <AD_ORG_ID><![CDATA[0]]></AD_ORG_ID>
<!--40DC90E3B3944A268D63603003AF3336-->  <ISACTIVE><![CDATA[Y]]></ISACTIVE>
<!--40DC90E3B3944A268D63603003AF3336-->  <NAME><![CDATA[Goods Receipt Awaiting Purchase Invoice Report]]></NAME>
<!--40DC90E3B3944A268D63603003AF3336-->  <DESCRIPTION><![CDATA[Goods Receipt Awaiting Purchase Invoice Report]]></DESCRIPTION>
<!--40DC90E3B3944A268D63603003AF3336-->  <ISSUMMARY><![CDATA[N]]></ISSUMMARY>
<!--40DC90E3B3944A268D63603003AF3336-->  <ACTION><![CDATA[P]]></ACTION>
<!--40DC90E3B3944A268D63603003AF3336-->  <AD_PROCESS_ID><![CDATA[2DD838352350470DAB65A5CF015CC166]]></AD_PROCESS_ID>
<!--40DC90E3B3944A268D63603003AF3336-->  <AD_MODULE_ID><![CDATA[27445C8270364452BEB29669FBB21CED]]></AD_MODULE_ID>
<!--40DC90E3B3944A268D63603003AF3336-->  <OPENLINKINBROWSER><![CDATA[N]]></OPENLINKINBROWSER>
<!--40DC90E3B3944A268D63603003AF3336--></AD_MENU>

<!--561DD9766E134BDCB0D85737D2C675C8--><AD_MENU>
<!--561DD9766E134BDCB0D85737D2C675C8-->  <AD_MENU_ID><![CDATA[561DD9766E134BDCB0D85737D2C675C8]]></AD_MENU_ID>
<!--561DD9766E134BDCB0D85737D2C675C8-->  <AD_CLIENT_ID><![CDATA[0]]></AD_CLIENT_ID>
<!--561DD9766E134BDCB0D85737D2C675C8-->  <AD_ORG_ID><![CDATA[0]]></AD_ORG_ID>
<!--561DD9766E134BDCB0D85737D2C675C8-->  <ISACTIVE><![CDATA[Y]]></ISACTIVE>
<!--561DD9766E134BDCB0D85737D2C675C8-->  <NAME><![CDATA[Product Flavour]]></NAME>
<!--561DD9766E134BDCB0D85737D2C675C8-->  <ISSUMMARY><![CDATA[N]]></ISSUMMARY>
<!--561DD9766E134BDCB0D85737D2C675C8-->  <ACTION><![CDATA[W]]></ACTION>
<!--561DD9766E134BDCB0D85737D2C675C8-->  <AD_WINDOW_ID><![CDATA[BC20F7E8A8F147CDBE010282A4ADE4EA]]></AD_WINDOW_ID>
<!--561DD9766E134BDCB0D85737D2C675C8-->  <AD_MODULE_ID><![CDATA[27445C8270364452BEB29669FBB21CED]]></AD_MODULE_ID>
<!--561DD9766E134BDCB0D85737D2C675C8-->  <OPENLINKINBROWSER><![CDATA[N]]></OPENLINKINBROWSER>
<!--561DD9766E134BDCB0D85737D2C675C8--></AD_MENU>

<!--6E4F38955DBF4C78BF5AAE647D926D43--><AD_MENU>
<!--6E4F38955DBF4C78BF5AAE647D926D43-->  <AD_MENU_ID><![CDATA[6E4F38955DBF4C78BF5AAE647D926D43]]></AD_MENU_ID>
<!--6E4F38955DBF4C78BF5AAE647D926D43-->  <AD_CLIENT_ID><![CDATA[0]]></AD_CLIENT_ID>
<!--6E4F38955DBF4C78BF5AAE647D926D43-->  <AD_ORG_ID><![CDATA[0]]></AD_ORG_ID>
<!--6E4F38955DBF4C78BF5AAE647D926D43-->  <ISACTIVE><![CDATA[Y]]></ISACTIVE>
<!--6E4F38955DBF4C78BF5AAE647D926D43-->  <NAME><![CDATA[Import Goods Receipt/Shipment]]></NAME>
<!--6E4F38955DBF4C78BF5AAE647D926D43-->  <DESCRIPTION><![CDATA[Import Goods Receipt/Shipment from csv]]></DESCRIPTION>
<!--6E4F38955DBF4C78BF5AAE647D926D43-->  <ISSUMMARY><![CDATA[N]]></ISSUMMARY>
<!--6E4F38955DBF4C78BF5AAE647D926D43-->  <ACTION><![CDATA[W]]></ACTION>
<!--6E4F38955DBF4C78BF5AAE647D926D43-->  <AD_WINDOW_ID><![CDATA[B1B632318B984946AA2F62ED9581A07B]]></AD_WINDOW_ID>
<!--6E4F38955DBF4C78BF5AAE647D926D43-->  <AD_MODULE_ID><![CDATA[27445C8270364452BEB29669FBB21CED]]></AD_MODULE_ID>
<!--6E4F38955DBF4C78BF5AAE647D926D43-->  <OPENLINKINBROWSER><![CDATA[N]]></OPENLINKINBROWSER>
<!--6E4F38955DBF4C78BF5AAE647D926D43--></AD_MENU>

<!--732A5624FE5A461D97A75517FABADF3B--><AD_MENU>
<!--732A5624FE5A461D97A75517FABADF3B-->  <AD_MENU_ID><![CDATA[732A5624FE5A461D97A75517FABADF3B]]></AD_MENU_ID>
<!--732A5624FE5A461D97A75517FABADF3B-->  <AD_CLIENT_ID><![CDATA[0]]></AD_CLIENT_ID>
<!--732A5624FE5A461D97A75517FABADF3B-->  <AD_ORG_ID><![CDATA[0]]></AD_ORG_ID>
<!--732A5624FE5A461D97A75517FABADF3B-->  <ISACTIVE><![CDATA[Y]]></ISACTIVE>
<!--732A5624FE5A461D97A75517FABADF3B-->  <NAME><![CDATA[Import Work Effort]]></NAME>
<!--732A5624FE5A461D97A75517FABADF3B-->  <ISSUMMARY><![CDATA[N]]></ISSUMMARY>
<!--732A5624FE5A461D97A75517FABADF3B-->  <ACTION><![CDATA[W]]></ACTION>
<!--732A5624FE5A461D97A75517FABADF3B-->  <AD_WINDOW_ID><![CDATA[C1FE9B7B666B4EE38E6C2C748EF7B80F]]></AD_WINDOW_ID>
<!--732A5624FE5A461D97A75517FABADF3B-->  <AD_MODULE_ID><![CDATA[27445C8270364452BEB29669FBB21CED]]></AD_MODULE_ID>
<!--732A5624FE5A461D97A75517FABADF3B-->  <OPENLINKINBROWSER><![CDATA[N]]></OPENLINKINBROWSER>
<!--732A5624FE5A461D97A75517FABADF3B--></AD_MENU>

<!--7CA86EA70263457CB0E500B9A5C4F97B--><AD_MENU>
<!--7CA86EA70263457CB0E500B9A5C4F97B-->  <AD_MENU_ID><![CDATA[7CA86EA70263457CB0E500B9A5C4F97B]]></AD_MENU_ID>
<!--7CA86EA70263457CB0E500B9A5C4F97B-->  <AD_CLIENT_ID><![CDATA[0]]></AD_CLIENT_ID>
<!--7CA86EA70263457CB0E500B9A5C4F97B-->  <AD_ORG_ID><![CDATA[0]]></AD_ORG_ID>
<!--7CA86EA70263457CB0E500B9A5C4F97B-->  <ISACTIVE><![CDATA[Y]]></ISACTIVE>
<!--7CA86EA70263457CB0E500B9A5C4F97B-->  <NAME><![CDATA[Purchase Order Awaiting Goods Receipt Report]]></NAME>
<!--7CA86EA70263457CB0E500B9A5C4F97B-->  <DESCRIPTION><![CDATA[Purchase Order Awaiting Goods Receipt Report]]></DESCRIPTION>
<!--7CA86EA70263457CB0E500B9A5C4F97B-->  <ISSUMMARY><![CDATA[N]]></ISSUMMARY>
<!--7CA86EA70263457CB0E500B9A5C4F97B-->  <ACTION><![CDATA[P]]></ACTION>
<!--7CA86EA70263457CB0E500B9A5C4F97B-->  <AD_PROCESS_ID><![CDATA[77B4C27E61674B9595DE2ADA83B99925]]></AD_PROCESS_ID>
<!--7CA86EA70263457CB0E500B9A5C4F97B-->  <AD_MODULE_ID><![CDATA[27445C8270364452BEB29669FBB21CED]]></AD_MODULE_ID>
<!--7CA86EA70263457CB0E500B9A5C4F97B-->  <OPENLINKINBROWSER><![CDATA[N]]></OPENLINKINBROWSER>
<!--7CA86EA70263457CB0E500B9A5C4F97B--></AD_MENU>

<!--8172B6E220D6412FB4E2BB13C87B556A--><AD_MENU>
<!--8172B6E220D6412FB4E2BB13C87B556A-->  <AD_MENU_ID><![CDATA[8172B6E220D6412FB4E2BB13C87B556A]]></AD_MENU_ID>
<!--8172B6E220D6412FB4E2BB13C87B556A-->  <AD_CLIENT_ID><![CDATA[0]]></AD_CLIENT_ID>
<!--8172B6E220D6412FB4E2BB13C87B556A-->  <AD_ORG_ID><![CDATA[0]]></AD_ORG_ID>
<!--8172B6E220D6412FB4E2BB13C87B556A-->  <ISACTIVE><![CDATA[Y]]></ISACTIVE>
<!--8172B6E220D6412FB4E2BB13C87B556A-->  <NAME><![CDATA[Process Import Work Requirement]]></NAME>
<!--8172B6E220D6412FB4E2BB13C87B556A-->  <DESCRIPTION><![CDATA[Process Import Work Requirement]]></DESCRIPTION>
<!--8172B6E220D6412FB4E2BB13C87B556A-->  <ISSUMMARY><![CDATA[N]]></ISSUMMARY>
<!--8172B6E220D6412FB4E2BB13C87B556A-->  <ACTION><![CDATA[P]]></ACTION>
<!--8172B6E220D6412FB4E2BB13C87B556A-->  <AD_PROCESS_ID><![CDATA[E93DD2C121914B4DA6A1252015B893DE]]></AD_PROCESS_ID>
<!--8172B6E220D6412FB4E2BB13C87B556A-->  <AD_MODULE_ID><![CDATA[27445C8270364452BEB29669FBB21CED]]></AD_MODULE_ID>
<!--8172B6E220D6412FB4E2BB13C87B556A-->  <OPENLINKINBROWSER><![CDATA[N]]></OPENLINKINBROWSER>
<!--8172B6E220D6412FB4E2BB13C87B556A--></AD_MENU>

<!--8BA3FC5B50244530A5635C93A96B7EA6--><AD_MENU>
<!--8BA3FC5B50244530A5635C93A96B7EA6-->  <AD_MENU_ID><![CDATA[8BA3FC5B50244530A5635C93A96B7EA6]]></AD_MENU_ID>
<!--8BA3FC5B50244530A5635C93A96B7EA6-->  <AD_CLIENT_ID><![CDATA[0]]></AD_CLIENT_ID>
<!--8BA3FC5B50244530A5635C93A96B7EA6-->  <AD_ORG_ID><![CDATA[0]]></AD_ORG_ID>
<!--8BA3FC5B50244530A5635C93A96B7EA6-->  <ISACTIVE><![CDATA[Y]]></ISACTIVE>
<!--8BA3FC5B50244530A5635C93A96B7EA6-->  <NAME><![CDATA[Document Routing Configuration]]></NAME>
<!--8BA3FC5B50244530A5635C93A96B7EA6-->  <DESCRIPTION><![CDATA[Document Routing Configuration]]></DESCRIPTION>
<!--8BA3FC5B50244530A5635C93A96B7EA6-->  <ISSUMMARY><![CDATA[N]]></ISSUMMARY>
<!--8BA3FC5B50244530A5635C93A96B7EA6-->  <ACTION><![CDATA[W]]></ACTION>
<!--8BA3FC5B50244530A5635C93A96B7EA6-->  <AD_WINDOW_ID><![CDATA[4EB9B18AE00E4B009CA73D463D2C34D8]]></AD_WINDOW_ID>
<!--8BA3FC5B50244530A5635C93A96B7EA6-->  <AD_MODULE_ID><![CDATA[27445C8270364452BEB29669FBB21CED]]></AD_MODULE_ID>
<!--8BA3FC5B50244530A5635C93A96B7EA6-->  <OPENLINKINBROWSER><![CDATA[N]]></OPENLINKINBROWSER>
<!--8BA3FC5B50244530A5635C93A96B7EA6--></AD_MENU>

<!--9DE5E88217554475AB426F46CC51C49E--><AD_MENU>
<!--9DE5E88217554475AB426F46CC51C49E-->  <AD_MENU_ID><![CDATA[9DE5E88217554475AB426F46CC51C49E]]></AD_MENU_ID>
<!--9DE5E88217554475AB426F46CC51C49E-->  <AD_CLIENT_ID><![CDATA[0]]></AD_CLIENT_ID>
<!--9DE5E88217554475AB426F46CC51C49E-->  <AD_ORG_ID><![CDATA[0]]></AD_ORG_ID>
<!--9DE5E88217554475AB426F46CC51C49E-->  <ISACTIVE><![CDATA[Y]]></ISACTIVE>
<!--9DE5E88217554475AB426F46CC51C49E-->  <NAME><![CDATA[Customer Type]]></NAME>
<!--9DE5E88217554475AB426F46CC51C49E-->  <ISSUMMARY><![CDATA[N]]></ISSUMMARY>
<!--9DE5E88217554475AB426F46CC51C49E-->  <ACTION><![CDATA[W]]></ACTION>
<!--9DE5E88217554475AB426F46CC51C49E-->  <AD_WINDOW_ID><![CDATA[80B7830C0F2C46489E85CA8C5AF9651A]]></AD_WINDOW_ID>
<!--9DE5E88217554475AB426F46CC51C49E-->  <AD_MODULE_ID><![CDATA[27445C8270364452BEB29669FBB21CED]]></AD_MODULE_ID>
<!--9DE5E88217554475AB426F46CC51C49E-->  <OPENLINKINBROWSER><![CDATA[N]]></OPENLINKINBROWSER>
<!--9DE5E88217554475AB426F46CC51C49E--></AD_MENU>

<!--A4A66E945A6142D9B91B85BEDD3DDABF--><AD_MENU>
<!--A4A66E945A6142D9B91B85BEDD3DDABF-->  <AD_MENU_ID><![CDATA[A4A66E945A6142D9B91B85BEDD3DDABF]]></AD_MENU_ID>
<!--A4A66E945A6142D9B91B85BEDD3DDABF-->  <AD_CLIENT_ID><![CDATA[0]]></AD_CLIENT_ID>
<!--A4A66E945A6142D9B91B85BEDD3DDABF-->  <AD_ORG_ID><![CDATA[0]]></AD_ORG_ID>
<!--A4A66E945A6142D9B91B85BEDD3DDABF-->  <ISACTIVE><![CDATA[Y]]></ISACTIVE>
<!--A4A66E945A6142D9B91B85BEDD3DDABF-->  <NAME><![CDATA[Product Details View]]></NAME>
<!--A4A66E945A6142D9B91B85BEDD3DDABF-->  <DESCRIPTION><![CDATA[Product Details View]]></DESCRIPTION>
<!--A4A66E945A6142D9B91B85BEDD3DDABF-->  <ISSUMMARY><![CDATA[N]]></ISSUMMARY>
<!--A4A66E945A6142D9B91B85BEDD3DDABF-->  <ACTION><![CDATA[W]]></ACTION>
<!--A4A66E945A6142D9B91B85BEDD3DDABF-->  <AD_WINDOW_ID><![CDATA[AC07F2B531DC4F4EB5C557DFCCBCF024]]></AD_WINDOW_ID>
<!--A4A66E945A6142D9B91B85BEDD3DDABF-->  <AD_MODULE_ID><![CDATA[27445C8270364452BEB29669FBB21CED]]></AD_MODULE_ID>
<!--A4A66E945A6142D9B91B85BEDD3DDABF-->  <OPENLINKINBROWSER><![CDATA[N]]></OPENLINKINBROWSER>
<!--A4A66E945A6142D9B91B85BEDD3DDABF--></AD_MENU>

<!--A4BF9CFD70214925A7895B9B3353936E--><AD_MENU>
<!--A4BF9CFD70214925A7895B9B3353936E-->  <AD_MENU_ID><![CDATA[A4BF9CFD70214925A7895B9B3353936E]]></AD_MENU_ID>
<!--A4BF9CFD70214925A7895B9B3353936E-->  <AD_CLIENT_ID><![CDATA[0]]></AD_CLIENT_ID>
<!--A4BF9CFD70214925A7895B9B3353936E-->  <AD_ORG_ID><![CDATA[0]]></AD_ORG_ID>
<!--A4BF9CFD70214925A7895B9B3353936E-->  <ISACTIVE><![CDATA[Y]]></ISACTIVE>
<!--A4BF9CFD70214925A7895B9B3353936E-->  <NAME><![CDATA[Stock Card]]></NAME>
<!--A4BF9CFD70214925A7895B9B3353936E-->  <DESCRIPTION><![CDATA[Stock Card]]></DESCRIPTION>
<!--A4BF9CFD70214925A7895B9B3353936E-->  <ISSUMMARY><![CDATA[N]]></ISSUMMARY>
<!--A4BF9CFD70214925A7895B9B3353936E-->  <ACTION><![CDATA[P]]></ACTION>
<!--A4BF9CFD70214925A7895B9B3353936E-->  <AD_PROCESS_ID><![CDATA[0C32C66672F1458598940A308E75DBF4]]></AD_PROCESS_ID>
<!--A4BF9CFD70214925A7895B9B3353936E-->  <AD_MODULE_ID><![CDATA[27445C8270364452BEB29669FBB21CED]]></AD_MODULE_ID>
<!--A4BF9CFD70214925A7895B9B3353936E-->  <OPENLINKINBROWSER><![CDATA[N]]></OPENLINKINBROWSER>
<!--A4BF9CFD70214925A7895B9B3353936E--></AD_MENU>

<!--A4DD8B410C644222B551BA3ECA441BAB--><AD_MENU>
<!--A4DD8B410C644222B551BA3ECA441BAB-->  <AD_MENU_ID><![CDATA[A4DD8B410C644222B551BA3ECA441BAB]]></AD_MENU_ID>
<!--A4DD8B410C644222B551BA3ECA441BAB-->  <AD_CLIENT_ID><![CDATA[0]]></AD_CLIENT_ID>
<!--A4DD8B410C644222B551BA3ECA441BAB-->  <AD_ORG_ID><![CDATA[0]]></AD_ORG_ID>
<!--A4DD8B410C644222B551BA3ECA441BAB-->  <ISACTIVE><![CDATA[Y]]></ISACTIVE>
<!--A4DD8B410C644222B551BA3ECA441BAB-->  <NAME><![CDATA[Import Product Prices]]></NAME>
<!--A4DD8B410C644222B551BA3ECA441BAB-->  <DESCRIPTION><![CDATA[Import Product Prices]]></DESCRIPTION>
<!--A4DD8B410C644222B551BA3ECA441BAB-->  <ISSUMMARY><![CDATA[N]]></ISSUMMARY>
<!--A4DD8B410C644222B551BA3ECA441BAB-->  <ACTION><![CDATA[W]]></ACTION>
<!--A4DD8B410C644222B551BA3ECA441BAB-->  <AD_WINDOW_ID><![CDATA[0D33D40AC35F4AE7862AED4602D39596]]></AD_WINDOW_ID>
<!--A4DD8B410C644222B551BA3ECA441BAB-->  <AD_MODULE_ID><![CDATA[27445C8270364452BEB29669FBB21CED]]></AD_MODULE_ID>
<!--A4DD8B410C644222B551BA3ECA441BAB-->  <OPENLINKINBROWSER><![CDATA[N]]></OPENLINKINBROWSER>
<!--A4DD8B410C644222B551BA3ECA441BAB--></AD_MENU>

<!--AEC79B3EC6524A48B9C038A5518C1E15--><AD_MENU>
<!--AEC79B3EC6524A48B9C038A5518C1E15-->  <AD_MENU_ID><![CDATA[AEC79B3EC6524A48B9C038A5518C1E15]]></AD_MENU_ID>
<!--AEC79B3EC6524A48B9C038A5518C1E15-->  <AD_CLIENT_ID><![CDATA[0]]></AD_CLIENT_ID>
<!--AEC79B3EC6524A48B9C038A5518C1E15-->  <AD_ORG_ID><![CDATA[0]]></AD_ORG_ID>
<!--AEC79B3EC6524A48B9C038A5518C1E15-->  <ISACTIVE><![CDATA[Y]]></ISACTIVE>
<!--AEC79B3EC6524A48B9C038A5518C1E15-->  <NAME><![CDATA[Sales Invoice View]]></NAME>
<!--AEC79B3EC6524A48B9C038A5518C1E15-->  <ISSUMMARY><![CDATA[N]]></ISSUMMARY>
<!--AEC79B3EC6524A48B9C038A5518C1E15-->  <ACTION><![CDATA[W]]></ACTION>
<!--AEC79B3EC6524A48B9C038A5518C1E15-->  <AD_WINDOW_ID><![CDATA[042A574F5D4A4246B930F1994677D4B7]]></AD_WINDOW_ID>
<!--AEC79B3EC6524A48B9C038A5518C1E15-->  <AD_MODULE_ID><![CDATA[27445C8270364452BEB29669FBB21CED]]></AD_MODULE_ID>
<!--AEC79B3EC6524A48B9C038A5518C1E15-->  <OPENLINKINBROWSER><![CDATA[N]]></OPENLINKINBROWSER>
<!--AEC79B3EC6524A48B9C038A5518C1E15--></AD_MENU>

<!--B4F2A4E2FE4949F6A0065A3DFCC4EDFB--><AD_MENU>
<!--B4F2A4E2FE4949F6A0065A3DFCC4EDFB-->  <AD_MENU_ID><![CDATA[B4F2A4E2FE4949F6A0065A3DFCC4EDFB]]></AD_MENU_ID>
<!--B4F2A4E2FE4949F6A0065A3DFCC4EDFB-->  <AD_CLIENT_ID><![CDATA[0]]></AD_CLIENT_ID>
<!--B4F2A4E2FE4949F6A0065A3DFCC4EDFB-->  <AD_ORG_ID><![CDATA[0]]></AD_ORG_ID>
<!--B4F2A4E2FE4949F6A0065A3DFCC4EDFB-->  <ISACTIVE><![CDATA[Y]]></ISACTIVE>
<!--B4F2A4E2FE4949F6A0065A3DFCC4EDFB-->  <NAME><![CDATA[Shipment Awaiting Sales Invoice Report]]></NAME>
<!--B4F2A4E2FE4949F6A0065A3DFCC4EDFB-->  <DESCRIPTION><![CDATA[Shipment Awaiting Sales Invoice Report]]></DESCRIPTION>
<!--B4F2A4E2FE4949F6A0065A3DFCC4EDFB-->  <ISSUMMARY><![CDATA[N]]></ISSUMMARY>
<!--B4F2A4E2FE4949F6A0065A3DFCC4EDFB-->  <ACTION><![CDATA[P]]></ACTION>
<!--B4F2A4E2FE4949F6A0065A3DFCC4EDFB-->  <AD_PROCESS_ID><![CDATA[E222FF23CCB7480E9D354B33517E8C6B]]></AD_PROCESS_ID>
<!--B4F2A4E2FE4949F6A0065A3DFCC4EDFB-->  <AD_MODULE_ID><![CDATA[27445C8270364452BEB29669FBB21CED]]></AD_MODULE_ID>
<!--B4F2A4E2FE4949F6A0065A3DFCC4EDFB-->  <OPENLINKINBROWSER><![CDATA[N]]></OPENLINKINBROWSER>
<!--B4F2A4E2FE4949F6A0065A3DFCC4EDFB--></AD_MENU>

<!--BFE1856B12CB48F39BD487AE7BA2162A--><AD_MENU>
<!--BFE1856B12CB48F39BD487AE7BA2162A-->  <AD_MENU_ID><![CDATA[BFE1856B12CB48F39BD487AE7BA2162A]]></AD_MENU_ID>
<!--BFE1856B12CB48F39BD487AE7BA2162A-->  <AD_CLIENT_ID><![CDATA[0]]></AD_CLIENT_ID>
<!--BFE1856B12CB48F39BD487AE7BA2162A-->  <AD_ORG_ID><![CDATA[0]]></AD_ORG_ID>
<!--BFE1856B12CB48F39BD487AE7BA2162A-->  <ISACTIVE><![CDATA[Y]]></ISACTIVE>
<!--BFE1856B12CB48F39BD487AE7BA2162A-->  <NAME><![CDATA[Stock Aging Report]]></NAME>
<!--BFE1856B12CB48F39BD487AE7BA2162A-->  <DESCRIPTION><![CDATA[Stock Aging Report]]></DESCRIPTION>
<!--BFE1856B12CB48F39BD487AE7BA2162A-->  <ISSUMMARY><![CDATA[N]]></ISSUMMARY>
<!--BFE1856B12CB48F39BD487AE7BA2162A-->  <ACTION><![CDATA[P]]></ACTION>
<!--BFE1856B12CB48F39BD487AE7BA2162A-->  <AD_PROCESS_ID><![CDATA[79C2622162B6439E96A15E366ACF326C]]></AD_PROCESS_ID>
<!--BFE1856B12CB48F39BD487AE7BA2162A-->  <AD_MODULE_ID><![CDATA[27445C8270364452BEB29669FBB21CED]]></AD_MODULE_ID>
<!--BFE1856B12CB48F39BD487AE7BA2162A-->  <OPENLINKINBROWSER><![CDATA[N]]></OPENLINKINBROWSER>
<!--BFE1856B12CB48F39BD487AE7BA2162A--></AD_MENU>

<!--C75C8FFE77BE4B1BA8804291F5B30903--><AD_MENU>
<!--C75C8FFE77BE4B1BA8804291F5B30903-->  <AD_MENU_ID><![CDATA[C75C8FFE77BE4B1BA8804291F5B30903]]></AD_MENU_ID>
<!--C75C8FFE77BE4B1BA8804291F5B30903-->  <AD_CLIENT_ID><![CDATA[0]]></AD_CLIENT_ID>
<!--C75C8FFE77BE4B1BA8804291F5B30903-->  <AD_ORG_ID><![CDATA[0]]></AD_ORG_ID>
<!--C75C8FFE77BE4B1BA8804291F5B30903-->  <ISACTIVE><![CDATA[Y]]></ISACTIVE>
<!--C75C8FFE77BE4B1BA8804291F5B30903-->  <NAME><![CDATA[Financial Account Statement]]></NAME>
<!--C75C8FFE77BE4B1BA8804291F5B30903-->  <DESCRIPTION><![CDATA[Financial Account Statement]]></DESCRIPTION>
<!--C75C8FFE77BE4B1BA8804291F5B30903-->  <ISSUMMARY><![CDATA[N]]></ISSUMMARY>
<!--C75C8FFE77BE4B1BA8804291F5B30903-->  <ACTION><![CDATA[P]]></ACTION>
<!--C75C8FFE77BE4B1BA8804291F5B30903-->  <AD_PROCESS_ID><![CDATA[FE3C92FD61224B66B872C7150EA5BB37]]></AD_PROCESS_ID>
<!--C75C8FFE77BE4B1BA8804291F5B30903-->  <AD_MODULE_ID><![CDATA[27445C8270364452BEB29669FBB21CED]]></AD_MODULE_ID>
<!--C75C8FFE77BE4B1BA8804291F5B30903-->  <OPENLINKINBROWSER><![CDATA[N]]></OPENLINKINBROWSER>
<!--C75C8FFE77BE4B1BA8804291F5B30903--></AD_MENU>

<!--CE3FB50076E54BE8A413D9B6A5238035--><AD_MENU>
<!--CE3FB50076E54BE8A413D9B6A5238035-->  <AD_MENU_ID><![CDATA[CE3FB50076E54BE8A413D9B6A5238035]]></AD_MENU_ID>
<!--CE3FB50076E54BE8A413D9B6A5238035-->  <AD_CLIENT_ID><![CDATA[0]]></AD_CLIENT_ID>
<!--CE3FB50076E54BE8A413D9B6A5238035-->  <AD_ORG_ID><![CDATA[0]]></AD_ORG_ID>
<!--CE3FB50076E54BE8A413D9B6A5238035-->  <ISACTIVE><![CDATA[Y]]></ISACTIVE>
<!--CE3FB50076E54BE8A413D9B6A5238035-->  <NAME><![CDATA[Laporan LPP]]></NAME>
<!--CE3FB50076E54BE8A413D9B6A5238035-->  <ISSUMMARY><![CDATA[N]]></ISSUMMARY>
<!--CE3FB50076E54BE8A413D9B6A5238035-->  <ACTION><![CDATA[W]]></ACTION>
<!--CE3FB50076E54BE8A413D9B6A5238035-->  <AD_WINDOW_ID><![CDATA[A2D09ADFDCFF4712BE36C7944EB4A9BE]]></AD_WINDOW_ID>
<!--CE3FB50076E54BE8A413D9B6A5238035-->  <AD_MODULE_ID><![CDATA[27445C8270364452BEB29669FBB21CED]]></AD_MODULE_ID>
<!--CE3FB50076E54BE8A413D9B6A5238035-->  <OPENLINKINBROWSER><![CDATA[N]]></OPENLINKINBROWSER>
<!--CE3FB50076E54BE8A413D9B6A5238035--></AD_MENU>

<!--D37E90ABA60C472582518C1FAF40B1C5--><AD_MENU>
<!--D37E90ABA60C472582518C1FAF40B1C5-->  <AD_MENU_ID><![CDATA[D37E90ABA60C472582518C1FAF40B1C5]]></AD_MENU_ID>
<!--D37E90ABA60C472582518C1FAF40B1C5-->  <AD_CLIENT_ID><![CDATA[0]]></AD_CLIENT_ID>
<!--D37E90ABA60C472582518C1FAF40B1C5-->  <AD_ORG_ID><![CDATA[0]]></AD_ORG_ID>
<!--D37E90ABA60C472582518C1FAF40B1C5-->  <ISACTIVE><![CDATA[Y]]></ISACTIVE>
<!--D37E90ABA60C472582518C1FAF40B1C5-->  <NAME><![CDATA[Import Products Cost]]></NAME>
<!--D37E90ABA60C472582518C1FAF40B1C5-->  <DESCRIPTION><![CDATA[Import Product Cost to define the latest costing at the begining of accounting period]]></DESCRIPTION>
<!--D37E90ABA60C472582518C1FAF40B1C5-->  <ISSUMMARY><![CDATA[N]]></ISSUMMARY>
<!--D37E90ABA60C472582518C1FAF40B1C5-->  <ACTION><![CDATA[W]]></ACTION>
<!--D37E90ABA60C472582518C1FAF40B1C5-->  <AD_WINDOW_ID><![CDATA[7BD03245396B4345909BCC97045E651A]]></AD_WINDOW_ID>
<!--D37E90ABA60C472582518C1FAF40B1C5-->  <AD_MODULE_ID><![CDATA[27445C8270364452BEB29669FBB21CED]]></AD_MODULE_ID>
<!--D37E90ABA60C472582518C1FAF40B1C5-->  <OPENLINKINBROWSER><![CDATA[N]]></OPENLINKINBROWSER>
<!--D37E90ABA60C472582518C1FAF40B1C5--></AD_MENU>

<!--DBCF54C0EEAC4765AB957276113E3A18--><AD_MENU>
<!--DBCF54C0EEAC4765AB957276113E3A18-->  <AD_MENU_ID><![CDATA[DBCF54C0EEAC4765AB957276113E3A18]]></AD_MENU_ID>
<!--DBCF54C0EEAC4765AB957276113E3A18-->  <AD_CLIENT_ID><![CDATA[0]]></AD_CLIENT_ID>
<!--DBCF54C0EEAC4765AB957276113E3A18-->  <AD_ORG_ID><![CDATA[0]]></AD_ORG_ID>
<!--DBCF54C0EEAC4765AB957276113E3A18-->  <ISACTIVE><![CDATA[Y]]></ISACTIVE>
<!--DBCF54C0EEAC4765AB957276113E3A18-->  <NAME><![CDATA[Goods Shipment View]]></NAME>
<!--DBCF54C0EEAC4765AB957276113E3A18-->  <ISSUMMARY><![CDATA[N]]></ISSUMMARY>
<!--DBCF54C0EEAC4765AB957276113E3A18-->  <ACTION><![CDATA[W]]></ACTION>
<!--DBCF54C0EEAC4765AB957276113E3A18-->  <AD_WINDOW_ID><![CDATA[19371E6FC7E14F08B7DDCA3036C1FC19]]></AD_WINDOW_ID>
<!--DBCF54C0EEAC4765AB957276113E3A18-->  <AD_MODULE_ID><![CDATA[27445C8270364452BEB29669FBB21CED]]></AD_MODULE_ID>
<!--DBCF54C0EEAC4765AB957276113E3A18-->  <OPENLINKINBROWSER><![CDATA[N]]></OPENLINKINBROWSER>
<!--DBCF54C0EEAC4765AB957276113E3A18--></AD_MENU>

<!--DF30192827454BBFB89C0A2CCBBBA8F7--><AD_MENU>
<!--DF30192827454BBFB89C0A2CCBBBA8F7-->  <AD_MENU_ID><![CDATA[DF30192827454BBFB89C0A2CCBBBA8F7]]></AD_MENU_ID>
<!--DF30192827454BBFB89C0A2CCBBBA8F7-->  <AD_CLIENT_ID><![CDATA[0]]></AD_CLIENT_ID>
<!--DF30192827454BBFB89C0A2CCBBBA8F7-->  <AD_ORG_ID><![CDATA[0]]></AD_ORG_ID>
<!--DF30192827454BBFB89C0A2CCBBBA8F7-->  <ISACTIVE><![CDATA[Y]]></ISACTIVE>
<!--DF30192827454BBFB89C0A2CCBBBA8F7-->  <NAME><![CDATA[Import Business Partner Balance]]></NAME>
<!--DF30192827454BBFB89C0A2CCBBBA8F7-->  <DESCRIPTION><![CDATA[Import business partner balance]]></DESCRIPTION>
<!--DF30192827454BBFB89C0A2CCBBBA8F7-->  <ISSUMMARY><![CDATA[N]]></ISSUMMARY>
<!--DF30192827454BBFB89C0A2CCBBBA8F7-->  <ACTION><![CDATA[W]]></ACTION>
<!--DF30192827454BBFB89C0A2CCBBBA8F7-->  <AD_WINDOW_ID><![CDATA[7FC2E5FA12934D3BB9C70B294CF8A683]]></AD_WINDOW_ID>
<!--DF30192827454BBFB89C0A2CCBBBA8F7-->  <AD_MODULE_ID><![CDATA[27445C8270364452BEB29669FBB21CED]]></AD_MODULE_ID>
<!--DF30192827454BBFB89C0A2CCBBBA8F7-->  <OPENLINKINBROWSER><![CDATA[N]]></OPENLINKINBROWSER>
<!--DF30192827454BBFB89C0A2CCBBBA8F7--></AD_MENU>

<!--E57FABACE76547D38EB74E2DBD361630--><AD_MENU>
<!--E57FABACE76547D38EB74E2DBD361630-->  <AD_MENU_ID><![CDATA[E57FABACE76547D38EB74E2DBD361630]]></AD_MENU_ID>
<!--E57FABACE76547D38EB74E2DBD361630-->  <AD_CLIENT_ID><![CDATA[0]]></AD_CLIENT_ID>
<!--E57FABACE76547D38EB74E2DBD361630-->  <AD_ORG_ID><![CDATA[0]]></AD_ORG_ID>
<!--E57FABACE76547D38EB74E2DBD361630-->  <ISACTIVE><![CDATA[Y]]></ISACTIVE>
<!--E57FABACE76547D38EB74E2DBD361630-->  <NAME><![CDATA[Standard Costing Valued Stock Report]]></NAME>
<!--E57FABACE76547D38EB74E2DBD361630-->  <DESCRIPTION><![CDATA[Standard Costing Valued Stock Report]]></DESCRIPTION>
<!--E57FABACE76547D38EB74E2DBD361630-->  <ISSUMMARY><![CDATA[N]]></ISSUMMARY>
<!--E57FABACE76547D38EB74E2DBD361630-->  <ACTION><![CDATA[P]]></ACTION>
<!--E57FABACE76547D38EB74E2DBD361630-->  <AD_PROCESS_ID><![CDATA[74C7F572A6B54BFEB85EA6830B9E826A]]></AD_PROCESS_ID>
<!--E57FABACE76547D38EB74E2DBD361630-->  <AD_MODULE_ID><![CDATA[27445C8270364452BEB29669FBB21CED]]></AD_MODULE_ID>
<!--E57FABACE76547D38EB74E2DBD361630-->  <OPENLINKINBROWSER><![CDATA[N]]></OPENLINKINBROWSER>
<!--E57FABACE76547D38EB74E2DBD361630--></AD_MENU>

<!--E873D2474D264391B7225263792068F6--><AD_MENU>
<!--E873D2474D264391B7225263792068F6-->  <AD_MENU_ID><![CDATA[E873D2474D264391B7225263792068F6]]></AD_MENU_ID>
<!--E873D2474D264391B7225263792068F6-->  <AD_CLIENT_ID><![CDATA[0]]></AD_CLIENT_ID>
<!--E873D2474D264391B7225263792068F6-->  <AD_ORG_ID><![CDATA[0]]></AD_ORG_ID>
<!--E873D2474D264391B7225263792068F6-->  <ISACTIVE><![CDATA[Y]]></ISACTIVE>
<!--E873D2474D264391B7225263792068F6-->  <NAME><![CDATA[Sales Commission Rule]]></NAME>
<!--E873D2474D264391B7225263792068F6-->  <ISSUMMARY><![CDATA[N]]></ISSUMMARY>
<!--E873D2474D264391B7225263792068F6-->  <ACTION><![CDATA[W]]></ACTION>
<!--E873D2474D264391B7225263792068F6-->  <AD_WINDOW_ID><![CDATA[82FFC41E7EF645D3BC3166DDAEBD47A2]]></AD_WINDOW_ID>
<!--E873D2474D264391B7225263792068F6-->  <AD_MODULE_ID><![CDATA[27445C8270364452BEB29669FBB21CED]]></AD_MODULE_ID>
<!--E873D2474D264391B7225263792068F6-->  <OPENLINKINBROWSER><![CDATA[N]]></OPENLINKINBROWSER>
<!--E873D2474D264391B7225263792068F6--></AD_MENU>

<!--E88234797FD34004854FCDE2F8B7FBF7--><AD_MENU>
<!--E88234797FD34004854FCDE2F8B7FBF7-->  <AD_MENU_ID><![CDATA[E88234797FD34004854FCDE2F8B7FBF7]]></AD_MENU_ID>
<!--E88234797FD34004854FCDE2F8B7FBF7-->  <AD_CLIENT_ID><![CDATA[0]]></AD_CLIENT_ID>
<!--E88234797FD34004854FCDE2F8B7FBF7-->  <AD_ORG_ID><![CDATA[0]]></AD_ORG_ID>
<!--E88234797FD34004854FCDE2F8B7FBF7-->  <ISACTIVE><![CDATA[Y]]></ISACTIVE>
<!--E88234797FD34004854FCDE2F8B7FBF7-->  <NAME><![CDATA[Prepayment]]></NAME>
<!--E88234797FD34004854FCDE2F8B7FBF7-->  <ISSUMMARY><![CDATA[N]]></ISSUMMARY>
<!--E88234797FD34004854FCDE2F8B7FBF7-->  <ACTION><![CDATA[W]]></ACTION>
<!--E88234797FD34004854FCDE2F8B7FBF7-->  <AD_WINDOW_ID><![CDATA[B8EF74664A17470EA140155450DC68ED]]></AD_WINDOW_ID>
<!--E88234797FD34004854FCDE2F8B7FBF7-->  <AD_MODULE_ID><![CDATA[27445C8270364452BEB29669FBB21CED]]></AD_MODULE_ID>
<!--E88234797FD34004854FCDE2F8B7FBF7-->  <OPENLINKINBROWSER><![CDATA[N]]></OPENLINKINBROWSER>
<!--E88234797FD34004854FCDE2F8B7FBF7--></AD_MENU>

<!--EDDDB54E7AB6474D99580AEC23919A36--><AD_MENU>
<!--EDDDB54E7AB6474D99580AEC23919A36-->  <AD_MENU_ID><![CDATA[EDDDB54E7AB6474D99580AEC23919A36]]></AD_MENU_ID>
<!--EDDDB54E7AB6474D99580AEC23919A36-->  <AD_CLIENT_ID><![CDATA[0]]></AD_CLIENT_ID>
<!--EDDDB54E7AB6474D99580AEC23919A36-->  <AD_ORG_ID><![CDATA[0]]></AD_ORG_ID>
<!--EDDDB54E7AB6474D99580AEC23919A36-->  <ISACTIVE><![CDATA[Y]]></ISACTIVE>
<!--EDDDB54E7AB6474D99580AEC23919A36-->  <NAME><![CDATA[Purchase Order Awaiting Purchase Invoice Report]]></NAME>
<!--EDDDB54E7AB6474D99580AEC23919A36-->  <DESCRIPTION><![CDATA[Purchase Order Awaiting Purchase Invoice Report]]></DESCRIPTION>
<!--EDDDB54E7AB6474D99580AEC23919A36-->  <ISSUMMARY><![CDATA[N]]></ISSUMMARY>
<!--EDDDB54E7AB6474D99580AEC23919A36-->  <ACTION><![CDATA[P]]></ACTION>
<!--EDDDB54E7AB6474D99580AEC23919A36-->  <AD_PROCESS_ID><![CDATA[8F5EF0FCF01C41D2AA51E16CFD697D6E]]></AD_PROCESS_ID>
<!--EDDDB54E7AB6474D99580AEC23919A36-->  <AD_MODULE_ID><![CDATA[27445C8270364452BEB29669FBB21CED]]></AD_MODULE_ID>
<!--EDDDB54E7AB6474D99580AEC23919A36-->  <OPENLINKINBROWSER><![CDATA[N]]></OPENLINKINBROWSER>
<!--EDDDB54E7AB6474D99580AEC23919A36--></AD_MENU>

<!--F8027D2D46E5469A9F40A64E4AFE8C11--><AD_MENU>
<!--F8027D2D46E5469A9F40A64E4AFE8C11-->  <AD_MENU_ID><![CDATA[F8027D2D46E5469A9F40A64E4AFE8C11]]></AD_MENU_ID>
<!--F8027D2D46E5469A9F40A64E4AFE8C11-->  <AD_CLIENT_ID><![CDATA[0]]></AD_CLIENT_ID>
<!--F8027D2D46E5469A9F40A64E4AFE8C11-->  <AD_ORG_ID><![CDATA[0]]></AD_ORG_ID>
<!--F8027D2D46E5469A9F40A64E4AFE8C11-->  <ISACTIVE><![CDATA[Y]]></ISACTIVE>
<!--F8027D2D46E5469A9F40A64E4AFE8C11-->  <NAME><![CDATA[Import Work Requirement]]></NAME>
<!--F8027D2D46E5469A9F40A64E4AFE8C11-->  <ISSUMMARY><![CDATA[N]]></ISSUMMARY>
<!--F8027D2D46E5469A9F40A64E4AFE8C11-->  <ACTION><![CDATA[W]]></ACTION>
<!--F8027D2D46E5469A9F40A64E4AFE8C11-->  <AD_WINDOW_ID><![CDATA[E836269861CA404D965A561C35CB01B1]]></AD_WINDOW_ID>
<!--F8027D2D46E5469A9F40A64E4AFE8C11-->  <AD_MODULE_ID><![CDATA[27445C8270364452BEB29669FBB21CED]]></AD_MODULE_ID>
<!--F8027D2D46E5469A9F40A64E4AFE8C11-->  <OPENLINKINBROWSER><![CDATA[N]]></OPENLINKINBROWSER>
<!--F8027D2D46E5469A9F40A64E4AFE8C11--></AD_MENU>

</data>
