<?xml version="1.0" encoding="UTF-8"?>
<data>
<!--8773C6BDBCA34136B005014DC6488495--><AD_MODULE_DBPREFIX>
<!--8773C6BDBCA34136B005014DC6488495-->  <AD_MODULE_DBPREFIX_ID><![CDATA[8773C6BDBCA34136B005014DC6488495]]></AD_MODULE_DBPREFIX_ID>
<!--8773C6BDBCA34136B005014DC6488495-->  <AD_CLIENT_ID><![CDATA[0]]></AD_CLIENT_ID>
<!--8773C6BDBCA34136B005014DC6488495-->  <AD_ORG_ID><![CDATA[0]]></AD_ORG_ID>
<!--8773C6BDBCA34136B005014DC6488495-->  <ISACTIVE><![CDATA[Y]]></ISACTIVE>
<!--8773C6BDBCA34136B005014DC6488495-->  <AD_MODULE_ID><![CDATA[27445C8270364452BEB29669FBB21CED]]></AD_MODULE_ID>
<!--8773C6BDBCA34136B005014DC6488495-->  <NAME><![CDATA[OEZ]]></NAME>
<!--8773C6BDBCA34136B005014DC6488495--></AD_MODULE_DBPREFIX>

</data>
