<?xml version="1.0" encoding="UTF-8"?>
<data>
<!--6E1EAF935D7A4A22ACDACAFC84CFAD54--><AD_MESSAGE>
<!--6E1EAF935D7A4A22ACDACAFC84CFAD54-->  <AD_MESSAGE_ID><![CDATA[6E1EAF935D7A4A22ACDACAFC84CFAD54]]></AD_MESSAGE_ID>
<!--6E1EAF935D7A4A22ACDACAFC84CFAD54-->  <AD_CLIENT_ID><![CDATA[0]]></AD_CLIENT_ID>
<!--6E1EAF935D7A4A22ACDACAFC84CFAD54-->  <AD_ORG_ID><![CDATA[0]]></AD_ORG_ID>
<!--6E1EAF935D7A4A22ACDACAFC84CFAD54-->  <ISACTIVE><![CDATA[Y]]></ISACTIVE>
<!--6E1EAF935D7A4A22ACDACAFC84CFAD54-->  <VALUE><![CDATA[OEZ_BACKDATEDPAYMENTOUT]]></VALUE>
<!--6E1EAF935D7A4A22ACDACAFC84CFAD54-->  <MSGTEXT><![CDATA[Invoice date younger than payment out date.]]></MSGTEXT>
<!--6E1EAF935D7A4A22ACDACAFC84CFAD54-->  <MSGTIP><![CDATA[Invoice date must older than payment out date.]]></MSGTIP>
<!--6E1EAF935D7A4A22ACDACAFC84CFAD54-->  <MSGTYPE><![CDATA[E]]></MSGTYPE>
<!--6E1EAF935D7A4A22ACDACAFC84CFAD54-->  <AD_MODULE_ID><![CDATA[27445C8270364452BEB29669FBB21CED]]></AD_MODULE_ID>
<!--6E1EAF935D7A4A22ACDACAFC84CFAD54-->  <ISINCLUDEINI18N><![CDATA[N]]></ISINCLUDEINI18N>
<!--6E1EAF935D7A4A22ACDACAFC84CFAD54--></AD_MESSAGE>

<!--A7D7225F473D4681A753E83B36B3FD13--><AD_MESSAGE>
<!--A7D7225F473D4681A753E83B36B3FD13-->  <AD_MESSAGE_ID><![CDATA[A7D7225F473D4681A753E83B36B3FD13]]></AD_MESSAGE_ID>
<!--A7D7225F473D4681A753E83B36B3FD13-->  <AD_CLIENT_ID><![CDATA[0]]></AD_CLIENT_ID>
<!--A7D7225F473D4681A753E83B36B3FD13-->  <AD_ORG_ID><![CDATA[0]]></AD_ORG_ID>
<!--A7D7225F473D4681A753E83B36B3FD13-->  <ISACTIVE><![CDATA[Y]]></ISACTIVE>
<!--A7D7225F473D4681A753E83B36B3FD13-->  <VALUE><![CDATA[oez_documentapprovaldenied]]></VALUE>
<!--A7D7225F473D4681A753E83B36B3FD13-->  <MSGTEXT><![CDATA[Based on you role, you don't have any previllage to approve this document.]]></MSGTEXT>
<!--A7D7225F473D4681A753E83B36B3FD13-->  <MSGTYPE><![CDATA[E]]></MSGTYPE>
<!--A7D7225F473D4681A753E83B36B3FD13-->  <AD_MODULE_ID><![CDATA[27445C8270364452BEB29669FBB21CED]]></AD_MODULE_ID>
<!--A7D7225F473D4681A753E83B36B3FD13-->  <ISINCLUDEINI18N><![CDATA[N]]></ISINCLUDEINI18N>
<!--A7D7225F473D4681A753E83B36B3FD13--></AD_MESSAGE>

<!--A872E064BD684E83BA101BB4A8BC8BB2--><AD_MESSAGE>
<!--A872E064BD684E83BA101BB4A8BC8BB2-->  <AD_MESSAGE_ID><![CDATA[A872E064BD684E83BA101BB4A8BC8BB2]]></AD_MESSAGE_ID>
<!--A872E064BD684E83BA101BB4A8BC8BB2-->  <AD_CLIENT_ID><![CDATA[0]]></AD_CLIENT_ID>
<!--A872E064BD684E83BA101BB4A8BC8BB2-->  <AD_ORG_ID><![CDATA[0]]></AD_ORG_ID>
<!--A872E064BD684E83BA101BB4A8BC8BB2-->  <ISACTIVE><![CDATA[Y]]></ISACTIVE>
<!--A872E064BD684E83BA101BB4A8BC8BB2-->  <VALUE><![CDATA[OEZ_MultipleDocStatus]]></VALUE>
<!--A872E064BD684E83BA101BB4A8BC8BB2-->  <MSGTEXT><![CDATA[This Process Is Not Supported Multiple Document Status,Please Check Your Selecte Document]]></MSGTEXT>
<!--A872E064BD684E83BA101BB4A8BC8BB2-->  <MSGTYPE><![CDATA[E]]></MSGTYPE>
<!--A872E064BD684E83BA101BB4A8BC8BB2-->  <AD_MODULE_ID><![CDATA[27445C8270364452BEB29669FBB21CED]]></AD_MODULE_ID>
<!--A872E064BD684E83BA101BB4A8BC8BB2-->  <ISINCLUDEINI18N><![CDATA[N]]></ISINCLUDEINI18N>
<!--A872E064BD684E83BA101BB4A8BC8BB2--></AD_MESSAGE>

<!--ACEA449CB2BD4818A4C2ADD1A31CB108--><AD_MESSAGE>
<!--ACEA449CB2BD4818A4C2ADD1A31CB108-->  <AD_MESSAGE_ID><![CDATA[ACEA449CB2BD4818A4C2ADD1A31CB108]]></AD_MESSAGE_ID>
<!--ACEA449CB2BD4818A4C2ADD1A31CB108-->  <AD_CLIENT_ID><![CDATA[0]]></AD_CLIENT_ID>
<!--ACEA449CB2BD4818A4C2ADD1A31CB108-->  <AD_ORG_ID><![CDATA[0]]></AD_ORG_ID>
<!--ACEA449CB2BD4818A4C2ADD1A31CB108-->  <ISACTIVE><![CDATA[Y]]></ISACTIVE>
<!--ACEA449CB2BD4818A4C2ADD1A31CB108-->  <VALUE><![CDATA[oez_duplicatedroutinghandler]]></VALUE>
<!--ACEA449CB2BD4818A4C2ADD1A31CB108-->  <MSGTEXT><![CDATA[duplicated document routing configuration. window/tab, document action, and java class name should be unique.]]></MSGTEXT>
<!--ACEA449CB2BD4818A4C2ADD1A31CB108-->  <MSGTYPE><![CDATA[E]]></MSGTYPE>
<!--ACEA449CB2BD4818A4C2ADD1A31CB108-->  <AD_MODULE_ID><![CDATA[27445C8270364452BEB29669FBB21CED]]></AD_MODULE_ID>
<!--ACEA449CB2BD4818A4C2ADD1A31CB108-->  <ISINCLUDEINI18N><![CDATA[N]]></ISINCLUDEINI18N>
<!--ACEA449CB2BD4818A4C2ADD1A31CB108--></AD_MESSAGE>

</data>
