<?xml version="1.0" encoding="UTF-8"?>
<data>
<!--27445C8270364452BEB29669FBB21CED--><AD_MODULE>
<!--27445C8270364452BEB29669FBB21CED-->  <AD_MODULE_ID><![CDATA[27445C8270364452BEB29669FBB21CED]]></AD_MODULE_ID>
<!--27445C8270364452BEB29669FBB21CED-->  <AD_CLIENT_ID><![CDATA[0]]></AD_CLIENT_ID>
<!--27445C8270364452BEB29669FBB21CED-->  <AD_ORG_ID><![CDATA[0]]></AD_ORG_ID>
<!--27445C8270364452BEB29669FBB21CED-->  <ISACTIVE><![CDATA[Y]]></ISACTIVE>
<!--27445C8270364452BEB29669FBB21CED-->  <NAME><![CDATA[Openbravo EZ]]></NAME>
<!--27445C8270364452BEB29669FBB21CED-->  <VERSION><![CDATA[1.0.67]]></VERSION>
<!--27445C8270364452BEB29669FBB21CED-->  <DESCRIPTION><![CDATA[Make openbravo easier to use by providing import data process, fast configuration, and approval routing.]]></DESCRIPTION>
<!--27445C8270364452BEB29669FBB21CED-->  <HELP><![CDATA[General improvement of Openbravo ERP, developed by Wirabumi Software. This module will provide you:
1. additional alert
2. import file format
3. approval rule and threshold amount restriction rule
4. configuration wizard
5. improvement of requisition to order form
6. additional reporting
7. bug fix]]></HELP>
<!--27445C8270364452BEB29669FBB21CED-->  <URL><![CDATA[http://www.wirabumisoftware.com]]></URL>
<!--27445C8270364452BEB29669FBB21CED-->  <TYPE><![CDATA[M]]></TYPE>
<!--27445C8270364452BEB29669FBB21CED-->  <LICENSE><![CDATA[Wirabumi General Enhancement]]></LICENSE>
<!--27445C8270364452BEB29669FBB21CED-->  <JAVAPACKAGE><![CDATA[org.wirabumi.gen.oez]]></JAVAPACKAGE>
<!--27445C8270364452BEB29669FBB21CED-->  <LICENSETYPE><![CDATA[GPL3.0]]></LICENSETYPE>
<!--27445C8270364452BEB29669FBB21CED-->  <AUTHOR><![CDATA[Wirabumi Software]]></AUTHOR>
<!--27445C8270364452BEB29669FBB21CED-->  <ISTRANSLATIONREQUIRED><![CDATA[Y]]></ISTRANSLATIONREQUIRED>
<!--27445C8270364452BEB29669FBB21CED-->  <AD_LANGUAGE><![CDATA[en_US]]></AD_LANGUAGE>
<!--27445C8270364452BEB29669FBB21CED-->  <HASCHARTOFACCOUNTS><![CDATA[N]]></HASCHARTOFACCOUNTS>
<!--27445C8270364452BEB29669FBB21CED-->  <ISTRANSLATIONMODULE><![CDATA[N]]></ISTRANSLATIONMODULE>
<!--27445C8270364452BEB29669FBB21CED-->  <HASREFERENCEDATA><![CDATA[Y]]></HASREFERENCEDATA>
<!--27445C8270364452BEB29669FBB21CED-->  <REFERENCEDATAINFO><![CDATA[Import file format, Additional alert, and Configuration data.]]></REFERENCEDATAINFO>
<!--27445C8270364452BEB29669FBB21CED-->  <ISCOMMERCIAL><![CDATA[N]]></ISCOMMERCIAL>
<!--27445C8270364452BEB29669FBB21CED-->  <ISTRIALALLOWED><![CDATA[N]]></ISTRIALALLOWED>
<!--27445C8270364452BEB29669FBB21CED--></AD_MODULE>

</data>
