<?xml version="1.0" encoding="UTF-8"?>
<data>
<!--0C32C66672F1458598940A308E75DBF4--><AD_PROCESS>
<!--0C32C66672F1458598940A308E75DBF4-->  <AD_PROCESS_ID><![CDATA[0C32C66672F1458598940A308E75DBF4]]></AD_PROCESS_ID>
<!--0C32C66672F1458598940A308E75DBF4-->  <AD_CLIENT_ID><![CDATA[0]]></AD_CLIENT_ID>
<!--0C32C66672F1458598940A308E75DBF4-->  <AD_ORG_ID><![CDATA[0]]></AD_ORG_ID>
<!--0C32C66672F1458598940A308E75DBF4-->  <ISACTIVE><![CDATA[Y]]></ISACTIVE>
<!--0C32C66672F1458598940A308E75DBF4-->  <VALUE><![CDATA[AIR_Product_Movement_Report]]></VALUE>
<!--0C32C66672F1458598940A308E75DBF4-->  <NAME><![CDATA[Stock Card]]></NAME>
<!--0C32C66672F1458598940A308E75DBF4-->  <DESCRIPTION><![CDATA[Stock Card]]></DESCRIPTION>
<!--0C32C66672F1458598940A308E75DBF4-->  <HELP><![CDATA[Report to show starting balance, movement quantity, and ending balance of a product within a warehouse, to review product movement.]]></HELP>
<!--0C32C66672F1458598940A308E75DBF4-->  <ACCESSLEVEL><![CDATA[3]]></ACCESSLEVEL>
<!--0C32C66672F1458598940A308E75DBF4-->  <ISUSERSTARTABLE><![CDATA[N]]></ISUSERSTARTABLE>
<!--0C32C66672F1458598940A308E75DBF4-->  <ISREPORT><![CDATA[N]]></ISREPORT>
<!--0C32C66672F1458598940A308E75DBF4-->  <ISDIRECTPRINT><![CDATA[N]]></ISDIRECTPRINT>
<!--0C32C66672F1458598940A308E75DBF4-->  <ISBACKGROUND><![CDATA[N]]></ISBACKGROUND>
<!--0C32C66672F1458598940A308E75DBF4-->  <ISJASPER><![CDATA[Y]]></ISJASPER>
<!--0C32C66672F1458598940A308E75DBF4-->  <JRNAME><![CDATA[@basedesign@/org/wirabumi/gen/oez/air_report.jrxml]]></JRNAME>
<!--0C32C66672F1458598940A308E75DBF4-->  <ISEXTERNALSERVICE><![CDATA[N]]></ISEXTERNALSERVICE>
<!--0C32C66672F1458598940A308E75DBF4-->  <AD_MODULE_ID><![CDATA[27445C8270364452BEB29669FBB21CED]]></AD_MODULE_ID>
<!--0C32C66672F1458598940A308E75DBF4-->  <UIPATTERN><![CDATA[S]]></UIPATTERN>
<!--0C32C66672F1458598940A308E75DBF4-->  <ISADVANCEDFEATURE><![CDATA[N]]></ISADVANCEDFEATURE>
<!--0C32C66672F1458598940A308E75DBF4-->  <PREVENTCONCURRENT><![CDATA[N]]></PREVENTCONCURRENT>
<!--0C32C66672F1458598940A308E75DBF4-->  <IS_EXPLICIT_ACCESS><![CDATA[N]]></IS_EXPLICIT_ACCESS>
<!--0C32C66672F1458598940A308E75DBF4-->  <ISKILLABLE><![CDATA[N]]></ISKILLABLE>
<!--0C32C66672F1458598940A308E75DBF4--></AD_PROCESS>

<!--147BF5A7C5BB4B89A12589E41A906625--><AD_PROCESS>
<!--147BF5A7C5BB4B89A12589E41A906625-->  <AD_PROCESS_ID><![CDATA[147BF5A7C5BB4B89A12589E41A906625]]></AD_PROCESS_ID>
<!--147BF5A7C5BB4B89A12589E41A906625-->  <AD_CLIENT_ID><![CDATA[0]]></AD_CLIENT_ID>
<!--147BF5A7C5BB4B89A12589E41A906625-->  <AD_ORG_ID><![CDATA[0]]></AD_ORG_ID>
<!--147BF5A7C5BB4B89A12589E41A906625-->  <ISACTIVE><![CDATA[Y]]></ISACTIVE>
<!--147BF5A7C5BB4B89A12589E41A906625-->  <VALUE><![CDATA[Import Product Price]]></VALUE>
<!--147BF5A7C5BB4B89A12589E41A906625-->  <NAME><![CDATA[Import Product Price]]></NAME>
<!--147BF5A7C5BB4B89A12589E41A906625-->  <DESCRIPTION><![CDATA[Import Product Price]]></DESCRIPTION>
<!--147BF5A7C5BB4B89A12589E41A906625-->  <HELP><![CDATA[Run process to import product pricess. This process will update or insert new record for price of a particular product. Its assumed you have define your product and price list version first.]]></HELP>
<!--147BF5A7C5BB4B89A12589E41A906625-->  <ACCESSLEVEL><![CDATA[7]]></ACCESSLEVEL>
<!--147BF5A7C5BB4B89A12589E41A906625-->  <ISUSERSTARTABLE><![CDATA[N]]></ISUSERSTARTABLE>
<!--147BF5A7C5BB4B89A12589E41A906625-->  <PROCEDURENAME><![CDATA[oez_importproductprice]]></PROCEDURENAME>
<!--147BF5A7C5BB4B89A12589E41A906625-->  <ISREPORT><![CDATA[N]]></ISREPORT>
<!--147BF5A7C5BB4B89A12589E41A906625-->  <ISDIRECTPRINT><![CDATA[N]]></ISDIRECTPRINT>
<!--147BF5A7C5BB4B89A12589E41A906625-->  <ISBACKGROUND><![CDATA[N]]></ISBACKGROUND>
<!--147BF5A7C5BB4B89A12589E41A906625-->  <ISJASPER><![CDATA[N]]></ISJASPER>
<!--147BF5A7C5BB4B89A12589E41A906625-->  <ISEXTERNALSERVICE><![CDATA[N]]></ISEXTERNALSERVICE>
<!--147BF5A7C5BB4B89A12589E41A906625-->  <AD_MODULE_ID><![CDATA[27445C8270364452BEB29669FBB21CED]]></AD_MODULE_ID>
<!--147BF5A7C5BB4B89A12589E41A906625-->  <UIPATTERN><![CDATA[S]]></UIPATTERN>
<!--147BF5A7C5BB4B89A12589E41A906625-->  <ISADVANCEDFEATURE><![CDATA[N]]></ISADVANCEDFEATURE>
<!--147BF5A7C5BB4B89A12589E41A906625-->  <PREVENTCONCURRENT><![CDATA[N]]></PREVENTCONCURRENT>
<!--147BF5A7C5BB4B89A12589E41A906625-->  <IS_EXPLICIT_ACCESS><![CDATA[N]]></IS_EXPLICIT_ACCESS>
<!--147BF5A7C5BB4B89A12589E41A906625-->  <ISKILLABLE><![CDATA[N]]></ISKILLABLE>
<!--147BF5A7C5BB4B89A12589E41A906625--></AD_PROCESS>

<!--2DD838352350470DAB65A5CF015CC166--><AD_PROCESS>
<!--2DD838352350470DAB65A5CF015CC166-->  <AD_PROCESS_ID><![CDATA[2DD838352350470DAB65A5CF015CC166]]></AD_PROCESS_ID>
<!--2DD838352350470DAB65A5CF015CC166-->  <AD_CLIENT_ID><![CDATA[0]]></AD_CLIENT_ID>
<!--2DD838352350470DAB65A5CF015CC166-->  <AD_ORG_ID><![CDATA[0]]></AD_ORG_ID>
<!--2DD838352350470DAB65A5CF015CC166-->  <ISACTIVE><![CDATA[Y]]></ISACTIVE>
<!--2DD838352350470DAB65A5CF015CC166-->  <VALUE><![CDATA[GR Awaiting PI]]></VALUE>
<!--2DD838352350470DAB65A5CF015CC166-->  <NAME><![CDATA[Goods Receipt Awaiting Purchase Invoice Report]]></NAME>
<!--2DD838352350470DAB65A5CF015CC166-->  <DESCRIPTION><![CDATA[Goods Receipt Awaiting Purchase Invoice Report]]></DESCRIPTION>
<!--2DD838352350470DAB65A5CF015CC166-->  <HELP><![CDATA[Report to show goods receipt without purchase invoice]]></HELP>
<!--2DD838352350470DAB65A5CF015CC166-->  <ACCESSLEVEL><![CDATA[3]]></ACCESSLEVEL>
<!--2DD838352350470DAB65A5CF015CC166-->  <ISUSERSTARTABLE><![CDATA[N]]></ISUSERSTARTABLE>
<!--2DD838352350470DAB65A5CF015CC166-->  <ISREPORT><![CDATA[N]]></ISREPORT>
<!--2DD838352350470DAB65A5CF015CC166-->  <ISDIRECTPRINT><![CDATA[N]]></ISDIRECTPRINT>
<!--2DD838352350470DAB65A5CF015CC166-->  <ISBACKGROUND><![CDATA[N]]></ISBACKGROUND>
<!--2DD838352350470DAB65A5CF015CC166-->  <ISJASPER><![CDATA[Y]]></ISJASPER>
<!--2DD838352350470DAB65A5CF015CC166-->  <JRNAME><![CDATA[@basedesign@/org/wirabumi/gen/oez/grawaitingpi/grawaitingpi.jrxml]]></JRNAME>
<!--2DD838352350470DAB65A5CF015CC166-->  <ISEXTERNALSERVICE><![CDATA[N]]></ISEXTERNALSERVICE>
<!--2DD838352350470DAB65A5CF015CC166-->  <AD_MODULE_ID><![CDATA[27445C8270364452BEB29669FBB21CED]]></AD_MODULE_ID>
<!--2DD838352350470DAB65A5CF015CC166-->  <UIPATTERN><![CDATA[S]]></UIPATTERN>
<!--2DD838352350470DAB65A5CF015CC166-->  <ISADVANCEDFEATURE><![CDATA[N]]></ISADVANCEDFEATURE>
<!--2DD838352350470DAB65A5CF015CC166-->  <PREVENTCONCURRENT><![CDATA[N]]></PREVENTCONCURRENT>
<!--2DD838352350470DAB65A5CF015CC166-->  <IS_EXPLICIT_ACCESS><![CDATA[N]]></IS_EXPLICIT_ACCESS>
<!--2DD838352350470DAB65A5CF015CC166-->  <ISKILLABLE><![CDATA[N]]></ISKILLABLE>
<!--2DD838352350470DAB65A5CF015CC166--></AD_PROCESS>

<!--2F841CB320134E4CB64BD6E5AAE09946--><AD_PROCESS>
<!--2F841CB320134E4CB64BD6E5AAE09946-->  <AD_PROCESS_ID><![CDATA[2F841CB320134E4CB64BD6E5AAE09946]]></AD_PROCESS_ID>
<!--2F841CB320134E4CB64BD6E5AAE09946-->  <AD_CLIENT_ID><![CDATA[0]]></AD_CLIENT_ID>
<!--2F841CB320134E4CB64BD6E5AAE09946-->  <AD_ORG_ID><![CDATA[0]]></AD_ORG_ID>
<!--2F841CB320134E4CB64BD6E5AAE09946-->  <ISACTIVE><![CDATA[Y]]></ISACTIVE>
<!--2F841CB320134E4CB64BD6E5AAE09946-->  <VALUE><![CDATA[Configuration Wizard]]></VALUE>
<!--2F841CB320134E4CB64BD6E5AAE09946-->  <NAME><![CDATA[Configuration Wizard]]></NAME>
<!--2F841CB320134E4CB64BD6E5AAE09946-->  <DESCRIPTION><![CDATA[Openbravo EZ Configuration Wizard]]></DESCRIPTION>
<!--2F841CB320134E4CB64BD6E5AAE09946-->  <HELP><![CDATA[Run configuration wizard to create all required configuration data.]]></HELP>
<!--2F841CB320134E4CB64BD6E5AAE09946-->  <ACCESSLEVEL><![CDATA[7]]></ACCESSLEVEL>
<!--2F841CB320134E4CB64BD6E5AAE09946-->  <ISUSERSTARTABLE><![CDATA[N]]></ISUSERSTARTABLE>
<!--2F841CB320134E4CB64BD6E5AAE09946-->  <PROCEDURENAME><![CDATA[oez_runconfigwizard]]></PROCEDURENAME>
<!--2F841CB320134E4CB64BD6E5AAE09946-->  <ISREPORT><![CDATA[N]]></ISREPORT>
<!--2F841CB320134E4CB64BD6E5AAE09946-->  <ISDIRECTPRINT><![CDATA[N]]></ISDIRECTPRINT>
<!--2F841CB320134E4CB64BD6E5AAE09946-->  <ISBACKGROUND><![CDATA[N]]></ISBACKGROUND>
<!--2F841CB320134E4CB64BD6E5AAE09946-->  <ISJASPER><![CDATA[N]]></ISJASPER>
<!--2F841CB320134E4CB64BD6E5AAE09946-->  <ISEXTERNALSERVICE><![CDATA[N]]></ISEXTERNALSERVICE>
<!--2F841CB320134E4CB64BD6E5AAE09946-->  <AD_MODULE_ID><![CDATA[27445C8270364452BEB29669FBB21CED]]></AD_MODULE_ID>
<!--2F841CB320134E4CB64BD6E5AAE09946-->  <UIPATTERN><![CDATA[S]]></UIPATTERN>
<!--2F841CB320134E4CB64BD6E5AAE09946-->  <ISADVANCEDFEATURE><![CDATA[N]]></ISADVANCEDFEATURE>
<!--2F841CB320134E4CB64BD6E5AAE09946-->  <PREVENTCONCURRENT><![CDATA[N]]></PREVENTCONCURRENT>
<!--2F841CB320134E4CB64BD6E5AAE09946-->  <IS_EXPLICIT_ACCESS><![CDATA[N]]></IS_EXPLICIT_ACCESS>
<!--2F841CB320134E4CB64BD6E5AAE09946-->  <ISKILLABLE><![CDATA[N]]></ISKILLABLE>
<!--2F841CB320134E4CB64BD6E5AAE09946--></AD_PROCESS>

<!--2FCCA43A54E14952986A0C3D42C3CD81--><AD_PROCESS>
<!--2FCCA43A54E14952986A0C3D42C3CD81-->  <AD_PROCESS_ID><![CDATA[2FCCA43A54E14952986A0C3D42C3CD81]]></AD_PROCESS_ID>
<!--2FCCA43A54E14952986A0C3D42C3CD81-->  <AD_CLIENT_ID><![CDATA[0]]></AD_CLIENT_ID>
<!--2FCCA43A54E14952986A0C3D42C3CD81-->  <AD_ORG_ID><![CDATA[0]]></AD_ORG_ID>
<!--2FCCA43A54E14952986A0C3D42C3CD81-->  <ISACTIVE><![CDATA[Y]]></ISACTIVE>
<!--2FCCA43A54E14952986A0C3D42C3CD81-->  <VALUE><![CDATA[Generate All Depreciation Plan]]></VALUE>
<!--2FCCA43A54E14952986A0C3D42C3CD81-->  <NAME><![CDATA[Generate All Depreciation Plan]]></NAME>
<!--2FCCA43A54E14952986A0C3D42C3CD81-->  <DESCRIPTION><![CDATA[Generate All Depreciation Plan]]></DESCRIPTION>
<!--2FCCA43A54E14952986A0C3D42C3CD81-->  <HELP><![CDATA[Generate depreciation plan for all asset that does not have any depreciation plan.]]></HELP>
<!--2FCCA43A54E14952986A0C3D42C3CD81-->  <ACCESSLEVEL><![CDATA[3]]></ACCESSLEVEL>
<!--2FCCA43A54E14952986A0C3D42C3CD81-->  <ISUSERSTARTABLE><![CDATA[N]]></ISUSERSTARTABLE>
<!--2FCCA43A54E14952986A0C3D42C3CD81-->  <ISREPORT><![CDATA[N]]></ISREPORT>
<!--2FCCA43A54E14952986A0C3D42C3CD81-->  <ISDIRECTPRINT><![CDATA[N]]></ISDIRECTPRINT>
<!--2FCCA43A54E14952986A0C3D42C3CD81-->  <CLASSNAME><![CDATA[org.wirabumi.gen.oez.ad_process.GenerateNewDepreciationPlan]]></CLASSNAME>
<!--2FCCA43A54E14952986A0C3D42C3CD81-->  <ISBACKGROUND><![CDATA[Y]]></ISBACKGROUND>
<!--2FCCA43A54E14952986A0C3D42C3CD81-->  <ISJASPER><![CDATA[N]]></ISJASPER>
<!--2FCCA43A54E14952986A0C3D42C3CD81-->  <ISEXTERNALSERVICE><![CDATA[N]]></ISEXTERNALSERVICE>
<!--2FCCA43A54E14952986A0C3D42C3CD81-->  <AD_MODULE_ID><![CDATA[27445C8270364452BEB29669FBB21CED]]></AD_MODULE_ID>
<!--2FCCA43A54E14952986A0C3D42C3CD81-->  <UIPATTERN><![CDATA[M]]></UIPATTERN>
<!--2FCCA43A54E14952986A0C3D42C3CD81-->  <ISADVANCEDFEATURE><![CDATA[N]]></ISADVANCEDFEATURE>
<!--2FCCA43A54E14952986A0C3D42C3CD81-->  <PREVENTCONCURRENT><![CDATA[N]]></PREVENTCONCURRENT>
<!--2FCCA43A54E14952986A0C3D42C3CD81-->  <IS_EXPLICIT_ACCESS><![CDATA[N]]></IS_EXPLICIT_ACCESS>
<!--2FCCA43A54E14952986A0C3D42C3CD81-->  <ISKILLABLE><![CDATA[N]]></ISKILLABLE>
<!--2FCCA43A54E14952986A0C3D42C3CD81--></AD_PROCESS>

<!--3270DC8DF5C143F280771F1200F2A11C--><AD_PROCESS>
<!--3270DC8DF5C143F280771F1200F2A11C-->  <AD_PROCESS_ID><![CDATA[3270DC8DF5C143F280771F1200F2A11C]]></AD_PROCESS_ID>
<!--3270DC8DF5C143F280771F1200F2A11C-->  <AD_CLIENT_ID><![CDATA[0]]></AD_CLIENT_ID>
<!--3270DC8DF5C143F280771F1200F2A11C-->  <AD_ORG_ID><![CDATA[0]]></AD_ORG_ID>
<!--3270DC8DF5C143F280771F1200F2A11C-->  <ISACTIVE><![CDATA[Y]]></ISACTIVE>
<!--3270DC8DF5C143F280771F1200F2A11C-->  <VALUE><![CDATA[Create Order]]></VALUE>
<!--3270DC8DF5C143F280771F1200F2A11C-->  <NAME><![CDATA[Create Order]]></NAME>
<!--3270DC8DF5C143F280771F1200F2A11C-->  <DESCRIPTION><![CDATA[Create Order]]></DESCRIPTION>
<!--3270DC8DF5C143F280771F1200F2A11C-->  <HELP><![CDATA[A firm quote establishes a commitment to the customer at a quoted price for a indicated quantity. If the firm quote check box is not selected and the price list is modified after the quotation then the new prices will be reflected in the sales order or invoice]]></HELP>
<!--3270DC8DF5C143F280771F1200F2A11C-->  <ACCESSLEVEL><![CDATA[1]]></ACCESSLEVEL>
<!--3270DC8DF5C143F280771F1200F2A11C-->  <ISUSERSTARTABLE><![CDATA[N]]></ISUSERSTARTABLE>
<!--3270DC8DF5C143F280771F1200F2A11C-->  <ISREPORT><![CDATA[N]]></ISREPORT>
<!--3270DC8DF5C143F280771F1200F2A11C-->  <ISDIRECTPRINT><![CDATA[N]]></ISDIRECTPRINT>
<!--3270DC8DF5C143F280771F1200F2A11C-->  <ISBACKGROUND><![CDATA[N]]></ISBACKGROUND>
<!--3270DC8DF5C143F280771F1200F2A11C-->  <ISJASPER><![CDATA[N]]></ISJASPER>
<!--3270DC8DF5C143F280771F1200F2A11C-->  <ISEXTERNALSERVICE><![CDATA[N]]></ISEXTERNALSERVICE>
<!--3270DC8DF5C143F280771F1200F2A11C-->  <AD_MODULE_ID><![CDATA[27445C8270364452BEB29669FBB21CED]]></AD_MODULE_ID>
<!--3270DC8DF5C143F280771F1200F2A11C-->  <UIPATTERN><![CDATA[S]]></UIPATTERN>
<!--3270DC8DF5C143F280771F1200F2A11C-->  <ISADVANCEDFEATURE><![CDATA[N]]></ISADVANCEDFEATURE>
<!--3270DC8DF5C143F280771F1200F2A11C-->  <PREVENTCONCURRENT><![CDATA[N]]></PREVENTCONCURRENT>
<!--3270DC8DF5C143F280771F1200F2A11C-->  <IS_EXPLICIT_ACCESS><![CDATA[N]]></IS_EXPLICIT_ACCESS>
<!--3270DC8DF5C143F280771F1200F2A11C-->  <ISKILLABLE><![CDATA[N]]></ISKILLABLE>
<!--3270DC8DF5C143F280771F1200F2A11C--></AD_PROCESS>

<!--337F8E5C1B1B4F2AA1F70B54B09EF5DA--><AD_PROCESS>
<!--337F8E5C1B1B4F2AA1F70B54B09EF5DA-->  <AD_PROCESS_ID><![CDATA[337F8E5C1B1B4F2AA1F70B54B09EF5DA]]></AD_PROCESS_ID>
<!--337F8E5C1B1B4F2AA1F70B54B09EF5DA-->  <AD_CLIENT_ID><![CDATA[0]]></AD_CLIENT_ID>
<!--337F8E5C1B1B4F2AA1F70B54B09EF5DA-->  <AD_ORG_ID><![CDATA[0]]></AD_ORG_ID>
<!--337F8E5C1B1B4F2AA1F70B54B09EF5DA-->  <ISACTIVE><![CDATA[Y]]></ISACTIVE>
<!--337F8E5C1B1B4F2AA1F70B54B09EF5DA-->  <VALUE><![CDATA[OEZ_GNR_MNT]]></VALUE>
<!--337F8E5C1B1B4F2AA1F70B54B09EF5DA-->  <NAME><![CDATA[Generate Month and Year]]></NAME>
<!--337F8E5C1B1B4F2AA1F70B54B09EF5DA-->  <ACCESSLEVEL><![CDATA[7]]></ACCESSLEVEL>
<!--337F8E5C1B1B4F2AA1F70B54B09EF5DA-->  <ISUSERSTARTABLE><![CDATA[N]]></ISUSERSTARTABLE>
<!--337F8E5C1B1B4F2AA1F70B54B09EF5DA-->  <ISREPORT><![CDATA[N]]></ISREPORT>
<!--337F8E5C1B1B4F2AA1F70B54B09EF5DA-->  <ISDIRECTPRINT><![CDATA[N]]></ISDIRECTPRINT>
<!--337F8E5C1B1B4F2AA1F70B54B09EF5DA-->  <ISBACKGROUND><![CDATA[N]]></ISBACKGROUND>
<!--337F8E5C1B1B4F2AA1F70B54B09EF5DA-->  <ISJASPER><![CDATA[N]]></ISJASPER>
<!--337F8E5C1B1B4F2AA1F70B54B09EF5DA-->  <ISEXTERNALSERVICE><![CDATA[N]]></ISEXTERNALSERVICE>
<!--337F8E5C1B1B4F2AA1F70B54B09EF5DA-->  <AD_MODULE_ID><![CDATA[27445C8270364452BEB29669FBB21CED]]></AD_MODULE_ID>
<!--337F8E5C1B1B4F2AA1F70B54B09EF5DA-->  <UIPATTERN><![CDATA[S]]></UIPATTERN>
<!--337F8E5C1B1B4F2AA1F70B54B09EF5DA-->  <ISADVANCEDFEATURE><![CDATA[N]]></ISADVANCEDFEATURE>
<!--337F8E5C1B1B4F2AA1F70B54B09EF5DA-->  <PREVENTCONCURRENT><![CDATA[N]]></PREVENTCONCURRENT>
<!--337F8E5C1B1B4F2AA1F70B54B09EF5DA-->  <IS_EXPLICIT_ACCESS><![CDATA[N]]></IS_EXPLICIT_ACCESS>
<!--337F8E5C1B1B4F2AA1F70B54B09EF5DA-->  <ISKILLABLE><![CDATA[N]]></ISKILLABLE>
<!--337F8E5C1B1B4F2AA1F70B54B09EF5DA--></AD_PROCESS>

<!--3D671B238B16410581EADAAF1091F625--><AD_PROCESS>
<!--3D671B238B16410581EADAAF1091F625-->  <AD_PROCESS_ID><![CDATA[3D671B238B16410581EADAAF1091F625]]></AD_PROCESS_ID>
<!--3D671B238B16410581EADAAF1091F625-->  <AD_CLIENT_ID><![CDATA[0]]></AD_CLIENT_ID>
<!--3D671B238B16410581EADAAF1091F625-->  <AD_ORG_ID><![CDATA[0]]></AD_ORG_ID>
<!--3D671B238B16410581EADAAF1091F625-->  <ISACTIVE><![CDATA[Y]]></ISACTIVE>
<!--3D671B238B16410581EADAAF1091F625-->  <VALUE><![CDATA[IMPWF]]></VALUE>
<!--3D671B238B16410581EADAAF1091F625-->  <NAME><![CDATA[Import Work Effort]]></NAME>
<!--3D671B238B16410581EADAAF1091F625-->  <ACCESSLEVEL><![CDATA[7]]></ACCESSLEVEL>
<!--3D671B238B16410581EADAAF1091F625-->  <ISUSERSTARTABLE><![CDATA[N]]></ISUSERSTARTABLE>
<!--3D671B238B16410581EADAAF1091F625-->  <ISREPORT><![CDATA[N]]></ISREPORT>
<!--3D671B238B16410581EADAAF1091F625-->  <ISDIRECTPRINT><![CDATA[N]]></ISDIRECTPRINT>
<!--3D671B238B16410581EADAAF1091F625-->  <ISBACKGROUND><![CDATA[N]]></ISBACKGROUND>
<!--3D671B238B16410581EADAAF1091F625-->  <ISJASPER><![CDATA[N]]></ISJASPER>
<!--3D671B238B16410581EADAAF1091F625-->  <ISEXTERNALSERVICE><![CDATA[N]]></ISEXTERNALSERVICE>
<!--3D671B238B16410581EADAAF1091F625-->  <AD_MODULE_ID><![CDATA[27445C8270364452BEB29669FBB21CED]]></AD_MODULE_ID>
<!--3D671B238B16410581EADAAF1091F625-->  <UIPATTERN><![CDATA[S]]></UIPATTERN>
<!--3D671B238B16410581EADAAF1091F625-->  <ISADVANCEDFEATURE><![CDATA[N]]></ISADVANCEDFEATURE>
<!--3D671B238B16410581EADAAF1091F625-->  <PREVENTCONCURRENT><![CDATA[N]]></PREVENTCONCURRENT>
<!--3D671B238B16410581EADAAF1091F625-->  <IS_EXPLICIT_ACCESS><![CDATA[N]]></IS_EXPLICIT_ACCESS>
<!--3D671B238B16410581EADAAF1091F625-->  <ISKILLABLE><![CDATA[N]]></ISKILLABLE>
<!--3D671B238B16410581EADAAF1091F625--></AD_PROCESS>

<!--4A4DB835730245B29CB86D2FF2A48BC2--><AD_PROCESS>
<!--4A4DB835730245B29CB86D2FF2A48BC2-->  <AD_PROCESS_ID><![CDATA[4A4DB835730245B29CB86D2FF2A48BC2]]></AD_PROCESS_ID>
<!--4A4DB835730245B29CB86D2FF2A48BC2-->  <AD_CLIENT_ID><![CDATA[0]]></AD_CLIENT_ID>
<!--4A4DB835730245B29CB86D2FF2A48BC2-->  <AD_ORG_ID><![CDATA[0]]></AD_ORG_ID>
<!--4A4DB835730245B29CB86D2FF2A48BC2-->  <ISACTIVE><![CDATA[Y]]></ISACTIVE>
<!--4A4DB835730245B29CB86D2FF2A48BC2-->  <VALUE><![CDATA[Copy from SO to Requisition]]></VALUE>
<!--4A4DB835730245B29CB86D2FF2A48BC2-->  <NAME><![CDATA[Copy from SO to Requisition]]></NAME>
<!--4A4DB835730245B29CB86D2FF2A48BC2-->  <DESCRIPTION><![CDATA[Copy from SO to Requisition]]></DESCRIPTION>
<!--4A4DB835730245B29CB86D2FF2A48BC2-->  <HELP><![CDATA[Copy sales order line to selected requisition]]></HELP>
<!--4A4DB835730245B29CB86D2FF2A48BC2-->  <ACCESSLEVEL><![CDATA[7]]></ACCESSLEVEL>
<!--4A4DB835730245B29CB86D2FF2A48BC2-->  <ISUSERSTARTABLE><![CDATA[N]]></ISUSERSTARTABLE>
<!--4A4DB835730245B29CB86D2FF2A48BC2-->  <ISREPORT><![CDATA[N]]></ISREPORT>
<!--4A4DB835730245B29CB86D2FF2A48BC2-->  <ISDIRECTPRINT><![CDATA[N]]></ISDIRECTPRINT>
<!--4A4DB835730245B29CB86D2FF2A48BC2-->  <ISBACKGROUND><![CDATA[N]]></ISBACKGROUND>
<!--4A4DB835730245B29CB86D2FF2A48BC2-->  <ISJASPER><![CDATA[N]]></ISJASPER>
<!--4A4DB835730245B29CB86D2FF2A48BC2-->  <ISEXTERNALSERVICE><![CDATA[N]]></ISEXTERNALSERVICE>
<!--4A4DB835730245B29CB86D2FF2A48BC2-->  <AD_MODULE_ID><![CDATA[27445C8270364452BEB29669FBB21CED]]></AD_MODULE_ID>
<!--4A4DB835730245B29CB86D2FF2A48BC2-->  <UIPATTERN><![CDATA[S]]></UIPATTERN>
<!--4A4DB835730245B29CB86D2FF2A48BC2-->  <ISADVANCEDFEATURE><![CDATA[N]]></ISADVANCEDFEATURE>
<!--4A4DB835730245B29CB86D2FF2A48BC2-->  <PREVENTCONCURRENT><![CDATA[N]]></PREVENTCONCURRENT>
<!--4A4DB835730245B29CB86D2FF2A48BC2-->  <IS_EXPLICIT_ACCESS><![CDATA[N]]></IS_EXPLICIT_ACCESS>
<!--4A4DB835730245B29CB86D2FF2A48BC2-->  <ISKILLABLE><![CDATA[N]]></ISKILLABLE>
<!--4A4DB835730245B29CB86D2FF2A48BC2--></AD_PROCESS>

<!--4D8495A19EE94475A02798198DAB6391--><AD_PROCESS>
<!--4D8495A19EE94475A02798198DAB6391-->  <AD_PROCESS_ID><![CDATA[4D8495A19EE94475A02798198DAB6391]]></AD_PROCESS_ID>
<!--4D8495A19EE94475A02798198DAB6391-->  <AD_CLIENT_ID><![CDATA[0]]></AD_CLIENT_ID>
<!--4D8495A19EE94475A02798198DAB6391-->  <AD_ORG_ID><![CDATA[0]]></AD_ORG_ID>
<!--4D8495A19EE94475A02798198DAB6391-->  <ISACTIVE><![CDATA[Y]]></ISACTIVE>
<!--4D8495A19EE94475A02798198DAB6391-->  <VALUE><![CDATA[OEZSALESCOMM]]></VALUE>
<!--4D8495A19EE94475A02798198DAB6391-->  <NAME><![CDATA[Generate Sales Commission]]></NAME>
<!--4D8495A19EE94475A02798198DAB6391-->  <ACCESSLEVEL><![CDATA[7]]></ACCESSLEVEL>
<!--4D8495A19EE94475A02798198DAB6391-->  <ISUSERSTARTABLE><![CDATA[N]]></ISUSERSTARTABLE>
<!--4D8495A19EE94475A02798198DAB6391-->  <ISREPORT><![CDATA[N]]></ISREPORT>
<!--4D8495A19EE94475A02798198DAB6391-->  <ISDIRECTPRINT><![CDATA[N]]></ISDIRECTPRINT>
<!--4D8495A19EE94475A02798198DAB6391-->  <CLASSNAME><![CDATA[org.wirabumi.gen.oez.ad_process.Bg_SalesCommission]]></CLASSNAME>
<!--4D8495A19EE94475A02798198DAB6391-->  <ISBACKGROUND><![CDATA[Y]]></ISBACKGROUND>
<!--4D8495A19EE94475A02798198DAB6391-->  <ISJASPER><![CDATA[N]]></ISJASPER>
<!--4D8495A19EE94475A02798198DAB6391-->  <ISEXTERNALSERVICE><![CDATA[N]]></ISEXTERNALSERVICE>
<!--4D8495A19EE94475A02798198DAB6391-->  <AD_MODULE_ID><![CDATA[27445C8270364452BEB29669FBB21CED]]></AD_MODULE_ID>
<!--4D8495A19EE94475A02798198DAB6391-->  <UIPATTERN><![CDATA[M]]></UIPATTERN>
<!--4D8495A19EE94475A02798198DAB6391-->  <ISADVANCEDFEATURE><![CDATA[N]]></ISADVANCEDFEATURE>
<!--4D8495A19EE94475A02798198DAB6391-->  <PREVENTCONCURRENT><![CDATA[N]]></PREVENTCONCURRENT>
<!--4D8495A19EE94475A02798198DAB6391-->  <IS_EXPLICIT_ACCESS><![CDATA[N]]></IS_EXPLICIT_ACCESS>
<!--4D8495A19EE94475A02798198DAB6391-->  <ISKILLABLE><![CDATA[N]]></ISKILLABLE>
<!--4D8495A19EE94475A02798198DAB6391--></AD_PROCESS>

<!--5059DC89F5C34BAA99A967E39E606562--><AD_PROCESS>
<!--5059DC89F5C34BAA99A967E39E606562-->  <AD_PROCESS_ID><![CDATA[5059DC89F5C34BAA99A967E39E606562]]></AD_PROCESS_ID>
<!--5059DC89F5C34BAA99A967E39E606562-->  <AD_CLIENT_ID><![CDATA[0]]></AD_CLIENT_ID>
<!--5059DC89F5C34BAA99A967E39E606562-->  <AD_ORG_ID><![CDATA[0]]></AD_ORG_ID>
<!--5059DC89F5C34BAA99A967E39E606562-->  <ISACTIVE><![CDATA[Y]]></ISACTIVE>
<!--5059DC89F5C34BAA99A967E39E606562-->  <VALUE><![CDATA[SO Awaiting SI Report]]></VALUE>
<!--5059DC89F5C34BAA99A967E39E606562-->  <NAME><![CDATA[Sales Order Awaiting Sales Invoice Report]]></NAME>
<!--5059DC89F5C34BAA99A967E39E606562-->  <DESCRIPTION><![CDATA[Sales Order Awaiting Sales Invoice Report]]></DESCRIPTION>
<!--5059DC89F5C34BAA99A967E39E606562-->  <HELP><![CDATA[report to show sales order without sales invoice]]></HELP>
<!--5059DC89F5C34BAA99A967E39E606562-->  <ACCESSLEVEL><![CDATA[3]]></ACCESSLEVEL>
<!--5059DC89F5C34BAA99A967E39E606562-->  <ISUSERSTARTABLE><![CDATA[N]]></ISUSERSTARTABLE>
<!--5059DC89F5C34BAA99A967E39E606562-->  <ISREPORT><![CDATA[N]]></ISREPORT>
<!--5059DC89F5C34BAA99A967E39E606562-->  <ISDIRECTPRINT><![CDATA[N]]></ISDIRECTPRINT>
<!--5059DC89F5C34BAA99A967E39E606562-->  <ISBACKGROUND><![CDATA[N]]></ISBACKGROUND>
<!--5059DC89F5C34BAA99A967E39E606562-->  <ISJASPER><![CDATA[Y]]></ISJASPER>
<!--5059DC89F5C34BAA99A967E39E606562-->  <JRNAME><![CDATA[@basedesign@/org/wirabumi/gen/oez/soawaitingsi/soawaitingsi.jrxml]]></JRNAME>
<!--5059DC89F5C34BAA99A967E39E606562-->  <ISEXTERNALSERVICE><![CDATA[N]]></ISEXTERNALSERVICE>
<!--5059DC89F5C34BAA99A967E39E606562-->  <AD_MODULE_ID><![CDATA[27445C8270364452BEB29669FBB21CED]]></AD_MODULE_ID>
<!--5059DC89F5C34BAA99A967E39E606562-->  <UIPATTERN><![CDATA[S]]></UIPATTERN>
<!--5059DC89F5C34BAA99A967E39E606562-->  <ISADVANCEDFEATURE><![CDATA[N]]></ISADVANCEDFEATURE>
<!--5059DC89F5C34BAA99A967E39E606562-->  <PREVENTCONCURRENT><![CDATA[N]]></PREVENTCONCURRENT>
<!--5059DC89F5C34BAA99A967E39E606562-->  <IS_EXPLICIT_ACCESS><![CDATA[N]]></IS_EXPLICIT_ACCESS>
<!--5059DC89F5C34BAA99A967E39E606562-->  <ISKILLABLE><![CDATA[N]]></ISKILLABLE>
<!--5059DC89F5C34BAA99A967E39E606562--></AD_PROCESS>

<!--692AEB22612F4A39B7912019D797FC2D--><AD_PROCESS>
<!--692AEB22612F4A39B7912019D797FC2D-->  <AD_PROCESS_ID><![CDATA[692AEB22612F4A39B7912019D797FC2D]]></AD_PROCESS_ID>
<!--692AEB22612F4A39B7912019D797FC2D-->  <AD_CLIENT_ID><![CDATA[0]]></AD_CLIENT_ID>
<!--692AEB22612F4A39B7912019D797FC2D-->  <AD_ORG_ID><![CDATA[0]]></AD_ORG_ID>
<!--692AEB22612F4A39B7912019D797FC2D-->  <ISACTIVE><![CDATA[Y]]></ISACTIVE>
<!--692AEB22612F4A39B7912019D797FC2D-->  <VALUE><![CDATA[ImportOrder]]></VALUE>
<!--692AEB22612F4A39B7912019D797FC2D-->  <NAME><![CDATA[Import Order]]></NAME>
<!--692AEB22612F4A39B7912019D797FC2D-->  <ACCESSLEVEL><![CDATA[7]]></ACCESSLEVEL>
<!--692AEB22612F4A39B7912019D797FC2D-->  <ISUSERSTARTABLE><![CDATA[N]]></ISUSERSTARTABLE>
<!--692AEB22612F4A39B7912019D797FC2D-->  <ISREPORT><![CDATA[N]]></ISREPORT>
<!--692AEB22612F4A39B7912019D797FC2D-->  <ISDIRECTPRINT><![CDATA[N]]></ISDIRECTPRINT>
<!--692AEB22612F4A39B7912019D797FC2D-->  <ISBACKGROUND><![CDATA[N]]></ISBACKGROUND>
<!--692AEB22612F4A39B7912019D797FC2D-->  <ISJASPER><![CDATA[N]]></ISJASPER>
<!--692AEB22612F4A39B7912019D797FC2D-->  <ISEXTERNALSERVICE><![CDATA[N]]></ISEXTERNALSERVICE>
<!--692AEB22612F4A39B7912019D797FC2D-->  <AD_MODULE_ID><![CDATA[27445C8270364452BEB29669FBB21CED]]></AD_MODULE_ID>
<!--692AEB22612F4A39B7912019D797FC2D-->  <UIPATTERN><![CDATA[S]]></UIPATTERN>
<!--692AEB22612F4A39B7912019D797FC2D-->  <ISADVANCEDFEATURE><![CDATA[N]]></ISADVANCEDFEATURE>
<!--692AEB22612F4A39B7912019D797FC2D-->  <PREVENTCONCURRENT><![CDATA[N]]></PREVENTCONCURRENT>
<!--692AEB22612F4A39B7912019D797FC2D-->  <IS_EXPLICIT_ACCESS><![CDATA[N]]></IS_EXPLICIT_ACCESS>
<!--692AEB22612F4A39B7912019D797FC2D-->  <ISKILLABLE><![CDATA[N]]></ISKILLABLE>
<!--692AEB22612F4A39B7912019D797FC2D--></AD_PROCESS>

<!--6A8A69B7F47E444DAACA0C142573D174--><AD_PROCESS>
<!--6A8A69B7F47E444DAACA0C142573D174-->  <AD_PROCESS_ID><![CDATA[6A8A69B7F47E444DAACA0C142573D174]]></AD_PROCESS_ID>
<!--6A8A69B7F47E444DAACA0C142573D174-->  <AD_CLIENT_ID><![CDATA[0]]></AD_CLIENT_ID>
<!--6A8A69B7F47E444DAACA0C142573D174-->  <AD_ORG_ID><![CDATA[0]]></AD_ORG_ID>
<!--6A8A69B7F47E444DAACA0C142573D174-->  <ISACTIVE><![CDATA[Y]]></ISACTIVE>
<!--6A8A69B7F47E444DAACA0C142573D174-->  <VALUE><![CDATA[ImportInvoice]]></VALUE>
<!--6A8A69B7F47E444DAACA0C142573D174-->  <NAME><![CDATA[Import Invoice]]></NAME>
<!--6A8A69B7F47E444DAACA0C142573D174-->  <ACCESSLEVEL><![CDATA[7]]></ACCESSLEVEL>
<!--6A8A69B7F47E444DAACA0C142573D174-->  <ISUSERSTARTABLE><![CDATA[N]]></ISUSERSTARTABLE>
<!--6A8A69B7F47E444DAACA0C142573D174-->  <ISREPORT><![CDATA[N]]></ISREPORT>
<!--6A8A69B7F47E444DAACA0C142573D174-->  <ISDIRECTPRINT><![CDATA[N]]></ISDIRECTPRINT>
<!--6A8A69B7F47E444DAACA0C142573D174-->  <ISBACKGROUND><![CDATA[N]]></ISBACKGROUND>
<!--6A8A69B7F47E444DAACA0C142573D174-->  <ISJASPER><![CDATA[N]]></ISJASPER>
<!--6A8A69B7F47E444DAACA0C142573D174-->  <ISEXTERNALSERVICE><![CDATA[N]]></ISEXTERNALSERVICE>
<!--6A8A69B7F47E444DAACA0C142573D174-->  <AD_MODULE_ID><![CDATA[27445C8270364452BEB29669FBB21CED]]></AD_MODULE_ID>
<!--6A8A69B7F47E444DAACA0C142573D174-->  <UIPATTERN><![CDATA[S]]></UIPATTERN>
<!--6A8A69B7F47E444DAACA0C142573D174-->  <ISADVANCEDFEATURE><![CDATA[N]]></ISADVANCEDFEATURE>
<!--6A8A69B7F47E444DAACA0C142573D174-->  <PREVENTCONCURRENT><![CDATA[N]]></PREVENTCONCURRENT>
<!--6A8A69B7F47E444DAACA0C142573D174-->  <IS_EXPLICIT_ACCESS><![CDATA[N]]></IS_EXPLICIT_ACCESS>
<!--6A8A69B7F47E444DAACA0C142573D174-->  <ISKILLABLE><![CDATA[N]]></ISKILLABLE>
<!--6A8A69B7F47E444DAACA0C142573D174--></AD_PROCESS>

<!--6B2A5CA4F9594F21B132F1048922EFBF--><AD_PROCESS>
<!--6B2A5CA4F9594F21B132F1048922EFBF-->  <AD_PROCESS_ID><![CDATA[6B2A5CA4F9594F21B132F1048922EFBF]]></AD_PROCESS_ID>
<!--6B2A5CA4F9594F21B132F1048922EFBF-->  <AD_CLIENT_ID><![CDATA[0]]></AD_CLIENT_ID>
<!--6B2A5CA4F9594F21B132F1048922EFBF-->  <AD_ORG_ID><![CDATA[0]]></AD_ORG_ID>
<!--6B2A5CA4F9594F21B132F1048922EFBF-->  <ISACTIVE><![CDATA[Y]]></ISACTIVE>
<!--6B2A5CA4F9594F21B132F1048922EFBF-->  <VALUE><![CDATA[oez_imp_m_inout]]></VALUE>
<!--6B2A5CA4F9594F21B132F1048922EFBF-->  <NAME><![CDATA[oez_imp_m_inout]]></NAME>
<!--6B2A5CA4F9594F21B132F1048922EFBF-->  <DESCRIPTION><![CDATA[Import Receipt/Shipment]]></DESCRIPTION>
<!--6B2A5CA4F9594F21B132F1048922EFBF-->  <HELP><![CDATA[The Parameters are default values for null import record values, they do not overwrite any data.]]></HELP>
<!--6B2A5CA4F9594F21B132F1048922EFBF-->  <ACCESSLEVEL><![CDATA[3]]></ACCESSLEVEL>
<!--6B2A5CA4F9594F21B132F1048922EFBF-->  <ISUSERSTARTABLE><![CDATA[N]]></ISUSERSTARTABLE>
<!--6B2A5CA4F9594F21B132F1048922EFBF-->  <PROCEDURENAME><![CDATA[oez_imp_m_inout]]></PROCEDURENAME>
<!--6B2A5CA4F9594F21B132F1048922EFBF-->  <ISREPORT><![CDATA[N]]></ISREPORT>
<!--6B2A5CA4F9594F21B132F1048922EFBF-->  <ISDIRECTPRINT><![CDATA[N]]></ISDIRECTPRINT>
<!--6B2A5CA4F9594F21B132F1048922EFBF-->  <ISBACKGROUND><![CDATA[N]]></ISBACKGROUND>
<!--6B2A5CA4F9594F21B132F1048922EFBF-->  <ISJASPER><![CDATA[N]]></ISJASPER>
<!--6B2A5CA4F9594F21B132F1048922EFBF-->  <ISEXTERNALSERVICE><![CDATA[N]]></ISEXTERNALSERVICE>
<!--6B2A5CA4F9594F21B132F1048922EFBF-->  <AD_MODULE_ID><![CDATA[27445C8270364452BEB29669FBB21CED]]></AD_MODULE_ID>
<!--6B2A5CA4F9594F21B132F1048922EFBF-->  <UIPATTERN><![CDATA[S]]></UIPATTERN>
<!--6B2A5CA4F9594F21B132F1048922EFBF-->  <ISADVANCEDFEATURE><![CDATA[N]]></ISADVANCEDFEATURE>
<!--6B2A5CA4F9594F21B132F1048922EFBF-->  <PREVENTCONCURRENT><![CDATA[N]]></PREVENTCONCURRENT>
<!--6B2A5CA4F9594F21B132F1048922EFBF-->  <IS_EXPLICIT_ACCESS><![CDATA[N]]></IS_EXPLICIT_ACCESS>
<!--6B2A5CA4F9594F21B132F1048922EFBF-->  <ISKILLABLE><![CDATA[N]]></ISKILLABLE>
<!--6B2A5CA4F9594F21B132F1048922EFBF--></AD_PROCESS>

<!--6DBBB591113D41AABDD74515D7E50480--><AD_PROCESS>
<!--6DBBB591113D41AABDD74515D7E50480-->  <AD_PROCESS_ID><![CDATA[6DBBB591113D41AABDD74515D7E50480]]></AD_PROCESS_ID>
<!--6DBBB591113D41AABDD74515D7E50480-->  <AD_CLIENT_ID><![CDATA[0]]></AD_CLIENT_ID>
<!--6DBBB591113D41AABDD74515D7E50480-->  <AD_ORG_ID><![CDATA[0]]></AD_ORG_ID>
<!--6DBBB591113D41AABDD74515D7E50480-->  <ISACTIVE><![CDATA[Y]]></ISACTIVE>
<!--6DBBB591113D41AABDD74515D7E50480-->  <VALUE><![CDATA[ReimburseGRtoCustomer]]></VALUE>
<!--6DBBB591113D41AABDD74515D7E50480-->  <NAME><![CDATA[Reimburse GR to Customer]]></NAME>
<!--6DBBB591113D41AABDD74515D7E50480-->  <DESCRIPTION><![CDATA[Reimburse to Customer]]></DESCRIPTION>
<!--6DBBB591113D41AABDD74515D7E50480-->  <HELP><![CDATA[Create Goods Shipment and Sales Invoice for reimbursment based on this Goods Receipt. There is no profit margin in created Sales Invoice since this is reimbursment invoice.]]></HELP>
<!--6DBBB591113D41AABDD74515D7E50480-->  <ACCESSLEVEL><![CDATA[7]]></ACCESSLEVEL>
<!--6DBBB591113D41AABDD74515D7E50480-->  <ISUSERSTARTABLE><![CDATA[N]]></ISUSERSTARTABLE>
<!--6DBBB591113D41AABDD74515D7E50480-->  <ISREPORT><![CDATA[N]]></ISREPORT>
<!--6DBBB591113D41AABDD74515D7E50480-->  <ISDIRECTPRINT><![CDATA[N]]></ISDIRECTPRINT>
<!--6DBBB591113D41AABDD74515D7E50480-->  <ISBACKGROUND><![CDATA[N]]></ISBACKGROUND>
<!--6DBBB591113D41AABDD74515D7E50480-->  <ISJASPER><![CDATA[N]]></ISJASPER>
<!--6DBBB591113D41AABDD74515D7E50480-->  <ISEXTERNALSERVICE><![CDATA[N]]></ISEXTERNALSERVICE>
<!--6DBBB591113D41AABDD74515D7E50480-->  <AD_MODULE_ID><![CDATA[27445C8270364452BEB29669FBB21CED]]></AD_MODULE_ID>
<!--6DBBB591113D41AABDD74515D7E50480-->  <UIPATTERN><![CDATA[S]]></UIPATTERN>
<!--6DBBB591113D41AABDD74515D7E50480-->  <ISADVANCEDFEATURE><![CDATA[N]]></ISADVANCEDFEATURE>
<!--6DBBB591113D41AABDD74515D7E50480-->  <PREVENTCONCURRENT><![CDATA[N]]></PREVENTCONCURRENT>
<!--6DBBB591113D41AABDD74515D7E50480-->  <IS_EXPLICIT_ACCESS><![CDATA[N]]></IS_EXPLICIT_ACCESS>
<!--6DBBB591113D41AABDD74515D7E50480-->  <ISKILLABLE><![CDATA[N]]></ISKILLABLE>
<!--6DBBB591113D41AABDD74515D7E50480--></AD_PROCESS>

<!--74C7F572A6B54BFEB85EA6830B9E826A--><AD_PROCESS>
<!--74C7F572A6B54BFEB85EA6830B9E826A-->  <AD_PROCESS_ID><![CDATA[74C7F572A6B54BFEB85EA6830B9E826A]]></AD_PROCESS_ID>
<!--74C7F572A6B54BFEB85EA6830B9E826A-->  <AD_CLIENT_ID><![CDATA[0]]></AD_CLIENT_ID>
<!--74C7F572A6B54BFEB85EA6830B9E826A-->  <AD_ORG_ID><![CDATA[0]]></AD_ORG_ID>
<!--74C7F572A6B54BFEB85EA6830B9E826A-->  <ISACTIVE><![CDATA[Y]]></ISACTIVE>
<!--74C7F572A6B54BFEB85EA6830B9E826A-->  <VALUE><![CDATA[Standard costing valued stock report]]></VALUE>
<!--74C7F572A6B54BFEB85EA6830B9E826A-->  <NAME><![CDATA[Standard Costing Valued Stock Report]]></NAME>
<!--74C7F572A6B54BFEB85EA6830B9E826A-->  <DESCRIPTION><![CDATA[Standard Costing Valued Stock Report]]></DESCRIPTION>
<!--74C7F572A6B54BFEB85EA6830B9E826A-->  <HELP><![CDATA[valued stock report using standard costing method.]]></HELP>
<!--74C7F572A6B54BFEB85EA6830B9E826A-->  <ACCESSLEVEL><![CDATA[3]]></ACCESSLEVEL>
<!--74C7F572A6B54BFEB85EA6830B9E826A-->  <ISUSERSTARTABLE><![CDATA[N]]></ISUSERSTARTABLE>
<!--74C7F572A6B54BFEB85EA6830B9E826A-->  <ISREPORT><![CDATA[N]]></ISREPORT>
<!--74C7F572A6B54BFEB85EA6830B9E826A-->  <ISDIRECTPRINT><![CDATA[N]]></ISDIRECTPRINT>
<!--74C7F572A6B54BFEB85EA6830B9E826A-->  <ISBACKGROUND><![CDATA[N]]></ISBACKGROUND>
<!--74C7F572A6B54BFEB85EA6830B9E826A-->  <ISJASPER><![CDATA[Y]]></ISJASPER>
<!--74C7F572A6B54BFEB85EA6830B9E826A-->  <JRNAME><![CDATA[@basedesign@/org/wirabumi/gen/oez/standardcostingvaluedstockreport.jrxml]]></JRNAME>
<!--74C7F572A6B54BFEB85EA6830B9E826A-->  <ISEXTERNALSERVICE><![CDATA[N]]></ISEXTERNALSERVICE>
<!--74C7F572A6B54BFEB85EA6830B9E826A-->  <AD_MODULE_ID><![CDATA[27445C8270364452BEB29669FBB21CED]]></AD_MODULE_ID>
<!--74C7F572A6B54BFEB85EA6830B9E826A-->  <UIPATTERN><![CDATA[S]]></UIPATTERN>
<!--74C7F572A6B54BFEB85EA6830B9E826A-->  <ISADVANCEDFEATURE><![CDATA[N]]></ISADVANCEDFEATURE>
<!--74C7F572A6B54BFEB85EA6830B9E826A-->  <PREVENTCONCURRENT><![CDATA[N]]></PREVENTCONCURRENT>
<!--74C7F572A6B54BFEB85EA6830B9E826A-->  <IS_EXPLICIT_ACCESS><![CDATA[N]]></IS_EXPLICIT_ACCESS>
<!--74C7F572A6B54BFEB85EA6830B9E826A-->  <ISKILLABLE><![CDATA[N]]></ISKILLABLE>
<!--74C7F572A6B54BFEB85EA6830B9E826A--></AD_PROCESS>

<!--77B4C27E61674B9595DE2ADA83B99925--><AD_PROCESS>
<!--77B4C27E61674B9595DE2ADA83B99925-->  <AD_PROCESS_ID><![CDATA[77B4C27E61674B9595DE2ADA83B99925]]></AD_PROCESS_ID>
<!--77B4C27E61674B9595DE2ADA83B99925-->  <AD_CLIENT_ID><![CDATA[0]]></AD_CLIENT_ID>
<!--77B4C27E61674B9595DE2ADA83B99925-->  <AD_ORG_ID><![CDATA[0]]></AD_ORG_ID>
<!--77B4C27E61674B9595DE2ADA83B99925-->  <ISACTIVE><![CDATA[Y]]></ISACTIVE>
<!--77B4C27E61674B9595DE2ADA83B99925-->  <VALUE><![CDATA[PO Awaiting GR Report]]></VALUE>
<!--77B4C27E61674B9595DE2ADA83B99925-->  <NAME><![CDATA[Purchase Order Awaiting Goods Receipt Report]]></NAME>
<!--77B4C27E61674B9595DE2ADA83B99925-->  <DESCRIPTION><![CDATA[Purchase Order Awaiting Goods Receipt Report]]></DESCRIPTION>
<!--77B4C27E61674B9595DE2ADA83B99925-->  <HELP><![CDATA[List of item inside purchase order which not received yet.]]></HELP>
<!--77B4C27E61674B9595DE2ADA83B99925-->  <ACCESSLEVEL><![CDATA[3]]></ACCESSLEVEL>
<!--77B4C27E61674B9595DE2ADA83B99925-->  <ISUSERSTARTABLE><![CDATA[N]]></ISUSERSTARTABLE>
<!--77B4C27E61674B9595DE2ADA83B99925-->  <ISREPORT><![CDATA[N]]></ISREPORT>
<!--77B4C27E61674B9595DE2ADA83B99925-->  <ISDIRECTPRINT><![CDATA[N]]></ISDIRECTPRINT>
<!--77B4C27E61674B9595DE2ADA83B99925-->  <ISBACKGROUND><![CDATA[N]]></ISBACKGROUND>
<!--77B4C27E61674B9595DE2ADA83B99925-->  <ISJASPER><![CDATA[Y]]></ISJASPER>
<!--77B4C27E61674B9595DE2ADA83B99925-->  <JRNAME><![CDATA[@basedesign@/org/wirabumi/gen/oez/PoAwaitingGr.jrxml]]></JRNAME>
<!--77B4C27E61674B9595DE2ADA83B99925-->  <ISEXTERNALSERVICE><![CDATA[N]]></ISEXTERNALSERVICE>
<!--77B4C27E61674B9595DE2ADA83B99925-->  <AD_MODULE_ID><![CDATA[27445C8270364452BEB29669FBB21CED]]></AD_MODULE_ID>
<!--77B4C27E61674B9595DE2ADA83B99925-->  <UIPATTERN><![CDATA[S]]></UIPATTERN>
<!--77B4C27E61674B9595DE2ADA83B99925-->  <ISADVANCEDFEATURE><![CDATA[N]]></ISADVANCEDFEATURE>
<!--77B4C27E61674B9595DE2ADA83B99925-->  <PREVENTCONCURRENT><![CDATA[N]]></PREVENTCONCURRENT>
<!--77B4C27E61674B9595DE2ADA83B99925-->  <IS_EXPLICIT_ACCESS><![CDATA[N]]></IS_EXPLICIT_ACCESS>
<!--77B4C27E61674B9595DE2ADA83B99925-->  <ISKILLABLE><![CDATA[N]]></ISKILLABLE>
<!--77B4C27E61674B9595DE2ADA83B99925--></AD_PROCESS>

<!--79C2622162B6439E96A15E366ACF326C--><AD_PROCESS>
<!--79C2622162B6439E96A15E366ACF326C-->  <AD_PROCESS_ID><![CDATA[79C2622162B6439E96A15E366ACF326C]]></AD_PROCESS_ID>
<!--79C2622162B6439E96A15E366ACF326C-->  <AD_CLIENT_ID><![CDATA[0]]></AD_CLIENT_ID>
<!--79C2622162B6439E96A15E366ACF326C-->  <AD_ORG_ID><![CDATA[0]]></AD_ORG_ID>
<!--79C2622162B6439E96A15E366ACF326C-->  <ISACTIVE><![CDATA[Y]]></ISACTIVE>
<!--79C2622162B6439E96A15E366ACF326C-->  <VALUE><![CDATA[Stock Aging Report]]></VALUE>
<!--79C2622162B6439E96A15E366ACF326C-->  <NAME><![CDATA[Stock Aging Report]]></NAME>
<!--79C2622162B6439E96A15E366ACF326C-->  <DESCRIPTION><![CDATA[Stock Aging Report]]></DESCRIPTION>
<!--79C2622162B6439E96A15E366ACF326C-->  <HELP><![CDATA[Report to show how long (in days) item exists in the warehouse.]]></HELP>
<!--79C2622162B6439E96A15E366ACF326C-->  <ACCESSLEVEL><![CDATA[3]]></ACCESSLEVEL>
<!--79C2622162B6439E96A15E366ACF326C-->  <ISUSERSTARTABLE><![CDATA[N]]></ISUSERSTARTABLE>
<!--79C2622162B6439E96A15E366ACF326C-->  <ISREPORT><![CDATA[N]]></ISREPORT>
<!--79C2622162B6439E96A15E366ACF326C-->  <ISDIRECTPRINT><![CDATA[N]]></ISDIRECTPRINT>
<!--79C2622162B6439E96A15E366ACF326C-->  <ISBACKGROUND><![CDATA[N]]></ISBACKGROUND>
<!--79C2622162B6439E96A15E366ACF326C-->  <ISJASPER><![CDATA[Y]]></ISJASPER>
<!--79C2622162B6439E96A15E366ACF326C-->  <JRNAME><![CDATA[@basedesign@/org/wirabumi/gen/oez/stockaging/stockaging.jrxml]]></JRNAME>
<!--79C2622162B6439E96A15E366ACF326C-->  <ISEXTERNALSERVICE><![CDATA[N]]></ISEXTERNALSERVICE>
<!--79C2622162B6439E96A15E366ACF326C-->  <AD_MODULE_ID><![CDATA[27445C8270364452BEB29669FBB21CED]]></AD_MODULE_ID>
<!--79C2622162B6439E96A15E366ACF326C-->  <UIPATTERN><![CDATA[S]]></UIPATTERN>
<!--79C2622162B6439E96A15E366ACF326C-->  <ISADVANCEDFEATURE><![CDATA[N]]></ISADVANCEDFEATURE>
<!--79C2622162B6439E96A15E366ACF326C-->  <PREVENTCONCURRENT><![CDATA[N]]></PREVENTCONCURRENT>
<!--79C2622162B6439E96A15E366ACF326C-->  <IS_EXPLICIT_ACCESS><![CDATA[N]]></IS_EXPLICIT_ACCESS>
<!--79C2622162B6439E96A15E366ACF326C-->  <ISKILLABLE><![CDATA[N]]></ISKILLABLE>
<!--79C2622162B6439E96A15E366ACF326C--></AD_PROCESS>

<!--79DBF462188A4DA5B25709DAECC387BF--><AD_PROCESS>
<!--79DBF462188A4DA5B25709DAECC387BF-->  <AD_PROCESS_ID><![CDATA[79DBF462188A4DA5B25709DAECC387BF]]></AD_PROCESS_ID>
<!--79DBF462188A4DA5B25709DAECC387BF-->  <AD_CLIENT_ID><![CDATA[0]]></AD_CLIENT_ID>
<!--79DBF462188A4DA5B25709DAECC387BF-->  <AD_ORG_ID><![CDATA[0]]></AD_ORG_ID>
<!--79DBF462188A4DA5B25709DAECC387BF-->  <ISACTIVE><![CDATA[Y]]></ISACTIVE>
<!--79DBF462188A4DA5B25709DAECC387BF-->  <VALUE><![CDATA[Process Import Budget]]></VALUE>
<!--79DBF462188A4DA5B25709DAECC387BF-->  <NAME><![CDATA[Process Import Budget]]></NAME>
<!--79DBF462188A4DA5B25709DAECC387BF-->  <DESCRIPTION><![CDATA[Import Budget]]></DESCRIPTION>
<!--79DBF462188A4DA5B25709DAECC387BF-->  <HELP><![CDATA[Import budget from temporary table (origanally from CSV) to Budget.]]></HELP>
<!--79DBF462188A4DA5B25709DAECC387BF-->  <ACCESSLEVEL><![CDATA[3]]></ACCESSLEVEL>
<!--79DBF462188A4DA5B25709DAECC387BF-->  <ISUSERSTARTABLE><![CDATA[N]]></ISUSERSTARTABLE>
<!--79DBF462188A4DA5B25709DAECC387BF-->  <PROCEDURENAME><![CDATA[oez_import_budget]]></PROCEDURENAME>
<!--79DBF462188A4DA5B25709DAECC387BF-->  <ISREPORT><![CDATA[N]]></ISREPORT>
<!--79DBF462188A4DA5B25709DAECC387BF-->  <ISDIRECTPRINT><![CDATA[N]]></ISDIRECTPRINT>
<!--79DBF462188A4DA5B25709DAECC387BF-->  <ISBACKGROUND><![CDATA[N]]></ISBACKGROUND>
<!--79DBF462188A4DA5B25709DAECC387BF-->  <ISJASPER><![CDATA[N]]></ISJASPER>
<!--79DBF462188A4DA5B25709DAECC387BF-->  <ISEXTERNALSERVICE><![CDATA[N]]></ISEXTERNALSERVICE>
<!--79DBF462188A4DA5B25709DAECC387BF-->  <AD_MODULE_ID><![CDATA[27445C8270364452BEB29669FBB21CED]]></AD_MODULE_ID>
<!--79DBF462188A4DA5B25709DAECC387BF-->  <UIPATTERN><![CDATA[S]]></UIPATTERN>
<!--79DBF462188A4DA5B25709DAECC387BF-->  <ISADVANCEDFEATURE><![CDATA[N]]></ISADVANCEDFEATURE>
<!--79DBF462188A4DA5B25709DAECC387BF-->  <PREVENTCONCURRENT><![CDATA[N]]></PREVENTCONCURRENT>
<!--79DBF462188A4DA5B25709DAECC387BF-->  <IS_EXPLICIT_ACCESS><![CDATA[N]]></IS_EXPLICIT_ACCESS>
<!--79DBF462188A4DA5B25709DAECC387BF-->  <ISKILLABLE><![CDATA[N]]></ISKILLABLE>
<!--79DBF462188A4DA5B25709DAECC387BF--></AD_PROCESS>

<!--7BFDF49C41354EE49E9BE08C3E3C1B3E--><AD_PROCESS>
<!--7BFDF49C41354EE49E9BE08C3E3C1B3E-->  <AD_PROCESS_ID><![CDATA[7BFDF49C41354EE49E9BE08C3E3C1B3E]]></AD_PROCESS_ID>
<!--7BFDF49C41354EE49E9BE08C3E3C1B3E-->  <AD_CLIENT_ID><![CDATA[0]]></AD_CLIENT_ID>
<!--7BFDF49C41354EE49E9BE08C3E3C1B3E-->  <AD_ORG_ID><![CDATA[0]]></AD_ORG_ID>
<!--7BFDF49C41354EE49E9BE08C3E3C1B3E-->  <ISACTIVE><![CDATA[Y]]></ISACTIVE>
<!--7BFDF49C41354EE49E9BE08C3E3C1B3E-->  <VALUE><![CDATA[Import Product Cost]]></VALUE>
<!--7BFDF49C41354EE49E9BE08C3E3C1B3E-->  <NAME><![CDATA[Import Product Cost]]></NAME>
<!--7BFDF49C41354EE49E9BE08C3E3C1B3E-->  <DESCRIPTION><![CDATA[Import Product Cost]]></DESCRIPTION>
<!--7BFDF49C41354EE49E9BE08C3E3C1B3E-->  <HELP><![CDATA[Import Product Cost to define the latest costing at the begining of accounting period. By providing the product cost you are allowed to see the valued stock value, and also post the 1st Goods Receipt document. Beside that, you will get matched value of your inventory in the warehouse and in your balance sheet.]]></HELP>
<!--7BFDF49C41354EE49E9BE08C3E3C1B3E-->  <ACCESSLEVEL><![CDATA[7]]></ACCESSLEVEL>
<!--7BFDF49C41354EE49E9BE08C3E3C1B3E-->  <ISUSERSTARTABLE><![CDATA[N]]></ISUSERSTARTABLE>
<!--7BFDF49C41354EE49E9BE08C3E3C1B3E-->  <PROCEDURENAME><![CDATA[oez_importproductcost]]></PROCEDURENAME>
<!--7BFDF49C41354EE49E9BE08C3E3C1B3E-->  <ISREPORT><![CDATA[N]]></ISREPORT>
<!--7BFDF49C41354EE49E9BE08C3E3C1B3E-->  <ISDIRECTPRINT><![CDATA[N]]></ISDIRECTPRINT>
<!--7BFDF49C41354EE49E9BE08C3E3C1B3E-->  <ISBACKGROUND><![CDATA[N]]></ISBACKGROUND>
<!--7BFDF49C41354EE49E9BE08C3E3C1B3E-->  <ISJASPER><![CDATA[N]]></ISJASPER>
<!--7BFDF49C41354EE49E9BE08C3E3C1B3E-->  <ISEXTERNALSERVICE><![CDATA[N]]></ISEXTERNALSERVICE>
<!--7BFDF49C41354EE49E9BE08C3E3C1B3E-->  <AD_MODULE_ID><![CDATA[27445C8270364452BEB29669FBB21CED]]></AD_MODULE_ID>
<!--7BFDF49C41354EE49E9BE08C3E3C1B3E-->  <UIPATTERN><![CDATA[S]]></UIPATTERN>
<!--7BFDF49C41354EE49E9BE08C3E3C1B3E-->  <ISADVANCEDFEATURE><![CDATA[N]]></ISADVANCEDFEATURE>
<!--7BFDF49C41354EE49E9BE08C3E3C1B3E-->  <PREVENTCONCURRENT><![CDATA[N]]></PREVENTCONCURRENT>
<!--7BFDF49C41354EE49E9BE08C3E3C1B3E-->  <IS_EXPLICIT_ACCESS><![CDATA[N]]></IS_EXPLICIT_ACCESS>
<!--7BFDF49C41354EE49E9BE08C3E3C1B3E-->  <ISKILLABLE><![CDATA[N]]></ISKILLABLE>
<!--7BFDF49C41354EE49E9BE08C3E3C1B3E--></AD_PROCESS>

<!--7DF6E9F1E2CF4B008F58C6B4C813B4CD--><AD_PROCESS>
<!--7DF6E9F1E2CF4B008F58C6B4C813B4CD-->  <AD_PROCESS_ID><![CDATA[7DF6E9F1E2CF4B008F58C6B4C813B4CD]]></AD_PROCESS_ID>
<!--7DF6E9F1E2CF4B008F58C6B4C813B4CD-->  <AD_CLIENT_ID><![CDATA[0]]></AD_CLIENT_ID>
<!--7DF6E9F1E2CF4B008F58C6B4C813B4CD-->  <AD_ORG_ID><![CDATA[0]]></AD_ORG_ID>
<!--7DF6E9F1E2CF4B008F58C6B4C813B4CD-->  <ISACTIVE><![CDATA[Y]]></ISACTIVE>
<!--7DF6E9F1E2CF4B008F58C6B4C813B4CD-->  <VALUE><![CDATA[GenerateStandardCostBackground]]></VALUE>
<!--7DF6E9F1E2CF4B008F58C6B4C813B4CD-->  <NAME><![CDATA[Generate Standard Cost Background]]></NAME>
<!--7DF6E9F1E2CF4B008F58C6B4C813B4CD-->  <DESCRIPTION><![CDATA[Generate Standard Cost Background]]></DESCRIPTION>
<!--7DF6E9F1E2CF4B008F58C6B4C813B4CD-->  <HELP><![CDATA[background process untuk membantu membuatkan record standard cost. record standard cost dibuatkan untuk proses transisi pada organisasi yang baru saja menggunakan openbravo. Standard cost dibuat berdasarkan pembelian pertama.]]></HELP>
<!--7DF6E9F1E2CF4B008F58C6B4C813B4CD-->  <ACCESSLEVEL><![CDATA[3]]></ACCESSLEVEL>
<!--7DF6E9F1E2CF4B008F58C6B4C813B4CD-->  <ISUSERSTARTABLE><![CDATA[N]]></ISUSERSTARTABLE>
<!--7DF6E9F1E2CF4B008F58C6B4C813B4CD-->  <ISREPORT><![CDATA[N]]></ISREPORT>
<!--7DF6E9F1E2CF4B008F58C6B4C813B4CD-->  <ISDIRECTPRINT><![CDATA[N]]></ISDIRECTPRINT>
<!--7DF6E9F1E2CF4B008F58C6B4C813B4CD-->  <CLASSNAME><![CDATA[org.wirabumi.gen.oez.ad_process.GenerateStandardCostBackground]]></CLASSNAME>
<!--7DF6E9F1E2CF4B008F58C6B4C813B4CD-->  <ISBACKGROUND><![CDATA[Y]]></ISBACKGROUND>
<!--7DF6E9F1E2CF4B008F58C6B4C813B4CD-->  <ISJASPER><![CDATA[N]]></ISJASPER>
<!--7DF6E9F1E2CF4B008F58C6B4C813B4CD-->  <ISEXTERNALSERVICE><![CDATA[N]]></ISEXTERNALSERVICE>
<!--7DF6E9F1E2CF4B008F58C6B4C813B4CD-->  <AD_MODULE_ID><![CDATA[27445C8270364452BEB29669FBB21CED]]></AD_MODULE_ID>
<!--7DF6E9F1E2CF4B008F58C6B4C813B4CD-->  <UIPATTERN><![CDATA[M]]></UIPATTERN>
<!--7DF6E9F1E2CF4B008F58C6B4C813B4CD-->  <ISADVANCEDFEATURE><![CDATA[N]]></ISADVANCEDFEATURE>
<!--7DF6E9F1E2CF4B008F58C6B4C813B4CD-->  <PREVENTCONCURRENT><![CDATA[N]]></PREVENTCONCURRENT>
<!--7DF6E9F1E2CF4B008F58C6B4C813B4CD-->  <IS_EXPLICIT_ACCESS><![CDATA[N]]></IS_EXPLICIT_ACCESS>
<!--7DF6E9F1E2CF4B008F58C6B4C813B4CD-->  <ISKILLABLE><![CDATA[N]]></ISKILLABLE>
<!--7DF6E9F1E2CF4B008F58C6B4C813B4CD--></AD_PROCESS>

<!--8F5EF0FCF01C41D2AA51E16CFD697D6E--><AD_PROCESS>
<!--8F5EF0FCF01C41D2AA51E16CFD697D6E-->  <AD_PROCESS_ID><![CDATA[8F5EF0FCF01C41D2AA51E16CFD697D6E]]></AD_PROCESS_ID>
<!--8F5EF0FCF01C41D2AA51E16CFD697D6E-->  <AD_CLIENT_ID><![CDATA[0]]></AD_CLIENT_ID>
<!--8F5EF0FCF01C41D2AA51E16CFD697D6E-->  <AD_ORG_ID><![CDATA[0]]></AD_ORG_ID>
<!--8F5EF0FCF01C41D2AA51E16CFD697D6E-->  <ISACTIVE><![CDATA[Y]]></ISACTIVE>
<!--8F5EF0FCF01C41D2AA51E16CFD697D6E-->  <VALUE><![CDATA[PO Awaiting PI Report]]></VALUE>
<!--8F5EF0FCF01C41D2AA51E16CFD697D6E-->  <NAME><![CDATA[Purchase Order Awaiting Purchase Invoice Report]]></NAME>
<!--8F5EF0FCF01C41D2AA51E16CFD697D6E-->  <DESCRIPTION><![CDATA[Purchase Order Awaiting Purchase Invoice Report]]></DESCRIPTION>
<!--8F5EF0FCF01C41D2AA51E16CFD697D6E-->  <HELP><![CDATA[Report to show purchase order without purchase invoice.]]></HELP>
<!--8F5EF0FCF01C41D2AA51E16CFD697D6E-->  <ACCESSLEVEL><![CDATA[3]]></ACCESSLEVEL>
<!--8F5EF0FCF01C41D2AA51E16CFD697D6E-->  <ISUSERSTARTABLE><![CDATA[N]]></ISUSERSTARTABLE>
<!--8F5EF0FCF01C41D2AA51E16CFD697D6E-->  <ISREPORT><![CDATA[N]]></ISREPORT>
<!--8F5EF0FCF01C41D2AA51E16CFD697D6E-->  <ISDIRECTPRINT><![CDATA[N]]></ISDIRECTPRINT>
<!--8F5EF0FCF01C41D2AA51E16CFD697D6E-->  <ISBACKGROUND><![CDATA[N]]></ISBACKGROUND>
<!--8F5EF0FCF01C41D2AA51E16CFD697D6E-->  <ISJASPER><![CDATA[Y]]></ISJASPER>
<!--8F5EF0FCF01C41D2AA51E16CFD697D6E-->  <JRNAME><![CDATA[@basedesign@/org/wirabumi/gen/oez/poawaitingpi/poawaitingpi.jrxml]]></JRNAME>
<!--8F5EF0FCF01C41D2AA51E16CFD697D6E-->  <ISEXTERNALSERVICE><![CDATA[N]]></ISEXTERNALSERVICE>
<!--8F5EF0FCF01C41D2AA51E16CFD697D6E-->  <AD_MODULE_ID><![CDATA[27445C8270364452BEB29669FBB21CED]]></AD_MODULE_ID>
<!--8F5EF0FCF01C41D2AA51E16CFD697D6E-->  <UIPATTERN><![CDATA[S]]></UIPATTERN>
<!--8F5EF0FCF01C41D2AA51E16CFD697D6E-->  <ISADVANCEDFEATURE><![CDATA[N]]></ISADVANCEDFEATURE>
<!--8F5EF0FCF01C41D2AA51E16CFD697D6E-->  <PREVENTCONCURRENT><![CDATA[N]]></PREVENTCONCURRENT>
<!--8F5EF0FCF01C41D2AA51E16CFD697D6E-->  <IS_EXPLICIT_ACCESS><![CDATA[N]]></IS_EXPLICIT_ACCESS>
<!--8F5EF0FCF01C41D2AA51E16CFD697D6E-->  <ISKILLABLE><![CDATA[N]]></ISKILLABLE>
<!--8F5EF0FCF01C41D2AA51E16CFD697D6E--></AD_PROCESS>

<!--9128A01FDF49406BBE7C19479DAC4414--><AD_PROCESS>
<!--9128A01FDF49406BBE7C19479DAC4414-->  <AD_PROCESS_ID><![CDATA[9128A01FDF49406BBE7C19479DAC4414]]></AD_PROCESS_ID>
<!--9128A01FDF49406BBE7C19479DAC4414-->  <AD_CLIENT_ID><![CDATA[0]]></AD_CLIENT_ID>
<!--9128A01FDF49406BBE7C19479DAC4414-->  <AD_ORG_ID><![CDATA[0]]></AD_ORG_ID>
<!--9128A01FDF49406BBE7C19479DAC4414-->  <ISACTIVE><![CDATA[Y]]></ISACTIVE>
<!--9128A01FDF49406BBE7C19479DAC4414-->  <VALUE><![CDATA[ResetDocNo]]></VALUE>
<!--9128A01FDF49406BBE7C19479DAC4414-->  <NAME><![CDATA[Reset Document Sequence]]></NAME>
<!--9128A01FDF49406BBE7C19479DAC4414-->  <DESCRIPTION><![CDATA[Reset Document Sequence]]></DESCRIPTION>
<!--9128A01FDF49406BBE7C19479DAC4414-->  <HELP><![CDATA[Help Reset Document Sequence]]></HELP>
<!--9128A01FDF49406BBE7C19479DAC4414-->  <ACCESSLEVEL><![CDATA[3]]></ACCESSLEVEL>
<!--9128A01FDF49406BBE7C19479DAC4414-->  <ISUSERSTARTABLE><![CDATA[N]]></ISUSERSTARTABLE>
<!--9128A01FDF49406BBE7C19479DAC4414-->  <ISREPORT><![CDATA[N]]></ISREPORT>
<!--9128A01FDF49406BBE7C19479DAC4414-->  <ISDIRECTPRINT><![CDATA[N]]></ISDIRECTPRINT>
<!--9128A01FDF49406BBE7C19479DAC4414-->  <ISBACKGROUND><![CDATA[N]]></ISBACKGROUND>
<!--9128A01FDF49406BBE7C19479DAC4414-->  <ISJASPER><![CDATA[N]]></ISJASPER>
<!--9128A01FDF49406BBE7C19479DAC4414-->  <ISEXTERNALSERVICE><![CDATA[N]]></ISEXTERNALSERVICE>
<!--9128A01FDF49406BBE7C19479DAC4414-->  <AD_MODULE_ID><![CDATA[27445C8270364452BEB29669FBB21CED]]></AD_MODULE_ID>
<!--9128A01FDF49406BBE7C19479DAC4414-->  <UIPATTERN><![CDATA[S]]></UIPATTERN>
<!--9128A01FDF49406BBE7C19479DAC4414-->  <ISADVANCEDFEATURE><![CDATA[N]]></ISADVANCEDFEATURE>
<!--9128A01FDF49406BBE7C19479DAC4414-->  <PREVENTCONCURRENT><![CDATA[N]]></PREVENTCONCURRENT>
<!--9128A01FDF49406BBE7C19479DAC4414-->  <IS_EXPLICIT_ACCESS><![CDATA[N]]></IS_EXPLICIT_ACCESS>
<!--9128A01FDF49406BBE7C19479DAC4414-->  <ISKILLABLE><![CDATA[N]]></ISKILLABLE>
<!--9128A01FDF49406BBE7C19479DAC4414--></AD_PROCESS>

<!--926199266113402BAEEDAA0DA770E935--><AD_PROCESS>
<!--926199266113402BAEEDAA0DA770E935-->  <AD_PROCESS_ID><![CDATA[926199266113402BAEEDAA0DA770E935]]></AD_PROCESS_ID>
<!--926199266113402BAEEDAA0DA770E935-->  <AD_CLIENT_ID><![CDATA[0]]></AD_CLIENT_ID>
<!--926199266113402BAEEDAA0DA770E935-->  <AD_ORG_ID><![CDATA[0]]></AD_ORG_ID>
<!--926199266113402BAEEDAA0DA770E935-->  <ISACTIVE><![CDATA[Y]]></ISACTIVE>
<!--926199266113402BAEEDAA0DA770E935-->  <VALUE><![CDATA[ProcessImportInvoice]]></VALUE>
<!--926199266113402BAEEDAA0DA770E935-->  <NAME><![CDATA[Process Import Invoice]]></NAME>
<!--926199266113402BAEEDAA0DA770E935-->  <ACCESSLEVEL><![CDATA[3]]></ACCESSLEVEL>
<!--926199266113402BAEEDAA0DA770E935-->  <ISUSERSTARTABLE><![CDATA[N]]></ISUSERSTARTABLE>
<!--926199266113402BAEEDAA0DA770E935-->  <ISREPORT><![CDATA[N]]></ISREPORT>
<!--926199266113402BAEEDAA0DA770E935-->  <ISDIRECTPRINT><![CDATA[N]]></ISDIRECTPRINT>
<!--926199266113402BAEEDAA0DA770E935-->  <ISBACKGROUND><![CDATA[N]]></ISBACKGROUND>
<!--926199266113402BAEEDAA0DA770E935-->  <ISJASPER><![CDATA[N]]></ISJASPER>
<!--926199266113402BAEEDAA0DA770E935-->  <ISEXTERNALSERVICE><![CDATA[N]]></ISEXTERNALSERVICE>
<!--926199266113402BAEEDAA0DA770E935-->  <AD_MODULE_ID><![CDATA[27445C8270364452BEB29669FBB21CED]]></AD_MODULE_ID>
<!--926199266113402BAEEDAA0DA770E935-->  <UIPATTERN><![CDATA[S]]></UIPATTERN>
<!--926199266113402BAEEDAA0DA770E935-->  <ISADVANCEDFEATURE><![CDATA[N]]></ISADVANCEDFEATURE>
<!--926199266113402BAEEDAA0DA770E935-->  <PREVENTCONCURRENT><![CDATA[N]]></PREVENTCONCURRENT>
<!--926199266113402BAEEDAA0DA770E935-->  <IS_EXPLICIT_ACCESS><![CDATA[N]]></IS_EXPLICIT_ACCESS>
<!--926199266113402BAEEDAA0DA770E935-->  <ISKILLABLE><![CDATA[N]]></ISKILLABLE>
<!--926199266113402BAEEDAA0DA770E935--></AD_PROCESS>

<!--9352988270C6464688CA21BE3B982C62--><AD_PROCESS>
<!--9352988270C6464688CA21BE3B982C62-->  <AD_PROCESS_ID><![CDATA[9352988270C6464688CA21BE3B982C62]]></AD_PROCESS_ID>
<!--9352988270C6464688CA21BE3B982C62-->  <AD_CLIENT_ID><![CDATA[0]]></AD_CLIENT_ID>
<!--9352988270C6464688CA21BE3B982C62-->  <AD_ORG_ID><![CDATA[0]]></AD_ORG_ID>
<!--9352988270C6464688CA21BE3B982C62-->  <ISACTIVE><![CDATA[Y]]></ISACTIVE>
<!--9352988270C6464688CA21BE3B982C62-->  <VALUE><![CDATA[RptSalesOrderReview]]></VALUE>
<!--9352988270C6464688CA21BE3B982C62-->  <NAME><![CDATA[Sales Order Review Report]]></NAME>
<!--9352988270C6464688CA21BE3B982C62-->  <ACCESSLEVEL><![CDATA[3]]></ACCESSLEVEL>
<!--9352988270C6464688CA21BE3B982C62-->  <ISUSERSTARTABLE><![CDATA[N]]></ISUSERSTARTABLE>
<!--9352988270C6464688CA21BE3B982C62-->  <ISREPORT><![CDATA[N]]></ISREPORT>
<!--9352988270C6464688CA21BE3B982C62-->  <ISDIRECTPRINT><![CDATA[N]]></ISDIRECTPRINT>
<!--9352988270C6464688CA21BE3B982C62-->  <ISBACKGROUND><![CDATA[N]]></ISBACKGROUND>
<!--9352988270C6464688CA21BE3B982C62-->  <ISJASPER><![CDATA[N]]></ISJASPER>
<!--9352988270C6464688CA21BE3B982C62-->  <ISEXTERNALSERVICE><![CDATA[N]]></ISEXTERNALSERVICE>
<!--9352988270C6464688CA21BE3B982C62-->  <AD_MODULE_ID><![CDATA[27445C8270364452BEB29669FBB21CED]]></AD_MODULE_ID>
<!--9352988270C6464688CA21BE3B982C62-->  <UIPATTERN><![CDATA[M]]></UIPATTERN>
<!--9352988270C6464688CA21BE3B982C62-->  <ISADVANCEDFEATURE><![CDATA[N]]></ISADVANCEDFEATURE>
<!--9352988270C6464688CA21BE3B982C62-->  <PREVENTCONCURRENT><![CDATA[N]]></PREVENTCONCURRENT>
<!--9352988270C6464688CA21BE3B982C62-->  <IS_EXPLICIT_ACCESS><![CDATA[N]]></IS_EXPLICIT_ACCESS>
<!--9352988270C6464688CA21BE3B982C62-->  <ISKILLABLE><![CDATA[N]]></ISKILLABLE>
<!--9352988270C6464688CA21BE3B982C62--></AD_PROCESS>

<!--976D91FE82154B03A8EB4446C571ED22--><AD_PROCESS>
<!--976D91FE82154B03A8EB4446C571ED22-->  <AD_PROCESS_ID><![CDATA[976D91FE82154B03A8EB4446C571ED22]]></AD_PROCESS_ID>
<!--976D91FE82154B03A8EB4446C571ED22-->  <AD_CLIENT_ID><![CDATA[0]]></AD_CLIENT_ID>
<!--976D91FE82154B03A8EB4446C571ED22-->  <AD_ORG_ID><![CDATA[0]]></AD_ORG_ID>
<!--976D91FE82154B03A8EB4446C571ED22-->  <ISACTIVE><![CDATA[Y]]></ISACTIVE>
<!--976D91FE82154B03A8EB4446C571ED22-->  <VALUE><![CDATA[Process Import Invoice]]></VALUE>
<!--976D91FE82154B03A8EB4446C571ED22-->  <NAME><![CDATA[Process Import Invoice]]></NAME>
<!--976D91FE82154B03A8EB4446C571ED22-->  <DESCRIPTION><![CDATA[Import Invoice]]></DESCRIPTION>
<!--976D91FE82154B03A8EB4446C571ED22-->  <HELP><![CDATA[import invoice from temporary table (originally from CSV) into Sales/Purchase Invoice.]]></HELP>
<!--976D91FE82154B03A8EB4446C571ED22-->  <ACCESSLEVEL><![CDATA[3]]></ACCESSLEVEL>
<!--976D91FE82154B03A8EB4446C571ED22-->  <ISUSERSTARTABLE><![CDATA[N]]></ISUSERSTARTABLE>
<!--976D91FE82154B03A8EB4446C571ED22-->  <PROCEDURENAME><![CDATA[oez_import_invoice]]></PROCEDURENAME>
<!--976D91FE82154B03A8EB4446C571ED22-->  <ISREPORT><![CDATA[N]]></ISREPORT>
<!--976D91FE82154B03A8EB4446C571ED22-->  <ISDIRECTPRINT><![CDATA[N]]></ISDIRECTPRINT>
<!--976D91FE82154B03A8EB4446C571ED22-->  <ISBACKGROUND><![CDATA[N]]></ISBACKGROUND>
<!--976D91FE82154B03A8EB4446C571ED22-->  <ISJASPER><![CDATA[N]]></ISJASPER>
<!--976D91FE82154B03A8EB4446C571ED22-->  <ISEXTERNALSERVICE><![CDATA[N]]></ISEXTERNALSERVICE>
<!--976D91FE82154B03A8EB4446C571ED22-->  <AD_MODULE_ID><![CDATA[27445C8270364452BEB29669FBB21CED]]></AD_MODULE_ID>
<!--976D91FE82154B03A8EB4446C571ED22-->  <UIPATTERN><![CDATA[S]]></UIPATTERN>
<!--976D91FE82154B03A8EB4446C571ED22-->  <ISADVANCEDFEATURE><![CDATA[N]]></ISADVANCEDFEATURE>
<!--976D91FE82154B03A8EB4446C571ED22-->  <PREVENTCONCURRENT><![CDATA[N]]></PREVENTCONCURRENT>
<!--976D91FE82154B03A8EB4446C571ED22-->  <IS_EXPLICIT_ACCESS><![CDATA[N]]></IS_EXPLICIT_ACCESS>
<!--976D91FE82154B03A8EB4446C571ED22-->  <ISKILLABLE><![CDATA[N]]></ISKILLABLE>
<!--976D91FE82154B03A8EB4446C571ED22--></AD_PROCESS>

<!--9B26EF017C244CD59C77BE203A2D14A8--><AD_PROCESS>
<!--9B26EF017C244CD59C77BE203A2D14A8-->  <AD_PROCESS_ID><![CDATA[9B26EF017C244CD59C77BE203A2D14A8]]></AD_PROCESS_ID>
<!--9B26EF017C244CD59C77BE203A2D14A8-->  <AD_CLIENT_ID><![CDATA[0]]></AD_CLIENT_ID>
<!--9B26EF017C244CD59C77BE203A2D14A8-->  <AD_ORG_ID><![CDATA[0]]></AD_ORG_ID>
<!--9B26EF017C244CD59C77BE203A2D14A8-->  <ISACTIVE><![CDATA[Y]]></ISACTIVE>
<!--9B26EF017C244CD59C77BE203A2D14A8-->  <VALUE><![CDATA[Process Import G/L Journal]]></VALUE>
<!--9B26EF017C244CD59C77BE203A2D14A8-->  <NAME><![CDATA[Process Import G/L Journal]]></NAME>
<!--9B26EF017C244CD59C77BE203A2D14A8-->  <ACCESSLEVEL><![CDATA[3]]></ACCESSLEVEL>
<!--9B26EF017C244CD59C77BE203A2D14A8-->  <ISUSERSTARTABLE><![CDATA[N]]></ISUSERSTARTABLE>
<!--9B26EF017C244CD59C77BE203A2D14A8-->  <ISREPORT><![CDATA[N]]></ISREPORT>
<!--9B26EF017C244CD59C77BE203A2D14A8-->  <ISDIRECTPRINT><![CDATA[N]]></ISDIRECTPRINT>
<!--9B26EF017C244CD59C77BE203A2D14A8-->  <ISBACKGROUND><![CDATA[N]]></ISBACKGROUND>
<!--9B26EF017C244CD59C77BE203A2D14A8-->  <ISJASPER><![CDATA[N]]></ISJASPER>
<!--9B26EF017C244CD59C77BE203A2D14A8-->  <ISEXTERNALSERVICE><![CDATA[N]]></ISEXTERNALSERVICE>
<!--9B26EF017C244CD59C77BE203A2D14A8-->  <AD_MODULE_ID><![CDATA[27445C8270364452BEB29669FBB21CED]]></AD_MODULE_ID>
<!--9B26EF017C244CD59C77BE203A2D14A8-->  <UIPATTERN><![CDATA[S]]></UIPATTERN>
<!--9B26EF017C244CD59C77BE203A2D14A8-->  <ISADVANCEDFEATURE><![CDATA[N]]></ISADVANCEDFEATURE>
<!--9B26EF017C244CD59C77BE203A2D14A8-->  <PREVENTCONCURRENT><![CDATA[N]]></PREVENTCONCURRENT>
<!--9B26EF017C244CD59C77BE203A2D14A8-->  <IS_EXPLICIT_ACCESS><![CDATA[N]]></IS_EXPLICIT_ACCESS>
<!--9B26EF017C244CD59C77BE203A2D14A8-->  <ISKILLABLE><![CDATA[N]]></ISKILLABLE>
<!--9B26EF017C244CD59C77BE203A2D14A8--></AD_PROCESS>

<!--AE856EB10CD8444EB7555625E1F48631--><AD_PROCESS>
<!--AE856EB10CD8444EB7555625E1F48631-->  <AD_PROCESS_ID><![CDATA[AE856EB10CD8444EB7555625E1F48631]]></AD_PROCESS_ID>
<!--AE856EB10CD8444EB7555625E1F48631-->  <AD_CLIENT_ID><![CDATA[0]]></AD_CLIENT_ID>
<!--AE856EB10CD8444EB7555625E1F48631-->  <AD_ORG_ID><![CDATA[0]]></AD_ORG_ID>
<!--AE856EB10CD8444EB7555625E1F48631-->  <ISACTIVE><![CDATA[Y]]></ISACTIVE>
<!--AE856EB10CD8444EB7555625E1F48631-->  <VALUE><![CDATA[Import Business Partner Balance]]></VALUE>
<!--AE856EB10CD8444EB7555625E1F48631-->  <NAME><![CDATA[Import Business Partner Balance]]></NAME>
<!--AE856EB10CD8444EB7555625E1F48631-->  <DESCRIPTION><![CDATA[Import Business Partner Balance]]></DESCRIPTION>
<!--AE856EB10CD8444EB7555625E1F48631-->  <HELP><![CDATA[Import Business Partner A/R or A/P balance.]]></HELP>
<!--AE856EB10CD8444EB7555625E1F48631-->  <ACCESSLEVEL><![CDATA[7]]></ACCESSLEVEL>
<!--AE856EB10CD8444EB7555625E1F48631-->  <ISUSERSTARTABLE><![CDATA[N]]></ISUSERSTARTABLE>
<!--AE856EB10CD8444EB7555625E1F48631-->  <ISREPORT><![CDATA[N]]></ISREPORT>
<!--AE856EB10CD8444EB7555625E1F48631-->  <ISDIRECTPRINT><![CDATA[N]]></ISDIRECTPRINT>
<!--AE856EB10CD8444EB7555625E1F48631-->  <ISBACKGROUND><![CDATA[N]]></ISBACKGROUND>
<!--AE856EB10CD8444EB7555625E1F48631-->  <ISJASPER><![CDATA[N]]></ISJASPER>
<!--AE856EB10CD8444EB7555625E1F48631-->  <ISEXTERNALSERVICE><![CDATA[N]]></ISEXTERNALSERVICE>
<!--AE856EB10CD8444EB7555625E1F48631-->  <AD_MODULE_ID><![CDATA[27445C8270364452BEB29669FBB21CED]]></AD_MODULE_ID>
<!--AE856EB10CD8444EB7555625E1F48631-->  <UIPATTERN><![CDATA[S]]></UIPATTERN>
<!--AE856EB10CD8444EB7555625E1F48631-->  <ISADVANCEDFEATURE><![CDATA[N]]></ISADVANCEDFEATURE>
<!--AE856EB10CD8444EB7555625E1F48631-->  <PREVENTCONCURRENT><![CDATA[N]]></PREVENTCONCURRENT>
<!--AE856EB10CD8444EB7555625E1F48631-->  <IS_EXPLICIT_ACCESS><![CDATA[N]]></IS_EXPLICIT_ACCESS>
<!--AE856EB10CD8444EB7555625E1F48631-->  <ISKILLABLE><![CDATA[N]]></ISKILLABLE>
<!--AE856EB10CD8444EB7555625E1F48631--></AD_PROCESS>

<!--B9DBEEFEE8B44DCA91F00D2D8E6E6435--><AD_PROCESS>
<!--B9DBEEFEE8B44DCA91F00D2D8E6E6435-->  <AD_PROCESS_ID><![CDATA[B9DBEEFEE8B44DCA91F00D2D8E6E6435]]></AD_PROCESS_ID>
<!--B9DBEEFEE8B44DCA91F00D2D8E6E6435-->  <AD_CLIENT_ID><![CDATA[0]]></AD_CLIENT_ID>
<!--B9DBEEFEE8B44DCA91F00D2D8E6E6435-->  <AD_ORG_ID><![CDATA[0]]></AD_ORG_ID>
<!--B9DBEEFEE8B44DCA91F00D2D8E6E6435-->  <ISACTIVE><![CDATA[Y]]></ISACTIVE>
<!--B9DBEEFEE8B44DCA91F00D2D8E6E6435-->  <VALUE><![CDATA[ImportInout]]></VALUE>
<!--B9DBEEFEE8B44DCA91F00D2D8E6E6435-->  <NAME><![CDATA[Import Shipment]]></NAME>
<!--B9DBEEFEE8B44DCA91F00D2D8E6E6435-->  <ACCESSLEVEL><![CDATA[7]]></ACCESSLEVEL>
<!--B9DBEEFEE8B44DCA91F00D2D8E6E6435-->  <ISUSERSTARTABLE><![CDATA[N]]></ISUSERSTARTABLE>
<!--B9DBEEFEE8B44DCA91F00D2D8E6E6435-->  <ISREPORT><![CDATA[N]]></ISREPORT>
<!--B9DBEEFEE8B44DCA91F00D2D8E6E6435-->  <ISDIRECTPRINT><![CDATA[N]]></ISDIRECTPRINT>
<!--B9DBEEFEE8B44DCA91F00D2D8E6E6435-->  <ISBACKGROUND><![CDATA[N]]></ISBACKGROUND>
<!--B9DBEEFEE8B44DCA91F00D2D8E6E6435-->  <ISJASPER><![CDATA[N]]></ISJASPER>
<!--B9DBEEFEE8B44DCA91F00D2D8E6E6435-->  <ISEXTERNALSERVICE><![CDATA[N]]></ISEXTERNALSERVICE>
<!--B9DBEEFEE8B44DCA91F00D2D8E6E6435-->  <AD_MODULE_ID><![CDATA[27445C8270364452BEB29669FBB21CED]]></AD_MODULE_ID>
<!--B9DBEEFEE8B44DCA91F00D2D8E6E6435-->  <UIPATTERN><![CDATA[S]]></UIPATTERN>
<!--B9DBEEFEE8B44DCA91F00D2D8E6E6435-->  <ISADVANCEDFEATURE><![CDATA[N]]></ISADVANCEDFEATURE>
<!--B9DBEEFEE8B44DCA91F00D2D8E6E6435-->  <PREVENTCONCURRENT><![CDATA[N]]></PREVENTCONCURRENT>
<!--B9DBEEFEE8B44DCA91F00D2D8E6E6435-->  <IS_EXPLICIT_ACCESS><![CDATA[N]]></IS_EXPLICIT_ACCESS>
<!--B9DBEEFEE8B44DCA91F00D2D8E6E6435-->  <ISKILLABLE><![CDATA[N]]></ISKILLABLE>
<!--B9DBEEFEE8B44DCA91F00D2D8E6E6435--></AD_PROCESS>

<!--C4AEFC3C35174E5EB01DAF7187F3CCD0--><AD_PROCESS>
<!--C4AEFC3C35174E5EB01DAF7187F3CCD0-->  <AD_PROCESS_ID><![CDATA[C4AEFC3C35174E5EB01DAF7187F3CCD0]]></AD_PROCESS_ID>
<!--C4AEFC3C35174E5EB01DAF7187F3CCD0-->  <AD_CLIENT_ID><![CDATA[0]]></AD_CLIENT_ID>
<!--C4AEFC3C35174E5EB01DAF7187F3CCD0-->  <AD_ORG_ID><![CDATA[0]]></AD_ORG_ID>
<!--C4AEFC3C35174E5EB01DAF7187F3CCD0-->  <ISACTIVE><![CDATA[Y]]></ISACTIVE>
<!--C4AEFC3C35174E5EB01DAF7187F3CCD0-->  <VALUE><![CDATA[OEZCPO]]></VALUE>
<!--C4AEFC3C35174E5EB01DAF7187F3CCD0-->  <NAME><![CDATA[Create Purchase Order]]></NAME>
<!--C4AEFC3C35174E5EB01DAF7187F3CCD0-->  <ACCESSLEVEL><![CDATA[7]]></ACCESSLEVEL>
<!--C4AEFC3C35174E5EB01DAF7187F3CCD0-->  <ISUSERSTARTABLE><![CDATA[N]]></ISUSERSTARTABLE>
<!--C4AEFC3C35174E5EB01DAF7187F3CCD0-->  <ISREPORT><![CDATA[N]]></ISREPORT>
<!--C4AEFC3C35174E5EB01DAF7187F3CCD0-->  <ISDIRECTPRINT><![CDATA[N]]></ISDIRECTPRINT>
<!--C4AEFC3C35174E5EB01DAF7187F3CCD0-->  <ISBACKGROUND><![CDATA[N]]></ISBACKGROUND>
<!--C4AEFC3C35174E5EB01DAF7187F3CCD0-->  <ISJASPER><![CDATA[N]]></ISJASPER>
<!--C4AEFC3C35174E5EB01DAF7187F3CCD0-->  <ISEXTERNALSERVICE><![CDATA[N]]></ISEXTERNALSERVICE>
<!--C4AEFC3C35174E5EB01DAF7187F3CCD0-->  <AD_MODULE_ID><![CDATA[27445C8270364452BEB29669FBB21CED]]></AD_MODULE_ID>
<!--C4AEFC3C35174E5EB01DAF7187F3CCD0-->  <UIPATTERN><![CDATA[S]]></UIPATTERN>
<!--C4AEFC3C35174E5EB01DAF7187F3CCD0-->  <ISADVANCEDFEATURE><![CDATA[N]]></ISADVANCEDFEATURE>
<!--C4AEFC3C35174E5EB01DAF7187F3CCD0-->  <PREVENTCONCURRENT><![CDATA[N]]></PREVENTCONCURRENT>
<!--C4AEFC3C35174E5EB01DAF7187F3CCD0-->  <IS_EXPLICIT_ACCESS><![CDATA[N]]></IS_EXPLICIT_ACCESS>
<!--C4AEFC3C35174E5EB01DAF7187F3CCD0-->  <ISKILLABLE><![CDATA[N]]></ISKILLABLE>
<!--C4AEFC3C35174E5EB01DAF7187F3CCD0--></AD_PROCESS>

<!--C75B7F44C5C641359191D7C3B98E874C--><AD_PROCESS>
<!--C75B7F44C5C641359191D7C3B98E874C-->  <AD_PROCESS_ID><![CDATA[C75B7F44C5C641359191D7C3B98E874C]]></AD_PROCESS_ID>
<!--C75B7F44C5C641359191D7C3B98E874C-->  <AD_CLIENT_ID><![CDATA[0]]></AD_CLIENT_ID>
<!--C75B7F44C5C641359191D7C3B98E874C-->  <AD_ORG_ID><![CDATA[0]]></AD_ORG_ID>
<!--C75B7F44C5C641359191D7C3B98E874C-->  <ISACTIVE><![CDATA[Y]]></ISACTIVE>
<!--C75B7F44C5C641359191D7C3B98E874C-->  <VALUE><![CDATA[Stock Aging Background Process]]></VALUE>
<!--C75B7F44C5C641359191D7C3B98E874C-->  <NAME><![CDATA[Stock Aging Background Process]]></NAME>
<!--C75B7F44C5C641359191D7C3B98E874C-->  <DESCRIPTION><![CDATA[Stock Aging Background Process]]></DESCRIPTION>
<!--C75B7F44C5C641359191D7C3B98E874C-->  <HELP><![CDATA[Background process for calculating inventory aging, and store calculation result in oez_stockaging]]></HELP>
<!--C75B7F44C5C641359191D7C3B98E874C-->  <ACCESSLEVEL><![CDATA[7]]></ACCESSLEVEL>
<!--C75B7F44C5C641359191D7C3B98E874C-->  <ISUSERSTARTABLE><![CDATA[N]]></ISUSERSTARTABLE>
<!--C75B7F44C5C641359191D7C3B98E874C-->  <ISREPORT><![CDATA[N]]></ISREPORT>
<!--C75B7F44C5C641359191D7C3B98E874C-->  <ISDIRECTPRINT><![CDATA[N]]></ISDIRECTPRINT>
<!--C75B7F44C5C641359191D7C3B98E874C-->  <CLASSNAME><![CDATA[org.wirabumi.gen.oez.stockaging.StockAging]]></CLASSNAME>
<!--C75B7F44C5C641359191D7C3B98E874C-->  <ISBACKGROUND><![CDATA[Y]]></ISBACKGROUND>
<!--C75B7F44C5C641359191D7C3B98E874C-->  <ISJASPER><![CDATA[N]]></ISJASPER>
<!--C75B7F44C5C641359191D7C3B98E874C-->  <ISEXTERNALSERVICE><![CDATA[N]]></ISEXTERNALSERVICE>
<!--C75B7F44C5C641359191D7C3B98E874C-->  <AD_MODULE_ID><![CDATA[27445C8270364452BEB29669FBB21CED]]></AD_MODULE_ID>
<!--C75B7F44C5C641359191D7C3B98E874C-->  <UIPATTERN><![CDATA[M]]></UIPATTERN>
<!--C75B7F44C5C641359191D7C3B98E874C-->  <ISADVANCEDFEATURE><![CDATA[N]]></ISADVANCEDFEATURE>
<!--C75B7F44C5C641359191D7C3B98E874C-->  <PREVENTCONCURRENT><![CDATA[N]]></PREVENTCONCURRENT>
<!--C75B7F44C5C641359191D7C3B98E874C-->  <IS_EXPLICIT_ACCESS><![CDATA[N]]></IS_EXPLICIT_ACCESS>
<!--C75B7F44C5C641359191D7C3B98E874C-->  <ISKILLABLE><![CDATA[N]]></ISKILLABLE>
<!--C75B7F44C5C641359191D7C3B98E874C--></AD_PROCESS>

<!--CC5C103DF6164869A5847C431668FB0B--><AD_PROCESS>
<!--CC5C103DF6164869A5847C431668FB0B-->  <AD_PROCESS_ID><![CDATA[CC5C103DF6164869A5847C431668FB0B]]></AD_PROCESS_ID>
<!--CC5C103DF6164869A5847C431668FB0B-->  <AD_CLIENT_ID><![CDATA[0]]></AD_CLIENT_ID>
<!--CC5C103DF6164869A5847C431668FB0B-->  <AD_ORG_ID><![CDATA[0]]></AD_ORG_ID>
<!--CC5C103DF6164869A5847C431668FB0B-->  <ISACTIVE><![CDATA[Y]]></ISACTIVE>
<!--CC5C103DF6164869A5847C431668FB0B-->  <VALUE><![CDATA[Import Inventory]]></VALUE>
<!--CC5C103DF6164869A5847C431668FB0B-->  <NAME><![CDATA[Import Inventory]]></NAME>
<!--CC5C103DF6164869A5847C431668FB0B-->  <DESCRIPTION><![CDATA[Import Inventory]]></DESCRIPTION>
<!--CC5C103DF6164869A5847C431668FB0B-->  <HELP><![CDATA[Import Inventory for Opening Balance]]></HELP>
<!--CC5C103DF6164869A5847C431668FB0B-->  <ACCESSLEVEL><![CDATA[7]]></ACCESSLEVEL>
<!--CC5C103DF6164869A5847C431668FB0B-->  <ISUSERSTARTABLE><![CDATA[N]]></ISUSERSTARTABLE>
<!--CC5C103DF6164869A5847C431668FB0B-->  <PROCEDURENAME><![CDATA[oez_importinventory]]></PROCEDURENAME>
<!--CC5C103DF6164869A5847C431668FB0B-->  <ISREPORT><![CDATA[N]]></ISREPORT>
<!--CC5C103DF6164869A5847C431668FB0B-->  <ISDIRECTPRINT><![CDATA[N]]></ISDIRECTPRINT>
<!--CC5C103DF6164869A5847C431668FB0B-->  <ISBACKGROUND><![CDATA[N]]></ISBACKGROUND>
<!--CC5C103DF6164869A5847C431668FB0B-->  <ISJASPER><![CDATA[N]]></ISJASPER>
<!--CC5C103DF6164869A5847C431668FB0B-->  <ISEXTERNALSERVICE><![CDATA[N]]></ISEXTERNALSERVICE>
<!--CC5C103DF6164869A5847C431668FB0B-->  <AD_MODULE_ID><![CDATA[27445C8270364452BEB29669FBB21CED]]></AD_MODULE_ID>
<!--CC5C103DF6164869A5847C431668FB0B-->  <UIPATTERN><![CDATA[S]]></UIPATTERN>
<!--CC5C103DF6164869A5847C431668FB0B-->  <ISADVANCEDFEATURE><![CDATA[N]]></ISADVANCEDFEATURE>
<!--CC5C103DF6164869A5847C431668FB0B-->  <PREVENTCONCURRENT><![CDATA[N]]></PREVENTCONCURRENT>
<!--CC5C103DF6164869A5847C431668FB0B-->  <IS_EXPLICIT_ACCESS><![CDATA[N]]></IS_EXPLICIT_ACCESS>
<!--CC5C103DF6164869A5847C431668FB0B-->  <ISKILLABLE><![CDATA[N]]></ISKILLABLE>
<!--CC5C103DF6164869A5847C431668FB0B--></AD_PROCESS>

<!--D3F371C4CA6C49789A108B7EBE675558--><AD_PROCESS>
<!--D3F371C4CA6C49789A108B7EBE675558-->  <AD_PROCESS_ID><![CDATA[D3F371C4CA6C49789A108B7EBE675558]]></AD_PROCESS_ID>
<!--D3F371C4CA6C49789A108B7EBE675558-->  <AD_CLIENT_ID><![CDATA[0]]></AD_CLIENT_ID>
<!--D3F371C4CA6C49789A108B7EBE675558-->  <AD_ORG_ID><![CDATA[0]]></AD_ORG_ID>
<!--D3F371C4CA6C49789A108B7EBE675558-->  <ISACTIVE><![CDATA[Y]]></ISACTIVE>
<!--D3F371C4CA6C49789A108B7EBE675558-->  <VALUE><![CDATA[Actual Budget Amount]]></VALUE>
<!--D3F371C4CA6C49789A108B7EBE675558-->  <NAME><![CDATA[Actual Budget Amount]]></NAME>
<!--D3F371C4CA6C49789A108B7EBE675558-->  <ACCESSLEVEL><![CDATA[3]]></ACCESSLEVEL>
<!--D3F371C4CA6C49789A108B7EBE675558-->  <ISUSERSTARTABLE><![CDATA[N]]></ISUSERSTARTABLE>
<!--D3F371C4CA6C49789A108B7EBE675558-->  <ISREPORT><![CDATA[N]]></ISREPORT>
<!--D3F371C4CA6C49789A108B7EBE675558-->  <ISDIRECTPRINT><![CDATA[N]]></ISDIRECTPRINT>
<!--D3F371C4CA6C49789A108B7EBE675558-->  <CLASSNAME><![CDATA[org.wirabumi.gen.oez.ad_process.CalculateActualAmount]]></CLASSNAME>
<!--D3F371C4CA6C49789A108B7EBE675558-->  <ISBACKGROUND><![CDATA[Y]]></ISBACKGROUND>
<!--D3F371C4CA6C49789A108B7EBE675558-->  <ISJASPER><![CDATA[N]]></ISJASPER>
<!--D3F371C4CA6C49789A108B7EBE675558-->  <ISEXTERNALSERVICE><![CDATA[N]]></ISEXTERNALSERVICE>
<!--D3F371C4CA6C49789A108B7EBE675558-->  <AD_MODULE_ID><![CDATA[27445C8270364452BEB29669FBB21CED]]></AD_MODULE_ID>
<!--D3F371C4CA6C49789A108B7EBE675558-->  <UIPATTERN><![CDATA[M]]></UIPATTERN>
<!--D3F371C4CA6C49789A108B7EBE675558-->  <ISADVANCEDFEATURE><![CDATA[N]]></ISADVANCEDFEATURE>
<!--D3F371C4CA6C49789A108B7EBE675558-->  <PREVENTCONCURRENT><![CDATA[Y]]></PREVENTCONCURRENT>
<!--D3F371C4CA6C49789A108B7EBE675558-->  <IS_EXPLICIT_ACCESS><![CDATA[N]]></IS_EXPLICIT_ACCESS>
<!--D3F371C4CA6C49789A108B7EBE675558-->  <ISKILLABLE><![CDATA[N]]></ISKILLABLE>
<!--D3F371C4CA6C49789A108B7EBE675558--></AD_PROCESS>

<!--D5ED0F4EA8E44A4A827CCBBFA16433C3--><AD_PROCESS>
<!--D5ED0F4EA8E44A4A827CCBBFA16433C3-->  <AD_PROCESS_ID><![CDATA[D5ED0F4EA8E44A4A827CCBBFA16433C3]]></AD_PROCESS_ID>
<!--D5ED0F4EA8E44A4A827CCBBFA16433C3-->  <AD_CLIENT_ID><![CDATA[0]]></AD_CLIENT_ID>
<!--D5ED0F4EA8E44A4A827CCBBFA16433C3-->  <AD_ORG_ID><![CDATA[0]]></AD_ORG_ID>
<!--D5ED0F4EA8E44A4A827CCBBFA16433C3-->  <ISACTIVE><![CDATA[Y]]></ISACTIVE>
<!--D5ED0F4EA8E44A4A827CCBBFA16433C3-->  <VALUE><![CDATA[Import Asset]]></VALUE>
<!--D5ED0F4EA8E44A4A827CCBBFA16433C3-->  <NAME><![CDATA[Import Asset]]></NAME>
<!--D5ED0F4EA8E44A4A827CCBBFA16433C3-->  <DESCRIPTION><![CDATA[Import Asset]]></DESCRIPTION>
<!--D5ED0F4EA8E44A4A827CCBBFA16433C3-->  <HELP><![CDATA[Import Asset from temporary table]]></HELP>
<!--D5ED0F4EA8E44A4A827CCBBFA16433C3-->  <ACCESSLEVEL><![CDATA[3]]></ACCESSLEVEL>
<!--D5ED0F4EA8E44A4A827CCBBFA16433C3-->  <ISUSERSTARTABLE><![CDATA[N]]></ISUSERSTARTABLE>
<!--D5ED0F4EA8E44A4A827CCBBFA16433C3-->  <ISREPORT><![CDATA[N]]></ISREPORT>
<!--D5ED0F4EA8E44A4A827CCBBFA16433C3-->  <ISDIRECTPRINT><![CDATA[N]]></ISDIRECTPRINT>
<!--D5ED0F4EA8E44A4A827CCBBFA16433C3-->  <ISBACKGROUND><![CDATA[N]]></ISBACKGROUND>
<!--D5ED0F4EA8E44A4A827CCBBFA16433C3-->  <ISJASPER><![CDATA[N]]></ISJASPER>
<!--D5ED0F4EA8E44A4A827CCBBFA16433C3-->  <ISEXTERNALSERVICE><![CDATA[N]]></ISEXTERNALSERVICE>
<!--D5ED0F4EA8E44A4A827CCBBFA16433C3-->  <AD_MODULE_ID><![CDATA[27445C8270364452BEB29669FBB21CED]]></AD_MODULE_ID>
<!--D5ED0F4EA8E44A4A827CCBBFA16433C3-->  <UIPATTERN><![CDATA[S]]></UIPATTERN>
<!--D5ED0F4EA8E44A4A827CCBBFA16433C3-->  <ISADVANCEDFEATURE><![CDATA[N]]></ISADVANCEDFEATURE>
<!--D5ED0F4EA8E44A4A827CCBBFA16433C3-->  <PREVENTCONCURRENT><![CDATA[N]]></PREVENTCONCURRENT>
<!--D5ED0F4EA8E44A4A827CCBBFA16433C3-->  <IS_EXPLICIT_ACCESS><![CDATA[N]]></IS_EXPLICIT_ACCESS>
<!--D5ED0F4EA8E44A4A827CCBBFA16433C3-->  <ISKILLABLE><![CDATA[N]]></ISKILLABLE>
<!--D5ED0F4EA8E44A4A827CCBBFA16433C3--></AD_PROCESS>

<!--DDCB419F5A964DFA99419C772268160C--><AD_PROCESS>
<!--DDCB419F5A964DFA99419C772268160C-->  <AD_PROCESS_ID><![CDATA[DDCB419F5A964DFA99419C772268160C]]></AD_PROCESS_ID>
<!--DDCB419F5A964DFA99419C772268160C-->  <AD_CLIENT_ID><![CDATA[0]]></AD_CLIENT_ID>
<!--DDCB419F5A964DFA99419C772268160C-->  <AD_ORG_ID><![CDATA[0]]></AD_ORG_ID>
<!--DDCB419F5A964DFA99419C772268160C-->  <ISACTIVE><![CDATA[Y]]></ISACTIVE>
<!--DDCB419F5A964DFA99419C772268160C-->  <VALUE><![CDATA[Unrealize Forex]]></VALUE>
<!--DDCB419F5A964DFA99419C772268160C-->  <NAME><![CDATA[Create Unrealized Gain (Loss) Forex Journal]]></NAME>
<!--DDCB419F5A964DFA99419C772268160C-->  <HELP><![CDATA[Create G/L Journal document to recognize unrealized gain (loss) on foreign transaction. This journal applicable for AR/AP document only.]]></HELP>
<!--DDCB419F5A964DFA99419C772268160C-->  <ACCESSLEVEL><![CDATA[1]]></ACCESSLEVEL>
<!--DDCB419F5A964DFA99419C772268160C-->  <ISUSERSTARTABLE><![CDATA[N]]></ISUSERSTARTABLE>
<!--DDCB419F5A964DFA99419C772268160C-->  <ISREPORT><![CDATA[N]]></ISREPORT>
<!--DDCB419F5A964DFA99419C772268160C-->  <ISDIRECTPRINT><![CDATA[N]]></ISDIRECTPRINT>
<!--DDCB419F5A964DFA99419C772268160C-->  <ISBACKGROUND><![CDATA[N]]></ISBACKGROUND>
<!--DDCB419F5A964DFA99419C772268160C-->  <ISJASPER><![CDATA[N]]></ISJASPER>
<!--DDCB419F5A964DFA99419C772268160C-->  <ISEXTERNALSERVICE><![CDATA[N]]></ISEXTERNALSERVICE>
<!--DDCB419F5A964DFA99419C772268160C-->  <AD_MODULE_ID><![CDATA[27445C8270364452BEB29669FBB21CED]]></AD_MODULE_ID>
<!--DDCB419F5A964DFA99419C772268160C-->  <UIPATTERN><![CDATA[S]]></UIPATTERN>
<!--DDCB419F5A964DFA99419C772268160C-->  <ISADVANCEDFEATURE><![CDATA[N]]></ISADVANCEDFEATURE>
<!--DDCB419F5A964DFA99419C772268160C-->  <PREVENTCONCURRENT><![CDATA[N]]></PREVENTCONCURRENT>
<!--DDCB419F5A964DFA99419C772268160C-->  <IS_EXPLICIT_ACCESS><![CDATA[N]]></IS_EXPLICIT_ACCESS>
<!--DDCB419F5A964DFA99419C772268160C-->  <ISKILLABLE><![CDATA[N]]></ISKILLABLE>
<!--DDCB419F5A964DFA99419C772268160C--></AD_PROCESS>

<!--E222FF23CCB7480E9D354B33517E8C6B--><AD_PROCESS>
<!--E222FF23CCB7480E9D354B33517E8C6B-->  <AD_PROCESS_ID><![CDATA[E222FF23CCB7480E9D354B33517E8C6B]]></AD_PROCESS_ID>
<!--E222FF23CCB7480E9D354B33517E8C6B-->  <AD_CLIENT_ID><![CDATA[0]]></AD_CLIENT_ID>
<!--E222FF23CCB7480E9D354B33517E8C6B-->  <AD_ORG_ID><![CDATA[0]]></AD_ORG_ID>
<!--E222FF23CCB7480E9D354B33517E8C6B-->  <ISACTIVE><![CDATA[Y]]></ISACTIVE>
<!--E222FF23CCB7480E9D354B33517E8C6B-->  <VALUE><![CDATA[GS Awaiting SI Report]]></VALUE>
<!--E222FF23CCB7480E9D354B33517E8C6B-->  <NAME><![CDATA[Shipment Awaiting Sales Invoice Report]]></NAME>
<!--E222FF23CCB7480E9D354B33517E8C6B-->  <DESCRIPTION><![CDATA[Shipment Awaiting Sales Invoice Report]]></DESCRIPTION>
<!--E222FF23CCB7480E9D354B33517E8C6B-->  <HELP><![CDATA[Display a report to show Goods shipment without Sales Invoice.]]></HELP>
<!--E222FF23CCB7480E9D354B33517E8C6B-->  <ACCESSLEVEL><![CDATA[3]]></ACCESSLEVEL>
<!--E222FF23CCB7480E9D354B33517E8C6B-->  <ISUSERSTARTABLE><![CDATA[N]]></ISUSERSTARTABLE>
<!--E222FF23CCB7480E9D354B33517E8C6B-->  <ISREPORT><![CDATA[N]]></ISREPORT>
<!--E222FF23CCB7480E9D354B33517E8C6B-->  <ISDIRECTPRINT><![CDATA[N]]></ISDIRECTPRINT>
<!--E222FF23CCB7480E9D354B33517E8C6B-->  <ISBACKGROUND><![CDATA[N]]></ISBACKGROUND>
<!--E222FF23CCB7480E9D354B33517E8C6B-->  <ISJASPER><![CDATA[Y]]></ISJASPER>
<!--E222FF23CCB7480E9D354B33517E8C6B-->  <JRNAME><![CDATA[@basedesign@/org/wirabumi/gen/oez/gsawaitingsi/gsawaitingsi.jrxml]]></JRNAME>
<!--E222FF23CCB7480E9D354B33517E8C6B-->  <ISEXTERNALSERVICE><![CDATA[N]]></ISEXTERNALSERVICE>
<!--E222FF23CCB7480E9D354B33517E8C6B-->  <AD_MODULE_ID><![CDATA[27445C8270364452BEB29669FBB21CED]]></AD_MODULE_ID>
<!--E222FF23CCB7480E9D354B33517E8C6B-->  <UIPATTERN><![CDATA[S]]></UIPATTERN>
<!--E222FF23CCB7480E9D354B33517E8C6B-->  <ISADVANCEDFEATURE><![CDATA[N]]></ISADVANCEDFEATURE>
<!--E222FF23CCB7480E9D354B33517E8C6B-->  <PREVENTCONCURRENT><![CDATA[N]]></PREVENTCONCURRENT>
<!--E222FF23CCB7480E9D354B33517E8C6B-->  <IS_EXPLICIT_ACCESS><![CDATA[N]]></IS_EXPLICIT_ACCESS>
<!--E222FF23CCB7480E9D354B33517E8C6B-->  <ISKILLABLE><![CDATA[N]]></ISKILLABLE>
<!--E222FF23CCB7480E9D354B33517E8C6B--></AD_PROCESS>

<!--E93DD2C121914B4DA6A1252015B893DE--><AD_PROCESS>
<!--E93DD2C121914B4DA6A1252015B893DE-->  <AD_PROCESS_ID><![CDATA[E93DD2C121914B4DA6A1252015B893DE]]></AD_PROCESS_ID>
<!--E93DD2C121914B4DA6A1252015B893DE-->  <AD_CLIENT_ID><![CDATA[0]]></AD_CLIENT_ID>
<!--E93DD2C121914B4DA6A1252015B893DE-->  <AD_ORG_ID><![CDATA[0]]></AD_ORG_ID>
<!--E93DD2C121914B4DA6A1252015B893DE-->  <ISACTIVE><![CDATA[Y]]></ISACTIVE>
<!--E93DD2C121914B4DA6A1252015B893DE-->  <VALUE><![CDATA[Process Import Work Requirement]]></VALUE>
<!--E93DD2C121914B4DA6A1252015B893DE-->  <NAME><![CDATA[Process Import Work Requirement]]></NAME>
<!--E93DD2C121914B4DA6A1252015B893DE-->  <DESCRIPTION><![CDATA[Process Import Work Requirement]]></DESCRIPTION>
<!--E93DD2C121914B4DA6A1252015B893DE-->  <ACCESSLEVEL><![CDATA[1]]></ACCESSLEVEL>
<!--E93DD2C121914B4DA6A1252015B893DE-->  <ISUSERSTARTABLE><![CDATA[N]]></ISUSERSTARTABLE>
<!--E93DD2C121914B4DA6A1252015B893DE-->  <ISREPORT><![CDATA[N]]></ISREPORT>
<!--E93DD2C121914B4DA6A1252015B893DE-->  <ISDIRECTPRINT><![CDATA[N]]></ISDIRECTPRINT>
<!--E93DD2C121914B4DA6A1252015B893DE-->  <ISBACKGROUND><![CDATA[N]]></ISBACKGROUND>
<!--E93DD2C121914B4DA6A1252015B893DE-->  <ISJASPER><![CDATA[N]]></ISJASPER>
<!--E93DD2C121914B4DA6A1252015B893DE-->  <ISEXTERNALSERVICE><![CDATA[N]]></ISEXTERNALSERVICE>
<!--E93DD2C121914B4DA6A1252015B893DE-->  <AD_MODULE_ID><![CDATA[27445C8270364452BEB29669FBB21CED]]></AD_MODULE_ID>
<!--E93DD2C121914B4DA6A1252015B893DE-->  <UIPATTERN><![CDATA[S]]></UIPATTERN>
<!--E93DD2C121914B4DA6A1252015B893DE-->  <ISADVANCEDFEATURE><![CDATA[N]]></ISADVANCEDFEATURE>
<!--E93DD2C121914B4DA6A1252015B893DE-->  <PREVENTCONCURRENT><![CDATA[N]]></PREVENTCONCURRENT>
<!--E93DD2C121914B4DA6A1252015B893DE-->  <IS_EXPLICIT_ACCESS><![CDATA[N]]></IS_EXPLICIT_ACCESS>
<!--E93DD2C121914B4DA6A1252015B893DE-->  <ISKILLABLE><![CDATA[N]]></ISKILLABLE>
<!--E93DD2C121914B4DA6A1252015B893DE--></AD_PROCESS>

<!--F3B32C87EC0A49EB938D28FB64F12E35--><AD_PROCESS>
<!--F3B32C87EC0A49EB938D28FB64F12E35-->  <AD_PROCESS_ID><![CDATA[F3B32C87EC0A49EB938D28FB64F12E35]]></AD_PROCESS_ID>
<!--F3B32C87EC0A49EB938D28FB64F12E35-->  <AD_CLIENT_ID><![CDATA[0]]></AD_CLIENT_ID>
<!--F3B32C87EC0A49EB938D28FB64F12E35-->  <AD_ORG_ID><![CDATA[0]]></AD_ORG_ID>
<!--F3B32C87EC0A49EB938D28FB64F12E35-->  <ISACTIVE><![CDATA[Y]]></ISACTIVE>
<!--F3B32C87EC0A49EB938D28FB64F12E35-->  <VALUE><![CDATA[IMPINV]]></VALUE>
<!--F3B32C87EC0A49EB938D28FB64F12E35-->  <NAME><![CDATA[Import Inventory]]></NAME>
<!--F3B32C87EC0A49EB938D28FB64F12E35-->  <ACCESSLEVEL><![CDATA[7]]></ACCESSLEVEL>
<!--F3B32C87EC0A49EB938D28FB64F12E35-->  <ISUSERSTARTABLE><![CDATA[N]]></ISUSERSTARTABLE>
<!--F3B32C87EC0A49EB938D28FB64F12E35-->  <ISREPORT><![CDATA[N]]></ISREPORT>
<!--F3B32C87EC0A49EB938D28FB64F12E35-->  <ISDIRECTPRINT><![CDATA[N]]></ISDIRECTPRINT>
<!--F3B32C87EC0A49EB938D28FB64F12E35-->  <ISBACKGROUND><![CDATA[N]]></ISBACKGROUND>
<!--F3B32C87EC0A49EB938D28FB64F12E35-->  <ISJASPER><![CDATA[N]]></ISJASPER>
<!--F3B32C87EC0A49EB938D28FB64F12E35-->  <ISEXTERNALSERVICE><![CDATA[N]]></ISEXTERNALSERVICE>
<!--F3B32C87EC0A49EB938D28FB64F12E35-->  <AD_MODULE_ID><![CDATA[27445C8270364452BEB29669FBB21CED]]></AD_MODULE_ID>
<!--F3B32C87EC0A49EB938D28FB64F12E35-->  <UIPATTERN><![CDATA[S]]></UIPATTERN>
<!--F3B32C87EC0A49EB938D28FB64F12E35-->  <ISADVANCEDFEATURE><![CDATA[N]]></ISADVANCEDFEATURE>
<!--F3B32C87EC0A49EB938D28FB64F12E35-->  <PREVENTCONCURRENT><![CDATA[N]]></PREVENTCONCURRENT>
<!--F3B32C87EC0A49EB938D28FB64F12E35-->  <IS_EXPLICIT_ACCESS><![CDATA[N]]></IS_EXPLICIT_ACCESS>
<!--F3B32C87EC0A49EB938D28FB64F12E35-->  <ISKILLABLE><![CDATA[N]]></ISKILLABLE>
<!--F3B32C87EC0A49EB938D28FB64F12E35--></AD_PROCESS>

<!--F5C44E6E034B42FF8865AC0417C799FE--><AD_PROCESS>
<!--F5C44E6E034B42FF8865AC0417C799FE-->  <AD_PROCESS_ID><![CDATA[F5C44E6E034B42FF8865AC0417C799FE]]></AD_PROCESS_ID>
<!--F5C44E6E034B42FF8865AC0417C799FE-->  <AD_CLIENT_ID><![CDATA[0]]></AD_CLIENT_ID>
<!--F5C44E6E034B42FF8865AC0417C799FE-->  <AD_ORG_ID><![CDATA[0]]></AD_ORG_ID>
<!--F5C44E6E034B42FF8865AC0417C799FE-->  <ISACTIVE><![CDATA[Y]]></ISACTIVE>
<!--F5C44E6E034B42FF8865AC0417C799FE-->  <VALUE><![CDATA[ReimbursePItoCustomer]]></VALUE>
<!--F5C44E6E034B42FF8865AC0417C799FE-->  <NAME><![CDATA[Reimburse PI To Customer]]></NAME>
<!--F5C44E6E034B42FF8865AC0417C799FE-->  <DESCRIPTION><![CDATA[Reimburse To Customer]]></DESCRIPTION>
<!--F5C44E6E034B42FF8865AC0417C799FE-->  <HELP><![CDATA[Create Goods Shipment and Sales Invoice for reimbursment based on this Purchase Invoice. There is no profit margin in created Sales Invoice since this is reimbursment invoice.]]></HELP>
<!--F5C44E6E034B42FF8865AC0417C799FE-->  <ACCESSLEVEL><![CDATA[7]]></ACCESSLEVEL>
<!--F5C44E6E034B42FF8865AC0417C799FE-->  <ISUSERSTARTABLE><![CDATA[N]]></ISUSERSTARTABLE>
<!--F5C44E6E034B42FF8865AC0417C799FE-->  <ISREPORT><![CDATA[N]]></ISREPORT>
<!--F5C44E6E034B42FF8865AC0417C799FE-->  <ISDIRECTPRINT><![CDATA[N]]></ISDIRECTPRINT>
<!--F5C44E6E034B42FF8865AC0417C799FE-->  <ISBACKGROUND><![CDATA[N]]></ISBACKGROUND>
<!--F5C44E6E034B42FF8865AC0417C799FE-->  <ISJASPER><![CDATA[N]]></ISJASPER>
<!--F5C44E6E034B42FF8865AC0417C799FE-->  <ISEXTERNALSERVICE><![CDATA[N]]></ISEXTERNALSERVICE>
<!--F5C44E6E034B42FF8865AC0417C799FE-->  <AD_MODULE_ID><![CDATA[27445C8270364452BEB29669FBB21CED]]></AD_MODULE_ID>
<!--F5C44E6E034B42FF8865AC0417C799FE-->  <UIPATTERN><![CDATA[S]]></UIPATTERN>
<!--F5C44E6E034B42FF8865AC0417C799FE-->  <ISADVANCEDFEATURE><![CDATA[N]]></ISADVANCEDFEATURE>
<!--F5C44E6E034B42FF8865AC0417C799FE-->  <PREVENTCONCURRENT><![CDATA[N]]></PREVENTCONCURRENT>
<!--F5C44E6E034B42FF8865AC0417C799FE-->  <IS_EXPLICIT_ACCESS><![CDATA[N]]></IS_EXPLICIT_ACCESS>
<!--F5C44E6E034B42FF8865AC0417C799FE-->  <ISKILLABLE><![CDATA[N]]></ISKILLABLE>
<!--F5C44E6E034B42FF8865AC0417C799FE--></AD_PROCESS>

<!--FE3C92FD61224B66B872C7150EA5BB37--><AD_PROCESS>
<!--FE3C92FD61224B66B872C7150EA5BB37-->  <AD_PROCESS_ID><![CDATA[FE3C92FD61224B66B872C7150EA5BB37]]></AD_PROCESS_ID>
<!--FE3C92FD61224B66B872C7150EA5BB37-->  <AD_CLIENT_ID><![CDATA[0]]></AD_CLIENT_ID>
<!--FE3C92FD61224B66B872C7150EA5BB37-->  <AD_ORG_ID><![CDATA[0]]></AD_ORG_ID>
<!--FE3C92FD61224B66B872C7150EA5BB37-->  <ISACTIVE><![CDATA[Y]]></ISACTIVE>
<!--FE3C92FD61224B66B872C7150EA5BB37-->  <VALUE><![CDATA[Financial Account Statement]]></VALUE>
<!--FE3C92FD61224B66B872C7150EA5BB37-->  <NAME><![CDATA[Financial Account Statement]]></NAME>
<!--FE3C92FD61224B66B872C7150EA5BB37-->  <DESCRIPTION><![CDATA[Financial Account Statement]]></DESCRIPTION>
<!--FE3C92FD61224B66B872C7150EA5BB37-->  <HELP><![CDATA[cash/bank statement report. print a beginning balance, transaction, and end ending balance, for a given date range. this report include balance of a financial account for each transaction.]]></HELP>
<!--FE3C92FD61224B66B872C7150EA5BB37-->  <ACCESSLEVEL><![CDATA[3]]></ACCESSLEVEL>
<!--FE3C92FD61224B66B872C7150EA5BB37-->  <ISUSERSTARTABLE><![CDATA[N]]></ISUSERSTARTABLE>
<!--FE3C92FD61224B66B872C7150EA5BB37-->  <ISREPORT><![CDATA[N]]></ISREPORT>
<!--FE3C92FD61224B66B872C7150EA5BB37-->  <ISDIRECTPRINT><![CDATA[N]]></ISDIRECTPRINT>
<!--FE3C92FD61224B66B872C7150EA5BB37-->  <ISBACKGROUND><![CDATA[N]]></ISBACKGROUND>
<!--FE3C92FD61224B66B872C7150EA5BB37-->  <ISJASPER><![CDATA[Y]]></ISJASPER>
<!--FE3C92FD61224B66B872C7150EA5BB37-->  <JRNAME><![CDATA[@basedesign@/org/wirabumi/gen/oez/ad_report/laporanmutasikasbank.jrxml]]></JRNAME>
<!--FE3C92FD61224B66B872C7150EA5BB37-->  <ISEXTERNALSERVICE><![CDATA[N]]></ISEXTERNALSERVICE>
<!--FE3C92FD61224B66B872C7150EA5BB37-->  <AD_MODULE_ID><![CDATA[27445C8270364452BEB29669FBB21CED]]></AD_MODULE_ID>
<!--FE3C92FD61224B66B872C7150EA5BB37-->  <UIPATTERN><![CDATA[S]]></UIPATTERN>
<!--FE3C92FD61224B66B872C7150EA5BB37-->  <ISADVANCEDFEATURE><![CDATA[N]]></ISADVANCEDFEATURE>
<!--FE3C92FD61224B66B872C7150EA5BB37-->  <PREVENTCONCURRENT><![CDATA[N]]></PREVENTCONCURRENT>
<!--FE3C92FD61224B66B872C7150EA5BB37-->  <IS_EXPLICIT_ACCESS><![CDATA[N]]></IS_EXPLICIT_ACCESS>
<!--FE3C92FD61224B66B872C7150EA5BB37-->  <ISKILLABLE><![CDATA[N]]></ISKILLABLE>
<!--FE3C92FD61224B66B872C7150EA5BB37--></AD_PROCESS>

<!--FFB36346586F49FF8E590DD00A037318--><AD_PROCESS>
<!--FFB36346586F49FF8E590DD00A037318-->  <AD_PROCESS_ID><![CDATA[FFB36346586F49FF8E590DD00A037318]]></AD_PROCESS_ID>
<!--FFB36346586F49FF8E590DD00A037318-->  <AD_CLIENT_ID><![CDATA[0]]></AD_CLIENT_ID>
<!--FFB36346586F49FF8E590DD00A037318-->  <AD_ORG_ID><![CDATA[0]]></AD_ORG_ID>
<!--FFB36346586F49FF8E590DD00A037318-->  <ISACTIVE><![CDATA[Y]]></ISACTIVE>
<!--FFB36346586F49FF8E590DD00A037318-->  <VALUE><![CDATA[SO Awaiting GS]]></VALUE>
<!--FFB36346586F49FF8E590DD00A037318-->  <NAME><![CDATA[Sales Order Awaiting Goods Shipment Report]]></NAME>
<!--FFB36346586F49FF8E590DD00A037318-->  <DESCRIPTION><![CDATA[Sales Order Awaiting Goods Shipment Report]]></DESCRIPTION>
<!--FFB36346586F49FF8E590DD00A037318-->  <HELP><![CDATA[List of item inside sales order which not shipped yet.]]></HELP>
<!--FFB36346586F49FF8E590DD00A037318-->  <ACCESSLEVEL><![CDATA[3]]></ACCESSLEVEL>
<!--FFB36346586F49FF8E590DD00A037318-->  <ISUSERSTARTABLE><![CDATA[N]]></ISUSERSTARTABLE>
<!--FFB36346586F49FF8E590DD00A037318-->  <ISREPORT><![CDATA[N]]></ISREPORT>
<!--FFB36346586F49FF8E590DD00A037318-->  <ISDIRECTPRINT><![CDATA[N]]></ISDIRECTPRINT>
<!--FFB36346586F49FF8E590DD00A037318-->  <ISBACKGROUND><![CDATA[N]]></ISBACKGROUND>
<!--FFB36346586F49FF8E590DD00A037318-->  <ISJASPER><![CDATA[Y]]></ISJASPER>
<!--FFB36346586F49FF8E590DD00A037318-->  <JRNAME><![CDATA[@basedesign@/org/wirabumi/gen/oez/soawaitinggr.jrxml]]></JRNAME>
<!--FFB36346586F49FF8E590DD00A037318-->  <ISEXTERNALSERVICE><![CDATA[N]]></ISEXTERNALSERVICE>
<!--FFB36346586F49FF8E590DD00A037318-->  <AD_MODULE_ID><![CDATA[27445C8270364452BEB29669FBB21CED]]></AD_MODULE_ID>
<!--FFB36346586F49FF8E590DD00A037318-->  <UIPATTERN><![CDATA[S]]></UIPATTERN>
<!--FFB36346586F49FF8E590DD00A037318-->  <ISADVANCEDFEATURE><![CDATA[N]]></ISADVANCEDFEATURE>
<!--FFB36346586F49FF8E590DD00A037318-->  <PREVENTCONCURRENT><![CDATA[N]]></PREVENTCONCURRENT>
<!--FFB36346586F49FF8E590DD00A037318-->  <IS_EXPLICIT_ACCESS><![CDATA[N]]></IS_EXPLICIT_ACCESS>
<!--FFB36346586F49FF8E590DD00A037318-->  <ISKILLABLE><![CDATA[N]]></ISKILLABLE>
<!--FFB36346586F49FF8E590DD00A037318--></AD_PROCESS>

</data>
