<?xml version="1.0" encoding="UTF-8"?>
<data>
<!--7D5922814C5B422DB539B01470B0C7DC--><AD_PACKAGE>
<!--7D5922814C5B422DB539B01470B0C7DC-->  <AD_PACKAGE_ID><![CDATA[7D5922814C5B422DB539B01470B0C7DC]]></AD_PACKAGE_ID>
<!--7D5922814C5B422DB539B01470B0C7DC-->  <AD_CLIENT_ID><![CDATA[0]]></AD_CLIENT_ID>
<!--7D5922814C5B422DB539B01470B0C7DC-->  <AD_ORG_ID><![CDATA[0]]></AD_ORG_ID>
<!--7D5922814C5B422DB539B01470B0C7DC-->  <NAME><![CDATA[Openbravo EZ Import Balance Sheet and Income Statement]]></NAME>
<!--7D5922814C5B422DB539B01470B0C7DC-->  <JAVAPACKAGE><![CDATA[org.wirabumi.gen.oez.importtrialbalance]]></JAVAPACKAGE>
<!--7D5922814C5B422DB539B01470B0C7DC-->  <AD_MODULE_ID><![CDATA[27445C8270364452BEB29669FBB21CED]]></AD_MODULE_ID>
<!--7D5922814C5B422DB539B01470B0C7DC-->  <ISACTIVE><![CDATA[Y]]></ISACTIVE>
<!--7D5922814C5B422DB539B01470B0C7DC--></AD_PACKAGE>

<!--CFD813F66133463490E9C63AFC627DD7--><AD_PACKAGE>
<!--CFD813F66133463490E9C63AFC627DD7-->  <AD_PACKAGE_ID><![CDATA[CFD813F66133463490E9C63AFC627DD7]]></AD_PACKAGE_ID>
<!--CFD813F66133463490E9C63AFC627DD7-->  <AD_CLIENT_ID><![CDATA[0]]></AD_CLIENT_ID>
<!--CFD813F66133463490E9C63AFC627DD7-->  <AD_ORG_ID><![CDATA[0]]></AD_ORG_ID>
<!--CFD813F66133463490E9C63AFC627DD7-->  <NAME><![CDATA[Openbravo EZ Importer]]></NAME>
<!--CFD813F66133463490E9C63AFC627DD7-->  <JAVAPACKAGE><![CDATA[org.wirabumi.gen.oez.importmasterdata]]></JAVAPACKAGE>
<!--CFD813F66133463490E9C63AFC627DD7-->  <AD_MODULE_ID><![CDATA[27445C8270364452BEB29669FBB21CED]]></AD_MODULE_ID>
<!--CFD813F66133463490E9C63AFC627DD7-->  <ISACTIVE><![CDATA[Y]]></ISACTIVE>
<!--CFD813F66133463490E9C63AFC627DD7--></AD_PACKAGE>

<!--EC2A3056818547DB84BFE7C500FC0458--><AD_PACKAGE>
<!--EC2A3056818547DB84BFE7C500FC0458-->  <AD_PACKAGE_ID><![CDATA[EC2A3056818547DB84BFE7C500FC0458]]></AD_PACKAGE_ID>
<!--EC2A3056818547DB84BFE7C500FC0458-->  <AD_CLIENT_ID><![CDATA[0]]></AD_CLIENT_ID>
<!--EC2A3056818547DB84BFE7C500FC0458-->  <AD_ORG_ID><![CDATA[0]]></AD_ORG_ID>
<!--EC2A3056818547DB84BFE7C500FC0458-->  <NAME><![CDATA[Openbravo EZ]]></NAME>
<!--EC2A3056818547DB84BFE7C500FC0458-->  <DESCRIPTION><![CDATA[Openbravo EZ general data package]]></DESCRIPTION>
<!--EC2A3056818547DB84BFE7C500FC0458-->  <JAVAPACKAGE><![CDATA[org.wirabumi.gen.oez]]></JAVAPACKAGE>
<!--EC2A3056818547DB84BFE7C500FC0458-->  <AD_MODULE_ID><![CDATA[27445C8270364452BEB29669FBB21CED]]></AD_MODULE_ID>
<!--EC2A3056818547DB84BFE7C500FC0458-->  <ISACTIVE><![CDATA[Y]]></ISACTIVE>
<!--EC2A3056818547DB84BFE7C500FC0458--></AD_PACKAGE>

</data>
