<?xml version="1.0" encoding="UTF-8"?>
<data>
<!--ECB2ED8EC09F453D8D7A597DB72E6BFD--><AD_PREFERENCE>
<!--ECB2ED8EC09F453D8D7A597DB72E6BFD-->  <AD_PREFERENCE_ID><![CDATA[ECB2ED8EC09F453D8D7A597DB72E6BFD]]></AD_PREFERENCE_ID>
<!--ECB2ED8EC09F453D8D7A597DB72E6BFD-->  <AD_CLIENT_ID><![CDATA[0]]></AD_CLIENT_ID>
<!--ECB2ED8EC09F453D8D7A597DB72E6BFD-->  <AD_ORG_ID><![CDATA[0]]></AD_ORG_ID>
<!--ECB2ED8EC09F453D8D7A597DB72E6BFD-->  <ISACTIVE><![CDATA[Y]]></ISACTIVE>
<!--ECB2ED8EC09F453D8D7A597DB72E6BFD-->  <AD_WINDOW_ID><![CDATA[BFE3B80BD5054873A5C4EFA6FD99F43A]]></AD_WINDOW_ID>
<!--ECB2ED8EC09F453D8D7A597DB72E6BFD-->  <VALUE><![CDATA[S]]></VALUE>
<!--ECB2ED8EC09F453D8D7A597DB72E6BFD-->  <PROPERTY><![CDATA[OEZ_BUDGET_TYPE]]></PROPERTY>
<!--ECB2ED8EC09F453D8D7A597DB72E6BFD-->  <ISPROPERTYLIST><![CDATA[Y]]></ISPROPERTYLIST>
<!--ECB2ED8EC09F453D8D7A597DB72E6BFD-->  <AD_MODULE_ID><![CDATA[27445C8270364452BEB29669FBB21CED]]></AD_MODULE_ID>
<!--ECB2ED8EC09F453D8D7A597DB72E6BFD--></AD_PREFERENCE>

<!--FF13C874606947B4897B706EF3B3E13A--><AD_PREFERENCE>
<!--FF13C874606947B4897B706EF3B3E13A-->  <AD_PREFERENCE_ID><![CDATA[FF13C874606947B4897B706EF3B3E13A]]></AD_PREFERENCE_ID>
<!--FF13C874606947B4897B706EF3B3E13A-->  <AD_CLIENT_ID><![CDATA[0]]></AD_CLIENT_ID>
<!--FF13C874606947B4897B706EF3B3E13A-->  <AD_ORG_ID><![CDATA[0]]></AD_ORG_ID>
<!--FF13C874606947B4897B706EF3B3E13A-->  <ISACTIVE><![CDATA[Y]]></ISACTIVE>
<!--FF13C874606947B4897B706EF3B3E13A-->  <AD_WINDOW_ID><![CDATA[6F8F913FA60F4CBD93DC1D3AA696E76E]]></AD_WINDOW_ID>
<!--FF13C874606947B4897B706EF3B3E13A-->  <VALUE><![CDATA[N]]></VALUE>
<!--FF13C874606947B4897B706EF3B3E13A-->  <PROPERTY><![CDATA[OEZ_AVOIDBACKDATE]]></PROPERTY>
<!--FF13C874606947B4897B706EF3B3E13A-->  <ISPROPERTYLIST><![CDATA[Y]]></ISPROPERTYLIST>
<!--FF13C874606947B4897B706EF3B3E13A-->  <AD_MODULE_ID><![CDATA[27445C8270364452BEB29669FBB21CED]]></AD_MODULE_ID>
<!--FF13C874606947B4897B706EF3B3E13A--></AD_PREFERENCE>

</data>
