<?xml version="1.0" encoding="UTF-8"?>
<data>
<!--0BC784BC6904452D9AE052774D4BCF21--><AD_REF_LIST>
<!--0BC784BC6904452D9AE052774D4BCF21-->  <AD_REF_LIST_ID><![CDATA[0BC784BC6904452D9AE052774D4BCF21]]></AD_REF_LIST_ID>
<!--0BC784BC6904452D9AE052774D4BCF21-->  <AD_CLIENT_ID><![CDATA[0]]></AD_CLIENT_ID>
<!--0BC784BC6904452D9AE052774D4BCF21-->  <AD_ORG_ID><![CDATA[0]]></AD_ORG_ID>
<!--0BC784BC6904452D9AE052774D4BCF21-->  <ISACTIVE><![CDATA[Y]]></ISACTIVE>
<!--0BC784BC6904452D9AE052774D4BCF21-->  <VALUE><![CDATA[MONTHLY]]></VALUE>
<!--0BC784BC6904452D9AE052774D4BCF21-->  <NAME><![CDATA[Monthly]]></NAME>
<!--0BC784BC6904452D9AE052774D4BCF21-->  <AD_REFERENCE_ID><![CDATA[2ED97BE8F8854516AFB332BA25C40E34]]></AD_REFERENCE_ID>
<!--0BC784BC6904452D9AE052774D4BCF21-->  <AD_MODULE_ID><![CDATA[27445C8270364452BEB29669FBB21CED]]></AD_MODULE_ID>
<!--0BC784BC6904452D9AE052774D4BCF21--></AD_REF_LIST>

<!--0D5DABB5D7514E8B85A7632E71D549F5--><AD_REF_LIST>
<!--0D5DABB5D7514E8B85A7632E71D549F5-->  <AD_REF_LIST_ID><![CDATA[0D5DABB5D7514E8B85A7632E71D549F5]]></AD_REF_LIST_ID>
<!--0D5DABB5D7514E8B85A7632E71D549F5-->  <AD_CLIENT_ID><![CDATA[0]]></AD_CLIENT_ID>
<!--0D5DABB5D7514E8B85A7632E71D549F5-->  <AD_ORG_ID><![CDATA[0]]></AD_ORG_ID>
<!--0D5DABB5D7514E8B85A7632E71D549F5-->  <ISACTIVE><![CDATA[Y]]></ISACTIVE>
<!--0D5DABB5D7514E8B85A7632E71D549F5-->  <VALUE><![CDATA[OEZ_SALESPRODUCT]]></VALUE>
<!--0D5DABB5D7514E8B85A7632E71D549F5-->  <NAME><![CDATA[Sales Commission Product]]></NAME>
<!--0D5DABB5D7514E8B85A7632E71D549F5-->  <AD_REFERENCE_ID><![CDATA[A26BA480E2014707B47257024C3CBFF7]]></AD_REFERENCE_ID>
<!--0D5DABB5D7514E8B85A7632E71D549F5-->  <AD_MODULE_ID><![CDATA[27445C8270364452BEB29669FBB21CED]]></AD_MODULE_ID>
<!--0D5DABB5D7514E8B85A7632E71D549F5--></AD_REF_LIST>

<!--12035E282718430089B556014B2A4F30--><AD_REF_LIST>
<!--12035E282718430089B556014B2A4F30-->  <AD_REF_LIST_ID><![CDATA[12035E282718430089B556014B2A4F30]]></AD_REF_LIST_ID>
<!--12035E282718430089B556014B2A4F30-->  <AD_CLIENT_ID><![CDATA[0]]></AD_CLIENT_ID>
<!--12035E282718430089B556014B2A4F30-->  <AD_ORG_ID><![CDATA[0]]></AD_ORG_ID>
<!--12035E282718430089B556014B2A4F30-->  <ISACTIVE><![CDATA[Y]]></ISACTIVE>
<!--12035E282718430089B556014B2A4F30-->  <VALUE><![CDATA[OEZ_RELEASE]]></VALUE>
<!--12035E282718430089B556014B2A4F30-->  <NAME><![CDATA[Released]]></NAME>
<!--12035E282718430089B556014B2A4F30-->  <AD_REFERENCE_ID><![CDATA[131]]></AD_REFERENCE_ID>
<!--12035E282718430089B556014B2A4F30-->  <AD_MODULE_ID><![CDATA[27445C8270364452BEB29669FBB21CED]]></AD_MODULE_ID>
<!--12035E282718430089B556014B2A4F30--></AD_REF_LIST>

<!--2C61EED9AB2745249AA596C7D353D8E3--><AD_REF_LIST>
<!--2C61EED9AB2745249AA596C7D353D8E3-->  <AD_REF_LIST_ID><![CDATA[2C61EED9AB2745249AA596C7D353D8E3]]></AD_REF_LIST_ID>
<!--2C61EED9AB2745249AA596C7D353D8E3-->  <AD_CLIENT_ID><![CDATA[0]]></AD_CLIENT_ID>
<!--2C61EED9AB2745249AA596C7D353D8E3-->  <AD_ORG_ID><![CDATA[0]]></AD_ORG_ID>
<!--2C61EED9AB2745249AA596C7D353D8E3-->  <ISACTIVE><![CDATA[Y]]></ISACTIVE>
<!--2C61EED9AB2745249AA596C7D353D8E3-->  <VALUE><![CDATA[OEZ_CJ]]></VALUE>
<!--2C61EED9AB2745249AA596C7D353D8E3-->  <NAME><![CDATA[Closed - Rejected]]></NAME>
<!--2C61EED9AB2745249AA596C7D353D8E3-->  <AD_REFERENCE_ID><![CDATA[131]]></AD_REFERENCE_ID>
<!--2C61EED9AB2745249AA596C7D353D8E3-->  <AD_MODULE_ID><![CDATA[27445C8270364452BEB29669FBB21CED]]></AD_MODULE_ID>
<!--2C61EED9AB2745249AA596C7D353D8E3--></AD_REF_LIST>

<!--33DD74B2357B4196B31C6D3CCC74EFFF--><AD_REF_LIST>
<!--33DD74B2357B4196B31C6D3CCC74EFFF-->  <AD_REF_LIST_ID><![CDATA[33DD74B2357B4196B31C6D3CCC74EFFF]]></AD_REF_LIST_ID>
<!--33DD74B2357B4196B31C6D3CCC74EFFF-->  <AD_CLIENT_ID><![CDATA[0]]></AD_CLIENT_ID>
<!--33DD74B2357B4196B31C6D3CCC74EFFF-->  <AD_ORG_ID><![CDATA[0]]></AD_ORG_ID>
<!--33DD74B2357B4196B31C6D3CCC74EFFF-->  <ISACTIVE><![CDATA[Y]]></ISACTIVE>
<!--33DD74B2357B4196B31C6D3CCC74EFFF-->  <VALUE><![CDATA[OEZ_Loading_Confirmation]]></VALUE>
<!--33DD74B2357B4196B31C6D3CCC74EFFF-->  <NAME><![CDATA[Loading Confirmation]]></NAME>
<!--33DD74B2357B4196B31C6D3CCC74EFFF-->  <AD_REFERENCE_ID><![CDATA[135]]></AD_REFERENCE_ID>
<!--33DD74B2357B4196B31C6D3CCC74EFFF-->  <AD_MODULE_ID><![CDATA[27445C8270364452BEB29669FBB21CED]]></AD_MODULE_ID>
<!--33DD74B2357B4196B31C6D3CCC74EFFF--></AD_REF_LIST>

<!--41777AE9ECC34F76BE123E2B40A473C6--><AD_REF_LIST>
<!--41777AE9ECC34F76BE123E2B40A473C6-->  <AD_REF_LIST_ID><![CDATA[41777AE9ECC34F76BE123E2B40A473C6]]></AD_REF_LIST_ID>
<!--41777AE9ECC34F76BE123E2B40A473C6-->  <AD_CLIENT_ID><![CDATA[0]]></AD_CLIENT_ID>
<!--41777AE9ECC34F76BE123E2B40A473C6-->  <AD_ORG_ID><![CDATA[0]]></AD_ORG_ID>
<!--41777AE9ECC34F76BE123E2B40A473C6-->  <ISACTIVE><![CDATA[Y]]></ISACTIVE>
<!--41777AE9ECC34F76BE123E2B40A473C6-->  <VALUE><![CDATA[OEZ_CJ]]></VALUE>
<!--41777AE9ECC34F76BE123E2B40A473C6-->  <NAME><![CDATA[Closed - Rejected]]></NAME>
<!--41777AE9ECC34F76BE123E2B40A473C6-->  <AD_REFERENCE_ID><![CDATA[135]]></AD_REFERENCE_ID>
<!--41777AE9ECC34F76BE123E2B40A473C6-->  <AD_MODULE_ID><![CDATA[27445C8270364452BEB29669FBB21CED]]></AD_MODULE_ID>
<!--41777AE9ECC34F76BE123E2B40A473C6--></AD_REF_LIST>

<!--46039246CA8A4463A735C73F9B9979CF--><AD_REF_LIST>
<!--46039246CA8A4463A735C73F9B9979CF-->  <AD_REF_LIST_ID><![CDATA[46039246CA8A4463A735C73F9B9979CF]]></AD_REF_LIST_ID>
<!--46039246CA8A4463A735C73F9B9979CF-->  <AD_CLIENT_ID><![CDATA[0]]></AD_CLIENT_ID>
<!--46039246CA8A4463A735C73F9B9979CF-->  <AD_ORG_ID><![CDATA[0]]></AD_ORG_ID>
<!--46039246CA8A4463A735C73F9B9979CF-->  <ISACTIVE><![CDATA[Y]]></ISACTIVE>
<!--46039246CA8A4463A735C73F9B9979CF-->  <VALUE><![CDATA[OEZ_Shipment_Confirmation]]></VALUE>
<!--46039246CA8A4463A735C73F9B9979CF-->  <NAME><![CDATA[Shipment Confirmation]]></NAME>
<!--46039246CA8A4463A735C73F9B9979CF-->  <AD_REFERENCE_ID><![CDATA[135]]></AD_REFERENCE_ID>
<!--46039246CA8A4463A735C73F9B9979CF-->  <AD_MODULE_ID><![CDATA[27445C8270364452BEB29669FBB21CED]]></AD_MODULE_ID>
<!--46039246CA8A4463A735C73F9B9979CF--></AD_REF_LIST>

<!--4B8AF74B187B4CDBB7EDBFD3366031C6--><AD_REF_LIST>
<!--4B8AF74B187B4CDBB7EDBFD3366031C6-->  <AD_REF_LIST_ID><![CDATA[4B8AF74B187B4CDBB7EDBFD3366031C6]]></AD_REF_LIST_ID>
<!--4B8AF74B187B4CDBB7EDBFD3366031C6-->  <AD_CLIENT_ID><![CDATA[0]]></AD_CLIENT_ID>
<!--4B8AF74B187B4CDBB7EDBFD3366031C6-->  <AD_ORG_ID><![CDATA[0]]></AD_ORG_ID>
<!--4B8AF74B187B4CDBB7EDBFD3366031C6-->  <ISACTIVE><![CDATA[Y]]></ISACTIVE>
<!--4B8AF74B187B4CDBB7EDBFD3366031C6-->  <VALUE><![CDATA[OEZ_ACTUALCOST]]></VALUE>
<!--4B8AF74B187B4CDBB7EDBFD3366031C6-->  <NAME><![CDATA[Actual Costing]]></NAME>
<!--4B8AF74B187B4CDBB7EDBFD3366031C6-->  <DESCRIPTION><![CDATA[Actual costing using serial number]]></DESCRIPTION>
<!--4B8AF74B187B4CDBB7EDBFD3366031C6-->  <AD_REFERENCE_ID><![CDATA[800025]]></AD_REFERENCE_ID>
<!--4B8AF74B187B4CDBB7EDBFD3366031C6-->  <AD_MODULE_ID><![CDATA[27445C8270364452BEB29669FBB21CED]]></AD_MODULE_ID>
<!--4B8AF74B187B4CDBB7EDBFD3366031C6--></AD_REF_LIST>

<!--4BB713807C1E4466AF4E5C9EFA6C0694--><AD_REF_LIST>
<!--4BB713807C1E4466AF4E5C9EFA6C0694-->  <AD_REF_LIST_ID><![CDATA[4BB713807C1E4466AF4E5C9EFA6C0694]]></AD_REF_LIST_ID>
<!--4BB713807C1E4466AF4E5C9EFA6C0694-->  <AD_CLIENT_ID><![CDATA[0]]></AD_CLIENT_ID>
<!--4BB713807C1E4466AF4E5C9EFA6C0694-->  <AD_ORG_ID><![CDATA[0]]></AD_ORG_ID>
<!--4BB713807C1E4466AF4E5C9EFA6C0694-->  <ISACTIVE><![CDATA[Y]]></ISACTIVE>
<!--4BB713807C1E4466AF4E5C9EFA6C0694-->  <VALUE><![CDATA[OEZ_INVDOCTYPE]]></VALUE>
<!--4BB713807C1E4466AF4E5C9EFA6C0694-->  <NAME><![CDATA[Invoice Commission Document Type]]></NAME>
<!--4BB713807C1E4466AF4E5C9EFA6C0694-->  <AD_REFERENCE_ID><![CDATA[A26BA480E2014707B47257024C3CBFF7]]></AD_REFERENCE_ID>
<!--4BB713807C1E4466AF4E5C9EFA6C0694-->  <AD_MODULE_ID><![CDATA[27445C8270364452BEB29669FBB21CED]]></AD_MODULE_ID>
<!--4BB713807C1E4466AF4E5C9EFA6C0694--></AD_REF_LIST>

<!--4FD3140D6E4640D4913184835603441A--><AD_REF_LIST>
<!--4FD3140D6E4640D4913184835603441A-->  <AD_REF_LIST_ID><![CDATA[4FD3140D6E4640D4913184835603441A]]></AD_REF_LIST_ID>
<!--4FD3140D6E4640D4913184835603441A-->  <AD_CLIENT_ID><![CDATA[0]]></AD_CLIENT_ID>
<!--4FD3140D6E4640D4913184835603441A-->  <AD_ORG_ID><![CDATA[0]]></AD_ORG_ID>
<!--4FD3140D6E4640D4913184835603441A-->  <ISACTIVE><![CDATA[Y]]></ISACTIVE>
<!--4FD3140D6E4640D4913184835603441A-->  <VALUE><![CDATA[OEZ_RJ]]></VALUE>
<!--4FD3140D6E4640D4913184835603441A-->  <NAME><![CDATA[Rejected]]></NAME>
<!--4FD3140D6E4640D4913184835603441A-->  <AD_REFERENCE_ID><![CDATA[131]]></AD_REFERENCE_ID>
<!--4FD3140D6E4640D4913184835603441A-->  <AD_MODULE_ID><![CDATA[27445C8270364452BEB29669FBB21CED]]></AD_MODULE_ID>
<!--4FD3140D6E4640D4913184835603441A--></AD_REF_LIST>

<!--55B398A30A3C417492CCFFA650C1E261--><AD_REF_LIST>
<!--55B398A30A3C417492CCFFA650C1E261-->  <AD_REF_LIST_ID><![CDATA[55B398A30A3C417492CCFFA650C1E261]]></AD_REF_LIST_ID>
<!--55B398A30A3C417492CCFFA650C1E261-->  <AD_CLIENT_ID><![CDATA[0]]></AD_CLIENT_ID>
<!--55B398A30A3C417492CCFFA650C1E261-->  <AD_ORG_ID><![CDATA[0]]></AD_ORG_ID>
<!--55B398A30A3C417492CCFFA650C1E261-->  <ISACTIVE><![CDATA[Y]]></ISACTIVE>
<!--55B398A30A3C417492CCFFA650C1E261-->  <VALUE><![CDATA[OEZ_VALIDATE_PAYMENT]]></VALUE>
<!--55B398A30A3C417492CCFFA650C1E261-->  <NAME><![CDATA[Validate With Payment Term]]></NAME>
<!--55B398A30A3C417492CCFFA650C1E261-->  <AD_REFERENCE_ID><![CDATA[A26BA480E2014707B47257024C3CBFF7]]></AD_REFERENCE_ID>
<!--55B398A30A3C417492CCFFA650C1E261-->  <AD_MODULE_ID><![CDATA[27445C8270364452BEB29669FBB21CED]]></AD_MODULE_ID>
<!--55B398A30A3C417492CCFFA650C1E261--></AD_REF_LIST>

<!--606EAE757632481194F2E39C2BE4FBCB--><AD_REF_LIST>
<!--606EAE757632481194F2E39C2BE4FBCB-->  <AD_REF_LIST_ID><![CDATA[606EAE757632481194F2E39C2BE4FBCB]]></AD_REF_LIST_ID>
<!--606EAE757632481194F2E39C2BE4FBCB-->  <AD_CLIENT_ID><![CDATA[0]]></AD_CLIENT_ID>
<!--606EAE757632481194F2E39C2BE4FBCB-->  <AD_ORG_ID><![CDATA[0]]></AD_ORG_ID>
<!--606EAE757632481194F2E39C2BE4FBCB-->  <ISACTIVE><![CDATA[Y]]></ISACTIVE>
<!--606EAE757632481194F2E39C2BE4FBCB-->  <VALUE><![CDATA[OEZ_BAST]]></VALUE>
<!--606EAE757632481194F2E39C2BE4FBCB-->  <NAME><![CDATA[BAST]]></NAME>
<!--606EAE757632481194F2E39C2BE4FBCB-->  <AD_REFERENCE_ID><![CDATA[131]]></AD_REFERENCE_ID>
<!--606EAE757632481194F2E39C2BE4FBCB-->  <AD_MODULE_ID><![CDATA[27445C8270364452BEB29669FBB21CED]]></AD_MODULE_ID>
<!--606EAE757632481194F2E39C2BE4FBCB--></AD_REF_LIST>

<!--64109C465D9D4EF0B3EF4AC3632C6E24--><AD_REF_LIST>
<!--64109C465D9D4EF0B3EF4AC3632C6E24-->  <AD_REF_LIST_ID><![CDATA[64109C465D9D4EF0B3EF4AC3632C6E24]]></AD_REF_LIST_ID>
<!--64109C465D9D4EF0B3EF4AC3632C6E24-->  <AD_CLIENT_ID><![CDATA[0]]></AD_CLIENT_ID>
<!--64109C465D9D4EF0B3EF4AC3632C6E24-->  <AD_ORG_ID><![CDATA[0]]></AD_ORG_ID>
<!--64109C465D9D4EF0B3EF4AC3632C6E24-->  <ISACTIVE><![CDATA[Y]]></ISACTIVE>
<!--64109C465D9D4EF0B3EF4AC3632C6E24-->  <VALUE><![CDATA[OEZ_CA]]></VALUE>
<!--64109C465D9D4EF0B3EF4AC3632C6E24-->  <NAME><![CDATA[Closed - Order Created]]></NAME>
<!--64109C465D9D4EF0B3EF4AC3632C6E24-->  <AD_REFERENCE_ID><![CDATA[135]]></AD_REFERENCE_ID>
<!--64109C465D9D4EF0B3EF4AC3632C6E24-->  <AD_MODULE_ID><![CDATA[27445C8270364452BEB29669FBB21CED]]></AD_MODULE_ID>
<!--64109C465D9D4EF0B3EF4AC3632C6E24--></AD_REF_LIST>

<!--6E814F4EA3F04858BEAA568D7C960EDE--><AD_REF_LIST>
<!--6E814F4EA3F04858BEAA568D7C960EDE-->  <AD_REF_LIST_ID><![CDATA[6E814F4EA3F04858BEAA568D7C960EDE]]></AD_REF_LIST_ID>
<!--6E814F4EA3F04858BEAA568D7C960EDE-->  <AD_CLIENT_ID><![CDATA[0]]></AD_CLIENT_ID>
<!--6E814F4EA3F04858BEAA568D7C960EDE-->  <AD_ORG_ID><![CDATA[0]]></AD_ORG_ID>
<!--6E814F4EA3F04858BEAA568D7C960EDE-->  <ISACTIVE><![CDATA[Y]]></ISACTIVE>
<!--6E814F4EA3F04858BEAA568D7C960EDE-->  <VALUE><![CDATA[OEZ_IC]]></VALUE>
<!--6E814F4EA3F04858BEAA568D7C960EDE-->  <NAME><![CDATA[Internal Consumption]]></NAME>
<!--6E814F4EA3F04858BEAA568D7C960EDE-->  <AD_REFERENCE_ID><![CDATA[183]]></AD_REFERENCE_ID>
<!--6E814F4EA3F04858BEAA568D7C960EDE-->  <AD_MODULE_ID><![CDATA[27445C8270364452BEB29669FBB21CED]]></AD_MODULE_ID>
<!--6E814F4EA3F04858BEAA568D7C960EDE--></AD_REF_LIST>

<!--89BFB809996C4ED594AD845306917CA0--><AD_REF_LIST>
<!--89BFB809996C4ED594AD845306917CA0-->  <AD_REF_LIST_ID><![CDATA[89BFB809996C4ED594AD845306917CA0]]></AD_REF_LIST_ID>
<!--89BFB809996C4ED594AD845306917CA0-->  <AD_CLIENT_ID><![CDATA[0]]></AD_CLIENT_ID>
<!--89BFB809996C4ED594AD845306917CA0-->  <AD_ORG_ID><![CDATA[0]]></AD_ORG_ID>
<!--89BFB809996C4ED594AD845306917CA0-->  <ISACTIVE><![CDATA[Y]]></ISACTIVE>
<!--89BFB809996C4ED594AD845306917CA0-->  <VALUE><![CDATA[OEZ_Loading_Confirmation]]></VALUE>
<!--89BFB809996C4ED594AD845306917CA0-->  <NAME><![CDATA[Loading Confirmation]]></NAME>
<!--89BFB809996C4ED594AD845306917CA0-->  <AD_REFERENCE_ID><![CDATA[131]]></AD_REFERENCE_ID>
<!--89BFB809996C4ED594AD845306917CA0-->  <AD_MODULE_ID><![CDATA[27445C8270364452BEB29669FBB21CED]]></AD_MODULE_ID>
<!--89BFB809996C4ED594AD845306917CA0--></AD_REF_LIST>

<!--8E643330367E4CFB9AECF38A567D6118--><AD_REF_LIST>
<!--8E643330367E4CFB9AECF38A567D6118-->  <AD_REF_LIST_ID><![CDATA[8E643330367E4CFB9AECF38A567D6118]]></AD_REF_LIST_ID>
<!--8E643330367E4CFB9AECF38A567D6118-->  <AD_CLIENT_ID><![CDATA[0]]></AD_CLIENT_ID>
<!--8E643330367E4CFB9AECF38A567D6118-->  <AD_ORG_ID><![CDATA[0]]></AD_ORG_ID>
<!--8E643330367E4CFB9AECF38A567D6118-->  <ISACTIVE><![CDATA[Y]]></ISACTIVE>
<!--8E643330367E4CFB9AECF38A567D6118-->  <VALUE><![CDATA[OEZ_PAYTERM]]></VALUE>
<!--8E643330367E4CFB9AECF38A567D6118-->  <NAME><![CDATA[Commission Payment Term]]></NAME>
<!--8E643330367E4CFB9AECF38A567D6118-->  <AD_REFERENCE_ID><![CDATA[A26BA480E2014707B47257024C3CBFF7]]></AD_REFERENCE_ID>
<!--8E643330367E4CFB9AECF38A567D6118-->  <AD_MODULE_ID><![CDATA[27445C8270364452BEB29669FBB21CED]]></AD_MODULE_ID>
<!--8E643330367E4CFB9AECF38A567D6118--></AD_REF_LIST>

<!--8ECB64AB53C641E49BC2ACB35BE99AED--><AD_REF_LIST>
<!--8ECB64AB53C641E49BC2ACB35BE99AED-->  <AD_REF_LIST_ID><![CDATA[8ECB64AB53C641E49BC2ACB35BE99AED]]></AD_REF_LIST_ID>
<!--8ECB64AB53C641E49BC2ACB35BE99AED-->  <AD_CLIENT_ID><![CDATA[0]]></AD_CLIENT_ID>
<!--8ECB64AB53C641E49BC2ACB35BE99AED-->  <AD_ORG_ID><![CDATA[0]]></AD_ORG_ID>
<!--8ECB64AB53C641E49BC2ACB35BE99AED-->  <ISACTIVE><![CDATA[Y]]></ISACTIVE>
<!--8ECB64AB53C641E49BC2ACB35BE99AED-->  <VALUE><![CDATA[OEZ_REVIEW]]></VALUE>
<!--8ECB64AB53C641E49BC2ACB35BE99AED-->  <NAME><![CDATA[Reviewed]]></NAME>
<!--8ECB64AB53C641E49BC2ACB35BE99AED-->  <AD_REFERENCE_ID><![CDATA[131]]></AD_REFERENCE_ID>
<!--8ECB64AB53C641E49BC2ACB35BE99AED-->  <AD_MODULE_ID><![CDATA[27445C8270364452BEB29669FBB21CED]]></AD_MODULE_ID>
<!--8ECB64AB53C641E49BC2ACB35BE99AED--></AD_REF_LIST>

<!--96E5073E96A44513AC5E047679C589BD--><AD_REF_LIST>
<!--96E5073E96A44513AC5E047679C589BD-->  <AD_REF_LIST_ID><![CDATA[96E5073E96A44513AC5E047679C589BD]]></AD_REF_LIST_ID>
<!--96E5073E96A44513AC5E047679C589BD-->  <AD_CLIENT_ID><![CDATA[0]]></AD_CLIENT_ID>
<!--96E5073E96A44513AC5E047679C589BD-->  <AD_ORG_ID><![CDATA[0]]></AD_ORG_ID>
<!--96E5073E96A44513AC5E047679C589BD-->  <ISACTIVE><![CDATA[Y]]></ISACTIVE>
<!--96E5073E96A44513AC5E047679C589BD-->  <VALUE><![CDATA[OEZ_CA]]></VALUE>
<!--96E5073E96A44513AC5E047679C589BD-->  <NAME><![CDATA[Closed - Order Created]]></NAME>
<!--96E5073E96A44513AC5E047679C589BD-->  <AD_REFERENCE_ID><![CDATA[131]]></AD_REFERENCE_ID>
<!--96E5073E96A44513AC5E047679C589BD-->  <AD_MODULE_ID><![CDATA[27445C8270364452BEB29669FBB21CED]]></AD_MODULE_ID>
<!--96E5073E96A44513AC5E047679C589BD--></AD_REF_LIST>

<!--97AB540451B842E6AAC4DC491EE483CF--><AD_REF_LIST>
<!--97AB540451B842E6AAC4DC491EE483CF-->  <AD_REF_LIST_ID><![CDATA[97AB540451B842E6AAC4DC491EE483CF]]></AD_REF_LIST_ID>
<!--97AB540451B842E6AAC4DC491EE483CF-->  <AD_CLIENT_ID><![CDATA[0]]></AD_CLIENT_ID>
<!--97AB540451B842E6AAC4DC491EE483CF-->  <AD_ORG_ID><![CDATA[0]]></AD_ORG_ID>
<!--97AB540451B842E6AAC4DC491EE483CF-->  <ISACTIVE><![CDATA[Y]]></ISACTIVE>
<!--97AB540451B842E6AAC4DC491EE483CF-->  <VALUE><![CDATA[OEZ_Shipment_Confirmation]]></VALUE>
<!--97AB540451B842E6AAC4DC491EE483CF-->  <NAME><![CDATA[Shipment Confirmation]]></NAME>
<!--97AB540451B842E6AAC4DC491EE483CF-->  <AD_REFERENCE_ID><![CDATA[131]]></AD_REFERENCE_ID>
<!--97AB540451B842E6AAC4DC491EE483CF-->  <AD_MODULE_ID><![CDATA[27445C8270364452BEB29669FBB21CED]]></AD_MODULE_ID>
<!--97AB540451B842E6AAC4DC491EE483CF--></AD_REF_LIST>

<!--99FC601B3DDD4B828FCCE1F61B9BB6A3--><AD_REF_LIST>
<!--99FC601B3DDD4B828FCCE1F61B9BB6A3-->  <AD_REF_LIST_ID><![CDATA[99FC601B3DDD4B828FCCE1F61B9BB6A3]]></AD_REF_LIST_ID>
<!--99FC601B3DDD4B828FCCE1F61B9BB6A3-->  <AD_CLIENT_ID><![CDATA[0]]></AD_CLIENT_ID>
<!--99FC601B3DDD4B828FCCE1F61B9BB6A3-->  <AD_ORG_ID><![CDATA[0]]></AD_ORG_ID>
<!--99FC601B3DDD4B828FCCE1F61B9BB6A3-->  <ISACTIVE><![CDATA[Y]]></ISACTIVE>
<!--99FC601B3DDD4B828FCCE1F61B9BB6A3-->  <VALUE><![CDATA[OEZ_RELEASE]]></VALUE>
<!--99FC601B3DDD4B828FCCE1F61B9BB6A3-->  <NAME><![CDATA[Release]]></NAME>
<!--99FC601B3DDD4B828FCCE1F61B9BB6A3-->  <AD_REFERENCE_ID><![CDATA[135]]></AD_REFERENCE_ID>
<!--99FC601B3DDD4B828FCCE1F61B9BB6A3-->  <AD_MODULE_ID><![CDATA[27445C8270364452BEB29669FBB21CED]]></AD_MODULE_ID>
<!--99FC601B3DDD4B828FCCE1F61B9BB6A3--></AD_REF_LIST>

<!--B4FA8910C18C47A79D8AB518101BB83C--><AD_REF_LIST>
<!--B4FA8910C18C47A79D8AB518101BB83C-->  <AD_REF_LIST_ID><![CDATA[B4FA8910C18C47A79D8AB518101BB83C]]></AD_REF_LIST_ID>
<!--B4FA8910C18C47A79D8AB518101BB83C-->  <AD_CLIENT_ID><![CDATA[0]]></AD_CLIENT_ID>
<!--B4FA8910C18C47A79D8AB518101BB83C-->  <AD_ORG_ID><![CDATA[0]]></AD_ORG_ID>
<!--B4FA8910C18C47A79D8AB518101BB83C-->  <ISACTIVE><![CDATA[Y]]></ISACTIVE>
<!--B4FA8910C18C47A79D8AB518101BB83C-->  <VALUE><![CDATA[OEZ_PRICELIST]]></VALUE>
<!--B4FA8910C18C47A79D8AB518101BB83C-->  <NAME><![CDATA[Commission Price List]]></NAME>
<!--B4FA8910C18C47A79D8AB518101BB83C-->  <AD_REFERENCE_ID><![CDATA[A26BA480E2014707B47257024C3CBFF7]]></AD_REFERENCE_ID>
<!--B4FA8910C18C47A79D8AB518101BB83C-->  <AD_MODULE_ID><![CDATA[27445C8270364452BEB29669FBB21CED]]></AD_MODULE_ID>
<!--B4FA8910C18C47A79D8AB518101BB83C--></AD_REF_LIST>

<!--B4FA8DF60DEE4A859D9408175D09AA7F--><AD_REF_LIST>
<!--B4FA8DF60DEE4A859D9408175D09AA7F-->  <AD_REF_LIST_ID><![CDATA[B4FA8DF60DEE4A859D9408175D09AA7F]]></AD_REF_LIST_ID>
<!--B4FA8DF60DEE4A859D9408175D09AA7F-->  <AD_CLIENT_ID><![CDATA[0]]></AD_CLIENT_ID>
<!--B4FA8DF60DEE4A859D9408175D09AA7F-->  <AD_ORG_ID><![CDATA[0]]></AD_ORG_ID>
<!--B4FA8DF60DEE4A859D9408175D09AA7F-->  <ISACTIVE><![CDATA[Y]]></ISACTIVE>
<!--B4FA8DF60DEE4A859D9408175D09AA7F-->  <VALUE><![CDATA[STANDARD]]></VALUE>
<!--B4FA8DF60DEE4A859D9408175D09AA7F-->  <NAME><![CDATA[Apply standard rule if no document rule defined]]></NAME>
<!--B4FA8DF60DEE4A859D9408175D09AA7F-->  <AD_REFERENCE_ID><![CDATA[9967183DA7164174B7F5CC8604456FAA]]></AD_REFERENCE_ID>
<!--B4FA8DF60DEE4A859D9408175D09AA7F-->  <AD_MODULE_ID><![CDATA[27445C8270364452BEB29669FBB21CED]]></AD_MODULE_ID>
<!--B4FA8DF60DEE4A859D9408175D09AA7F-->  <SEQNO><![CDATA[20]]></SEQNO>
<!--B4FA8DF60DEE4A859D9408175D09AA7F--></AD_REF_LIST>

<!--B8141299AD544E679B8AF42C573DB588--><AD_REF_LIST>
<!--B8141299AD544E679B8AF42C573DB588-->  <AD_REF_LIST_ID><![CDATA[B8141299AD544E679B8AF42C573DB588]]></AD_REF_LIST_ID>
<!--B8141299AD544E679B8AF42C573DB588-->  <AD_CLIENT_ID><![CDATA[0]]></AD_CLIENT_ID>
<!--B8141299AD544E679B8AF42C573DB588-->  <AD_ORG_ID><![CDATA[0]]></AD_ORG_ID>
<!--B8141299AD544E679B8AF42C573DB588-->  <ISACTIVE><![CDATA[Y]]></ISACTIVE>
<!--B8141299AD544E679B8AF42C573DB588-->  <VALUE><![CDATA[YEARLY]]></VALUE>
<!--B8141299AD544E679B8AF42C573DB588-->  <NAME><![CDATA[Yearly]]></NAME>
<!--B8141299AD544E679B8AF42C573DB588-->  <AD_REFERENCE_ID><![CDATA[2ED97BE8F8854516AFB332BA25C40E34]]></AD_REFERENCE_ID>
<!--B8141299AD544E679B8AF42C573DB588-->  <AD_MODULE_ID><![CDATA[27445C8270364452BEB29669FBB21CED]]></AD_MODULE_ID>
<!--B8141299AD544E679B8AF42C573DB588--></AD_REF_LIST>

<!--B82CE211E90C4F14A3ABE3AB4DB9AF04--><AD_REF_LIST>
<!--B82CE211E90C4F14A3ABE3AB4DB9AF04-->  <AD_REF_LIST_ID><![CDATA[B82CE211E90C4F14A3ABE3AB4DB9AF04]]></AD_REF_LIST_ID>
<!--B82CE211E90C4F14A3ABE3AB4DB9AF04-->  <AD_CLIENT_ID><![CDATA[0]]></AD_CLIENT_ID>
<!--B82CE211E90C4F14A3ABE3AB4DB9AF04-->  <AD_ORG_ID><![CDATA[0]]></AD_ORG_ID>
<!--B82CE211E90C4F14A3ABE3AB4DB9AF04-->  <ISACTIVE><![CDATA[Y]]></ISACTIVE>
<!--B82CE211E90C4F14A3ABE3AB4DB9AF04-->  <VALUE><![CDATA[OEZ_DRIVERPRODUCT]]></VALUE>
<!--B82CE211E90C4F14A3ABE3AB4DB9AF04-->  <NAME><![CDATA[Driver Commission Product]]></NAME>
<!--B82CE211E90C4F14A3ABE3AB4DB9AF04-->  <AD_REFERENCE_ID><![CDATA[A26BA480E2014707B47257024C3CBFF7]]></AD_REFERENCE_ID>
<!--B82CE211E90C4F14A3ABE3AB4DB9AF04-->  <AD_MODULE_ID><![CDATA[27445C8270364452BEB29669FBB21CED]]></AD_MODULE_ID>
<!--B82CE211E90C4F14A3ABE3AB4DB9AF04--></AD_REF_LIST>

<!--BE5F18F7E3684F6D9CFA7A1337394AE9--><AD_REF_LIST>
<!--BE5F18F7E3684F6D9CFA7A1337394AE9-->  <AD_REF_LIST_ID><![CDATA[BE5F18F7E3684F6D9CFA7A1337394AE9]]></AD_REF_LIST_ID>
<!--BE5F18F7E3684F6D9CFA7A1337394AE9-->  <AD_CLIENT_ID><![CDATA[0]]></AD_CLIENT_ID>
<!--BE5F18F7E3684F6D9CFA7A1337394AE9-->  <AD_ORG_ID><![CDATA[0]]></AD_ORG_ID>
<!--BE5F18F7E3684F6D9CFA7A1337394AE9-->  <ISACTIVE><![CDATA[Y]]></ISACTIVE>
<!--BE5F18F7E3684F6D9CFA7A1337394AE9-->  <VALUE><![CDATA[OEZ_RJ]]></VALUE>
<!--BE5F18F7E3684F6D9CFA7A1337394AE9-->  <NAME><![CDATA[Reject]]></NAME>
<!--BE5F18F7E3684F6D9CFA7A1337394AE9-->  <AD_REFERENCE_ID><![CDATA[135]]></AD_REFERENCE_ID>
<!--BE5F18F7E3684F6D9CFA7A1337394AE9-->  <AD_MODULE_ID><![CDATA[27445C8270364452BEB29669FBB21CED]]></AD_MODULE_ID>
<!--BE5F18F7E3684F6D9CFA7A1337394AE9--></AD_REF_LIST>

<!--BF1B3B63ABA94CED8A634B6813C11CEA--><AD_REF_LIST>
<!--BF1B3B63ABA94CED8A634B6813C11CEA-->  <AD_REF_LIST_ID><![CDATA[BF1B3B63ABA94CED8A634B6813C11CEA]]></AD_REF_LIST_ID>
<!--BF1B3B63ABA94CED8A634B6813C11CEA-->  <AD_CLIENT_ID><![CDATA[0]]></AD_CLIENT_ID>
<!--BF1B3B63ABA94CED8A634B6813C11CEA-->  <AD_ORG_ID><![CDATA[0]]></AD_ORG_ID>
<!--BF1B3B63ABA94CED8A634B6813C11CEA-->  <ISACTIVE><![CDATA[Y]]></ISACTIVE>
<!--BF1B3B63ABA94CED8A634B6813C11CEA-->  <VALUE><![CDATA[OEZ_USEPROGRESIFORDER_RANGE]]></VALUE>
<!--BF1B3B63ABA94CED8A634B6813C11CEA-->  <NAME><![CDATA[Use Progresif Range For Order]]></NAME>
<!--BF1B3B63ABA94CED8A634B6813C11CEA-->  <AD_REFERENCE_ID><![CDATA[A26BA480E2014707B47257024C3CBFF7]]></AD_REFERENCE_ID>
<!--BF1B3B63ABA94CED8A634B6813C11CEA-->  <AD_MODULE_ID><![CDATA[27445C8270364452BEB29669FBB21CED]]></AD_MODULE_ID>
<!--BF1B3B63ABA94CED8A634B6813C11CEA--></AD_REF_LIST>

<!--BF2EB18E492245A69E5D3A374ECCB088--><AD_REF_LIST>
<!--BF2EB18E492245A69E5D3A374ECCB088-->  <AD_REF_LIST_ID><![CDATA[BF2EB18E492245A69E5D3A374ECCB088]]></AD_REF_LIST_ID>
<!--BF2EB18E492245A69E5D3A374ECCB088-->  <AD_CLIENT_ID><![CDATA[0]]></AD_CLIENT_ID>
<!--BF2EB18E492245A69E5D3A374ECCB088-->  <AD_ORG_ID><![CDATA[0]]></AD_ORG_ID>
<!--BF2EB18E492245A69E5D3A374ECCB088-->  <ISACTIVE><![CDATA[Y]]></ISACTIVE>
<!--BF2EB18E492245A69E5D3A374ECCB088-->  <VALUE><![CDATA[OEZ_AVOIDBACKDATE]]></VALUE>
<!--BF2EB18E492245A69E5D3A374ECCB088-->  <NAME><![CDATA[Avoid Backdate Payment In/Out]]></NAME>
<!--BF2EB18E492245A69E5D3A374ECCB088-->  <AD_REFERENCE_ID><![CDATA[A26BA480E2014707B47257024C3CBFF7]]></AD_REFERENCE_ID>
<!--BF2EB18E492245A69E5D3A374ECCB088-->  <AD_MODULE_ID><![CDATA[27445C8270364452BEB29669FBB21CED]]></AD_MODULE_ID>
<!--BF2EB18E492245A69E5D3A374ECCB088--></AD_REF_LIST>

<!--BFE0406F4DD54D47924692D0ED23066F--><AD_REF_LIST>
<!--BFE0406F4DD54D47924692D0ED23066F-->  <AD_REF_LIST_ID><![CDATA[BFE0406F4DD54D47924692D0ED23066F]]></AD_REF_LIST_ID>
<!--BFE0406F4DD54D47924692D0ED23066F-->  <AD_CLIENT_ID><![CDATA[0]]></AD_CLIENT_ID>
<!--BFE0406F4DD54D47924692D0ED23066F-->  <AD_ORG_ID><![CDATA[0]]></AD_ORG_ID>
<!--BFE0406F4DD54D47924692D0ED23066F-->  <ISACTIVE><![CDATA[Y]]></ISACTIVE>
<!--BFE0406F4DD54D47924692D0ED23066F-->  <VALUE><![CDATA[OEZ_BUDGET_TYPE]]></VALUE>
<!--BFE0406F4DD54D47924692D0ED23066F-->  <NAME><![CDATA[Budget Type For Window]]></NAME>
<!--BFE0406F4DD54D47924692D0ED23066F-->  <DESCRIPTION><![CDATA[If Null USe Finance Budget]]></DESCRIPTION>
<!--BFE0406F4DD54D47924692D0ED23066F-->  <AD_REFERENCE_ID><![CDATA[A26BA480E2014707B47257024C3CBFF7]]></AD_REFERENCE_ID>
<!--BFE0406F4DD54D47924692D0ED23066F-->  <AD_MODULE_ID><![CDATA[27445C8270364452BEB29669FBB21CED]]></AD_MODULE_ID>
<!--BFE0406F4DD54D47924692D0ED23066F--></AD_REF_LIST>

<!--D2B76A0F30B24F308BFD499CF17B4D29--><AD_REF_LIST>
<!--D2B76A0F30B24F308BFD499CF17B4D29-->  <AD_REF_LIST_ID><![CDATA[D2B76A0F30B24F308BFD499CF17B4D29]]></AD_REF_LIST_ID>
<!--D2B76A0F30B24F308BFD499CF17B4D29-->  <AD_CLIENT_ID><![CDATA[0]]></AD_CLIENT_ID>
<!--D2B76A0F30B24F308BFD499CF17B4D29-->  <AD_ORG_ID><![CDATA[0]]></AD_ORG_ID>
<!--D2B76A0F30B24F308BFD499CF17B4D29-->  <ISACTIVE><![CDATA[Y]]></ISACTIVE>
<!--D2B76A0F30B24F308BFD499CF17B4D29-->  <VALUE><![CDATA[OEZ_PAYMENTMETHOD]]></VALUE>
<!--D2B76A0F30B24F308BFD499CF17B4D29-->  <NAME><![CDATA[Commission Payment Method]]></NAME>
<!--D2B76A0F30B24F308BFD499CF17B4D29-->  <AD_REFERENCE_ID><![CDATA[A26BA480E2014707B47257024C3CBFF7]]></AD_REFERENCE_ID>
<!--D2B76A0F30B24F308BFD499CF17B4D29-->  <AD_MODULE_ID><![CDATA[27445C8270364452BEB29669FBB21CED]]></AD_MODULE_ID>
<!--D2B76A0F30B24F308BFD499CF17B4D29--></AD_REF_LIST>

<!--D404B6EA22F24FF683E77B1F7A225328--><AD_REF_LIST>
<!--D404B6EA22F24FF683E77B1F7A225328-->  <AD_REF_LIST_ID><![CDATA[D404B6EA22F24FF683E77B1F7A225328]]></AD_REF_LIST_ID>
<!--D404B6EA22F24FF683E77B1F7A225328-->  <AD_CLIENT_ID><![CDATA[0]]></AD_CLIENT_ID>
<!--D404B6EA22F24FF683E77B1F7A225328-->  <AD_ORG_ID><![CDATA[0]]></AD_ORG_ID>
<!--D404B6EA22F24FF683E77B1F7A225328-->  <ISACTIVE><![CDATA[Y]]></ISACTIVE>
<!--D404B6EA22F24FF683E77B1F7A225328-->  <VALUE><![CDATA[OEZ_CURRENCY]]></VALUE>
<!--D404B6EA22F24FF683E77B1F7A225328-->  <NAME><![CDATA[Commission Currency]]></NAME>
<!--D404B6EA22F24FF683E77B1F7A225328-->  <AD_REFERENCE_ID><![CDATA[A26BA480E2014707B47257024C3CBFF7]]></AD_REFERENCE_ID>
<!--D404B6EA22F24FF683E77B1F7A225328-->  <AD_MODULE_ID><![CDATA[27445C8270364452BEB29669FBB21CED]]></AD_MODULE_ID>
<!--D404B6EA22F24FF683E77B1F7A225328--></AD_REF_LIST>

<!--E2CD8079297A4E31880EABB4E0DDBB0E--><AD_REF_LIST>
<!--E2CD8079297A4E31880EABB4E0DDBB0E-->  <AD_REF_LIST_ID><![CDATA[E2CD8079297A4E31880EABB4E0DDBB0E]]></AD_REF_LIST_ID>
<!--E2CD8079297A4E31880EABB4E0DDBB0E-->  <AD_CLIENT_ID><![CDATA[0]]></AD_CLIENT_ID>
<!--E2CD8079297A4E31880EABB4E0DDBB0E-->  <AD_ORG_ID><![CDATA[0]]></AD_ORG_ID>
<!--E2CD8079297A4E31880EABB4E0DDBB0E-->  <ISACTIVE><![CDATA[Y]]></ISACTIVE>
<!--E2CD8079297A4E31880EABB4E0DDBB0E-->  <VALUE><![CDATA[ALWAYS]]></VALUE>
<!--E2CD8079297A4E31880EABB4E0DDBB0E-->  <NAME><![CDATA[Always use document routing rule]]></NAME>
<!--E2CD8079297A4E31880EABB4E0DDBB0E-->  <AD_REFERENCE_ID><![CDATA[9967183DA7164174B7F5CC8604456FAA]]></AD_REFERENCE_ID>
<!--E2CD8079297A4E31880EABB4E0DDBB0E-->  <AD_MODULE_ID><![CDATA[27445C8270364452BEB29669FBB21CED]]></AD_MODULE_ID>
<!--E2CD8079297A4E31880EABB4E0DDBB0E-->  <SEQNO><![CDATA[10]]></SEQNO>
<!--E2CD8079297A4E31880EABB4E0DDBB0E--></AD_REF_LIST>

<!--E678DB426A4442FB967438F4AF8833E7--><AD_REF_LIST>
<!--E678DB426A4442FB967438F4AF8833E7-->  <AD_REF_LIST_ID><![CDATA[E678DB426A4442FB967438F4AF8833E7]]></AD_REF_LIST_ID>
<!--E678DB426A4442FB967438F4AF8833E7-->  <AD_CLIENT_ID><![CDATA[0]]></AD_CLIENT_ID>
<!--E678DB426A4442FB967438F4AF8833E7-->  <AD_ORG_ID><![CDATA[0]]></AD_ORG_ID>
<!--E678DB426A4442FB967438F4AF8833E7-->  <ISACTIVE><![CDATA[Y]]></ISACTIVE>
<!--E678DB426A4442FB967438F4AF8833E7-->  <VALUE><![CDATA[OEZ_REVIEW]]></VALUE>
<!--E678DB426A4442FB967438F4AF8833E7-->  <NAME><![CDATA[Review]]></NAME>
<!--E678DB426A4442FB967438F4AF8833E7-->  <AD_REFERENCE_ID><![CDATA[135]]></AD_REFERENCE_ID>
<!--E678DB426A4442FB967438F4AF8833E7-->  <AD_MODULE_ID><![CDATA[27445C8270364452BEB29669FBB21CED]]></AD_MODULE_ID>
<!--E678DB426A4442FB967438F4AF8833E7--></AD_REF_LIST>

<!--F5D831EE8F7246B78930FFCF5776F99C--><AD_REF_LIST>
<!--F5D831EE8F7246B78930FFCF5776F99C-->  <AD_REF_LIST_ID><![CDATA[F5D831EE8F7246B78930FFCF5776F99C]]></AD_REF_LIST_ID>
<!--F5D831EE8F7246B78930FFCF5776F99C-->  <AD_CLIENT_ID><![CDATA[0]]></AD_CLIENT_ID>
<!--F5D831EE8F7246B78930FFCF5776F99C-->  <AD_ORG_ID><![CDATA[0]]></AD_ORG_ID>
<!--F5D831EE8F7246B78930FFCF5776F99C-->  <ISACTIVE><![CDATA[Y]]></ISACTIVE>
<!--F5D831EE8F7246B78930FFCF5776F99C-->  <VALUE><![CDATA[OEZ_BAST]]></VALUE>
<!--F5D831EE8F7246B78930FFCF5776F99C-->  <NAME><![CDATA[BAST]]></NAME>
<!--F5D831EE8F7246B78930FFCF5776F99C-->  <AD_REFERENCE_ID><![CDATA[135]]></AD_REFERENCE_ID>
<!--F5D831EE8F7246B78930FFCF5776F99C-->  <AD_MODULE_ID><![CDATA[27445C8270364452BEB29669FBB21CED]]></AD_MODULE_ID>
<!--F5D831EE8F7246B78930FFCF5776F99C--></AD_REF_LIST>

<!--F9449FB1B1BB4E7A8AC0937564539C68--><AD_REF_LIST>
<!--F9449FB1B1BB4E7A8AC0937564539C68-->  <AD_REF_LIST_ID><![CDATA[F9449FB1B1BB4E7A8AC0937564539C68]]></AD_REF_LIST_ID>
<!--F9449FB1B1BB4E7A8AC0937564539C68-->  <AD_CLIENT_ID><![CDATA[0]]></AD_CLIENT_ID>
<!--F9449FB1B1BB4E7A8AC0937564539C68-->  <AD_ORG_ID><![CDATA[0]]></AD_ORG_ID>
<!--F9449FB1B1BB4E7A8AC0937564539C68-->  <ISACTIVE><![CDATA[Y]]></ISACTIVE>
<!--F9449FB1B1BB4E7A8AC0937564539C68-->  <VALUE><![CDATA[OEZ_UOM]]></VALUE>
<!--F9449FB1B1BB4E7A8AC0937564539C68-->  <NAME><![CDATA[Commission UOM]]></NAME>
<!--F9449FB1B1BB4E7A8AC0937564539C68-->  <AD_REFERENCE_ID><![CDATA[A26BA480E2014707B47257024C3CBFF7]]></AD_REFERENCE_ID>
<!--F9449FB1B1BB4E7A8AC0937564539C68-->  <AD_MODULE_ID><![CDATA[27445C8270364452BEB29669FBB21CED]]></AD_MODULE_ID>
<!--F9449FB1B1BB4E7A8AC0937564539C68--></AD_REF_LIST>

<!--FD74B9AC3FF24BD1BA8BE58EBD911F9E--><AD_REF_LIST>
<!--FD74B9AC3FF24BD1BA8BE58EBD911F9E-->  <AD_REF_LIST_ID><![CDATA[FD74B9AC3FF24BD1BA8BE58EBD911F9E]]></AD_REF_LIST_ID>
<!--FD74B9AC3FF24BD1BA8BE58EBD911F9E-->  <AD_CLIENT_ID><![CDATA[0]]></AD_CLIENT_ID>
<!--FD74B9AC3FF24BD1BA8BE58EBD911F9E-->  <AD_ORG_ID><![CDATA[0]]></AD_ORG_ID>
<!--FD74B9AC3FF24BD1BA8BE58EBD911F9E-->  <ISACTIVE><![CDATA[Y]]></ISACTIVE>
<!--FD74B9AC3FF24BD1BA8BE58EBD911F9E-->  <VALUE><![CDATA[OEZ_INVTAXRATE]]></VALUE>
<!--FD74B9AC3FF24BD1BA8BE58EBD911F9E-->  <NAME><![CDATA[Invoice Commission Tax Rate]]></NAME>
<!--FD74B9AC3FF24BD1BA8BE58EBD911F9E-->  <AD_REFERENCE_ID><![CDATA[A26BA480E2014707B47257024C3CBFF7]]></AD_REFERENCE_ID>
<!--FD74B9AC3FF24BD1BA8BE58EBD911F9E-->  <AD_MODULE_ID><![CDATA[27445C8270364452BEB29669FBB21CED]]></AD_MODULE_ID>
<!--FD74B9AC3FF24BD1BA8BE58EBD911F9E--></AD_REF_LIST>

<!--FE26DE62EB9D4D2ABF144C8326E4E838--><AD_REF_LIST>
<!--FE26DE62EB9D4D2ABF144C8326E4E838-->  <AD_REF_LIST_ID><![CDATA[FE26DE62EB9D4D2ABF144C8326E4E838]]></AD_REF_LIST_ID>
<!--FE26DE62EB9D4D2ABF144C8326E4E838-->  <AD_CLIENT_ID><![CDATA[0]]></AD_CLIENT_ID>
<!--FE26DE62EB9D4D2ABF144C8326E4E838-->  <AD_ORG_ID><![CDATA[0]]></AD_ORG_ID>
<!--FE26DE62EB9D4D2ABF144C8326E4E838-->  <ISACTIVE><![CDATA[Y]]></ISACTIVE>
<!--FE26DE62EB9D4D2ABF144C8326E4E838-->  <VALUE><![CDATA[OEZ_USEPROGRESIFOVERDUE_RANGE]]></VALUE>
<!--FE26DE62EB9D4D2ABF144C8326E4E838-->  <NAME><![CDATA[Use Progresing Due Date Range]]></NAME>
<!--FE26DE62EB9D4D2ABF144C8326E4E838-->  <AD_REFERENCE_ID><![CDATA[A26BA480E2014707B47257024C3CBFF7]]></AD_REFERENCE_ID>
<!--FE26DE62EB9D4D2ABF144C8326E4E838-->  <AD_MODULE_ID><![CDATA[27445C8270364452BEB29669FBB21CED]]></AD_MODULE_ID>
<!--FE26DE62EB9D4D2ABF144C8326E4E838--></AD_REF_LIST>

</data>
