<?xml version="1.0" encoding="UTF-8"?>
<data>
<!--16548E64FFE94ABBBAB3EF196B0B9B2D--><AD_REFERENCE>
<!--16548E64FFE94ABBBAB3EF196B0B9B2D-->  <AD_REFERENCE_ID><![CDATA[16548E64FFE94ABBBAB3EF196B0B9B2D]]></AD_REFERENCE_ID>
<!--16548E64FFE94ABBBAB3EF196B0B9B2D-->  <AD_CLIENT_ID><![CDATA[0]]></AD_CLIENT_ID>
<!--16548E64FFE94ABBBAB3EF196B0B9B2D-->  <AD_ORG_ID><![CDATA[0]]></AD_ORG_ID>
<!--16548E64FFE94ABBBAB3EF196B0B9B2D-->  <ISACTIVE><![CDATA[Y]]></ISACTIVE>
<!--16548E64FFE94ABBBAB3EF196B0B9B2D-->  <NAME><![CDATA[Product Flavour]]></NAME>
<!--16548E64FFE94ABBBAB3EF196B0B9B2D-->  <AD_MODULE_ID><![CDATA[27445C8270364452BEB29669FBB21CED]]></AD_MODULE_ID>
<!--16548E64FFE94ABBBAB3EF196B0B9B2D-->  <ISBASEREFERENCE><![CDATA[N]]></ISBASEREFERENCE>
<!--16548E64FFE94ABBBAB3EF196B0B9B2D-->  <PARENTREFERENCE_ID><![CDATA[18]]></PARENTREFERENCE_ID>
<!--16548E64FFE94ABBBAB3EF196B0B9B2D-->  <ISVALUEDISPLAYED><![CDATA[N]]></ISVALUEDISPLAYED>
<!--16548E64FFE94ABBBAB3EF196B0B9B2D--></AD_REFERENCE>

<!--2ED97BE8F8854516AFB332BA25C40E34--><AD_REFERENCE>
<!--2ED97BE8F8854516AFB332BA25C40E34-->  <AD_REFERENCE_ID><![CDATA[2ED97BE8F8854516AFB332BA25C40E34]]></AD_REFERENCE_ID>
<!--2ED97BE8F8854516AFB332BA25C40E34-->  <AD_CLIENT_ID><![CDATA[0]]></AD_CLIENT_ID>
<!--2ED97BE8F8854516AFB332BA25C40E34-->  <AD_ORG_ID><![CDATA[0]]></AD_ORG_ID>
<!--2ED97BE8F8854516AFB332BA25C40E34-->  <ISACTIVE><![CDATA[Y]]></ISACTIVE>
<!--2ED97BE8F8854516AFB332BA25C40E34-->  <NAME><![CDATA[Reset Document Type]]></NAME>
<!--2ED97BE8F8854516AFB332BA25C40E34-->  <DESCRIPTION><![CDATA[Reset Document Type]]></DESCRIPTION>
<!--2ED97BE8F8854516AFB332BA25C40E34-->  <AD_MODULE_ID><![CDATA[27445C8270364452BEB29669FBB21CED]]></AD_MODULE_ID>
<!--2ED97BE8F8854516AFB332BA25C40E34-->  <ISBASEREFERENCE><![CDATA[N]]></ISBASEREFERENCE>
<!--2ED97BE8F8854516AFB332BA25C40E34-->  <PARENTREFERENCE_ID><![CDATA[17]]></PARENTREFERENCE_ID>
<!--2ED97BE8F8854516AFB332BA25C40E34-->  <ISVALUEDISPLAYED><![CDATA[N]]></ISVALUEDISPLAYED>
<!--2ED97BE8F8854516AFB332BA25C40E34--></AD_REFERENCE>

<!--5C2DAFC152EA4E06A4957E81AB2ACF20--><AD_REFERENCE>
<!--5C2DAFC152EA4E06A4957E81AB2ACF20-->  <AD_REFERENCE_ID><![CDATA[5C2DAFC152EA4E06A4957E81AB2ACF20]]></AD_REFERENCE_ID>
<!--5C2DAFC152EA4E06A4957E81AB2ACF20-->  <AD_CLIENT_ID><![CDATA[0]]></AD_CLIENT_ID>
<!--5C2DAFC152EA4E06A4957E81AB2ACF20-->  <AD_ORG_ID><![CDATA[0]]></AD_ORG_ID>
<!--5C2DAFC152EA4E06A4957E81AB2ACF20-->  <ISACTIVE><![CDATA[Y]]></ISACTIVE>
<!--5C2DAFC152EA4E06A4957E81AB2ACF20-->  <NAME><![CDATA[OEZ_Currency]]></NAME>
<!--5C2DAFC152EA4E06A4957E81AB2ACF20-->  <AD_MODULE_ID><![CDATA[27445C8270364452BEB29669FBB21CED]]></AD_MODULE_ID>
<!--5C2DAFC152EA4E06A4957E81AB2ACF20-->  <ISBASEREFERENCE><![CDATA[N]]></ISBASEREFERENCE>
<!--5C2DAFC152EA4E06A4957E81AB2ACF20-->  <PARENTREFERENCE_ID><![CDATA[18]]></PARENTREFERENCE_ID>
<!--5C2DAFC152EA4E06A4957E81AB2ACF20-->  <ISVALUEDISPLAYED><![CDATA[N]]></ISVALUEDISPLAYED>
<!--5C2DAFC152EA4E06A4957E81AB2ACF20--></AD_REFERENCE>

<!--65A4C17DA97B411C975C7B1B258ACDB5--><AD_REFERENCE>
<!--65A4C17DA97B411C975C7B1B258ACDB5-->  <AD_REFERENCE_ID><![CDATA[65A4C17DA97B411C975C7B1B258ACDB5]]></AD_REFERENCE_ID>
<!--65A4C17DA97B411C975C7B1B258ACDB5-->  <AD_CLIENT_ID><![CDATA[0]]></AD_CLIENT_ID>
<!--65A4C17DA97B411C975C7B1B258ACDB5-->  <AD_ORG_ID><![CDATA[0]]></AD_ORG_ID>
<!--65A4C17DA97B411C975C7B1B258ACDB5-->  <ISACTIVE><![CDATA[Y]]></ISACTIVE>
<!--65A4C17DA97B411C975C7B1B258ACDB5-->  <NAME><![CDATA[Year]]></NAME>
<!--65A4C17DA97B411C975C7B1B258ACDB5-->  <AD_MODULE_ID><![CDATA[27445C8270364452BEB29669FBB21CED]]></AD_MODULE_ID>
<!--65A4C17DA97B411C975C7B1B258ACDB5-->  <ISBASEREFERENCE><![CDATA[N]]></ISBASEREFERENCE>
<!--65A4C17DA97B411C975C7B1B258ACDB5-->  <PARENTREFERENCE_ID><![CDATA[18]]></PARENTREFERENCE_ID>
<!--65A4C17DA97B411C975C7B1B258ACDB5-->  <ISVALUEDISPLAYED><![CDATA[N]]></ISVALUEDISPLAYED>
<!--65A4C17DA97B411C975C7B1B258ACDB5--></AD_REFERENCE>

<!--6F291E313C0B4A57BA512F621A8363B6--><AD_REFERENCE>
<!--6F291E313C0B4A57BA512F621A8363B6-->  <AD_REFERENCE_ID><![CDATA[6F291E313C0B4A57BA512F621A8363B6]]></AD_REFERENCE_ID>
<!--6F291E313C0B4A57BA512F621A8363B6-->  <AD_CLIENT_ID><![CDATA[0]]></AD_CLIENT_ID>
<!--6F291E313C0B4A57BA512F621A8363B6-->  <AD_ORG_ID><![CDATA[0]]></AD_ORG_ID>
<!--6F291E313C0B4A57BA512F621A8363B6-->  <ISACTIVE><![CDATA[Y]]></ISACTIVE>
<!--6F291E313C0B4A57BA512F621A8363B6-->  <NAME><![CDATA[OEZ_Acct Schema]]></NAME>
<!--6F291E313C0B4A57BA512F621A8363B6-->  <AD_MODULE_ID><![CDATA[27445C8270364452BEB29669FBB21CED]]></AD_MODULE_ID>
<!--6F291E313C0B4A57BA512F621A8363B6-->  <ISBASEREFERENCE><![CDATA[N]]></ISBASEREFERENCE>
<!--6F291E313C0B4A57BA512F621A8363B6-->  <PARENTREFERENCE_ID><![CDATA[18]]></PARENTREFERENCE_ID>
<!--6F291E313C0B4A57BA512F621A8363B6-->  <ISVALUEDISPLAYED><![CDATA[N]]></ISVALUEDISPLAYED>
<!--6F291E313C0B4A57BA512F621A8363B6--></AD_REFERENCE>

<!--7107A66429C74A93AB6C042944A8619E--><AD_REFERENCE>
<!--7107A66429C74A93AB6C042944A8619E-->  <AD_REFERENCE_ID><![CDATA[7107A66429C74A93AB6C042944A8619E]]></AD_REFERENCE_ID>
<!--7107A66429C74A93AB6C042944A8619E-->  <AD_CLIENT_ID><![CDATA[0]]></AD_CLIENT_ID>
<!--7107A66429C74A93AB6C042944A8619E-->  <AD_ORG_ID><![CDATA[0]]></AD_ORG_ID>
<!--7107A66429C74A93AB6C042944A8619E-->  <ISACTIVE><![CDATA[Y]]></ISACTIVE>
<!--7107A66429C74A93AB6C042944A8619E-->  <NAME><![CDATA[Em_Oez_M_Product Tag List]]></NAME>
<!--7107A66429C74A93AB6C042944A8619E-->  <AD_MODULE_ID><![CDATA[27445C8270364452BEB29669FBB21CED]]></AD_MODULE_ID>
<!--7107A66429C74A93AB6C042944A8619E-->  <ISBASEREFERENCE><![CDATA[N]]></ISBASEREFERENCE>
<!--7107A66429C74A93AB6C042944A8619E-->  <PARENTREFERENCE_ID><![CDATA[17]]></PARENTREFERENCE_ID>
<!--7107A66429C74A93AB6C042944A8619E-->  <ISVALUEDISPLAYED><![CDATA[N]]></ISVALUEDISPLAYED>
<!--7107A66429C74A93AB6C042944A8619E--></AD_REFERENCE>

<!--8854CF186B7A419693875A16EAC92CCF--><AD_REFERENCE>
<!--8854CF186B7A419693875A16EAC92CCF-->  <AD_REFERENCE_ID><![CDATA[8854CF186B7A419693875A16EAC92CCF]]></AD_REFERENCE_ID>
<!--8854CF186B7A419693875A16EAC92CCF-->  <AD_CLIENT_ID><![CDATA[0]]></AD_CLIENT_ID>
<!--8854CF186B7A419693875A16EAC92CCF-->  <AD_ORG_ID><![CDATA[0]]></AD_ORG_ID>
<!--8854CF186B7A419693875A16EAC92CCF-->  <ISACTIVE><![CDATA[Y]]></ISACTIVE>
<!--8854CF186B7A419693875A16EAC92CCF-->  <NAME><![CDATA[Customer Type]]></NAME>
<!--8854CF186B7A419693875A16EAC92CCF-->  <AD_MODULE_ID><![CDATA[27445C8270364452BEB29669FBB21CED]]></AD_MODULE_ID>
<!--8854CF186B7A419693875A16EAC92CCF-->  <ISBASEREFERENCE><![CDATA[N]]></ISBASEREFERENCE>
<!--8854CF186B7A419693875A16EAC92CCF-->  <PARENTREFERENCE_ID><![CDATA[18]]></PARENTREFERENCE_ID>
<!--8854CF186B7A419693875A16EAC92CCF-->  <ISVALUEDISPLAYED><![CDATA[N]]></ISVALUEDISPLAYED>
<!--8854CF186B7A419693875A16EAC92CCF--></AD_REFERENCE>

<!--94506183A4844C7986EE73ED9E388E8E--><AD_REFERENCE>
<!--94506183A4844C7986EE73ED9E388E8E-->  <AD_REFERENCE_ID><![CDATA[94506183A4844C7986EE73ED9E388E8E]]></AD_REFERENCE_ID>
<!--94506183A4844C7986EE73ED9E388E8E-->  <AD_CLIENT_ID><![CDATA[0]]></AD_CLIENT_ID>
<!--94506183A4844C7986EE73ED9E388E8E-->  <AD_ORG_ID><![CDATA[0]]></AD_ORG_ID>
<!--94506183A4844C7986EE73ED9E388E8E-->  <ISACTIVE><![CDATA[Y]]></ISACTIVE>
<!--94506183A4844C7986EE73ED9E388E8E-->  <NAME><![CDATA[Exisiting Attribute Set Instance Table]]></NAME>
<!--94506183A4844C7986EE73ED9E388E8E-->  <AD_MODULE_ID><![CDATA[27445C8270364452BEB29669FBB21CED]]></AD_MODULE_ID>
<!--94506183A4844C7986EE73ED9E388E8E-->  <ISBASEREFERENCE><![CDATA[N]]></ISBASEREFERENCE>
<!--94506183A4844C7986EE73ED9E388E8E-->  <PARENTREFERENCE_ID><![CDATA[18]]></PARENTREFERENCE_ID>
<!--94506183A4844C7986EE73ED9E388E8E-->  <ISVALUEDISPLAYED><![CDATA[N]]></ISVALUEDISPLAYED>
<!--94506183A4844C7986EE73ED9E388E8E--></AD_REFERENCE>

<!--9967183DA7164174B7F5CC8604456FAA--><AD_REFERENCE>
<!--9967183DA7164174B7F5CC8604456FAA-->  <AD_REFERENCE_ID><![CDATA[9967183DA7164174B7F5CC8604456FAA]]></AD_REFERENCE_ID>
<!--9967183DA7164174B7F5CC8604456FAA-->  <AD_CLIENT_ID><![CDATA[0]]></AD_CLIENT_ID>
<!--9967183DA7164174B7F5CC8604456FAA-->  <AD_ORG_ID><![CDATA[0]]></AD_ORG_ID>
<!--9967183DA7164174B7F5CC8604456FAA-->  <ISACTIVE><![CDATA[Y]]></ISACTIVE>
<!--9967183DA7164174B7F5CC8604456FAA-->  <NAME><![CDATA[Force Document Routing]]></NAME>
<!--9967183DA7164174B7F5CC8604456FAA-->  <AD_MODULE_ID><![CDATA[27445C8270364452BEB29669FBB21CED]]></AD_MODULE_ID>
<!--9967183DA7164174B7F5CC8604456FAA-->  <ISBASEREFERENCE><![CDATA[N]]></ISBASEREFERENCE>
<!--9967183DA7164174B7F5CC8604456FAA-->  <PARENTREFERENCE_ID><![CDATA[17]]></PARENTREFERENCE_ID>
<!--9967183DA7164174B7F5CC8604456FAA-->  <ISVALUEDISPLAYED><![CDATA[N]]></ISVALUEDISPLAYED>
<!--9967183DA7164174B7F5CC8604456FAA--></AD_REFERENCE>

<!--B4C37522059947F291AF8AD24D5D4591--><AD_REFERENCE>
<!--B4C37522059947F291AF8AD24D5D4591-->  <AD_REFERENCE_ID><![CDATA[B4C37522059947F291AF8AD24D5D4591]]></AD_REFERENCE_ID>
<!--B4C37522059947F291AF8AD24D5D4591-->  <AD_CLIENT_ID><![CDATA[0]]></AD_CLIENT_ID>
<!--B4C37522059947F291AF8AD24D5D4591-->  <AD_ORG_ID><![CDATA[0]]></AD_ORG_ID>
<!--B4C37522059947F291AF8AD24D5D4591-->  <ISACTIVE><![CDATA[Y]]></ISACTIVE>
<!--B4C37522059947F291AF8AD24D5D4591-->  <NAME><![CDATA[C_DocType_Trx OEZ]]></NAME>
<!--B4C37522059947F291AF8AD24D5D4591-->  <AD_MODULE_ID><![CDATA[27445C8270364452BEB29669FBB21CED]]></AD_MODULE_ID>
<!--B4C37522059947F291AF8AD24D5D4591-->  <ISBASEREFERENCE><![CDATA[N]]></ISBASEREFERENCE>
<!--B4C37522059947F291AF8AD24D5D4591-->  <PARENTREFERENCE_ID><![CDATA[18]]></PARENTREFERENCE_ID>
<!--B4C37522059947F291AF8AD24D5D4591-->  <ISVALUEDISPLAYED><![CDATA[N]]></ISVALUEDISPLAYED>
<!--B4C37522059947F291AF8AD24D5D4591--></AD_REFERENCE>

<!--D5FD3EA99AC740B7B7110C0F4E692E82--><AD_REFERENCE>
<!--D5FD3EA99AC740B7B7110C0F4E692E82-->  <AD_REFERENCE_ID><![CDATA[D5FD3EA99AC740B7B7110C0F4E692E82]]></AD_REFERENCE_ID>
<!--D5FD3EA99AC740B7B7110C0F4E692E82-->  <AD_CLIENT_ID><![CDATA[0]]></AD_CLIENT_ID>
<!--D5FD3EA99AC740B7B7110C0F4E692E82-->  <AD_ORG_ID><![CDATA[0]]></AD_ORG_ID>
<!--D5FD3EA99AC740B7B7110C0F4E692E82-->  <ISACTIVE><![CDATA[Y]]></ISACTIVE>
<!--D5FD3EA99AC740B7B7110C0F4E692E82-->  <NAME><![CDATA[OEZ to ReqLines]]></NAME>
<!--D5FD3EA99AC740B7B7110C0F4E692E82-->  <AD_MODULE_ID><![CDATA[27445C8270364452BEB29669FBB21CED]]></AD_MODULE_ID>
<!--D5FD3EA99AC740B7B7110C0F4E692E82-->  <ISBASEREFERENCE><![CDATA[N]]></ISBASEREFERENCE>
<!--D5FD3EA99AC740B7B7110C0F4E692E82-->  <PARENTREFERENCE_ID><![CDATA[95E2A8B50A254B2AAE6774B8C2F28120]]></PARENTREFERENCE_ID>
<!--D5FD3EA99AC740B7B7110C0F4E692E82-->  <ISVALUEDISPLAYED><![CDATA[N]]></ISVALUEDISPLAYED>
<!--D5FD3EA99AC740B7B7110C0F4E692E82--></AD_REFERENCE>

<!--E45F4540D80D40158F0F56D9C1068175--><AD_REFERENCE>
<!--E45F4540D80D40158F0F56D9C1068175-->  <AD_REFERENCE_ID><![CDATA[E45F4540D80D40158F0F56D9C1068175]]></AD_REFERENCE_ID>
<!--E45F4540D80D40158F0F56D9C1068175-->  <AD_CLIENT_ID><![CDATA[0]]></AD_CLIENT_ID>
<!--E45F4540D80D40158F0F56D9C1068175-->  <AD_ORG_ID><![CDATA[0]]></AD_ORG_ID>
<!--E45F4540D80D40158F0F56D9C1068175-->  <ISACTIVE><![CDATA[Y]]></ISACTIVE>
<!--E45F4540D80D40158F0F56D9C1068175-->  <NAME><![CDATA[Sales Order Selector]]></NAME>
<!--E45F4540D80D40158F0F56D9C1068175-->  <AD_MODULE_ID><![CDATA[27445C8270364452BEB29669FBB21CED]]></AD_MODULE_ID>
<!--E45F4540D80D40158F0F56D9C1068175-->  <ISBASEREFERENCE><![CDATA[N]]></ISBASEREFERENCE>
<!--E45F4540D80D40158F0F56D9C1068175-->  <PARENTREFERENCE_ID><![CDATA[95E2A8B50A254B2AAE6774B8C2F28120]]></PARENTREFERENCE_ID>
<!--E45F4540D80D40158F0F56D9C1068175-->  <ISVALUEDISPLAYED><![CDATA[N]]></ISVALUEDISPLAYED>
<!--E45F4540D80D40158F0F56D9C1068175--></AD_REFERENCE>

<!--FB6EEF26C0304898BF457B560010AF5A--><AD_REFERENCE>
<!--FB6EEF26C0304898BF457B560010AF5A-->  <AD_REFERENCE_ID><![CDATA[FB6EEF26C0304898BF457B560010AF5A]]></AD_REFERENCE_ID>
<!--FB6EEF26C0304898BF457B560010AF5A-->  <AD_CLIENT_ID><![CDATA[0]]></AD_CLIENT_ID>
<!--FB6EEF26C0304898BF457B560010AF5A-->  <AD_ORG_ID><![CDATA[0]]></AD_ORG_ID>
<!--FB6EEF26C0304898BF457B560010AF5A-->  <ISACTIVE><![CDATA[Y]]></ISACTIVE>
<!--FB6EEF26C0304898BF457B560010AF5A-->  <NAME><![CDATA[Employee Payroll Master]]></NAME>
<!--FB6EEF26C0304898BF457B560010AF5A-->  <DESCRIPTION><![CDATA[Business Partners who are Employee and set as Employee Master]]></DESCRIPTION>
<!--FB6EEF26C0304898BF457B560010AF5A-->  <HELP><![CDATA[Business Partner dengan tipe Employee dan sudah di set sebagai Employee Master]]></HELP>
<!--FB6EEF26C0304898BF457B560010AF5A-->  <AD_MODULE_ID><![CDATA[27445C8270364452BEB29669FBB21CED]]></AD_MODULE_ID>
<!--FB6EEF26C0304898BF457B560010AF5A-->  <ISBASEREFERENCE><![CDATA[N]]></ISBASEREFERENCE>
<!--FB6EEF26C0304898BF457B560010AF5A-->  <PARENTREFERENCE_ID><![CDATA[18]]></PARENTREFERENCE_ID>
<!--FB6EEF26C0304898BF457B560010AF5A-->  <ISVALUEDISPLAYED><![CDATA[N]]></ISVALUEDISPLAYED>
<!--FB6EEF26C0304898BF457B560010AF5A--></AD_REFERENCE>

</data>
