<?xml version="1.0" encoding="UTF-8"?>
<data>
<!--16548E64FFE94ABBBAB3EF196B0B9B2D--><AD_REF_TABLE>
<!--16548E64FFE94ABBBAB3EF196B0B9B2D-->  <AD_REFERENCE_ID><![CDATA[16548E64FFE94ABBBAB3EF196B0B9B2D]]></AD_REFERENCE_ID>
<!--16548E64FFE94ABBBAB3EF196B0B9B2D-->  <AD_CLIENT_ID><![CDATA[0]]></AD_CLIENT_ID>
<!--16548E64FFE94ABBBAB3EF196B0B9B2D-->  <AD_ORG_ID><![CDATA[0]]></AD_ORG_ID>
<!--16548E64FFE94ABBBAB3EF196B0B9B2D-->  <ISACTIVE><![CDATA[Y]]></ISACTIVE>
<!--16548E64FFE94ABBBAB3EF196B0B9B2D-->  <AD_TABLE_ID><![CDATA[2DF5A03CD82945BEB3E185339173341E]]></AD_TABLE_ID>
<!--16548E64FFE94ABBBAB3EF196B0B9B2D-->  <AD_KEY><![CDATA[4B66EFD25F414BD5AB50056E79C5400E]]></AD_KEY>
<!--16548E64FFE94ABBBAB3EF196B0B9B2D-->  <AD_DISPLAY><![CDATA[EE6544F22B9B4A028B818DB00866F418]]></AD_DISPLAY>
<!--16548E64FFE94ABBBAB3EF196B0B9B2D-->  <ISVALUEDISPLAYED><![CDATA[N]]></ISVALUEDISPLAYED>
<!--16548E64FFE94ABBBAB3EF196B0B9B2D--></AD_REF_TABLE>

<!--5C2DAFC152EA4E06A4957E81AB2ACF20--><AD_REF_TABLE>
<!--5C2DAFC152EA4E06A4957E81AB2ACF20-->  <AD_REFERENCE_ID><![CDATA[5C2DAFC152EA4E06A4957E81AB2ACF20]]></AD_REFERENCE_ID>
<!--5C2DAFC152EA4E06A4957E81AB2ACF20-->  <AD_CLIENT_ID><![CDATA[0]]></AD_CLIENT_ID>
<!--5C2DAFC152EA4E06A4957E81AB2ACF20-->  <AD_ORG_ID><![CDATA[0]]></AD_ORG_ID>
<!--5C2DAFC152EA4E06A4957E81AB2ACF20-->  <ISACTIVE><![CDATA[Y]]></ISACTIVE>
<!--5C2DAFC152EA4E06A4957E81AB2ACF20-->  <AD_TABLE_ID><![CDATA[141]]></AD_TABLE_ID>
<!--5C2DAFC152EA4E06A4957E81AB2ACF20-->  <AD_KEY><![CDATA[457]]></AD_KEY>
<!--5C2DAFC152EA4E06A4957E81AB2ACF20-->  <AD_DISPLAY><![CDATA[458]]></AD_DISPLAY>
<!--5C2DAFC152EA4E06A4957E81AB2ACF20-->  <ISVALUEDISPLAYED><![CDATA[N]]></ISVALUEDISPLAYED>
<!--5C2DAFC152EA4E06A4957E81AB2ACF20-->  <ORDERBYCLAUSE><![CDATA[iso_code asc]]></ORDERBYCLAUSE>
<!--5C2DAFC152EA4E06A4957E81AB2ACF20--></AD_REF_TABLE>

<!--65A4C17DA97B411C975C7B1B258ACDB5--><AD_REF_TABLE>
<!--65A4C17DA97B411C975C7B1B258ACDB5-->  <AD_REFERENCE_ID><![CDATA[65A4C17DA97B411C975C7B1B258ACDB5]]></AD_REFERENCE_ID>
<!--65A4C17DA97B411C975C7B1B258ACDB5-->  <AD_CLIENT_ID><![CDATA[0]]></AD_CLIENT_ID>
<!--65A4C17DA97B411C975C7B1B258ACDB5-->  <AD_ORG_ID><![CDATA[0]]></AD_ORG_ID>
<!--65A4C17DA97B411C975C7B1B258ACDB5-->  <ISACTIVE><![CDATA[Y]]></ISACTIVE>
<!--65A4C17DA97B411C975C7B1B258ACDB5-->  <AD_TABLE_ID><![CDATA[177]]></AD_TABLE_ID>
<!--65A4C17DA97B411C975C7B1B258ACDB5-->  <AD_KEY><![CDATA[1031]]></AD_KEY>
<!--65A4C17DA97B411C975C7B1B258ACDB5-->  <AD_DISPLAY><![CDATA[1038]]></AD_DISPLAY>
<!--65A4C17DA97B411C975C7B1B258ACDB5-->  <ISVALUEDISPLAYED><![CDATA[N]]></ISVALUEDISPLAYED>
<!--65A4C17DA97B411C975C7B1B258ACDB5--></AD_REF_TABLE>

<!--6F291E313C0B4A57BA512F621A8363B6--><AD_REF_TABLE>
<!--6F291E313C0B4A57BA512F621A8363B6-->  <AD_REFERENCE_ID><![CDATA[6F291E313C0B4A57BA512F621A8363B6]]></AD_REFERENCE_ID>
<!--6F291E313C0B4A57BA512F621A8363B6-->  <AD_CLIENT_ID><![CDATA[0]]></AD_CLIENT_ID>
<!--6F291E313C0B4A57BA512F621A8363B6-->  <AD_ORG_ID><![CDATA[0]]></AD_ORG_ID>
<!--6F291E313C0B4A57BA512F621A8363B6-->  <ISACTIVE><![CDATA[Y]]></ISACTIVE>
<!--6F291E313C0B4A57BA512F621A8363B6-->  <AD_TABLE_ID><![CDATA[265]]></AD_TABLE_ID>
<!--6F291E313C0B4A57BA512F621A8363B6-->  <AD_KEY><![CDATA[2463]]></AD_KEY>
<!--6F291E313C0B4A57BA512F621A8363B6-->  <AD_DISPLAY><![CDATA[2471]]></AD_DISPLAY>
<!--6F291E313C0B4A57BA512F621A8363B6-->  <ISVALUEDISPLAYED><![CDATA[N]]></ISVALUEDISPLAYED>
<!--6F291E313C0B4A57BA512F621A8363B6--></AD_REF_TABLE>

<!--8854CF186B7A419693875A16EAC92CCF--><AD_REF_TABLE>
<!--8854CF186B7A419693875A16EAC92CCF-->  <AD_REFERENCE_ID><![CDATA[8854CF186B7A419693875A16EAC92CCF]]></AD_REFERENCE_ID>
<!--8854CF186B7A419693875A16EAC92CCF-->  <AD_CLIENT_ID><![CDATA[0]]></AD_CLIENT_ID>
<!--8854CF186B7A419693875A16EAC92CCF-->  <AD_ORG_ID><![CDATA[0]]></AD_ORG_ID>
<!--8854CF186B7A419693875A16EAC92CCF-->  <ISACTIVE><![CDATA[Y]]></ISACTIVE>
<!--8854CF186B7A419693875A16EAC92CCF-->  <AD_TABLE_ID><![CDATA[9310B0EF02D24AA6B29741CC636B6125]]></AD_TABLE_ID>
<!--8854CF186B7A419693875A16EAC92CCF-->  <AD_KEY><![CDATA[0DD703DD37BB45A894B66DCC9B094EA7]]></AD_KEY>
<!--8854CF186B7A419693875A16EAC92CCF-->  <AD_DISPLAY><![CDATA[37E864CAE85A4E98AABDCE4A6A2430DC]]></AD_DISPLAY>
<!--8854CF186B7A419693875A16EAC92CCF-->  <ISVALUEDISPLAYED><![CDATA[N]]></ISVALUEDISPLAYED>
<!--8854CF186B7A419693875A16EAC92CCF--></AD_REF_TABLE>

<!--94506183A4844C7986EE73ED9E388E8E--><AD_REF_TABLE>
<!--94506183A4844C7986EE73ED9E388E8E-->  <AD_REFERENCE_ID><![CDATA[94506183A4844C7986EE73ED9E388E8E]]></AD_REFERENCE_ID>
<!--94506183A4844C7986EE73ED9E388E8E-->  <AD_CLIENT_ID><![CDATA[0]]></AD_CLIENT_ID>
<!--94506183A4844C7986EE73ED9E388E8E-->  <AD_ORG_ID><![CDATA[0]]></AD_ORG_ID>
<!--94506183A4844C7986EE73ED9E388E8E-->  <ISACTIVE><![CDATA[Y]]></ISACTIVE>
<!--94506183A4844C7986EE73ED9E388E8E-->  <AD_TABLE_ID><![CDATA[559]]></AD_TABLE_ID>
<!--94506183A4844C7986EE73ED9E388E8E-->  <AD_KEY><![CDATA[8472]]></AD_KEY>
<!--94506183A4844C7986EE73ED9E388E8E-->  <AD_DISPLAY><![CDATA[8479]]></AD_DISPLAY>
<!--94506183A4844C7986EE73ED9E388E8E-->  <ISVALUEDISPLAYED><![CDATA[N]]></ISVALUEDISPLAYED>
<!--94506183A4844C7986EE73ED9E388E8E--></AD_REF_TABLE>

<!--B4C37522059947F291AF8AD24D5D4591--><AD_REF_TABLE>
<!--B4C37522059947F291AF8AD24D5D4591-->  <AD_REFERENCE_ID><![CDATA[B4C37522059947F291AF8AD24D5D4591]]></AD_REFERENCE_ID>
<!--B4C37522059947F291AF8AD24D5D4591-->  <AD_CLIENT_ID><![CDATA[0]]></AD_CLIENT_ID>
<!--B4C37522059947F291AF8AD24D5D4591-->  <AD_ORG_ID><![CDATA[0]]></AD_ORG_ID>
<!--B4C37522059947F291AF8AD24D5D4591-->  <ISACTIVE><![CDATA[Y]]></ISACTIVE>
<!--B4C37522059947F291AF8AD24D5D4591-->  <AD_TABLE_ID><![CDATA[217]]></AD_TABLE_ID>
<!--B4C37522059947F291AF8AD24D5D4591-->  <AD_KEY><![CDATA[1501]]></AD_KEY>
<!--B4C37522059947F291AF8AD24D5D4591-->  <AD_DISPLAY><![CDATA[1509]]></AD_DISPLAY>
<!--B4C37522059947F291AF8AD24D5D4591-->  <ISVALUEDISPLAYED><![CDATA[N]]></ISVALUEDISPLAYED>
<!--B4C37522059947F291AF8AD24D5D4591-->  <WHERECLAUSE><![CDATA[C_DocType.AD_Client_ID=@#AD_Client_ID@ AND @AD_Org_ID@ <> '0']]></WHERECLAUSE>
<!--B4C37522059947F291AF8AD24D5D4591--></AD_REF_TABLE>

<!--FB6EEF26C0304898BF457B560010AF5A--><AD_REF_TABLE>
<!--FB6EEF26C0304898BF457B560010AF5A-->  <AD_REFERENCE_ID><![CDATA[FB6EEF26C0304898BF457B560010AF5A]]></AD_REFERENCE_ID>
<!--FB6EEF26C0304898BF457B560010AF5A-->  <AD_CLIENT_ID><![CDATA[0]]></AD_CLIENT_ID>
<!--FB6EEF26C0304898BF457B560010AF5A-->  <AD_ORG_ID><![CDATA[0]]></AD_ORG_ID>
<!--FB6EEF26C0304898BF457B560010AF5A-->  <ISACTIVE><![CDATA[Y]]></ISACTIVE>
<!--FB6EEF26C0304898BF457B560010AF5A-->  <AD_TABLE_ID><![CDATA[291]]></AD_TABLE_ID>
<!--FB6EEF26C0304898BF457B560010AF5A-->  <AD_KEY><![CDATA[2893]]></AD_KEY>
<!--FB6EEF26C0304898BF457B560010AF5A-->  <AD_DISPLAY><![CDATA[2902]]></AD_DISPLAY>
<!--FB6EEF26C0304898BF457B560010AF5A-->  <ISVALUEDISPLAYED><![CDATA[N]]></ISVALUEDISPLAYED>
<!--FB6EEF26C0304898BF457B560010AF5A-->  <WHERECLAUSE><![CDATA[C_BPartner.IsEmployee='Y' and EM_Pyr_Ispayrollmaster='Y']]></WHERECLAUSE>
<!--FB6EEF26C0304898BF457B560010AF5A--></AD_REF_TABLE>

</data>
