<?xml version="1.0" encoding="UTF-8"?>
<data>
<!--0659C0E4997049D8ABBA6EA848DA1D3B--><AD_TABLE>
<!--0659C0E4997049D8ABBA6EA848DA1D3B-->  <AD_TABLE_ID><![CDATA[0659C0E4997049D8ABBA6EA848DA1D3B]]></AD_TABLE_ID>
<!--0659C0E4997049D8ABBA6EA848DA1D3B-->  <AD_CLIENT_ID><![CDATA[0]]></AD_CLIENT_ID>
<!--0659C0E4997049D8ABBA6EA848DA1D3B-->  <AD_ORG_ID><![CDATA[0]]></AD_ORG_ID>
<!--0659C0E4997049D8ABBA6EA848DA1D3B-->  <ISACTIVE><![CDATA[Y]]></ISACTIVE>
<!--0659C0E4997049D8ABBA6EA848DA1D3B-->  <NAME><![CDATA[oez_documentrouting]]></NAME>
<!--0659C0E4997049D8ABBA6EA848DA1D3B-->  <DESCRIPTION><![CDATA[Document Routing]]></DESCRIPTION>
<!--0659C0E4997049D8ABBA6EA848DA1D3B-->  <HELP><![CDATA[Document routing table as a part of approval routing feature.]]></HELP>
<!--0659C0E4997049D8ABBA6EA848DA1D3B-->  <TABLENAME><![CDATA[oez_documentrouting]]></TABLENAME>
<!--0659C0E4997049D8ABBA6EA848DA1D3B-->  <CLASSNAME><![CDATA[oez_documentrouting]]></CLASSNAME>
<!--0659C0E4997049D8ABBA6EA848DA1D3B-->  <ISVIEW><![CDATA[N]]></ISVIEW>
<!--0659C0E4997049D8ABBA6EA848DA1D3B-->  <ACCESSLEVEL><![CDATA[3]]></ACCESSLEVEL>
<!--0659C0E4997049D8ABBA6EA848DA1D3B-->  <AD_WINDOW_ID><![CDATA[111]]></AD_WINDOW_ID>
<!--0659C0E4997049D8ABBA6EA848DA1D3B-->  <ISSECURITYENABLED><![CDATA[N]]></ISSECURITYENABLED>
<!--0659C0E4997049D8ABBA6EA848DA1D3B-->  <ISDELETEABLE><![CDATA[Y]]></ISDELETEABLE>
<!--0659C0E4997049D8ABBA6EA848DA1D3B-->  <ISHIGHVOLUME><![CDATA[N]]></ISHIGHVOLUME>
<!--0659C0E4997049D8ABBA6EA848DA1D3B-->  <IMPORTTABLE><![CDATA[N]]></IMPORTTABLE>
<!--0659C0E4997049D8ABBA6EA848DA1D3B-->  <ISCHANGELOG><![CDATA[N]]></ISCHANGELOG>
<!--0659C0E4997049D8ABBA6EA848DA1D3B-->  <ISDEFAULTACCT><![CDATA[N]]></ISDEFAULTACCT>
<!--0659C0E4997049D8ABBA6EA848DA1D3B-->  <DEVELOPMENTSTATUS><![CDATA[RE]]></DEVELOPMENTSTATUS>
<!--0659C0E4997049D8ABBA6EA848DA1D3B-->  <AD_PACKAGE_ID><![CDATA[EC2A3056818547DB84BFE7C500FC0458]]></AD_PACKAGE_ID>
<!--0659C0E4997049D8ABBA6EA848DA1D3B-->  <DATAORIGINTYPE><![CDATA[Table]]></DATAORIGINTYPE>
<!--0659C0E4997049D8ABBA6EA848DA1D3B-->  <ISTREE><![CDATA[N]]></ISTREE>
<!--0659C0E4997049D8ABBA6EA848DA1D3B--></AD_TABLE>

<!--0F8C33F4BFEA4B1D82F08CB3D176457B--><AD_TABLE>
<!--0F8C33F4BFEA4B1D82F08CB3D176457B-->  <AD_TABLE_ID><![CDATA[0F8C33F4BFEA4B1D82F08CB3D176457B]]></AD_TABLE_ID>
<!--0F8C33F4BFEA4B1D82F08CB3D176457B-->  <AD_CLIENT_ID><![CDATA[0]]></AD_CLIENT_ID>
<!--0F8C33F4BFEA4B1D82F08CB3D176457B-->  <AD_ORG_ID><![CDATA[0]]></AD_ORG_ID>
<!--0F8C33F4BFEA4B1D82F08CB3D176457B-->  <ISACTIVE><![CDATA[Y]]></ISACTIVE>
<!--0F8C33F4BFEA4B1D82F08CB3D176457B-->  <NAME><![CDATA[oez_i_inventory]]></NAME>
<!--0F8C33F4BFEA4B1D82F08CB3D176457B-->  <TABLENAME><![CDATA[oez_i_inventory]]></TABLENAME>
<!--0F8C33F4BFEA4B1D82F08CB3D176457B-->  <CLASSNAME><![CDATA[oez_i_inventory]]></CLASSNAME>
<!--0F8C33F4BFEA4B1D82F08CB3D176457B-->  <ISVIEW><![CDATA[N]]></ISVIEW>
<!--0F8C33F4BFEA4B1D82F08CB3D176457B-->  <ACCESSLEVEL><![CDATA[3]]></ACCESSLEVEL>
<!--0F8C33F4BFEA4B1D82F08CB3D176457B-->  <ISSECURITYENABLED><![CDATA[N]]></ISSECURITYENABLED>
<!--0F8C33F4BFEA4B1D82F08CB3D176457B-->  <ISDELETEABLE><![CDATA[Y]]></ISDELETEABLE>
<!--0F8C33F4BFEA4B1D82F08CB3D176457B-->  <ISHIGHVOLUME><![CDATA[N]]></ISHIGHVOLUME>
<!--0F8C33F4BFEA4B1D82F08CB3D176457B-->  <IMPORTTABLE><![CDATA[N]]></IMPORTTABLE>
<!--0F8C33F4BFEA4B1D82F08CB3D176457B-->  <ISCHANGELOG><![CDATA[N]]></ISCHANGELOG>
<!--0F8C33F4BFEA4B1D82F08CB3D176457B-->  <ISDEFAULTACCT><![CDATA[N]]></ISDEFAULTACCT>
<!--0F8C33F4BFEA4B1D82F08CB3D176457B-->  <DEVELOPMENTSTATUS><![CDATA[RE]]></DEVELOPMENTSTATUS>
<!--0F8C33F4BFEA4B1D82F08CB3D176457B-->  <AD_PACKAGE_ID><![CDATA[7D5922814C5B422DB539B01470B0C7DC]]></AD_PACKAGE_ID>
<!--0F8C33F4BFEA4B1D82F08CB3D176457B-->  <DATAORIGINTYPE><![CDATA[Table]]></DATAORIGINTYPE>
<!--0F8C33F4BFEA4B1D82F08CB3D176457B-->  <ISTREE><![CDATA[N]]></ISTREE>
<!--0F8C33F4BFEA4B1D82F08CB3D176457B--></AD_TABLE>

<!--1964B29FE24D4DAC8438F431852ECC5A--><AD_TABLE>
<!--1964B29FE24D4DAC8438F431852ECC5A-->  <AD_TABLE_ID><![CDATA[1964B29FE24D4DAC8438F431852ECC5A]]></AD_TABLE_ID>
<!--1964B29FE24D4DAC8438F431852ECC5A-->  <AD_CLIENT_ID><![CDATA[0]]></AD_CLIENT_ID>
<!--1964B29FE24D4DAC8438F431852ECC5A-->  <AD_ORG_ID><![CDATA[0]]></AD_ORG_ID>
<!--1964B29FE24D4DAC8438F431852ECC5A-->  <ISACTIVE><![CDATA[Y]]></ISACTIVE>
<!--1964B29FE24D4DAC8438F431852ECC5A-->  <NAME><![CDATA[OEZ_I_Workeffort]]></NAME>
<!--1964B29FE24D4DAC8438F431852ECC5A-->  <TABLENAME><![CDATA[OEZ_I_Workeffort]]></TABLENAME>
<!--1964B29FE24D4DAC8438F431852ECC5A-->  <CLASSNAME><![CDATA[ImportWorkEffort]]></CLASSNAME>
<!--1964B29FE24D4DAC8438F431852ECC5A-->  <ISVIEW><![CDATA[N]]></ISVIEW>
<!--1964B29FE24D4DAC8438F431852ECC5A-->  <ACCESSLEVEL><![CDATA[7]]></ACCESSLEVEL>
<!--1964B29FE24D4DAC8438F431852ECC5A-->  <ISSECURITYENABLED><![CDATA[N]]></ISSECURITYENABLED>
<!--1964B29FE24D4DAC8438F431852ECC5A-->  <ISDELETEABLE><![CDATA[Y]]></ISDELETEABLE>
<!--1964B29FE24D4DAC8438F431852ECC5A-->  <ISHIGHVOLUME><![CDATA[N]]></ISHIGHVOLUME>
<!--1964B29FE24D4DAC8438F431852ECC5A-->  <IMPORTTABLE><![CDATA[N]]></IMPORTTABLE>
<!--1964B29FE24D4DAC8438F431852ECC5A-->  <ISCHANGELOG><![CDATA[N]]></ISCHANGELOG>
<!--1964B29FE24D4DAC8438F431852ECC5A-->  <ISDEFAULTACCT><![CDATA[N]]></ISDEFAULTACCT>
<!--1964B29FE24D4DAC8438F431852ECC5A-->  <DEVELOPMENTSTATUS><![CDATA[RE]]></DEVELOPMENTSTATUS>
<!--1964B29FE24D4DAC8438F431852ECC5A-->  <AD_PACKAGE_ID><![CDATA[CFD813F66133463490E9C63AFC627DD7]]></AD_PACKAGE_ID>
<!--1964B29FE24D4DAC8438F431852ECC5A-->  <DATAORIGINTYPE><![CDATA[Table]]></DATAORIGINTYPE>
<!--1964B29FE24D4DAC8438F431852ECC5A-->  <ISTREE><![CDATA[N]]></ISTREE>
<!--1964B29FE24D4DAC8438F431852ECC5A-->  <EM_SR_ISINVENTORY><![CDATA[N]]></EM_SR_ISINVENTORY>
<!--1964B29FE24D4DAC8438F431852ECC5A--></AD_TABLE>

<!--20AC2772B8F64FDBAE527D7FF46EF961--><AD_TABLE>
<!--20AC2772B8F64FDBAE527D7FF46EF961-->  <AD_TABLE_ID><![CDATA[20AC2772B8F64FDBAE527D7FF46EF961]]></AD_TABLE_ID>
<!--20AC2772B8F64FDBAE527D7FF46EF961-->  <AD_CLIENT_ID><![CDATA[0]]></AD_CLIENT_ID>
<!--20AC2772B8F64FDBAE527D7FF46EF961-->  <AD_ORG_ID><![CDATA[0]]></AD_ORG_ID>
<!--20AC2772B8F64FDBAE527D7FF46EF961-->  <ISACTIVE><![CDATA[Y]]></ISACTIVE>
<!--20AC2772B8F64FDBAE527D7FF46EF961-->  <NAME><![CDATA[oez_i_productcost]]></NAME>
<!--20AC2772B8F64FDBAE527D7FF46EF961-->  <TABLENAME><![CDATA[oez_i_productcost]]></TABLENAME>
<!--20AC2772B8F64FDBAE527D7FF46EF961-->  <CLASSNAME><![CDATA[oez_i_productcost]]></CLASSNAME>
<!--20AC2772B8F64FDBAE527D7FF46EF961-->  <ISVIEW><![CDATA[N]]></ISVIEW>
<!--20AC2772B8F64FDBAE527D7FF46EF961-->  <ACCESSLEVEL><![CDATA[3]]></ACCESSLEVEL>
<!--20AC2772B8F64FDBAE527D7FF46EF961-->  <ISSECURITYENABLED><![CDATA[N]]></ISSECURITYENABLED>
<!--20AC2772B8F64FDBAE527D7FF46EF961-->  <ISDELETEABLE><![CDATA[Y]]></ISDELETEABLE>
<!--20AC2772B8F64FDBAE527D7FF46EF961-->  <ISHIGHVOLUME><![CDATA[N]]></ISHIGHVOLUME>
<!--20AC2772B8F64FDBAE527D7FF46EF961-->  <IMPORTTABLE><![CDATA[N]]></IMPORTTABLE>
<!--20AC2772B8F64FDBAE527D7FF46EF961-->  <ISCHANGELOG><![CDATA[N]]></ISCHANGELOG>
<!--20AC2772B8F64FDBAE527D7FF46EF961-->  <ISDEFAULTACCT><![CDATA[N]]></ISDEFAULTACCT>
<!--20AC2772B8F64FDBAE527D7FF46EF961-->  <DEVELOPMENTSTATUS><![CDATA[RE]]></DEVELOPMENTSTATUS>
<!--20AC2772B8F64FDBAE527D7FF46EF961-->  <AD_PACKAGE_ID><![CDATA[CFD813F66133463490E9C63AFC627DD7]]></AD_PACKAGE_ID>
<!--20AC2772B8F64FDBAE527D7FF46EF961-->  <DATAORIGINTYPE><![CDATA[Table]]></DATAORIGINTYPE>
<!--20AC2772B8F64FDBAE527D7FF46EF961-->  <ISTREE><![CDATA[N]]></ISTREE>
<!--20AC2772B8F64FDBAE527D7FF46EF961--></AD_TABLE>

<!--21099395A88C4657B4A13C758EBCDB72--><AD_TABLE>
<!--21099395A88C4657B4A13C758EBCDB72-->  <AD_TABLE_ID><![CDATA[21099395A88C4657B4A13C758EBCDB72]]></AD_TABLE_ID>
<!--21099395A88C4657B4A13C758EBCDB72-->  <AD_CLIENT_ID><![CDATA[0]]></AD_CLIENT_ID>
<!--21099395A88C4657B4A13C758EBCDB72-->  <AD_ORG_ID><![CDATA[0]]></AD_ORG_ID>
<!--21099395A88C4657B4A13C758EBCDB72-->  <ISACTIVE><![CDATA[Y]]></ISACTIVE>
<!--21099395A88C4657B4A13C758EBCDB72-->  <NAME><![CDATA[oez_documentroutingaction]]></NAME>
<!--21099395A88C4657B4A13C758EBCDB72-->  <TABLENAME><![CDATA[oez_documentroutingaction]]></TABLENAME>
<!--21099395A88C4657B4A13C758EBCDB72-->  <CLASSNAME><![CDATA[oez_documentroutingaction]]></CLASSNAME>
<!--21099395A88C4657B4A13C758EBCDB72-->  <ISVIEW><![CDATA[N]]></ISVIEW>
<!--21099395A88C4657B4A13C758EBCDB72-->  <ACCESSLEVEL><![CDATA[7]]></ACCESSLEVEL>
<!--21099395A88C4657B4A13C758EBCDB72-->  <ISSECURITYENABLED><![CDATA[N]]></ISSECURITYENABLED>
<!--21099395A88C4657B4A13C758EBCDB72-->  <ISDELETEABLE><![CDATA[Y]]></ISDELETEABLE>
<!--21099395A88C4657B4A13C758EBCDB72-->  <ISHIGHVOLUME><![CDATA[N]]></ISHIGHVOLUME>
<!--21099395A88C4657B4A13C758EBCDB72-->  <IMPORTTABLE><![CDATA[N]]></IMPORTTABLE>
<!--21099395A88C4657B4A13C758EBCDB72-->  <ISCHANGELOG><![CDATA[N]]></ISCHANGELOG>
<!--21099395A88C4657B4A13C758EBCDB72-->  <ISDEFAULTACCT><![CDATA[N]]></ISDEFAULTACCT>
<!--21099395A88C4657B4A13C758EBCDB72-->  <DEVELOPMENTSTATUS><![CDATA[RE]]></DEVELOPMENTSTATUS>
<!--21099395A88C4657B4A13C758EBCDB72-->  <AD_PACKAGE_ID><![CDATA[EC2A3056818547DB84BFE7C500FC0458]]></AD_PACKAGE_ID>
<!--21099395A88C4657B4A13C758EBCDB72-->  <DATAORIGINTYPE><![CDATA[Table]]></DATAORIGINTYPE>
<!--21099395A88C4657B4A13C758EBCDB72-->  <ISTREE><![CDATA[N]]></ISTREE>
<!--21099395A88C4657B4A13C758EBCDB72--></AD_TABLE>

<!--2414B78C0FED411088DE06414B3ED0AE--><AD_TABLE>
<!--2414B78C0FED411088DE06414B3ED0AE-->  <AD_TABLE_ID><![CDATA[2414B78C0FED411088DE06414B3ED0AE]]></AD_TABLE_ID>
<!--2414B78C0FED411088DE06414B3ED0AE-->  <AD_CLIENT_ID><![CDATA[0]]></AD_CLIENT_ID>
<!--2414B78C0FED411088DE06414B3ED0AE-->  <AD_ORG_ID><![CDATA[0]]></AD_ORG_ID>
<!--2414B78C0FED411088DE06414B3ED0AE-->  <ISACTIVE><![CDATA[Y]]></ISACTIVE>
<!--2414B78C0FED411088DE06414B3ED0AE-->  <NAME><![CDATA[OEZ_Commission_Transaction]]></NAME>
<!--2414B78C0FED411088DE06414B3ED0AE-->  <TABLENAME><![CDATA[OEZ_Commission_Transaction]]></TABLENAME>
<!--2414B78C0FED411088DE06414B3ED0AE-->  <CLASSNAME><![CDATA[SalesCommissionTransaction]]></CLASSNAME>
<!--2414B78C0FED411088DE06414B3ED0AE-->  <ISVIEW><![CDATA[N]]></ISVIEW>
<!--2414B78C0FED411088DE06414B3ED0AE-->  <ACCESSLEVEL><![CDATA[7]]></ACCESSLEVEL>
<!--2414B78C0FED411088DE06414B3ED0AE-->  <ISSECURITYENABLED><![CDATA[N]]></ISSECURITYENABLED>
<!--2414B78C0FED411088DE06414B3ED0AE-->  <ISDELETEABLE><![CDATA[Y]]></ISDELETEABLE>
<!--2414B78C0FED411088DE06414B3ED0AE-->  <ISHIGHVOLUME><![CDATA[N]]></ISHIGHVOLUME>
<!--2414B78C0FED411088DE06414B3ED0AE-->  <IMPORTTABLE><![CDATA[N]]></IMPORTTABLE>
<!--2414B78C0FED411088DE06414B3ED0AE-->  <ISCHANGELOG><![CDATA[N]]></ISCHANGELOG>
<!--2414B78C0FED411088DE06414B3ED0AE-->  <ISDEFAULTACCT><![CDATA[N]]></ISDEFAULTACCT>
<!--2414B78C0FED411088DE06414B3ED0AE-->  <DEVELOPMENTSTATUS><![CDATA[RE]]></DEVELOPMENTSTATUS>
<!--2414B78C0FED411088DE06414B3ED0AE-->  <AD_PACKAGE_ID><![CDATA[EC2A3056818547DB84BFE7C500FC0458]]></AD_PACKAGE_ID>
<!--2414B78C0FED411088DE06414B3ED0AE-->  <DATAORIGINTYPE><![CDATA[Table]]></DATAORIGINTYPE>
<!--2414B78C0FED411088DE06414B3ED0AE-->  <ISTREE><![CDATA[N]]></ISTREE>
<!--2414B78C0FED411088DE06414B3ED0AE--></AD_TABLE>

<!--2DF5A03CD82945BEB3E185339173341E--><AD_TABLE>
<!--2DF5A03CD82945BEB3E185339173341E-->  <AD_TABLE_ID><![CDATA[2DF5A03CD82945BEB3E185339173341E]]></AD_TABLE_ID>
<!--2DF5A03CD82945BEB3E185339173341E-->  <AD_CLIENT_ID><![CDATA[0]]></AD_CLIENT_ID>
<!--2DF5A03CD82945BEB3E185339173341E-->  <AD_ORG_ID><![CDATA[0]]></AD_ORG_ID>
<!--2DF5A03CD82945BEB3E185339173341E-->  <ISACTIVE><![CDATA[Y]]></ISACTIVE>
<!--2DF5A03CD82945BEB3E185339173341E-->  <NAME><![CDATA[oez_productflavour]]></NAME>
<!--2DF5A03CD82945BEB3E185339173341E-->  <DESCRIPTION><![CDATA[Flavour information of a product, used as a dimension in reporting]]></DESCRIPTION>
<!--2DF5A03CD82945BEB3E185339173341E-->  <HELP><![CDATA[Flavour information of a product, used as a dimension in reporting]]></HELP>
<!--2DF5A03CD82945BEB3E185339173341E-->  <TABLENAME><![CDATA[oez_productflavour]]></TABLENAME>
<!--2DF5A03CD82945BEB3E185339173341E-->  <CLASSNAME><![CDATA[ProductFlavour]]></CLASSNAME>
<!--2DF5A03CD82945BEB3E185339173341E-->  <ISVIEW><![CDATA[N]]></ISVIEW>
<!--2DF5A03CD82945BEB3E185339173341E-->  <ACCESSLEVEL><![CDATA[3]]></ACCESSLEVEL>
<!--2DF5A03CD82945BEB3E185339173341E-->  <AD_WINDOW_ID><![CDATA[BC20F7E8A8F147CDBE010282A4ADE4EA]]></AD_WINDOW_ID>
<!--2DF5A03CD82945BEB3E185339173341E-->  <ISSECURITYENABLED><![CDATA[N]]></ISSECURITYENABLED>
<!--2DF5A03CD82945BEB3E185339173341E-->  <ISDELETEABLE><![CDATA[Y]]></ISDELETEABLE>
<!--2DF5A03CD82945BEB3E185339173341E-->  <ISHIGHVOLUME><![CDATA[N]]></ISHIGHVOLUME>
<!--2DF5A03CD82945BEB3E185339173341E-->  <IMPORTTABLE><![CDATA[N]]></IMPORTTABLE>
<!--2DF5A03CD82945BEB3E185339173341E-->  <ISCHANGELOG><![CDATA[N]]></ISCHANGELOG>
<!--2DF5A03CD82945BEB3E185339173341E-->  <ISDEFAULTACCT><![CDATA[N]]></ISDEFAULTACCT>
<!--2DF5A03CD82945BEB3E185339173341E-->  <DEVELOPMENTSTATUS><![CDATA[RE]]></DEVELOPMENTSTATUS>
<!--2DF5A03CD82945BEB3E185339173341E-->  <AD_PACKAGE_ID><![CDATA[EC2A3056818547DB84BFE7C500FC0458]]></AD_PACKAGE_ID>
<!--2DF5A03CD82945BEB3E185339173341E-->  <DATAORIGINTYPE><![CDATA[Table]]></DATAORIGINTYPE>
<!--2DF5A03CD82945BEB3E185339173341E-->  <ISTREE><![CDATA[N]]></ISTREE>
<!--2DF5A03CD82945BEB3E185339173341E--></AD_TABLE>

<!--3A5F04C18D6642D8886671700ED8671C--><AD_TABLE>
<!--3A5F04C18D6642D8886671700ED8671C-->  <AD_TABLE_ID><![CDATA[3A5F04C18D6642D8886671700ED8671C]]></AD_TABLE_ID>
<!--3A5F04C18D6642D8886671700ED8671C-->  <AD_CLIENT_ID><![CDATA[0]]></AD_CLIENT_ID>
<!--3A5F04C18D6642D8886671700ED8671C-->  <AD_ORG_ID><![CDATA[0]]></AD_ORG_ID>
<!--3A5F04C18D6642D8886671700ED8671C-->  <ISACTIVE><![CDATA[Y]]></ISACTIVE>
<!--3A5F04C18D6642D8886671700ED8671C-->  <NAME><![CDATA[oez_i_bpartnerbalance]]></NAME>
<!--3A5F04C18D6642D8886671700ED8671C-->  <TABLENAME><![CDATA[oez_i_bpartnerbalance]]></TABLENAME>
<!--3A5F04C18D6642D8886671700ED8671C-->  <CLASSNAME><![CDATA[oez_i_bpartnerbalance]]></CLASSNAME>
<!--3A5F04C18D6642D8886671700ED8671C-->  <ISVIEW><![CDATA[N]]></ISVIEW>
<!--3A5F04C18D6642D8886671700ED8671C-->  <ACCESSLEVEL><![CDATA[3]]></ACCESSLEVEL>
<!--3A5F04C18D6642D8886671700ED8671C-->  <ISSECURITYENABLED><![CDATA[N]]></ISSECURITYENABLED>
<!--3A5F04C18D6642D8886671700ED8671C-->  <ISDELETEABLE><![CDATA[Y]]></ISDELETEABLE>
<!--3A5F04C18D6642D8886671700ED8671C-->  <ISHIGHVOLUME><![CDATA[N]]></ISHIGHVOLUME>
<!--3A5F04C18D6642D8886671700ED8671C-->  <IMPORTTABLE><![CDATA[N]]></IMPORTTABLE>
<!--3A5F04C18D6642D8886671700ED8671C-->  <ISCHANGELOG><![CDATA[N]]></ISCHANGELOG>
<!--3A5F04C18D6642D8886671700ED8671C-->  <ISDEFAULTACCT><![CDATA[N]]></ISDEFAULTACCT>
<!--3A5F04C18D6642D8886671700ED8671C-->  <DEVELOPMENTSTATUS><![CDATA[RE]]></DEVELOPMENTSTATUS>
<!--3A5F04C18D6642D8886671700ED8671C-->  <AD_PACKAGE_ID><![CDATA[CFD813F66133463490E9C63AFC627DD7]]></AD_PACKAGE_ID>
<!--3A5F04C18D6642D8886671700ED8671C-->  <DATAORIGINTYPE><![CDATA[Table]]></DATAORIGINTYPE>
<!--3A5F04C18D6642D8886671700ED8671C-->  <ISTREE><![CDATA[N]]></ISTREE>
<!--3A5F04C18D6642D8886671700ED8671C--></AD_TABLE>

<!--60A0C80A0FCB48DABBDE8790A6EDE06A--><AD_TABLE>
<!--60A0C80A0FCB48DABBDE8790A6EDE06A-->  <AD_TABLE_ID><![CDATA[60A0C80A0FCB48DABBDE8790A6EDE06A]]></AD_TABLE_ID>
<!--60A0C80A0FCB48DABBDE8790A6EDE06A-->  <AD_CLIENT_ID><![CDATA[0]]></AD_CLIENT_ID>
<!--60A0C80A0FCB48DABBDE8790A6EDE06A-->  <AD_ORG_ID><![CDATA[0]]></AD_ORG_ID>
<!--60A0C80A0FCB48DABBDE8790A6EDE06A-->  <ISACTIVE><![CDATA[Y]]></ISACTIVE>
<!--60A0C80A0FCB48DABBDE8790A6EDE06A-->  <NAME><![CDATA[OEZ_Sales_Comm_Rule]]></NAME>
<!--60A0C80A0FCB48DABBDE8790A6EDE06A-->  <TABLENAME><![CDATA[OEZ_Sales_Comm_Rule]]></TABLENAME>
<!--60A0C80A0FCB48DABBDE8790A6EDE06A-->  <CLASSNAME><![CDATA[SalesCommissionRule]]></CLASSNAME>
<!--60A0C80A0FCB48DABBDE8790A6EDE06A-->  <ISVIEW><![CDATA[N]]></ISVIEW>
<!--60A0C80A0FCB48DABBDE8790A6EDE06A-->  <ACCESSLEVEL><![CDATA[7]]></ACCESSLEVEL>
<!--60A0C80A0FCB48DABBDE8790A6EDE06A-->  <ISSECURITYENABLED><![CDATA[N]]></ISSECURITYENABLED>
<!--60A0C80A0FCB48DABBDE8790A6EDE06A-->  <ISDELETEABLE><![CDATA[Y]]></ISDELETEABLE>
<!--60A0C80A0FCB48DABBDE8790A6EDE06A-->  <ISHIGHVOLUME><![CDATA[N]]></ISHIGHVOLUME>
<!--60A0C80A0FCB48DABBDE8790A6EDE06A-->  <IMPORTTABLE><![CDATA[N]]></IMPORTTABLE>
<!--60A0C80A0FCB48DABBDE8790A6EDE06A-->  <ISCHANGELOG><![CDATA[N]]></ISCHANGELOG>
<!--60A0C80A0FCB48DABBDE8790A6EDE06A-->  <ISDEFAULTACCT><![CDATA[N]]></ISDEFAULTACCT>
<!--60A0C80A0FCB48DABBDE8790A6EDE06A-->  <DEVELOPMENTSTATUS><![CDATA[RE]]></DEVELOPMENTSTATUS>
<!--60A0C80A0FCB48DABBDE8790A6EDE06A-->  <AD_PACKAGE_ID><![CDATA[EC2A3056818547DB84BFE7C500FC0458]]></AD_PACKAGE_ID>
<!--60A0C80A0FCB48DABBDE8790A6EDE06A-->  <DATAORIGINTYPE><![CDATA[Table]]></DATAORIGINTYPE>
<!--60A0C80A0FCB48DABBDE8790A6EDE06A-->  <ISTREE><![CDATA[N]]></ISTREE>
<!--60A0C80A0FCB48DABBDE8790A6EDE06A--></AD_TABLE>

<!--66E13C5880174F438DAA463AE2301518--><AD_TABLE>
<!--66E13C5880174F438DAA463AE2301518-->  <AD_TABLE_ID><![CDATA[66E13C5880174F438DAA463AE2301518]]></AD_TABLE_ID>
<!--66E13C5880174F438DAA463AE2301518-->  <AD_CLIENT_ID><![CDATA[0]]></AD_CLIENT_ID>
<!--66E13C5880174F438DAA463AE2301518-->  <AD_ORG_ID><![CDATA[0]]></AD_ORG_ID>
<!--66E13C5880174F438DAA463AE2301518-->  <ISACTIVE><![CDATA[Y]]></ISACTIVE>
<!--66E13C5880174F438DAA463AE2301518-->  <NAME><![CDATA[oez_stockaging]]></NAME>
<!--66E13C5880174F438DAA463AE2301518-->  <DESCRIPTION><![CDATA[Stock Aging]]></DESCRIPTION>
<!--66E13C5880174F438DAA463AE2301518-->  <HELP><![CDATA[Stock Aging table]]></HELP>
<!--66E13C5880174F438DAA463AE2301518-->  <TABLENAME><![CDATA[oez_stockaging]]></TABLENAME>
<!--66E13C5880174F438DAA463AE2301518-->  <CLASSNAME><![CDATA[oez_stockaging]]></CLASSNAME>
<!--66E13C5880174F438DAA463AE2301518-->  <ISVIEW><![CDATA[N]]></ISVIEW>
<!--66E13C5880174F438DAA463AE2301518-->  <ACCESSLEVEL><![CDATA[7]]></ACCESSLEVEL>
<!--66E13C5880174F438DAA463AE2301518-->  <ISSECURITYENABLED><![CDATA[N]]></ISSECURITYENABLED>
<!--66E13C5880174F438DAA463AE2301518-->  <ISDELETEABLE><![CDATA[Y]]></ISDELETEABLE>
<!--66E13C5880174F438DAA463AE2301518-->  <ISHIGHVOLUME><![CDATA[N]]></ISHIGHVOLUME>
<!--66E13C5880174F438DAA463AE2301518-->  <IMPORTTABLE><![CDATA[N]]></IMPORTTABLE>
<!--66E13C5880174F438DAA463AE2301518-->  <ISCHANGELOG><![CDATA[N]]></ISCHANGELOG>
<!--66E13C5880174F438DAA463AE2301518-->  <ISDEFAULTACCT><![CDATA[N]]></ISDEFAULTACCT>
<!--66E13C5880174F438DAA463AE2301518-->  <DEVELOPMENTSTATUS><![CDATA[RE]]></DEVELOPMENTSTATUS>
<!--66E13C5880174F438DAA463AE2301518-->  <AD_PACKAGE_ID><![CDATA[EC2A3056818547DB84BFE7C500FC0458]]></AD_PACKAGE_ID>
<!--66E13C5880174F438DAA463AE2301518-->  <DATAORIGINTYPE><![CDATA[Table]]></DATAORIGINTYPE>
<!--66E13C5880174F438DAA463AE2301518-->  <ISTREE><![CDATA[N]]></ISTREE>
<!--66E13C5880174F438DAA463AE2301518--></AD_TABLE>

<!--735A96D83A9D42E9A70D1D7E87661D83--><AD_TABLE>
<!--735A96D83A9D42E9A70D1D7E87661D83-->  <AD_TABLE_ID><![CDATA[735A96D83A9D42E9A70D1D7E87661D83]]></AD_TABLE_ID>
<!--735A96D83A9D42E9A70D1D7E87661D83-->  <AD_CLIENT_ID><![CDATA[0]]></AD_CLIENT_ID>
<!--735A96D83A9D42E9A70D1D7E87661D83-->  <AD_ORG_ID><![CDATA[0]]></AD_ORG_ID>
<!--735A96D83A9D42E9A70D1D7E87661D83-->  <ISACTIVE><![CDATA[Y]]></ISACTIVE>
<!--735A96D83A9D42E9A70D1D7E87661D83-->  <NAME><![CDATA[oez_i_asset]]></NAME>
<!--735A96D83A9D42E9A70D1D7E87661D83-->  <TABLENAME><![CDATA[oez_i_asset]]></TABLENAME>
<!--735A96D83A9D42E9A70D1D7E87661D83-->  <CLASSNAME><![CDATA[ImportAsset]]></CLASSNAME>
<!--735A96D83A9D42E9A70D1D7E87661D83-->  <ISVIEW><![CDATA[N]]></ISVIEW>
<!--735A96D83A9D42E9A70D1D7E87661D83-->  <ACCESSLEVEL><![CDATA[3]]></ACCESSLEVEL>
<!--735A96D83A9D42E9A70D1D7E87661D83-->  <ISSECURITYENABLED><![CDATA[N]]></ISSECURITYENABLED>
<!--735A96D83A9D42E9A70D1D7E87661D83-->  <ISDELETEABLE><![CDATA[Y]]></ISDELETEABLE>
<!--735A96D83A9D42E9A70D1D7E87661D83-->  <ISHIGHVOLUME><![CDATA[N]]></ISHIGHVOLUME>
<!--735A96D83A9D42E9A70D1D7E87661D83-->  <IMPORTTABLE><![CDATA[N]]></IMPORTTABLE>
<!--735A96D83A9D42E9A70D1D7E87661D83-->  <ISCHANGELOG><![CDATA[N]]></ISCHANGELOG>
<!--735A96D83A9D42E9A70D1D7E87661D83-->  <ISDEFAULTACCT><![CDATA[N]]></ISDEFAULTACCT>
<!--735A96D83A9D42E9A70D1D7E87661D83-->  <DEVELOPMENTSTATUS><![CDATA[RE]]></DEVELOPMENTSTATUS>
<!--735A96D83A9D42E9A70D1D7E87661D83-->  <AD_PACKAGE_ID><![CDATA[EC2A3056818547DB84BFE7C500FC0458]]></AD_PACKAGE_ID>
<!--735A96D83A9D42E9A70D1D7E87661D83-->  <DATAORIGINTYPE><![CDATA[Table]]></DATAORIGINTYPE>
<!--735A96D83A9D42E9A70D1D7E87661D83-->  <ISTREE><![CDATA[N]]></ISTREE>
<!--735A96D83A9D42E9A70D1D7E87661D83--></AD_TABLE>

<!--82EC13E51DFD44429743A737C51A3D2E--><AD_TABLE>
<!--82EC13E51DFD44429743A737C51A3D2E-->  <AD_TABLE_ID><![CDATA[82EC13E51DFD44429743A737C51A3D2E]]></AD_TABLE_ID>
<!--82EC13E51DFD44429743A737C51A3D2E-->  <AD_CLIENT_ID><![CDATA[0]]></AD_CLIENT_ID>
<!--82EC13E51DFD44429743A737C51A3D2E-->  <AD_ORG_ID><![CDATA[0]]></AD_ORG_ID>
<!--82EC13E51DFD44429743A737C51A3D2E-->  <ISACTIVE><![CDATA[Y]]></ISACTIVE>
<!--82EC13E51DFD44429743A737C51A3D2E-->  <NAME><![CDATA[oez_importtable]]></NAME>
<!--82EC13E51DFD44429743A737C51A3D2E-->  <DESCRIPTION><![CDATA[Table Define Import Mapping Document]]></DESCRIPTION>
<!--82EC13E51DFD44429743A737C51A3D2E-->  <TABLENAME><![CDATA[oez_importtable]]></TABLENAME>
<!--82EC13E51DFD44429743A737C51A3D2E-->  <CLASSNAME><![CDATA[oez_importtable]]></CLASSNAME>
<!--82EC13E51DFD44429743A737C51A3D2E-->  <ISVIEW><![CDATA[N]]></ISVIEW>
<!--82EC13E51DFD44429743A737C51A3D2E-->  <ACCESSLEVEL><![CDATA[3]]></ACCESSLEVEL>
<!--82EC13E51DFD44429743A737C51A3D2E-->  <ISSECURITYENABLED><![CDATA[N]]></ISSECURITYENABLED>
<!--82EC13E51DFD44429743A737C51A3D2E-->  <ISDELETEABLE><![CDATA[Y]]></ISDELETEABLE>
<!--82EC13E51DFD44429743A737C51A3D2E-->  <ISHIGHVOLUME><![CDATA[N]]></ISHIGHVOLUME>
<!--82EC13E51DFD44429743A737C51A3D2E-->  <IMPORTTABLE><![CDATA[N]]></IMPORTTABLE>
<!--82EC13E51DFD44429743A737C51A3D2E-->  <ISCHANGELOG><![CDATA[N]]></ISCHANGELOG>
<!--82EC13E51DFD44429743A737C51A3D2E-->  <ISDEFAULTACCT><![CDATA[N]]></ISDEFAULTACCT>
<!--82EC13E51DFD44429743A737C51A3D2E-->  <DEVELOPMENTSTATUS><![CDATA[RE]]></DEVELOPMENTSTATUS>
<!--82EC13E51DFD44429743A737C51A3D2E-->  <AD_PACKAGE_ID><![CDATA[EC2A3056818547DB84BFE7C500FC0458]]></AD_PACKAGE_ID>
<!--82EC13E51DFD44429743A737C51A3D2E-->  <DATAORIGINTYPE><![CDATA[Table]]></DATAORIGINTYPE>
<!--82EC13E51DFD44429743A737C51A3D2E-->  <ISTREE><![CDATA[N]]></ISTREE>
<!--82EC13E51DFD44429743A737C51A3D2E--></AD_TABLE>

<!--8AF7B53A6A404744A193AFDBBC9CE6DA--><AD_TABLE>
<!--8AF7B53A6A404744A193AFDBBC9CE6DA-->  <AD_TABLE_ID><![CDATA[8AF7B53A6A404744A193AFDBBC9CE6DA]]></AD_TABLE_ID>
<!--8AF7B53A6A404744A193AFDBBC9CE6DA-->  <AD_CLIENT_ID><![CDATA[0]]></AD_CLIENT_ID>
<!--8AF7B53A6A404744A193AFDBBC9CE6DA-->  <AD_ORG_ID><![CDATA[0]]></AD_ORG_ID>
<!--8AF7B53A6A404744A193AFDBBC9CE6DA-->  <ISACTIVE><![CDATA[Y]]></ISACTIVE>
<!--8AF7B53A6A404744A193AFDBBC9CE6DA-->  <NAME><![CDATA[oez_i_workrequirement]]></NAME>
<!--8AF7B53A6A404744A193AFDBBC9CE6DA-->  <TABLENAME><![CDATA[oez_i_workrequirement]]></TABLENAME>
<!--8AF7B53A6A404744A193AFDBBC9CE6DA-->  <CLASSNAME><![CDATA[ImportWorkRequirement]]></CLASSNAME>
<!--8AF7B53A6A404744A193AFDBBC9CE6DA-->  <ISVIEW><![CDATA[N]]></ISVIEW>
<!--8AF7B53A6A404744A193AFDBBC9CE6DA-->  <ACCESSLEVEL><![CDATA[1]]></ACCESSLEVEL>
<!--8AF7B53A6A404744A193AFDBBC9CE6DA-->  <ISSECURITYENABLED><![CDATA[N]]></ISSECURITYENABLED>
<!--8AF7B53A6A404744A193AFDBBC9CE6DA-->  <ISDELETEABLE><![CDATA[Y]]></ISDELETEABLE>
<!--8AF7B53A6A404744A193AFDBBC9CE6DA-->  <ISHIGHVOLUME><![CDATA[N]]></ISHIGHVOLUME>
<!--8AF7B53A6A404744A193AFDBBC9CE6DA-->  <IMPORTTABLE><![CDATA[N]]></IMPORTTABLE>
<!--8AF7B53A6A404744A193AFDBBC9CE6DA-->  <ISCHANGELOG><![CDATA[N]]></ISCHANGELOG>
<!--8AF7B53A6A404744A193AFDBBC9CE6DA-->  <ISDEFAULTACCT><![CDATA[N]]></ISDEFAULTACCT>
<!--8AF7B53A6A404744A193AFDBBC9CE6DA-->  <DEVELOPMENTSTATUS><![CDATA[RE]]></DEVELOPMENTSTATUS>
<!--8AF7B53A6A404744A193AFDBBC9CE6DA-->  <AD_PACKAGE_ID><![CDATA[CFD813F66133463490E9C63AFC627DD7]]></AD_PACKAGE_ID>
<!--8AF7B53A6A404744A193AFDBBC9CE6DA-->  <DATAORIGINTYPE><![CDATA[Table]]></DATAORIGINTYPE>
<!--8AF7B53A6A404744A193AFDBBC9CE6DA-->  <ISTREE><![CDATA[N]]></ISTREE>
<!--8AF7B53A6A404744A193AFDBBC9CE6DA-->  <EM_SR_ISINVENTORY><![CDATA[N]]></EM_SR_ISINVENTORY>
<!--8AF7B53A6A404744A193AFDBBC9CE6DA--></AD_TABLE>

<!--9310B0EF02D24AA6B29741CC636B6125--><AD_TABLE>
<!--9310B0EF02D24AA6B29741CC636B6125-->  <AD_TABLE_ID><![CDATA[9310B0EF02D24AA6B29741CC636B6125]]></AD_TABLE_ID>
<!--9310B0EF02D24AA6B29741CC636B6125-->  <AD_CLIENT_ID><![CDATA[0]]></AD_CLIENT_ID>
<!--9310B0EF02D24AA6B29741CC636B6125-->  <AD_ORG_ID><![CDATA[0]]></AD_ORG_ID>
<!--9310B0EF02D24AA6B29741CC636B6125-->  <ISACTIVE><![CDATA[Y]]></ISACTIVE>
<!--9310B0EF02D24AA6B29741CC636B6125-->  <NAME><![CDATA[oez_customertype]]></NAME>
<!--9310B0EF02D24AA6B29741CC636B6125-->  <DESCRIPTION><![CDATA[An extra dimension so called Customer Type, used for report grouping]]></DESCRIPTION>
<!--9310B0EF02D24AA6B29741CC636B6125-->  <HELP><![CDATA[An extra dimension so called Customer Type, used for report grouping]]></HELP>
<!--9310B0EF02D24AA6B29741CC636B6125-->  <TABLENAME><![CDATA[oez_customertype]]></TABLENAME>
<!--9310B0EF02D24AA6B29741CC636B6125-->  <CLASSNAME><![CDATA[CustomerType]]></CLASSNAME>
<!--9310B0EF02D24AA6B29741CC636B6125-->  <ISVIEW><![CDATA[N]]></ISVIEW>
<!--9310B0EF02D24AA6B29741CC636B6125-->  <ACCESSLEVEL><![CDATA[3]]></ACCESSLEVEL>
<!--9310B0EF02D24AA6B29741CC636B6125-->  <AD_WINDOW_ID><![CDATA[80B7830C0F2C46489E85CA8C5AF9651A]]></AD_WINDOW_ID>
<!--9310B0EF02D24AA6B29741CC636B6125-->  <ISSECURITYENABLED><![CDATA[N]]></ISSECURITYENABLED>
<!--9310B0EF02D24AA6B29741CC636B6125-->  <ISDELETEABLE><![CDATA[Y]]></ISDELETEABLE>
<!--9310B0EF02D24AA6B29741CC636B6125-->  <ISHIGHVOLUME><![CDATA[N]]></ISHIGHVOLUME>
<!--9310B0EF02D24AA6B29741CC636B6125-->  <IMPORTTABLE><![CDATA[N]]></IMPORTTABLE>
<!--9310B0EF02D24AA6B29741CC636B6125-->  <ISCHANGELOG><![CDATA[N]]></ISCHANGELOG>
<!--9310B0EF02D24AA6B29741CC636B6125-->  <ISDEFAULTACCT><![CDATA[N]]></ISDEFAULTACCT>
<!--9310B0EF02D24AA6B29741CC636B6125-->  <DEVELOPMENTSTATUS><![CDATA[RE]]></DEVELOPMENTSTATUS>
<!--9310B0EF02D24AA6B29741CC636B6125-->  <AD_PACKAGE_ID><![CDATA[EC2A3056818547DB84BFE7C500FC0458]]></AD_PACKAGE_ID>
<!--9310B0EF02D24AA6B29741CC636B6125-->  <DATAORIGINTYPE><![CDATA[Table]]></DATAORIGINTYPE>
<!--9310B0EF02D24AA6B29741CC636B6125-->  <ISTREE><![CDATA[N]]></ISTREE>
<!--9310B0EF02D24AA6B29741CC636B6125--></AD_TABLE>

<!--96E3D6FFC25A4B6588ECB24D572D51CD--><AD_TABLE>
<!--96E3D6FFC25A4B6588ECB24D572D51CD-->  <AD_TABLE_ID><![CDATA[96E3D6FFC25A4B6588ECB24D572D51CD]]></AD_TABLE_ID>
<!--96E3D6FFC25A4B6588ECB24D572D51CD-->  <AD_CLIENT_ID><![CDATA[0]]></AD_CLIENT_ID>
<!--96E3D6FFC25A4B6588ECB24D572D51CD-->  <AD_ORG_ID><![CDATA[0]]></AD_ORG_ID>
<!--96E3D6FFC25A4B6588ECB24D572D51CD-->  <ISACTIVE><![CDATA[Y]]></ISACTIVE>
<!--96E3D6FFC25A4B6588ECB24D572D51CD-->  <NAME><![CDATA[oez_importcolumn]]></NAME>
<!--96E3D6FFC25A4B6588ECB24D572D51CD-->  <DESCRIPTION><![CDATA[Column Maping For Import Document]]></DESCRIPTION>
<!--96E3D6FFC25A4B6588ECB24D572D51CD-->  <TABLENAME><![CDATA[oez_importcolumn]]></TABLENAME>
<!--96E3D6FFC25A4B6588ECB24D572D51CD-->  <CLASSNAME><![CDATA[oez_importcolumn]]></CLASSNAME>
<!--96E3D6FFC25A4B6588ECB24D572D51CD-->  <ISVIEW><![CDATA[N]]></ISVIEW>
<!--96E3D6FFC25A4B6588ECB24D572D51CD-->  <ACCESSLEVEL><![CDATA[3]]></ACCESSLEVEL>
<!--96E3D6FFC25A4B6588ECB24D572D51CD-->  <ISSECURITYENABLED><![CDATA[N]]></ISSECURITYENABLED>
<!--96E3D6FFC25A4B6588ECB24D572D51CD-->  <ISDELETEABLE><![CDATA[Y]]></ISDELETEABLE>
<!--96E3D6FFC25A4B6588ECB24D572D51CD-->  <ISHIGHVOLUME><![CDATA[N]]></ISHIGHVOLUME>
<!--96E3D6FFC25A4B6588ECB24D572D51CD-->  <IMPORTTABLE><![CDATA[N]]></IMPORTTABLE>
<!--96E3D6FFC25A4B6588ECB24D572D51CD-->  <ISCHANGELOG><![CDATA[N]]></ISCHANGELOG>
<!--96E3D6FFC25A4B6588ECB24D572D51CD-->  <ISDEFAULTACCT><![CDATA[N]]></ISDEFAULTACCT>
<!--96E3D6FFC25A4B6588ECB24D572D51CD-->  <DEVELOPMENTSTATUS><![CDATA[RE]]></DEVELOPMENTSTATUS>
<!--96E3D6FFC25A4B6588ECB24D572D51CD-->  <AD_PACKAGE_ID><![CDATA[EC2A3056818547DB84BFE7C500FC0458]]></AD_PACKAGE_ID>
<!--96E3D6FFC25A4B6588ECB24D572D51CD-->  <DATAORIGINTYPE><![CDATA[Table]]></DATAORIGINTYPE>
<!--96E3D6FFC25A4B6588ECB24D572D51CD-->  <ISTREE><![CDATA[N]]></ISTREE>
<!--96E3D6FFC25A4B6588ECB24D572D51CD--></AD_TABLE>

<!--996EE8A24376468689D07BC1B67C69F5--><AD_TABLE>
<!--996EE8A24376468689D07BC1B67C69F5-->  <AD_TABLE_ID><![CDATA[996EE8A24376468689D07BC1B67C69F5]]></AD_TABLE_ID>
<!--996EE8A24376468689D07BC1B67C69F5-->  <AD_CLIENT_ID><![CDATA[0]]></AD_CLIENT_ID>
<!--996EE8A24376468689D07BC1B67C69F5-->  <AD_ORG_ID><![CDATA[0]]></AD_ORG_ID>
<!--996EE8A24376468689D07BC1B67C69F5-->  <ISACTIVE><![CDATA[Y]]></ISACTIVE>
<!--996EE8A24376468689D07BC1B67C69F5-->  <NAME><![CDATA[oez_i_productprice]]></NAME>
<!--996EE8A24376468689D07BC1B67C69F5-->  <DESCRIPTION><![CDATA[Import product price]]></DESCRIPTION>
<!--996EE8A24376468689D07BC1B67C69F5-->  <HELP><![CDATA[After import product (product definition and purchasing information) you may import its pricess. You can import a product with several prices at the same time, 1 record for 1 price list, but can define 2 prices for same price list.]]></HELP>
<!--996EE8A24376468689D07BC1B67C69F5-->  <TABLENAME><![CDATA[oez_i_productprice]]></TABLENAME>
<!--996EE8A24376468689D07BC1B67C69F5-->  <CLASSNAME><![CDATA[oez_i_productprice]]></CLASSNAME>
<!--996EE8A24376468689D07BC1B67C69F5-->  <ISVIEW><![CDATA[N]]></ISVIEW>
<!--996EE8A24376468689D07BC1B67C69F5-->  <ACCESSLEVEL><![CDATA[3]]></ACCESSLEVEL>
<!--996EE8A24376468689D07BC1B67C69F5-->  <ISSECURITYENABLED><![CDATA[N]]></ISSECURITYENABLED>
<!--996EE8A24376468689D07BC1B67C69F5-->  <ISDELETEABLE><![CDATA[Y]]></ISDELETEABLE>
<!--996EE8A24376468689D07BC1B67C69F5-->  <ISHIGHVOLUME><![CDATA[N]]></ISHIGHVOLUME>
<!--996EE8A24376468689D07BC1B67C69F5-->  <IMPORTTABLE><![CDATA[N]]></IMPORTTABLE>
<!--996EE8A24376468689D07BC1B67C69F5-->  <ISCHANGELOG><![CDATA[N]]></ISCHANGELOG>
<!--996EE8A24376468689D07BC1B67C69F5-->  <ISDEFAULTACCT><![CDATA[N]]></ISDEFAULTACCT>
<!--996EE8A24376468689D07BC1B67C69F5-->  <DEVELOPMENTSTATUS><![CDATA[RE]]></DEVELOPMENTSTATUS>
<!--996EE8A24376468689D07BC1B67C69F5-->  <AD_PACKAGE_ID><![CDATA[CFD813F66133463490E9C63AFC627DD7]]></AD_PACKAGE_ID>
<!--996EE8A24376468689D07BC1B67C69F5-->  <DATAORIGINTYPE><![CDATA[Table]]></DATAORIGINTYPE>
<!--996EE8A24376468689D07BC1B67C69F5-->  <ISTREE><![CDATA[N]]></ISTREE>
<!--996EE8A24376468689D07BC1B67C69F5--></AD_TABLE>

<!--9CE64217A14B487FA274A9324658DC91--><AD_TABLE>
<!--9CE64217A14B487FA274A9324658DC91-->  <AD_TABLE_ID><![CDATA[9CE64217A14B487FA274A9324658DC91]]></AD_TABLE_ID>
<!--9CE64217A14B487FA274A9324658DC91-->  <AD_CLIENT_ID><![CDATA[0]]></AD_CLIENT_ID>
<!--9CE64217A14B487FA274A9324658DC91-->  <AD_ORG_ID><![CDATA[0]]></AD_ORG_ID>
<!--9CE64217A14B487FA274A9324658DC91-->  <ISACTIVE><![CDATA[Y]]></ISACTIVE>
<!--9CE64217A14B487FA274A9324658DC91-->  <NAME><![CDATA[oez_stockaginglog]]></NAME>
<!--9CE64217A14B487FA274A9324658DC91-->  <DESCRIPTION><![CDATA[Log of stock aging run]]></DESCRIPTION>
<!--9CE64217A14B487FA274A9324658DC91-->  <HELP><![CDATA[Log of stock aging run]]></HELP>
<!--9CE64217A14B487FA274A9324658DC91-->  <TABLENAME><![CDATA[oez_stockaginglog]]></TABLENAME>
<!--9CE64217A14B487FA274A9324658DC91-->  <CLASSNAME><![CDATA[oez_stockaginglog]]></CLASSNAME>
<!--9CE64217A14B487FA274A9324658DC91-->  <ISVIEW><![CDATA[N]]></ISVIEW>
<!--9CE64217A14B487FA274A9324658DC91-->  <ACCESSLEVEL><![CDATA[7]]></ACCESSLEVEL>
<!--9CE64217A14B487FA274A9324658DC91-->  <ISSECURITYENABLED><![CDATA[N]]></ISSECURITYENABLED>
<!--9CE64217A14B487FA274A9324658DC91-->  <ISDELETEABLE><![CDATA[Y]]></ISDELETEABLE>
<!--9CE64217A14B487FA274A9324658DC91-->  <ISHIGHVOLUME><![CDATA[N]]></ISHIGHVOLUME>
<!--9CE64217A14B487FA274A9324658DC91-->  <IMPORTTABLE><![CDATA[N]]></IMPORTTABLE>
<!--9CE64217A14B487FA274A9324658DC91-->  <ISCHANGELOG><![CDATA[N]]></ISCHANGELOG>
<!--9CE64217A14B487FA274A9324658DC91-->  <ISDEFAULTACCT><![CDATA[N]]></ISDEFAULTACCT>
<!--9CE64217A14B487FA274A9324658DC91-->  <DEVELOPMENTSTATUS><![CDATA[RE]]></DEVELOPMENTSTATUS>
<!--9CE64217A14B487FA274A9324658DC91-->  <AD_PACKAGE_ID><![CDATA[EC2A3056818547DB84BFE7C500FC0458]]></AD_PACKAGE_ID>
<!--9CE64217A14B487FA274A9324658DC91-->  <DATAORIGINTYPE><![CDATA[Table]]></DATAORIGINTYPE>
<!--9CE64217A14B487FA274A9324658DC91-->  <ISTREE><![CDATA[N]]></ISTREE>
<!--9CE64217A14B487FA274A9324658DC91--></AD_TABLE>

<!--A344D67A1576412F8E0A2AFC1DBA919F--><AD_TABLE>
<!--A344D67A1576412F8E0A2AFC1DBA919F-->  <AD_TABLE_ID><![CDATA[A344D67A1576412F8E0A2AFC1DBA919F]]></AD_TABLE_ID>
<!--A344D67A1576412F8E0A2AFC1DBA919F-->  <AD_CLIENT_ID><![CDATA[0]]></AD_CLIENT_ID>
<!--A344D67A1576412F8E0A2AFC1DBA919F-->  <AD_ORG_ID><![CDATA[0]]></AD_ORG_ID>
<!--A344D67A1576412F8E0A2AFC1DBA919F-->  <ISACTIVE><![CDATA[Y]]></ISACTIVE>
<!--A344D67A1576412F8E0A2AFC1DBA919F-->  <NAME><![CDATA[OEZ_I_Inout]]></NAME>
<!--A344D67A1576412F8E0A2AFC1DBA919F-->  <TABLENAME><![CDATA[OEZ_I_Inout]]></TABLENAME>
<!--A344D67A1576412F8E0A2AFC1DBA919F-->  <CLASSNAME><![CDATA[OEZ_I_Inout]]></CLASSNAME>
<!--A344D67A1576412F8E0A2AFC1DBA919F-->  <ISVIEW><![CDATA[N]]></ISVIEW>
<!--A344D67A1576412F8E0A2AFC1DBA919F-->  <ACCESSLEVEL><![CDATA[3]]></ACCESSLEVEL>
<!--A344D67A1576412F8E0A2AFC1DBA919F-->  <ISSECURITYENABLED><![CDATA[N]]></ISSECURITYENABLED>
<!--A344D67A1576412F8E0A2AFC1DBA919F-->  <ISDELETEABLE><![CDATA[Y]]></ISDELETEABLE>
<!--A344D67A1576412F8E0A2AFC1DBA919F-->  <ISHIGHVOLUME><![CDATA[N]]></ISHIGHVOLUME>
<!--A344D67A1576412F8E0A2AFC1DBA919F-->  <IMPORTTABLE><![CDATA[N]]></IMPORTTABLE>
<!--A344D67A1576412F8E0A2AFC1DBA919F-->  <ISCHANGELOG><![CDATA[N]]></ISCHANGELOG>
<!--A344D67A1576412F8E0A2AFC1DBA919F-->  <ISDEFAULTACCT><![CDATA[N]]></ISDEFAULTACCT>
<!--A344D67A1576412F8E0A2AFC1DBA919F-->  <DEVELOPMENTSTATUS><![CDATA[RE]]></DEVELOPMENTSTATUS>
<!--A344D67A1576412F8E0A2AFC1DBA919F-->  <AD_PACKAGE_ID><![CDATA[EC2A3056818547DB84BFE7C500FC0458]]></AD_PACKAGE_ID>
<!--A344D67A1576412F8E0A2AFC1DBA919F-->  <DATAORIGINTYPE><![CDATA[Table]]></DATAORIGINTYPE>
<!--A344D67A1576412F8E0A2AFC1DBA919F-->  <ISTREE><![CDATA[N]]></ISTREE>
<!--A344D67A1576412F8E0A2AFC1DBA919F--></AD_TABLE>

<!--F29F428B77574221B60C3090E0722112--><AD_TABLE>
<!--F29F428B77574221B60C3090E0722112-->  <AD_TABLE_ID><![CDATA[F29F428B77574221B60C3090E0722112]]></AD_TABLE_ID>
<!--F29F428B77574221B60C3090E0722112-->  <AD_CLIENT_ID><![CDATA[0]]></AD_CLIENT_ID>
<!--F29F428B77574221B60C3090E0722112-->  <AD_ORG_ID><![CDATA[0]]></AD_ORG_ID>
<!--F29F428B77574221B60C3090E0722112-->  <ISACTIVE><![CDATA[Y]]></ISACTIVE>
<!--F29F428B77574221B60C3090E0722112-->  <NAME><![CDATA[oez_laporan_lpp]]></NAME>
<!--F29F428B77574221B60C3090E0722112-->  <TABLENAME><![CDATA[oez_laporan_lpp]]></TABLENAME>
<!--F29F428B77574221B60C3090E0722112-->  <CLASSNAME><![CDATA[LaporanLPP]]></CLASSNAME>
<!--F29F428B77574221B60C3090E0722112-->  <ISVIEW><![CDATA[N]]></ISVIEW>
<!--F29F428B77574221B60C3090E0722112-->  <ACCESSLEVEL><![CDATA[3]]></ACCESSLEVEL>
<!--F29F428B77574221B60C3090E0722112-->  <ISSECURITYENABLED><![CDATA[N]]></ISSECURITYENABLED>
<!--F29F428B77574221B60C3090E0722112-->  <ISDELETEABLE><![CDATA[Y]]></ISDELETEABLE>
<!--F29F428B77574221B60C3090E0722112-->  <ISHIGHVOLUME><![CDATA[N]]></ISHIGHVOLUME>
<!--F29F428B77574221B60C3090E0722112-->  <IMPORTTABLE><![CDATA[N]]></IMPORTTABLE>
<!--F29F428B77574221B60C3090E0722112-->  <ISCHANGELOG><![CDATA[N]]></ISCHANGELOG>
<!--F29F428B77574221B60C3090E0722112-->  <ISDEFAULTACCT><![CDATA[N]]></ISDEFAULTACCT>
<!--F29F428B77574221B60C3090E0722112-->  <DEVELOPMENTSTATUS><![CDATA[RE]]></DEVELOPMENTSTATUS>
<!--F29F428B77574221B60C3090E0722112-->  <AD_PACKAGE_ID><![CDATA[EC2A3056818547DB84BFE7C500FC0458]]></AD_PACKAGE_ID>
<!--F29F428B77574221B60C3090E0722112-->  <DATAORIGINTYPE><![CDATA[Table]]></DATAORIGINTYPE>
<!--F29F428B77574221B60C3090E0722112-->  <ISTREE><![CDATA[N]]></ISTREE>
<!--F29F428B77574221B60C3090E0722112-->  <EM_SR_ISINVENTORY><![CDATA[N]]></EM_SR_ISINVENTORY>
<!--F29F428B77574221B60C3090E0722112--></AD_TABLE>

<!--F9ADE68652924E26B5D8C5373E99681C--><AD_TABLE>
<!--F9ADE68652924E26B5D8C5373E99681C-->  <AD_TABLE_ID><![CDATA[F9ADE68652924E26B5D8C5373E99681C]]></AD_TABLE_ID>
<!--F9ADE68652924E26B5D8C5373E99681C-->  <AD_CLIENT_ID><![CDATA[0]]></AD_CLIENT_ID>
<!--F9ADE68652924E26B5D8C5373E99681C-->  <AD_ORG_ID><![CDATA[0]]></AD_ORG_ID>
<!--F9ADE68652924E26B5D8C5373E99681C-->  <ISACTIVE><![CDATA[Y]]></ISACTIVE>
<!--F9ADE68652924E26B5D8C5373E99681C-->  <NAME><![CDATA[oez_sequence_line]]></NAME>
<!--F9ADE68652924E26B5D8C5373E99681C-->  <DESCRIPTION><![CDATA[oez_sequence_line]]></DESCRIPTION>
<!--F9ADE68652924E26B5D8C5373E99681C-->  <HELP><![CDATA[oez_sequence_line]]></HELP>
<!--F9ADE68652924E26B5D8C5373E99681C-->  <TABLENAME><![CDATA[oez_sequence_line]]></TABLENAME>
<!--F9ADE68652924E26B5D8C5373E99681C-->  <CLASSNAME><![CDATA[oez_sequence_line]]></CLASSNAME>
<!--F9ADE68652924E26B5D8C5373E99681C-->  <ISVIEW><![CDATA[N]]></ISVIEW>
<!--F9ADE68652924E26B5D8C5373E99681C-->  <ACCESSLEVEL><![CDATA[3]]></ACCESSLEVEL>
<!--F9ADE68652924E26B5D8C5373E99681C-->  <ISSECURITYENABLED><![CDATA[N]]></ISSECURITYENABLED>
<!--F9ADE68652924E26B5D8C5373E99681C-->  <ISDELETEABLE><![CDATA[Y]]></ISDELETEABLE>
<!--F9ADE68652924E26B5D8C5373E99681C-->  <ISHIGHVOLUME><![CDATA[N]]></ISHIGHVOLUME>
<!--F9ADE68652924E26B5D8C5373E99681C-->  <IMPORTTABLE><![CDATA[N]]></IMPORTTABLE>
<!--F9ADE68652924E26B5D8C5373E99681C-->  <ISCHANGELOG><![CDATA[N]]></ISCHANGELOG>
<!--F9ADE68652924E26B5D8C5373E99681C-->  <ISDEFAULTACCT><![CDATA[N]]></ISDEFAULTACCT>
<!--F9ADE68652924E26B5D8C5373E99681C-->  <DEVELOPMENTSTATUS><![CDATA[RE]]></DEVELOPMENTSTATUS>
<!--F9ADE68652924E26B5D8C5373E99681C-->  <AD_PACKAGE_ID><![CDATA[EC2A3056818547DB84BFE7C500FC0458]]></AD_PACKAGE_ID>
<!--F9ADE68652924E26B5D8C5373E99681C-->  <DATAORIGINTYPE><![CDATA[Table]]></DATAORIGINTYPE>
<!--F9ADE68652924E26B5D8C5373E99681C-->  <ISTREE><![CDATA[N]]></ISTREE>
<!--F9ADE68652924E26B5D8C5373E99681C--></AD_TABLE>

</data>
