<?xml version="1.0" encoding="UTF-8"?>
<data>
<!--014C114A7F714EE98F3154EC7526B19A--><AD_TAB>
<!--014C114A7F714EE98F3154EC7526B19A-->  <AD_TAB_ID><![CDATA[014C114A7F714EE98F3154EC7526B19A]]></AD_TAB_ID>
<!--014C114A7F714EE98F3154EC7526B19A-->  <AD_CLIENT_ID><![CDATA[0]]></AD_CLIENT_ID>
<!--014C114A7F714EE98F3154EC7526B19A-->  <AD_ORG_ID><![CDATA[0]]></AD_ORG_ID>
<!--014C114A7F714EE98F3154EC7526B19A-->  <ISACTIVE><![CDATA[Y]]></ISACTIVE>
<!--014C114A7F714EE98F3154EC7526B19A-->  <NAME><![CDATA[Sales Commission Rule]]></NAME>
<!--014C114A7F714EE98F3154EC7526B19A-->  <AD_TABLE_ID><![CDATA[60A0C80A0FCB48DABBDE8790A6EDE06A]]></AD_TABLE_ID>
<!--014C114A7F714EE98F3154EC7526B19A-->  <AD_WINDOW_ID><![CDATA[82FFC41E7EF645D3BC3166DDAEBD47A2]]></AD_WINDOW_ID>
<!--014C114A7F714EE98F3154EC7526B19A-->  <SEQNO><![CDATA[10]]></SEQNO>
<!--014C114A7F714EE98F3154EC7526B19A-->  <TABLEVEL><![CDATA[0]]></TABLEVEL>
<!--014C114A7F714EE98F3154EC7526B19A-->  <ISSINGLEROW><![CDATA[N]]></ISSINGLEROW>
<!--014C114A7F714EE98F3154EC7526B19A-->  <ISINFOTAB><![CDATA[N]]></ISINFOTAB>
<!--014C114A7F714EE98F3154EC7526B19A-->  <ISTRANSLATIONTAB><![CDATA[N]]></ISTRANSLATIONTAB>
<!--014C114A7F714EE98F3154EC7526B19A-->  <ISREADONLY><![CDATA[N]]></ISREADONLY>
<!--014C114A7F714EE98F3154EC7526B19A-->  <HASTREE><![CDATA[N]]></HASTREE>
<!--014C114A7F714EE98F3154EC7526B19A-->  <PROCESSING><![CDATA[N]]></PROCESSING>
<!--014C114A7F714EE98F3154EC7526B19A-->  <IMPORTFIELDS><![CDATA[N]]></IMPORTFIELDS>
<!--014C114A7F714EE98F3154EC7526B19A-->  <ISSORTTAB><![CDATA[N]]></ISSORTTAB>
<!--014C114A7F714EE98F3154EC7526B19A-->  <AD_MODULE_ID><![CDATA[27445C8270364452BEB29669FBB21CED]]></AD_MODULE_ID>
<!--014C114A7F714EE98F3154EC7526B19A-->  <UIPATTERN><![CDATA[STD]]></UIPATTERN>
<!--014C114A7F714EE98F3154EC7526B19A-->  <SHOWPARENTBUTTONS><![CDATA[Y]]></SHOWPARENTBUTTONS>
<!--014C114A7F714EE98F3154EC7526B19A-->  <DISABLE_PARENT_KEY_PROPERTY><![CDATA[N]]></DISABLE_PARENT_KEY_PROPERTY>
<!--014C114A7F714EE98F3154EC7526B19A-->  <ISREADONLYTREE><![CDATA[N]]></ISREADONLYTREE>
<!--014C114A7F714EE98F3154EC7526B19A-->  <ISSHOWTREENODEICONS><![CDATA[Y]]></ISSHOWTREENODEICONS>
<!--014C114A7F714EE98F3154EC7526B19A-->  <EM_OBUIAPP_CAN_ADD><![CDATA[N]]></EM_OBUIAPP_CAN_ADD>
<!--014C114A7F714EE98F3154EC7526B19A-->  <EM_OBUIAPP_CAN_DELETE><![CDATA[N]]></EM_OBUIAPP_CAN_DELETE>
<!--014C114A7F714EE98F3154EC7526B19A-->  <EM_OBUIAPP_SHOW_SELECT><![CDATA[Y]]></EM_OBUIAPP_SHOW_SELECT>
<!--014C114A7F714EE98F3154EC7526B19A--></AD_TAB>

<!--1960DEE78F914BCDB26801ED89BC3C3C--><AD_TAB>
<!--1960DEE78F914BCDB26801ED89BC3C3C-->  <AD_TAB_ID><![CDATA[1960DEE78F914BCDB26801ED89BC3C3C]]></AD_TAB_ID>
<!--1960DEE78F914BCDB26801ED89BC3C3C-->  <AD_CLIENT_ID><![CDATA[0]]></AD_CLIENT_ID>
<!--1960DEE78F914BCDB26801ED89BC3C3C-->  <AD_ORG_ID><![CDATA[0]]></AD_ORG_ID>
<!--1960DEE78F914BCDB26801ED89BC3C3C-->  <ISACTIVE><![CDATA[Y]]></ISACTIVE>
<!--1960DEE78F914BCDB26801ED89BC3C3C-->  <NAME><![CDATA[Product Flavour]]></NAME>
<!--1960DEE78F914BCDB26801ED89BC3C3C-->  <AD_TABLE_ID><![CDATA[2DF5A03CD82945BEB3E185339173341E]]></AD_TABLE_ID>
<!--1960DEE78F914BCDB26801ED89BC3C3C-->  <AD_WINDOW_ID><![CDATA[BC20F7E8A8F147CDBE010282A4ADE4EA]]></AD_WINDOW_ID>
<!--1960DEE78F914BCDB26801ED89BC3C3C-->  <SEQNO><![CDATA[10]]></SEQNO>
<!--1960DEE78F914BCDB26801ED89BC3C3C-->  <TABLEVEL><![CDATA[0]]></TABLEVEL>
<!--1960DEE78F914BCDB26801ED89BC3C3C-->  <ISSINGLEROW><![CDATA[N]]></ISSINGLEROW>
<!--1960DEE78F914BCDB26801ED89BC3C3C-->  <ISINFOTAB><![CDATA[N]]></ISINFOTAB>
<!--1960DEE78F914BCDB26801ED89BC3C3C-->  <ISTRANSLATIONTAB><![CDATA[N]]></ISTRANSLATIONTAB>
<!--1960DEE78F914BCDB26801ED89BC3C3C-->  <ISREADONLY><![CDATA[N]]></ISREADONLY>
<!--1960DEE78F914BCDB26801ED89BC3C3C-->  <HASTREE><![CDATA[N]]></HASTREE>
<!--1960DEE78F914BCDB26801ED89BC3C3C-->  <PROCESSING><![CDATA[N]]></PROCESSING>
<!--1960DEE78F914BCDB26801ED89BC3C3C-->  <IMPORTFIELDS><![CDATA[N]]></IMPORTFIELDS>
<!--1960DEE78F914BCDB26801ED89BC3C3C-->  <ISSORTTAB><![CDATA[N]]></ISSORTTAB>
<!--1960DEE78F914BCDB26801ED89BC3C3C-->  <AD_MODULE_ID><![CDATA[27445C8270364452BEB29669FBB21CED]]></AD_MODULE_ID>
<!--1960DEE78F914BCDB26801ED89BC3C3C-->  <UIPATTERN><![CDATA[STD]]></UIPATTERN>
<!--1960DEE78F914BCDB26801ED89BC3C3C-->  <SHOWPARENTBUTTONS><![CDATA[Y]]></SHOWPARENTBUTTONS>
<!--1960DEE78F914BCDB26801ED89BC3C3C-->  <DISABLE_PARENT_KEY_PROPERTY><![CDATA[N]]></DISABLE_PARENT_KEY_PROPERTY>
<!--1960DEE78F914BCDB26801ED89BC3C3C-->  <ISREADONLYTREE><![CDATA[N]]></ISREADONLYTREE>
<!--1960DEE78F914BCDB26801ED89BC3C3C-->  <ISSHOWTREENODEICONS><![CDATA[Y]]></ISSHOWTREENODEICONS>
<!--1960DEE78F914BCDB26801ED89BC3C3C-->  <EM_OBUIAPP_CAN_ADD><![CDATA[N]]></EM_OBUIAPP_CAN_ADD>
<!--1960DEE78F914BCDB26801ED89BC3C3C-->  <EM_OBUIAPP_CAN_DELETE><![CDATA[N]]></EM_OBUIAPP_CAN_DELETE>
<!--1960DEE78F914BCDB26801ED89BC3C3C-->  <EM_OBUIAPP_SHOW_SELECT><![CDATA[Y]]></EM_OBUIAPP_SHOW_SELECT>
<!--1960DEE78F914BCDB26801ED89BC3C3C--></AD_TAB>

<!--3DFC55D1A596463C9F1297409B92B8D9--><AD_TAB>
<!--3DFC55D1A596463C9F1297409B92B8D9-->  <AD_TAB_ID><![CDATA[3DFC55D1A596463C9F1297409B92B8D9]]></AD_TAB_ID>
<!--3DFC55D1A596463C9F1297409B92B8D9-->  <AD_CLIENT_ID><![CDATA[0]]></AD_CLIENT_ID>
<!--3DFC55D1A596463C9F1297409B92B8D9-->  <AD_ORG_ID><![CDATA[0]]></AD_ORG_ID>
<!--3DFC55D1A596463C9F1297409B92B8D9-->  <ISACTIVE><![CDATA[Y]]></ISACTIVE>
<!--3DFC55D1A596463C9F1297409B92B8D9-->  <NAME><![CDATA[Import Goods Receipt/Shipment]]></NAME>
<!--3DFC55D1A596463C9F1297409B92B8D9-->  <DESCRIPTION><![CDATA[Import Goods Receipt]]></DESCRIPTION>
<!--3DFC55D1A596463C9F1297409B92B8D9-->  <HELP><![CDATA[Import Receipt/Shipment]]></HELP>
<!--3DFC55D1A596463C9F1297409B92B8D9-->  <AD_TABLE_ID><![CDATA[A344D67A1576412F8E0A2AFC1DBA919F]]></AD_TABLE_ID>
<!--3DFC55D1A596463C9F1297409B92B8D9-->  <AD_WINDOW_ID><![CDATA[B1B632318B984946AA2F62ED9581A07B]]></AD_WINDOW_ID>
<!--3DFC55D1A596463C9F1297409B92B8D9-->  <SEQNO><![CDATA[10]]></SEQNO>
<!--3DFC55D1A596463C9F1297409B92B8D9-->  <TABLEVEL><![CDATA[0]]></TABLEVEL>
<!--3DFC55D1A596463C9F1297409B92B8D9-->  <ISSINGLEROW><![CDATA[Y]]></ISSINGLEROW>
<!--3DFC55D1A596463C9F1297409B92B8D9-->  <ISINFOTAB><![CDATA[N]]></ISINFOTAB>
<!--3DFC55D1A596463C9F1297409B92B8D9-->  <ISTRANSLATIONTAB><![CDATA[N]]></ISTRANSLATIONTAB>
<!--3DFC55D1A596463C9F1297409B92B8D9-->  <ISREADONLY><![CDATA[N]]></ISREADONLY>
<!--3DFC55D1A596463C9F1297409B92B8D9-->  <HASTREE><![CDATA[N]]></HASTREE>
<!--3DFC55D1A596463C9F1297409B92B8D9-->  <PROCESSING><![CDATA[N]]></PROCESSING>
<!--3DFC55D1A596463C9F1297409B92B8D9-->  <IMPORTFIELDS><![CDATA[N]]></IMPORTFIELDS>
<!--3DFC55D1A596463C9F1297409B92B8D9-->  <ISSORTTAB><![CDATA[N]]></ISSORTTAB>
<!--3DFC55D1A596463C9F1297409B92B8D9-->  <AD_MODULE_ID><![CDATA[27445C8270364452BEB29669FBB21CED]]></AD_MODULE_ID>
<!--3DFC55D1A596463C9F1297409B92B8D9-->  <UIPATTERN><![CDATA[STD]]></UIPATTERN>
<!--3DFC55D1A596463C9F1297409B92B8D9-->  <SHOWPARENTBUTTONS><![CDATA[Y]]></SHOWPARENTBUTTONS>
<!--3DFC55D1A596463C9F1297409B92B8D9-->  <DISABLE_PARENT_KEY_PROPERTY><![CDATA[N]]></DISABLE_PARENT_KEY_PROPERTY>
<!--3DFC55D1A596463C9F1297409B92B8D9-->  <ISREADONLYTREE><![CDATA[N]]></ISREADONLYTREE>
<!--3DFC55D1A596463C9F1297409B92B8D9-->  <ISSHOWTREENODEICONS><![CDATA[Y]]></ISSHOWTREENODEICONS>
<!--3DFC55D1A596463C9F1297409B92B8D9-->  <EM_OBUIAPP_CAN_ADD><![CDATA[N]]></EM_OBUIAPP_CAN_ADD>
<!--3DFC55D1A596463C9F1297409B92B8D9-->  <EM_OBUIAPP_CAN_DELETE><![CDATA[N]]></EM_OBUIAPP_CAN_DELETE>
<!--3DFC55D1A596463C9F1297409B92B8D9-->  <EM_OBUIAPP_SHOW_SELECT><![CDATA[Y]]></EM_OBUIAPP_SHOW_SELECT>
<!--3DFC55D1A596463C9F1297409B92B8D9--></AD_TAB>

<!--43EF52942BBF4CAC9D51FE44ECD46CFA--><AD_TAB>
<!--43EF52942BBF4CAC9D51FE44ECD46CFA-->  <AD_TAB_ID><![CDATA[43EF52942BBF4CAC9D51FE44ECD46CFA]]></AD_TAB_ID>
<!--43EF52942BBF4CAC9D51FE44ECD46CFA-->  <AD_CLIENT_ID><![CDATA[0]]></AD_CLIENT_ID>
<!--43EF52942BBF4CAC9D51FE44ECD46CFA-->  <AD_ORG_ID><![CDATA[0]]></AD_ORG_ID>
<!--43EF52942BBF4CAC9D51FE44ECD46CFA-->  <ISACTIVE><![CDATA[Y]]></ISACTIVE>
<!--43EF52942BBF4CAC9D51FE44ECD46CFA-->  <NAME><![CDATA[Header]]></NAME>
<!--43EF52942BBF4CAC9D51FE44ECD46CFA-->  <AD_TABLE_ID><![CDATA[8AF7B53A6A404744A193AFDBBC9CE6DA]]></AD_TABLE_ID>
<!--43EF52942BBF4CAC9D51FE44ECD46CFA-->  <AD_WINDOW_ID><![CDATA[E836269861CA404D965A561C35CB01B1]]></AD_WINDOW_ID>
<!--43EF52942BBF4CAC9D51FE44ECD46CFA-->  <SEQNO><![CDATA[10]]></SEQNO>
<!--43EF52942BBF4CAC9D51FE44ECD46CFA-->  <TABLEVEL><![CDATA[0]]></TABLEVEL>
<!--43EF52942BBF4CAC9D51FE44ECD46CFA-->  <ISSINGLEROW><![CDATA[N]]></ISSINGLEROW>
<!--43EF52942BBF4CAC9D51FE44ECD46CFA-->  <ISINFOTAB><![CDATA[N]]></ISINFOTAB>
<!--43EF52942BBF4CAC9D51FE44ECD46CFA-->  <ISTRANSLATIONTAB><![CDATA[N]]></ISTRANSLATIONTAB>
<!--43EF52942BBF4CAC9D51FE44ECD46CFA-->  <ISREADONLY><![CDATA[N]]></ISREADONLY>
<!--43EF52942BBF4CAC9D51FE44ECD46CFA-->  <HASTREE><![CDATA[N]]></HASTREE>
<!--43EF52942BBF4CAC9D51FE44ECD46CFA-->  <PROCESSING><![CDATA[N]]></PROCESSING>
<!--43EF52942BBF4CAC9D51FE44ECD46CFA-->  <IMPORTFIELDS><![CDATA[N]]></IMPORTFIELDS>
<!--43EF52942BBF4CAC9D51FE44ECD46CFA-->  <ISSORTTAB><![CDATA[N]]></ISSORTTAB>
<!--43EF52942BBF4CAC9D51FE44ECD46CFA-->  <AD_MODULE_ID><![CDATA[27445C8270364452BEB29669FBB21CED]]></AD_MODULE_ID>
<!--43EF52942BBF4CAC9D51FE44ECD46CFA-->  <UIPATTERN><![CDATA[STD]]></UIPATTERN>
<!--43EF52942BBF4CAC9D51FE44ECD46CFA-->  <SHOWPARENTBUTTONS><![CDATA[Y]]></SHOWPARENTBUTTONS>
<!--43EF52942BBF4CAC9D51FE44ECD46CFA-->  <DISABLE_PARENT_KEY_PROPERTY><![CDATA[N]]></DISABLE_PARENT_KEY_PROPERTY>
<!--43EF52942BBF4CAC9D51FE44ECD46CFA-->  <ISREADONLYTREE><![CDATA[N]]></ISREADONLYTREE>
<!--43EF52942BBF4CAC9D51FE44ECD46CFA-->  <ISSHOWTREENODEICONS><![CDATA[Y]]></ISSHOWTREENODEICONS>
<!--43EF52942BBF4CAC9D51FE44ECD46CFA-->  <EM_OBUIAPP_CAN_ADD><![CDATA[N]]></EM_OBUIAPP_CAN_ADD>
<!--43EF52942BBF4CAC9D51FE44ECD46CFA-->  <EM_OBUIAPP_CAN_DELETE><![CDATA[N]]></EM_OBUIAPP_CAN_DELETE>
<!--43EF52942BBF4CAC9D51FE44ECD46CFA-->  <EM_OBUIAPP_SHOW_SELECT><![CDATA[Y]]></EM_OBUIAPP_SHOW_SELECT>
<!--43EF52942BBF4CAC9D51FE44ECD46CFA--></AD_TAB>

<!--482E30C8A3894D309FD3343403C1CF25--><AD_TAB>
<!--482E30C8A3894D309FD3343403C1CF25-->  <AD_TAB_ID><![CDATA[482E30C8A3894D309FD3343403C1CF25]]></AD_TAB_ID>
<!--482E30C8A3894D309FD3343403C1CF25-->  <AD_CLIENT_ID><![CDATA[0]]></AD_CLIENT_ID>
<!--482E30C8A3894D309FD3343403C1CF25-->  <AD_ORG_ID><![CDATA[0]]></AD_ORG_ID>
<!--482E30C8A3894D309FD3343403C1CF25-->  <ISACTIVE><![CDATA[Y]]></ISACTIVE>
<!--482E30C8A3894D309FD3343403C1CF25-->  <NAME><![CDATA[Lines]]></NAME>
<!--482E30C8A3894D309FD3343403C1CF25-->  <AD_TABLE_ID><![CDATA[F9ADE68652924E26B5D8C5373E99681C]]></AD_TABLE_ID>
<!--482E30C8A3894D309FD3343403C1CF25-->  <AD_WINDOW_ID><![CDATA[112]]></AD_WINDOW_ID>
<!--482E30C8A3894D309FD3343403C1CF25-->  <SEQNO><![CDATA[20]]></SEQNO>
<!--482E30C8A3894D309FD3343403C1CF25-->  <TABLEVEL><![CDATA[1]]></TABLEVEL>
<!--482E30C8A3894D309FD3343403C1CF25-->  <ISSINGLEROW><![CDATA[N]]></ISSINGLEROW>
<!--482E30C8A3894D309FD3343403C1CF25-->  <ISINFOTAB><![CDATA[N]]></ISINFOTAB>
<!--482E30C8A3894D309FD3343403C1CF25-->  <ISTRANSLATIONTAB><![CDATA[N]]></ISTRANSLATIONTAB>
<!--482E30C8A3894D309FD3343403C1CF25-->  <ISREADONLY><![CDATA[N]]></ISREADONLY>
<!--482E30C8A3894D309FD3343403C1CF25-->  <HASTREE><![CDATA[N]]></HASTREE>
<!--482E30C8A3894D309FD3343403C1CF25-->  <PROCESSING><![CDATA[N]]></PROCESSING>
<!--482E30C8A3894D309FD3343403C1CF25-->  <IMPORTFIELDS><![CDATA[N]]></IMPORTFIELDS>
<!--482E30C8A3894D309FD3343403C1CF25-->  <ISSORTTAB><![CDATA[N]]></ISSORTTAB>
<!--482E30C8A3894D309FD3343403C1CF25-->  <AD_MODULE_ID><![CDATA[27445C8270364452BEB29669FBB21CED]]></AD_MODULE_ID>
<!--482E30C8A3894D309FD3343403C1CF25-->  <UIPATTERN><![CDATA[STD]]></UIPATTERN>
<!--482E30C8A3894D309FD3343403C1CF25-->  <SHOWPARENTBUTTONS><![CDATA[Y]]></SHOWPARENTBUTTONS>
<!--482E30C8A3894D309FD3343403C1CF25-->  <DISABLE_PARENT_KEY_PROPERTY><![CDATA[N]]></DISABLE_PARENT_KEY_PROPERTY>
<!--482E30C8A3894D309FD3343403C1CF25-->  <ISREADONLYTREE><![CDATA[N]]></ISREADONLYTREE>
<!--482E30C8A3894D309FD3343403C1CF25-->  <ISSHOWTREENODEICONS><![CDATA[Y]]></ISSHOWTREENODEICONS>
<!--482E30C8A3894D309FD3343403C1CF25-->  <EM_OBUIAPP_CAN_ADD><![CDATA[N]]></EM_OBUIAPP_CAN_ADD>
<!--482E30C8A3894D309FD3343403C1CF25-->  <EM_OBUIAPP_CAN_DELETE><![CDATA[N]]></EM_OBUIAPP_CAN_DELETE>
<!--482E30C8A3894D309FD3343403C1CF25-->  <EM_OBUIAPP_SHOW_SELECT><![CDATA[Y]]></EM_OBUIAPP_SHOW_SELECT>
<!--482E30C8A3894D309FD3343403C1CF25--></AD_TAB>

<!--53B312979D1D407E911C71C299BF32D9--><AD_TAB>
<!--53B312979D1D407E911C71C299BF32D9-->  <AD_TAB_ID><![CDATA[53B312979D1D407E911C71C299BF32D9]]></AD_TAB_ID>
<!--53B312979D1D407E911C71C299BF32D9-->  <AD_CLIENT_ID><![CDATA[0]]></AD_CLIENT_ID>
<!--53B312979D1D407E911C71C299BF32D9-->  <AD_ORG_ID><![CDATA[0]]></AD_ORG_ID>
<!--53B312979D1D407E911C71C299BF32D9-->  <ISACTIVE><![CDATA[Y]]></ISACTIVE>
<!--53B312979D1D407E911C71C299BF32D9-->  <NAME><![CDATA[Assets]]></NAME>
<!--53B312979D1D407E911C71C299BF32D9-->  <DESCRIPTION><![CDATA[Define assets owned by your company and create an amortization for them.]]></DESCRIPTION>
<!--53B312979D1D407E911C71C299BF32D9-->  <HELP><![CDATA[Define assets owned by your company and create an amortization for them.]]></HELP>
<!--53B312979D1D407E911C71C299BF32D9-->  <AD_TABLE_ID><![CDATA[539]]></AD_TABLE_ID>
<!--53B312979D1D407E911C71C299BF32D9-->  <AD_WINDOW_ID><![CDATA[B8EF74664A17470EA140155450DC68ED]]></AD_WINDOW_ID>
<!--53B312979D1D407E911C71C299BF32D9-->  <SEQNO><![CDATA[10]]></SEQNO>
<!--53B312979D1D407E911C71C299BF32D9-->  <TABLEVEL><![CDATA[0]]></TABLEVEL>
<!--53B312979D1D407E911C71C299BF32D9-->  <ISSINGLEROW><![CDATA[N]]></ISSINGLEROW>
<!--53B312979D1D407E911C71C299BF32D9-->  <ISINFOTAB><![CDATA[N]]></ISINFOTAB>
<!--53B312979D1D407E911C71C299BF32D9-->  <ISTRANSLATIONTAB><![CDATA[N]]></ISTRANSLATIONTAB>
<!--53B312979D1D407E911C71C299BF32D9-->  <ISREADONLY><![CDATA[N]]></ISREADONLY>
<!--53B312979D1D407E911C71C299BF32D9-->  <HASTREE><![CDATA[Y]]></HASTREE>
<!--53B312979D1D407E911C71C299BF32D9-->  <COMMITWARNING><![CDATA[A_ASSET.VALUE ASC]]></COMMITWARNING>
<!--53B312979D1D407E911C71C299BF32D9-->  <PROCESSING><![CDATA[N]]></PROCESSING>
<!--53B312979D1D407E911C71C299BF32D9-->  <IMPORTFIELDS><![CDATA[N]]></IMPORTFIELDS>
<!--53B312979D1D407E911C71C299BF32D9-->  <ISSORTTAB><![CDATA[N]]></ISSORTTAB>
<!--53B312979D1D407E911C71C299BF32D9-->  <AD_MODULE_ID><![CDATA[27445C8270364452BEB29669FBB21CED]]></AD_MODULE_ID>
<!--53B312979D1D407E911C71C299BF32D9-->  <UIPATTERN><![CDATA[STD]]></UIPATTERN>
<!--53B312979D1D407E911C71C299BF32D9-->  <HQLWHERECLAUSE><![CDATA[e.oEZPrepaymentAsset = true]]></HQLWHERECLAUSE>
<!--53B312979D1D407E911C71C299BF32D9-->  <SHOWPARENTBUTTONS><![CDATA[Y]]></SHOWPARENTBUTTONS>
<!--53B312979D1D407E911C71C299BF32D9-->  <DISABLE_PARENT_KEY_PROPERTY><![CDATA[N]]></DISABLE_PARENT_KEY_PROPERTY>
<!--53B312979D1D407E911C71C299BF32D9-->  <ISREADONLYTREE><![CDATA[N]]></ISREADONLYTREE>
<!--53B312979D1D407E911C71C299BF32D9-->  <ISSHOWTREENODEICONS><![CDATA[Y]]></ISSHOWTREENODEICONS>
<!--53B312979D1D407E911C71C299BF32D9-->  <EM_OBUIAPP_CAN_ADD><![CDATA[N]]></EM_OBUIAPP_CAN_ADD>
<!--53B312979D1D407E911C71C299BF32D9-->  <EM_OBUIAPP_CAN_DELETE><![CDATA[N]]></EM_OBUIAPP_CAN_DELETE>
<!--53B312979D1D407E911C71C299BF32D9-->  <EM_OBUIAPP_SHOW_SELECT><![CDATA[Y]]></EM_OBUIAPP_SHOW_SELECT>
<!--53B312979D1D407E911C71C299BF32D9--></AD_TAB>

<!--5C6C9488BE75482C91C43C130615CE55--><AD_TAB>
<!--5C6C9488BE75482C91C43C130615CE55-->  <AD_TAB_ID><![CDATA[5C6C9488BE75482C91C43C130615CE55]]></AD_TAB_ID>
<!--5C6C9488BE75482C91C43C130615CE55-->  <AD_CLIENT_ID><![CDATA[0]]></AD_CLIENT_ID>
<!--5C6C9488BE75482C91C43C130615CE55-->  <AD_ORG_ID><![CDATA[0]]></AD_ORG_ID>
<!--5C6C9488BE75482C91C43C130615CE55-->  <ISACTIVE><![CDATA[Y]]></ISACTIVE>
<!--5C6C9488BE75482C91C43C130615CE55-->  <NAME><![CDATA[Header]]></NAME>
<!--5C6C9488BE75482C91C43C130615CE55-->  <DESCRIPTION><![CDATA[Create budgets for a selected year to be used for informative purposes.]]></DESCRIPTION>
<!--5C6C9488BE75482C91C43C130615CE55-->  <HELP><![CDATA[Create budgets for a selected year to be used for informative purposes.]]></HELP>
<!--5C6C9488BE75482C91C43C130615CE55-->  <AD_TABLE_ID><![CDATA[800173]]></AD_TABLE_ID>
<!--5C6C9488BE75482C91C43C130615CE55-->  <AD_WINDOW_ID><![CDATA[BFE3B80BD5054873A5C4EFA6FD99F43A]]></AD_WINDOW_ID>
<!--5C6C9488BE75482C91C43C130615CE55-->  <SEQNO><![CDATA[0]]></SEQNO>
<!--5C6C9488BE75482C91C43C130615CE55-->  <TABLEVEL><![CDATA[0]]></TABLEVEL>
<!--5C6C9488BE75482C91C43C130615CE55-->  <ISSINGLEROW><![CDATA[N]]></ISSINGLEROW>
<!--5C6C9488BE75482C91C43C130615CE55-->  <ISINFOTAB><![CDATA[N]]></ISINFOTAB>
<!--5C6C9488BE75482C91C43C130615CE55-->  <ISTRANSLATIONTAB><![CDATA[N]]></ISTRANSLATIONTAB>
<!--5C6C9488BE75482C91C43C130615CE55-->  <ISREADONLY><![CDATA[N]]></ISREADONLY>
<!--5C6C9488BE75482C91C43C130615CE55-->  <HASTREE><![CDATA[N]]></HASTREE>
<!--5C6C9488BE75482C91C43C130615CE55-->  <PROCESSING><![CDATA[N]]></PROCESSING>
<!--5C6C9488BE75482C91C43C130615CE55-->  <IMPORTFIELDS><![CDATA[N]]></IMPORTFIELDS>
<!--5C6C9488BE75482C91C43C130615CE55-->  <ISSORTTAB><![CDATA[N]]></ISSORTTAB>
<!--5C6C9488BE75482C91C43C130615CE55-->  <AD_MODULE_ID><![CDATA[27445C8270364452BEB29669FBB21CED]]></AD_MODULE_ID>
<!--5C6C9488BE75482C91C43C130615CE55-->  <UIPATTERN><![CDATA[STD]]></UIPATTERN>
<!--5C6C9488BE75482C91C43C130615CE55-->  <HQLWHERECLAUSE><![CDATA[e.budgetType='S']]></HQLWHERECLAUSE>
<!--5C6C9488BE75482C91C43C130615CE55-->  <SHOWPARENTBUTTONS><![CDATA[Y]]></SHOWPARENTBUTTONS>
<!--5C6C9488BE75482C91C43C130615CE55-->  <DISABLE_PARENT_KEY_PROPERTY><![CDATA[N]]></DISABLE_PARENT_KEY_PROPERTY>
<!--5C6C9488BE75482C91C43C130615CE55-->  <ISREADONLYTREE><![CDATA[N]]></ISREADONLYTREE>
<!--5C6C9488BE75482C91C43C130615CE55-->  <ISSHOWTREENODEICONS><![CDATA[Y]]></ISSHOWTREENODEICONS>
<!--5C6C9488BE75482C91C43C130615CE55-->  <EM_OBUIAPP_CAN_ADD><![CDATA[N]]></EM_OBUIAPP_CAN_ADD>
<!--5C6C9488BE75482C91C43C130615CE55-->  <EM_OBUIAPP_CAN_DELETE><![CDATA[N]]></EM_OBUIAPP_CAN_DELETE>
<!--5C6C9488BE75482C91C43C130615CE55-->  <EM_OBUIAPP_SHOW_SELECT><![CDATA[Y]]></EM_OBUIAPP_SHOW_SELECT>
<!--5C6C9488BE75482C91C43C130615CE55--></AD_TAB>

<!--69CF2FC12F174BA1998A0DB06F9DAA8B--><AD_TAB>
<!--69CF2FC12F174BA1998A0DB06F9DAA8B-->  <AD_TAB_ID><![CDATA[69CF2FC12F174BA1998A0DB06F9DAA8B]]></AD_TAB_ID>
<!--69CF2FC12F174BA1998A0DB06F9DAA8B-->  <AD_CLIENT_ID><![CDATA[0]]></AD_CLIENT_ID>
<!--69CF2FC12F174BA1998A0DB06F9DAA8B-->  <AD_ORG_ID><![CDATA[0]]></AD_ORG_ID>
<!--69CF2FC12F174BA1998A0DB06F9DAA8B-->  <ISACTIVE><![CDATA[Y]]></ISACTIVE>
<!--69CF2FC12F174BA1998A0DB06F9DAA8B-->  <NAME><![CDATA[Header]]></NAME>
<!--69CF2FC12F174BA1998A0DB06F9DAA8B-->  <AD_TABLE_ID><![CDATA[21099395A88C4657B4A13C758EBCDB72]]></AD_TABLE_ID>
<!--69CF2FC12F174BA1998A0DB06F9DAA8B-->  <AD_WINDOW_ID><![CDATA[4EB9B18AE00E4B009CA73D463D2C34D8]]></AD_WINDOW_ID>
<!--69CF2FC12F174BA1998A0DB06F9DAA8B-->  <SEQNO><![CDATA[10]]></SEQNO>
<!--69CF2FC12F174BA1998A0DB06F9DAA8B-->  <TABLEVEL><![CDATA[0]]></TABLEVEL>
<!--69CF2FC12F174BA1998A0DB06F9DAA8B-->  <ISSINGLEROW><![CDATA[N]]></ISSINGLEROW>
<!--69CF2FC12F174BA1998A0DB06F9DAA8B-->  <ISINFOTAB><![CDATA[N]]></ISINFOTAB>
<!--69CF2FC12F174BA1998A0DB06F9DAA8B-->  <ISTRANSLATIONTAB><![CDATA[N]]></ISTRANSLATIONTAB>
<!--69CF2FC12F174BA1998A0DB06F9DAA8B-->  <ISREADONLY><![CDATA[N]]></ISREADONLY>
<!--69CF2FC12F174BA1998A0DB06F9DAA8B-->  <HASTREE><![CDATA[N]]></HASTREE>
<!--69CF2FC12F174BA1998A0DB06F9DAA8B-->  <PROCESSING><![CDATA[N]]></PROCESSING>
<!--69CF2FC12F174BA1998A0DB06F9DAA8B-->  <IMPORTFIELDS><![CDATA[N]]></IMPORTFIELDS>
<!--69CF2FC12F174BA1998A0DB06F9DAA8B-->  <ISSORTTAB><![CDATA[N]]></ISSORTTAB>
<!--69CF2FC12F174BA1998A0DB06F9DAA8B-->  <AD_MODULE_ID><![CDATA[27445C8270364452BEB29669FBB21CED]]></AD_MODULE_ID>
<!--69CF2FC12F174BA1998A0DB06F9DAA8B-->  <UIPATTERN><![CDATA[STD]]></UIPATTERN>
<!--69CF2FC12F174BA1998A0DB06F9DAA8B-->  <SHOWPARENTBUTTONS><![CDATA[Y]]></SHOWPARENTBUTTONS>
<!--69CF2FC12F174BA1998A0DB06F9DAA8B-->  <DISABLE_PARENT_KEY_PROPERTY><![CDATA[N]]></DISABLE_PARENT_KEY_PROPERTY>
<!--69CF2FC12F174BA1998A0DB06F9DAA8B-->  <ISREADONLYTREE><![CDATA[N]]></ISREADONLYTREE>
<!--69CF2FC12F174BA1998A0DB06F9DAA8B-->  <ISSHOWTREENODEICONS><![CDATA[Y]]></ISSHOWTREENODEICONS>
<!--69CF2FC12F174BA1998A0DB06F9DAA8B-->  <EM_OBUIAPP_CAN_ADD><![CDATA[N]]></EM_OBUIAPP_CAN_ADD>
<!--69CF2FC12F174BA1998A0DB06F9DAA8B-->  <EM_OBUIAPP_CAN_DELETE><![CDATA[N]]></EM_OBUIAPP_CAN_DELETE>
<!--69CF2FC12F174BA1998A0DB06F9DAA8B-->  <EM_OBUIAPP_SHOW_SELECT><![CDATA[Y]]></EM_OBUIAPP_SHOW_SELECT>
<!--69CF2FC12F174BA1998A0DB06F9DAA8B--></AD_TAB>

<!--770B7E8C5AAE46F88533CDDC21F90598--><AD_TAB>
<!--770B7E8C5AAE46F88533CDDC21F90598-->  <AD_TAB_ID><![CDATA[770B7E8C5AAE46F88533CDDC21F90598]]></AD_TAB_ID>
<!--770B7E8C5AAE46F88533CDDC21F90598-->  <AD_CLIENT_ID><![CDATA[0]]></AD_CLIENT_ID>
<!--770B7E8C5AAE46F88533CDDC21F90598-->  <AD_ORG_ID><![CDATA[0]]></AD_ORG_ID>
<!--770B7E8C5AAE46F88533CDDC21F90598-->  <ISACTIVE><![CDATA[Y]]></ISACTIVE>
<!--770B7E8C5AAE46F88533CDDC21F90598-->  <NAME><![CDATA[Header]]></NAME>
<!--770B7E8C5AAE46F88533CDDC21F90598-->  <AD_TABLE_ID><![CDATA[F29F428B77574221B60C3090E0722112]]></AD_TABLE_ID>
<!--770B7E8C5AAE46F88533CDDC21F90598-->  <AD_WINDOW_ID><![CDATA[A2D09ADFDCFF4712BE36C7944EB4A9BE]]></AD_WINDOW_ID>
<!--770B7E8C5AAE46F88533CDDC21F90598-->  <SEQNO><![CDATA[10]]></SEQNO>
<!--770B7E8C5AAE46F88533CDDC21F90598-->  <TABLEVEL><![CDATA[0]]></TABLEVEL>
<!--770B7E8C5AAE46F88533CDDC21F90598-->  <ISSINGLEROW><![CDATA[N]]></ISSINGLEROW>
<!--770B7E8C5AAE46F88533CDDC21F90598-->  <ISINFOTAB><![CDATA[N]]></ISINFOTAB>
<!--770B7E8C5AAE46F88533CDDC21F90598-->  <ISTRANSLATIONTAB><![CDATA[N]]></ISTRANSLATIONTAB>
<!--770B7E8C5AAE46F88533CDDC21F90598-->  <ISREADONLY><![CDATA[N]]></ISREADONLY>
<!--770B7E8C5AAE46F88533CDDC21F90598-->  <HASTREE><![CDATA[N]]></HASTREE>
<!--770B7E8C5AAE46F88533CDDC21F90598-->  <PROCESSING><![CDATA[N]]></PROCESSING>
<!--770B7E8C5AAE46F88533CDDC21F90598-->  <IMPORTFIELDS><![CDATA[N]]></IMPORTFIELDS>
<!--770B7E8C5AAE46F88533CDDC21F90598-->  <ISSORTTAB><![CDATA[N]]></ISSORTTAB>
<!--770B7E8C5AAE46F88533CDDC21F90598-->  <AD_MODULE_ID><![CDATA[27445C8270364452BEB29669FBB21CED]]></AD_MODULE_ID>
<!--770B7E8C5AAE46F88533CDDC21F90598-->  <UIPATTERN><![CDATA[STD]]></UIPATTERN>
<!--770B7E8C5AAE46F88533CDDC21F90598-->  <SHOWPARENTBUTTONS><![CDATA[Y]]></SHOWPARENTBUTTONS>
<!--770B7E8C5AAE46F88533CDDC21F90598-->  <DISABLE_PARENT_KEY_PROPERTY><![CDATA[N]]></DISABLE_PARENT_KEY_PROPERTY>
<!--770B7E8C5AAE46F88533CDDC21F90598-->  <ISREADONLYTREE><![CDATA[N]]></ISREADONLYTREE>
<!--770B7E8C5AAE46F88533CDDC21F90598-->  <ISSHOWTREENODEICONS><![CDATA[Y]]></ISSHOWTREENODEICONS>
<!--770B7E8C5AAE46F88533CDDC21F90598-->  <EM_OBUIAPP_CAN_ADD><![CDATA[N]]></EM_OBUIAPP_CAN_ADD>
<!--770B7E8C5AAE46F88533CDDC21F90598-->  <EM_OBUIAPP_CAN_DELETE><![CDATA[N]]></EM_OBUIAPP_CAN_DELETE>
<!--770B7E8C5AAE46F88533CDDC21F90598-->  <EM_OBUIAPP_SHOW_SELECT><![CDATA[Y]]></EM_OBUIAPP_SHOW_SELECT>
<!--770B7E8C5AAE46F88533CDDC21F90598--></AD_TAB>

<!--78866F8CD2A147EB8561AF3C5C72609E--><AD_TAB>
<!--78866F8CD2A147EB8561AF3C5C72609E-->  <AD_TAB_ID><![CDATA[78866F8CD2A147EB8561AF3C5C72609E]]></AD_TAB_ID>
<!--78866F8CD2A147EB8561AF3C5C72609E-->  <AD_CLIENT_ID><![CDATA[0]]></AD_CLIENT_ID>
<!--78866F8CD2A147EB8561AF3C5C72609E-->  <AD_ORG_ID><![CDATA[0]]></AD_ORG_ID>
<!--78866F8CD2A147EB8561AF3C5C72609E-->  <ISACTIVE><![CDATA[Y]]></ISACTIVE>
<!--78866F8CD2A147EB8561AF3C5C72609E-->  <NAME><![CDATA[Import Business Partner Balance]]></NAME>
<!--78866F8CD2A147EB8561AF3C5C72609E-->  <DESCRIPTION><![CDATA[Import business partner balance]]></DESCRIPTION>
<!--78866F8CD2A147EB8561AF3C5C72609E-->  <HELP><![CDATA[Import business partner balance, to enable you register the payment from/lto your business partner after opening balance. You may not enter the detail of invoice, but you define how much and when you need to receive/pay to your business partner. One business partner can have several due date and amount to be received/paid.]]></HELP>
<!--78866F8CD2A147EB8561AF3C5C72609E-->  <AD_TABLE_ID><![CDATA[3A5F04C18D6642D8886671700ED8671C]]></AD_TABLE_ID>
<!--78866F8CD2A147EB8561AF3C5C72609E-->  <AD_WINDOW_ID><![CDATA[7FC2E5FA12934D3BB9C70B294CF8A683]]></AD_WINDOW_ID>
<!--78866F8CD2A147EB8561AF3C5C72609E-->  <SEQNO><![CDATA[10]]></SEQNO>
<!--78866F8CD2A147EB8561AF3C5C72609E-->  <TABLEVEL><![CDATA[0]]></TABLEVEL>
<!--78866F8CD2A147EB8561AF3C5C72609E-->  <ISSINGLEROW><![CDATA[N]]></ISSINGLEROW>
<!--78866F8CD2A147EB8561AF3C5C72609E-->  <ISINFOTAB><![CDATA[N]]></ISINFOTAB>
<!--78866F8CD2A147EB8561AF3C5C72609E-->  <ISTRANSLATIONTAB><![CDATA[N]]></ISTRANSLATIONTAB>
<!--78866F8CD2A147EB8561AF3C5C72609E-->  <ISREADONLY><![CDATA[N]]></ISREADONLY>
<!--78866F8CD2A147EB8561AF3C5C72609E-->  <HASTREE><![CDATA[N]]></HASTREE>
<!--78866F8CD2A147EB8561AF3C5C72609E-->  <PROCESSING><![CDATA[N]]></PROCESSING>
<!--78866F8CD2A147EB8561AF3C5C72609E-->  <IMPORTFIELDS><![CDATA[N]]></IMPORTFIELDS>
<!--78866F8CD2A147EB8561AF3C5C72609E-->  <ISSORTTAB><![CDATA[N]]></ISSORTTAB>
<!--78866F8CD2A147EB8561AF3C5C72609E-->  <AD_MODULE_ID><![CDATA[27445C8270364452BEB29669FBB21CED]]></AD_MODULE_ID>
<!--78866F8CD2A147EB8561AF3C5C72609E-->  <UIPATTERN><![CDATA[STD]]></UIPATTERN>
<!--78866F8CD2A147EB8561AF3C5C72609E-->  <SHOWPARENTBUTTONS><![CDATA[Y]]></SHOWPARENTBUTTONS>
<!--78866F8CD2A147EB8561AF3C5C72609E-->  <DISABLE_PARENT_KEY_PROPERTY><![CDATA[N]]></DISABLE_PARENT_KEY_PROPERTY>
<!--78866F8CD2A147EB8561AF3C5C72609E-->  <ISREADONLYTREE><![CDATA[N]]></ISREADONLYTREE>
<!--78866F8CD2A147EB8561AF3C5C72609E-->  <ISSHOWTREENODEICONS><![CDATA[Y]]></ISSHOWTREENODEICONS>
<!--78866F8CD2A147EB8561AF3C5C72609E-->  <EM_OBUIAPP_CAN_ADD><![CDATA[N]]></EM_OBUIAPP_CAN_ADD>
<!--78866F8CD2A147EB8561AF3C5C72609E-->  <EM_OBUIAPP_CAN_DELETE><![CDATA[N]]></EM_OBUIAPP_CAN_DELETE>
<!--78866F8CD2A147EB8561AF3C5C72609E-->  <EM_OBUIAPP_SHOW_SELECT><![CDATA[Y]]></EM_OBUIAPP_SHOW_SELECT>
<!--78866F8CD2A147EB8561AF3C5C72609E--></AD_TAB>

<!--790C390A2E574891AE1D162AC2BA9283--><AD_TAB>
<!--790C390A2E574891AE1D162AC2BA9283-->  <AD_TAB_ID><![CDATA[790C390A2E574891AE1D162AC2BA9283]]></AD_TAB_ID>
<!--790C390A2E574891AE1D162AC2BA9283-->  <AD_CLIENT_ID><![CDATA[0]]></AD_CLIENT_ID>
<!--790C390A2E574891AE1D162AC2BA9283-->  <AD_ORG_ID><![CDATA[0]]></AD_ORG_ID>
<!--790C390A2E574891AE1D162AC2BA9283-->  <ISACTIVE><![CDATA[Y]]></ISACTIVE>
<!--790C390A2E574891AE1D162AC2BA9283-->  <NAME><![CDATA[Lines]]></NAME>
<!--790C390A2E574891AE1D162AC2BA9283-->  <DESCRIPTION><![CDATA[Add or see products which are included in your shipment.  Each product is shown on its own line.]]></DESCRIPTION>
<!--790C390A2E574891AE1D162AC2BA9283-->  <HELP><![CDATA[Add or see products which are included in your shipment.  Each product is shown on its own line.]]></HELP>
<!--790C390A2E574891AE1D162AC2BA9283-->  <AD_TABLE_ID><![CDATA[320]]></AD_TABLE_ID>
<!--790C390A2E574891AE1D162AC2BA9283-->  <AD_WINDOW_ID><![CDATA[19371E6FC7E14F08B7DDCA3036C1FC19]]></AD_WINDOW_ID>
<!--790C390A2E574891AE1D162AC2BA9283-->  <SEQNO><![CDATA[20]]></SEQNO>
<!--790C390A2E574891AE1D162AC2BA9283-->  <TABLEVEL><![CDATA[0]]></TABLEVEL>
<!--790C390A2E574891AE1D162AC2BA9283-->  <ISSINGLEROW><![CDATA[N]]></ISSINGLEROW>
<!--790C390A2E574891AE1D162AC2BA9283-->  <ISINFOTAB><![CDATA[N]]></ISINFOTAB>
<!--790C390A2E574891AE1D162AC2BA9283-->  <ISTRANSLATIONTAB><![CDATA[N]]></ISTRANSLATIONTAB>
<!--790C390A2E574891AE1D162AC2BA9283-->  <ISREADONLY><![CDATA[N]]></ISREADONLY>
<!--790C390A2E574891AE1D162AC2BA9283-->  <HASTREE><![CDATA[N]]></HASTREE>
<!--790C390A2E574891AE1D162AC2BA9283-->  <PROCESSING><![CDATA[N]]></PROCESSING>
<!--790C390A2E574891AE1D162AC2BA9283-->  <ISSORTTAB><![CDATA[N]]></ISSORTTAB>
<!--790C390A2E574891AE1D162AC2BA9283-->  <AD_MODULE_ID><![CDATA[27445C8270364452BEB29669FBB21CED]]></AD_MODULE_ID>
<!--790C390A2E574891AE1D162AC2BA9283-->  <UIPATTERN><![CDATA[STD]]></UIPATTERN>
<!--790C390A2E574891AE1D162AC2BA9283-->  <HQLWHERECLAUSE><![CDATA[e.shipmentReceipt.salesTransaction=true]]></HQLWHERECLAUSE>
<!--790C390A2E574891AE1D162AC2BA9283-->  <HQLORDERBYCLAUSE><![CDATA[lineNo]]></HQLORDERBYCLAUSE>
<!--790C390A2E574891AE1D162AC2BA9283-->  <SHOWPARENTBUTTONS><![CDATA[Y]]></SHOWPARENTBUTTONS>
<!--790C390A2E574891AE1D162AC2BA9283-->  <DISABLE_PARENT_KEY_PROPERTY><![CDATA[N]]></DISABLE_PARENT_KEY_PROPERTY>
<!--790C390A2E574891AE1D162AC2BA9283-->  <ISREADONLYTREE><![CDATA[N]]></ISREADONLYTREE>
<!--790C390A2E574891AE1D162AC2BA9283-->  <ISSHOWTREENODEICONS><![CDATA[Y]]></ISSHOWTREENODEICONS>
<!--790C390A2E574891AE1D162AC2BA9283-->  <EM_OBUIAPP_CAN_ADD><![CDATA[N]]></EM_OBUIAPP_CAN_ADD>
<!--790C390A2E574891AE1D162AC2BA9283-->  <EM_OBUIAPP_CAN_DELETE><![CDATA[N]]></EM_OBUIAPP_CAN_DELETE>
<!--790C390A2E574891AE1D162AC2BA9283-->  <EM_OBUIAPP_SHOW_SELECT><![CDATA[Y]]></EM_OBUIAPP_SHOW_SELECT>
<!--790C390A2E574891AE1D162AC2BA9283--></AD_TAB>

<!--80A84136D9CB4817B1752CFFAE7E0941--><AD_TAB>
<!--80A84136D9CB4817B1752CFFAE7E0941-->  <AD_TAB_ID><![CDATA[80A84136D9CB4817B1752CFFAE7E0941]]></AD_TAB_ID>
<!--80A84136D9CB4817B1752CFFAE7E0941-->  <AD_CLIENT_ID><![CDATA[0]]></AD_CLIENT_ID>
<!--80A84136D9CB4817B1752CFFAE7E0941-->  <AD_ORG_ID><![CDATA[0]]></AD_ORG_ID>
<!--80A84136D9CB4817B1752CFFAE7E0941-->  <ISACTIVE><![CDATA[Y]]></ISACTIVE>
<!--80A84136D9CB4817B1752CFFAE7E0941-->  <NAME><![CDATA[Accounting]]></NAME>
<!--80A84136D9CB4817B1752CFFAE7E0941-->  <AD_TABLE_ID><![CDATA[800023]]></AD_TABLE_ID>
<!--80A84136D9CB4817B1752CFFAE7E0941-->  <AD_WINDOW_ID><![CDATA[800007]]></AD_WINDOW_ID>
<!--80A84136D9CB4817B1752CFFAE7E0941-->  <SEQNO><![CDATA[40]]></SEQNO>
<!--80A84136D9CB4817B1752CFFAE7E0941-->  <TABLEVEL><![CDATA[1]]></TABLEVEL>
<!--80A84136D9CB4817B1752CFFAE7E0941-->  <ISSINGLEROW><![CDATA[N]]></ISSINGLEROW>
<!--80A84136D9CB4817B1752CFFAE7E0941-->  <ISINFOTAB><![CDATA[N]]></ISINFOTAB>
<!--80A84136D9CB4817B1752CFFAE7E0941-->  <ISTRANSLATIONTAB><![CDATA[N]]></ISTRANSLATIONTAB>
<!--80A84136D9CB4817B1752CFFAE7E0941-->  <ISREADONLY><![CDATA[N]]></ISREADONLY>
<!--80A84136D9CB4817B1752CFFAE7E0941-->  <HASTREE><![CDATA[N]]></HASTREE>
<!--80A84136D9CB4817B1752CFFAE7E0941-->  <PROCESSING><![CDATA[N]]></PROCESSING>
<!--80A84136D9CB4817B1752CFFAE7E0941-->  <IMPORTFIELDS><![CDATA[N]]></IMPORTFIELDS>
<!--80A84136D9CB4817B1752CFFAE7E0941-->  <ISSORTTAB><![CDATA[N]]></ISSORTTAB>
<!--80A84136D9CB4817B1752CFFAE7E0941-->  <AD_MODULE_ID><![CDATA[27445C8270364452BEB29669FBB21CED]]></AD_MODULE_ID>
<!--80A84136D9CB4817B1752CFFAE7E0941-->  <UIPATTERN><![CDATA[STD]]></UIPATTERN>
<!--80A84136D9CB4817B1752CFFAE7E0941-->  <SHOWPARENTBUTTONS><![CDATA[Y]]></SHOWPARENTBUTTONS>
<!--80A84136D9CB4817B1752CFFAE7E0941-->  <DISABLE_PARENT_KEY_PROPERTY><![CDATA[N]]></DISABLE_PARENT_KEY_PROPERTY>
<!--80A84136D9CB4817B1752CFFAE7E0941-->  <ISREADONLYTREE><![CDATA[N]]></ISREADONLYTREE>
<!--80A84136D9CB4817B1752CFFAE7E0941-->  <ISSHOWTREENODEICONS><![CDATA[Y]]></ISSHOWTREENODEICONS>
<!--80A84136D9CB4817B1752CFFAE7E0941-->  <EM_OBUIAPP_CAN_ADD><![CDATA[N]]></EM_OBUIAPP_CAN_ADD>
<!--80A84136D9CB4817B1752CFFAE7E0941-->  <EM_OBUIAPP_CAN_DELETE><![CDATA[N]]></EM_OBUIAPP_CAN_DELETE>
<!--80A84136D9CB4817B1752CFFAE7E0941-->  <EM_OBUIAPP_SHOW_SELECT><![CDATA[Y]]></EM_OBUIAPP_SHOW_SELECT>
<!--80A84136D9CB4817B1752CFFAE7E0941--></AD_TAB>

<!--85545F895CC94B08A1117BD074CDDB8B--><AD_TAB>
<!--85545F895CC94B08A1117BD074CDDB8B-->  <AD_TAB_ID><![CDATA[85545F895CC94B08A1117BD074CDDB8B]]></AD_TAB_ID>
<!--85545F895CC94B08A1117BD074CDDB8B-->  <AD_CLIENT_ID><![CDATA[0]]></AD_CLIENT_ID>
<!--85545F895CC94B08A1117BD074CDDB8B-->  <AD_ORG_ID><![CDATA[0]]></AD_ORG_ID>
<!--85545F895CC94B08A1117BD074CDDB8B-->  <ISACTIVE><![CDATA[Y]]></ISACTIVE>
<!--85545F895CC94B08A1117BD074CDDB8B-->  <NAME><![CDATA[Customer Type]]></NAME>
<!--85545F895CC94B08A1117BD074CDDB8B-->  <AD_TABLE_ID><![CDATA[9310B0EF02D24AA6B29741CC636B6125]]></AD_TABLE_ID>
<!--85545F895CC94B08A1117BD074CDDB8B-->  <AD_WINDOW_ID><![CDATA[80B7830C0F2C46489E85CA8C5AF9651A]]></AD_WINDOW_ID>
<!--85545F895CC94B08A1117BD074CDDB8B-->  <SEQNO><![CDATA[10]]></SEQNO>
<!--85545F895CC94B08A1117BD074CDDB8B-->  <TABLEVEL><![CDATA[0]]></TABLEVEL>
<!--85545F895CC94B08A1117BD074CDDB8B-->  <ISSINGLEROW><![CDATA[N]]></ISSINGLEROW>
<!--85545F895CC94B08A1117BD074CDDB8B-->  <ISINFOTAB><![CDATA[N]]></ISINFOTAB>
<!--85545F895CC94B08A1117BD074CDDB8B-->  <ISTRANSLATIONTAB><![CDATA[N]]></ISTRANSLATIONTAB>
<!--85545F895CC94B08A1117BD074CDDB8B-->  <ISREADONLY><![CDATA[N]]></ISREADONLY>
<!--85545F895CC94B08A1117BD074CDDB8B-->  <HASTREE><![CDATA[N]]></HASTREE>
<!--85545F895CC94B08A1117BD074CDDB8B-->  <PROCESSING><![CDATA[N]]></PROCESSING>
<!--85545F895CC94B08A1117BD074CDDB8B-->  <IMPORTFIELDS><![CDATA[N]]></IMPORTFIELDS>
<!--85545F895CC94B08A1117BD074CDDB8B-->  <ISSORTTAB><![CDATA[N]]></ISSORTTAB>
<!--85545F895CC94B08A1117BD074CDDB8B-->  <AD_MODULE_ID><![CDATA[27445C8270364452BEB29669FBB21CED]]></AD_MODULE_ID>
<!--85545F895CC94B08A1117BD074CDDB8B-->  <UIPATTERN><![CDATA[STD]]></UIPATTERN>
<!--85545F895CC94B08A1117BD074CDDB8B-->  <SHOWPARENTBUTTONS><![CDATA[Y]]></SHOWPARENTBUTTONS>
<!--85545F895CC94B08A1117BD074CDDB8B-->  <DISABLE_PARENT_KEY_PROPERTY><![CDATA[N]]></DISABLE_PARENT_KEY_PROPERTY>
<!--85545F895CC94B08A1117BD074CDDB8B-->  <ISREADONLYTREE><![CDATA[N]]></ISREADONLYTREE>
<!--85545F895CC94B08A1117BD074CDDB8B-->  <ISSHOWTREENODEICONS><![CDATA[Y]]></ISSHOWTREENODEICONS>
<!--85545F895CC94B08A1117BD074CDDB8B-->  <EM_OBUIAPP_CAN_ADD><![CDATA[N]]></EM_OBUIAPP_CAN_ADD>
<!--85545F895CC94B08A1117BD074CDDB8B-->  <EM_OBUIAPP_CAN_DELETE><![CDATA[N]]></EM_OBUIAPP_CAN_DELETE>
<!--85545F895CC94B08A1117BD074CDDB8B-->  <EM_OBUIAPP_SHOW_SELECT><![CDATA[Y]]></EM_OBUIAPP_SHOW_SELECT>
<!--85545F895CC94B08A1117BD074CDDB8B--></AD_TAB>

<!--893F4E4CAE11461DB5D15B0728720261--><AD_TAB>
<!--893F4E4CAE11461DB5D15B0728720261-->  <AD_TAB_ID><![CDATA[893F4E4CAE11461DB5D15B0728720261]]></AD_TAB_ID>
<!--893F4E4CAE11461DB5D15B0728720261-->  <AD_CLIENT_ID><![CDATA[0]]></AD_CLIENT_ID>
<!--893F4E4CAE11461DB5D15B0728720261-->  <AD_ORG_ID><![CDATA[0]]></AD_ORG_ID>
<!--893F4E4CAE11461DB5D15B0728720261-->  <ISACTIVE><![CDATA[Y]]></ISACTIVE>
<!--893F4E4CAE11461DB5D15B0728720261-->  <NAME><![CDATA[Lines]]></NAME>
<!--893F4E4CAE11461DB5D15B0728720261-->  <DESCRIPTION><![CDATA[Add budget lines.  Each line may refer to a specified period, business partner, product, etc.]]></DESCRIPTION>
<!--893F4E4CAE11461DB5D15B0728720261-->  <HELP><![CDATA[Add budget lines.  Each line may refer to a specified period, business partner, product, etc.]]></HELP>
<!--893F4E4CAE11461DB5D15B0728720261-->  <AD_TABLE_ID><![CDATA[800174]]></AD_TABLE_ID>
<!--893F4E4CAE11461DB5D15B0728720261-->  <AD_WINDOW_ID><![CDATA[BFE3B80BD5054873A5C4EFA6FD99F43A]]></AD_WINDOW_ID>
<!--893F4E4CAE11461DB5D15B0728720261-->  <SEQNO><![CDATA[10]]></SEQNO>
<!--893F4E4CAE11461DB5D15B0728720261-->  <TABLEVEL><![CDATA[1]]></TABLEVEL>
<!--893F4E4CAE11461DB5D15B0728720261-->  <ISSINGLEROW><![CDATA[N]]></ISSINGLEROW>
<!--893F4E4CAE11461DB5D15B0728720261-->  <ISINFOTAB><![CDATA[N]]></ISINFOTAB>
<!--893F4E4CAE11461DB5D15B0728720261-->  <ISTRANSLATIONTAB><![CDATA[N]]></ISTRANSLATIONTAB>
<!--893F4E4CAE11461DB5D15B0728720261-->  <ISREADONLY><![CDATA[N]]></ISREADONLY>
<!--893F4E4CAE11461DB5D15B0728720261-->  <HASTREE><![CDATA[N]]></HASTREE>
<!--893F4E4CAE11461DB5D15B0728720261-->  <PROCESSING><![CDATA[N]]></PROCESSING>
<!--893F4E4CAE11461DB5D15B0728720261-->  <IMPORTFIELDS><![CDATA[N]]></IMPORTFIELDS>
<!--893F4E4CAE11461DB5D15B0728720261-->  <ISSORTTAB><![CDATA[N]]></ISSORTTAB>
<!--893F4E4CAE11461DB5D15B0728720261-->  <AD_MODULE_ID><![CDATA[27445C8270364452BEB29669FBB21CED]]></AD_MODULE_ID>
<!--893F4E4CAE11461DB5D15B0728720261-->  <UIPATTERN><![CDATA[STD]]></UIPATTERN>
<!--893F4E4CAE11461DB5D15B0728720261-->  <SHOWPARENTBUTTONS><![CDATA[Y]]></SHOWPARENTBUTTONS>
<!--893F4E4CAE11461DB5D15B0728720261-->  <DISABLE_PARENT_KEY_PROPERTY><![CDATA[N]]></DISABLE_PARENT_KEY_PROPERTY>
<!--893F4E4CAE11461DB5D15B0728720261-->  <ISREADONLYTREE><![CDATA[N]]></ISREADONLYTREE>
<!--893F4E4CAE11461DB5D15B0728720261-->  <ISSHOWTREENODEICONS><![CDATA[Y]]></ISSHOWTREENODEICONS>
<!--893F4E4CAE11461DB5D15B0728720261-->  <EM_OBUIAPP_CAN_ADD><![CDATA[N]]></EM_OBUIAPP_CAN_ADD>
<!--893F4E4CAE11461DB5D15B0728720261-->  <EM_OBUIAPP_CAN_DELETE><![CDATA[N]]></EM_OBUIAPP_CAN_DELETE>
<!--893F4E4CAE11461DB5D15B0728720261-->  <EM_OBUIAPP_SHOW_SELECT><![CDATA[Y]]></EM_OBUIAPP_SHOW_SELECT>
<!--893F4E4CAE11461DB5D15B0728720261--></AD_TAB>

<!--8BCCEE2E6B3448DD9DD6052C544C2AEE--><AD_TAB>
<!--8BCCEE2E6B3448DD9DD6052C544C2AEE-->  <AD_TAB_ID><![CDATA[8BCCEE2E6B3448DD9DD6052C544C2AEE]]></AD_TAB_ID>
<!--8BCCEE2E6B3448DD9DD6052C544C2AEE-->  <AD_CLIENT_ID><![CDATA[0]]></AD_CLIENT_ID>
<!--8BCCEE2E6B3448DD9DD6052C544C2AEE-->  <AD_ORG_ID><![CDATA[0]]></AD_ORG_ID>
<!--8BCCEE2E6B3448DD9DD6052C544C2AEE-->  <ISACTIVE><![CDATA[Y]]></ISACTIVE>
<!--8BCCEE2E6B3448DD9DD6052C544C2AEE-->  <NAME><![CDATA[Asset Amortization]]></NAME>
<!--8BCCEE2E6B3448DD9DD6052C544C2AEE-->  <DESCRIPTION><![CDATA[Add asset amortizations for a selected asset.]]></DESCRIPTION>
<!--8BCCEE2E6B3448DD9DD6052C544C2AEE-->  <HELP><![CDATA[Add asset amortizations for a selected asset.]]></HELP>
<!--8BCCEE2E6B3448DD9DD6052C544C2AEE-->  <AD_TABLE_ID><![CDATA[800061]]></AD_TABLE_ID>
<!--8BCCEE2E6B3448DD9DD6052C544C2AEE-->  <AD_WINDOW_ID><![CDATA[B8EF74664A17470EA140155450DC68ED]]></AD_WINDOW_ID>
<!--8BCCEE2E6B3448DD9DD6052C544C2AEE-->  <SEQNO><![CDATA[20]]></SEQNO>
<!--8BCCEE2E6B3448DD9DD6052C544C2AEE-->  <TABLEVEL><![CDATA[1]]></TABLEVEL>
<!--8BCCEE2E6B3448DD9DD6052C544C2AEE-->  <ISSINGLEROW><![CDATA[N]]></ISSINGLEROW>
<!--8BCCEE2E6B3448DD9DD6052C544C2AEE-->  <ISINFOTAB><![CDATA[N]]></ISINFOTAB>
<!--8BCCEE2E6B3448DD9DD6052C544C2AEE-->  <ISTRANSLATIONTAB><![CDATA[N]]></ISTRANSLATIONTAB>
<!--8BCCEE2E6B3448DD9DD6052C544C2AEE-->  <ISREADONLY><![CDATA[N]]></ISREADONLY>
<!--8BCCEE2E6B3448DD9DD6052C544C2AEE-->  <HASTREE><![CDATA[N]]></HASTREE>
<!--8BCCEE2E6B3448DD9DD6052C544C2AEE-->  <PROCESSING><![CDATA[N]]></PROCESSING>
<!--8BCCEE2E6B3448DD9DD6052C544C2AEE-->  <IMPORTFIELDS><![CDATA[N]]></IMPORTFIELDS>
<!--8BCCEE2E6B3448DD9DD6052C544C2AEE-->  <ISSORTTAB><![CDATA[N]]></ISSORTTAB>
<!--8BCCEE2E6B3448DD9DD6052C544C2AEE-->  <AD_MODULE_ID><![CDATA[27445C8270364452BEB29669FBB21CED]]></AD_MODULE_ID>
<!--8BCCEE2E6B3448DD9DD6052C544C2AEE-->  <UIPATTERN><![CDATA[STD]]></UIPATTERN>
<!--8BCCEE2E6B3448DD9DD6052C544C2AEE-->  <HQLORDERBYCLAUSE><![CDATA[sEQNoAsset]]></HQLORDERBYCLAUSE>
<!--8BCCEE2E6B3448DD9DD6052C544C2AEE-->  <SHOWPARENTBUTTONS><![CDATA[Y]]></SHOWPARENTBUTTONS>
<!--8BCCEE2E6B3448DD9DD6052C544C2AEE-->  <DISABLE_PARENT_KEY_PROPERTY><![CDATA[N]]></DISABLE_PARENT_KEY_PROPERTY>
<!--8BCCEE2E6B3448DD9DD6052C544C2AEE-->  <ISREADONLYTREE><![CDATA[N]]></ISREADONLYTREE>
<!--8BCCEE2E6B3448DD9DD6052C544C2AEE-->  <ISSHOWTREENODEICONS><![CDATA[Y]]></ISSHOWTREENODEICONS>
<!--8BCCEE2E6B3448DD9DD6052C544C2AEE-->  <EM_OBUIAPP_CAN_ADD><![CDATA[N]]></EM_OBUIAPP_CAN_ADD>
<!--8BCCEE2E6B3448DD9DD6052C544C2AEE-->  <EM_OBUIAPP_CAN_DELETE><![CDATA[N]]></EM_OBUIAPP_CAN_DELETE>
<!--8BCCEE2E6B3448DD9DD6052C544C2AEE-->  <EM_OBUIAPP_SHOW_SELECT><![CDATA[Y]]></EM_OBUIAPP_SHOW_SELECT>
<!--8BCCEE2E6B3448DD9DD6052C544C2AEE--></AD_TAB>

<!--8F2CE8D96EB24E60A44C0FAD5868E045--><AD_TAB>
<!--8F2CE8D96EB24E60A44C0FAD5868E045-->  <AD_TAB_ID><![CDATA[8F2CE8D96EB24E60A44C0FAD5868E045]]></AD_TAB_ID>
<!--8F2CE8D96EB24E60A44C0FAD5868E045-->  <AD_CLIENT_ID><![CDATA[0]]></AD_CLIENT_ID>
<!--8F2CE8D96EB24E60A44C0FAD5868E045-->  <AD_ORG_ID><![CDATA[0]]></AD_ORG_ID>
<!--8F2CE8D96EB24E60A44C0FAD5868E045-->  <ISACTIVE><![CDATA[Y]]></ISACTIVE>
<!--8F2CE8D96EB24E60A44C0FAD5868E045-->  <NAME><![CDATA[Import Product Prices]]></NAME>
<!--8F2CE8D96EB24E60A44C0FAD5868E045-->  <DESCRIPTION><![CDATA[Import Product Prices]]></DESCRIPTION>
<!--8F2CE8D96EB24E60A44C0FAD5868E045-->  <HELP><![CDATA[You may import product price after import product (product definition and product purchasing data, using import product window). You can import several prices for a product, 1 price for 1 price list. You can not import 2 price for same product at the same price list.]]></HELP>
<!--8F2CE8D96EB24E60A44C0FAD5868E045-->  <AD_TABLE_ID><![CDATA[996EE8A24376468689D07BC1B67C69F5]]></AD_TABLE_ID>
<!--8F2CE8D96EB24E60A44C0FAD5868E045-->  <AD_WINDOW_ID><![CDATA[0D33D40AC35F4AE7862AED4602D39596]]></AD_WINDOW_ID>
<!--8F2CE8D96EB24E60A44C0FAD5868E045-->  <SEQNO><![CDATA[10]]></SEQNO>
<!--8F2CE8D96EB24E60A44C0FAD5868E045-->  <TABLEVEL><![CDATA[0]]></TABLEVEL>
<!--8F2CE8D96EB24E60A44C0FAD5868E045-->  <ISSINGLEROW><![CDATA[N]]></ISSINGLEROW>
<!--8F2CE8D96EB24E60A44C0FAD5868E045-->  <ISINFOTAB><![CDATA[N]]></ISINFOTAB>
<!--8F2CE8D96EB24E60A44C0FAD5868E045-->  <ISTRANSLATIONTAB><![CDATA[N]]></ISTRANSLATIONTAB>
<!--8F2CE8D96EB24E60A44C0FAD5868E045-->  <ISREADONLY><![CDATA[N]]></ISREADONLY>
<!--8F2CE8D96EB24E60A44C0FAD5868E045-->  <HASTREE><![CDATA[N]]></HASTREE>
<!--8F2CE8D96EB24E60A44C0FAD5868E045-->  <PROCESSING><![CDATA[N]]></PROCESSING>
<!--8F2CE8D96EB24E60A44C0FAD5868E045-->  <IMPORTFIELDS><![CDATA[N]]></IMPORTFIELDS>
<!--8F2CE8D96EB24E60A44C0FAD5868E045-->  <ISSORTTAB><![CDATA[N]]></ISSORTTAB>
<!--8F2CE8D96EB24E60A44C0FAD5868E045-->  <AD_MODULE_ID><![CDATA[27445C8270364452BEB29669FBB21CED]]></AD_MODULE_ID>
<!--8F2CE8D96EB24E60A44C0FAD5868E045-->  <UIPATTERN><![CDATA[STD]]></UIPATTERN>
<!--8F2CE8D96EB24E60A44C0FAD5868E045-->  <SHOWPARENTBUTTONS><![CDATA[Y]]></SHOWPARENTBUTTONS>
<!--8F2CE8D96EB24E60A44C0FAD5868E045-->  <DISABLE_PARENT_KEY_PROPERTY><![CDATA[N]]></DISABLE_PARENT_KEY_PROPERTY>
<!--8F2CE8D96EB24E60A44C0FAD5868E045-->  <ISREADONLYTREE><![CDATA[N]]></ISREADONLYTREE>
<!--8F2CE8D96EB24E60A44C0FAD5868E045-->  <ISSHOWTREENODEICONS><![CDATA[Y]]></ISSHOWTREENODEICONS>
<!--8F2CE8D96EB24E60A44C0FAD5868E045-->  <EM_OBUIAPP_CAN_ADD><![CDATA[N]]></EM_OBUIAPP_CAN_ADD>
<!--8F2CE8D96EB24E60A44C0FAD5868E045-->  <EM_OBUIAPP_CAN_DELETE><![CDATA[N]]></EM_OBUIAPP_CAN_DELETE>
<!--8F2CE8D96EB24E60A44C0FAD5868E045-->  <EM_OBUIAPP_SHOW_SELECT><![CDATA[Y]]></EM_OBUIAPP_SHOW_SELECT>
<!--8F2CE8D96EB24E60A44C0FAD5868E045--></AD_TAB>

<!--A1044306236C41808889CC7FDED0BB1B--><AD_TAB>
<!--A1044306236C41808889CC7FDED0BB1B-->  <AD_TAB_ID><![CDATA[A1044306236C41808889CC7FDED0BB1B]]></AD_TAB_ID>
<!--A1044306236C41808889CC7FDED0BB1B-->  <AD_CLIENT_ID><![CDATA[0]]></AD_CLIENT_ID>
<!--A1044306236C41808889CC7FDED0BB1B-->  <AD_ORG_ID><![CDATA[0]]></AD_ORG_ID>
<!--A1044306236C41808889CC7FDED0BB1B-->  <ISACTIVE><![CDATA[Y]]></ISACTIVE>
<!--A1044306236C41808889CC7FDED0BB1B-->  <NAME><![CDATA[Lines]]></NAME>
<!--A1044306236C41808889CC7FDED0BB1B-->  <DESCRIPTION><![CDATA[Add products to be included in your invoice.  Each product is added by creating a line.]]></DESCRIPTION>
<!--A1044306236C41808889CC7FDED0BB1B-->  <HELP><![CDATA[Once the sales invoice header has been properly filled in and saved each sales invoice line can be registered in this tab one by one.]]></HELP>
<!--A1044306236C41808889CC7FDED0BB1B-->  <AD_TABLE_ID><![CDATA[333]]></AD_TABLE_ID>
<!--A1044306236C41808889CC7FDED0BB1B-->  <AD_WINDOW_ID><![CDATA[042A574F5D4A4246B930F1994677D4B7]]></AD_WINDOW_ID>
<!--A1044306236C41808889CC7FDED0BB1B-->  <SEQNO><![CDATA[20]]></SEQNO>
<!--A1044306236C41808889CC7FDED0BB1B-->  <TABLEVEL><![CDATA[0]]></TABLEVEL>
<!--A1044306236C41808889CC7FDED0BB1B-->  <ISSINGLEROW><![CDATA[N]]></ISSINGLEROW>
<!--A1044306236C41808889CC7FDED0BB1B-->  <ISINFOTAB><![CDATA[N]]></ISINFOTAB>
<!--A1044306236C41808889CC7FDED0BB1B-->  <ISTRANSLATIONTAB><![CDATA[N]]></ISTRANSLATIONTAB>
<!--A1044306236C41808889CC7FDED0BB1B-->  <ISREADONLY><![CDATA[N]]></ISREADONLY>
<!--A1044306236C41808889CC7FDED0BB1B-->  <HASTREE><![CDATA[N]]></HASTREE>
<!--A1044306236C41808889CC7FDED0BB1B-->  <PROCESSING><![CDATA[N]]></PROCESSING>
<!--A1044306236C41808889CC7FDED0BB1B-->  <ISSORTTAB><![CDATA[N]]></ISSORTTAB>
<!--A1044306236C41808889CC7FDED0BB1B-->  <AD_MODULE_ID><![CDATA[27445C8270364452BEB29669FBB21CED]]></AD_MODULE_ID>
<!--A1044306236C41808889CC7FDED0BB1B-->  <UIPATTERN><![CDATA[STD]]></UIPATTERN>
<!--A1044306236C41808889CC7FDED0BB1B-->  <HQLWHERECLAUSE><![CDATA[e.invoice.salesTransaction=true]]></HQLWHERECLAUSE>
<!--A1044306236C41808889CC7FDED0BB1B-->  <HQLORDERBYCLAUSE><![CDATA[lineNo]]></HQLORDERBYCLAUSE>
<!--A1044306236C41808889CC7FDED0BB1B-->  <SHOWPARENTBUTTONS><![CDATA[Y]]></SHOWPARENTBUTTONS>
<!--A1044306236C41808889CC7FDED0BB1B-->  <DISABLE_PARENT_KEY_PROPERTY><![CDATA[N]]></DISABLE_PARENT_KEY_PROPERTY>
<!--A1044306236C41808889CC7FDED0BB1B-->  <ISREADONLYTREE><![CDATA[N]]></ISREADONLYTREE>
<!--A1044306236C41808889CC7FDED0BB1B-->  <ISSHOWTREENODEICONS><![CDATA[Y]]></ISSHOWTREENODEICONS>
<!--A1044306236C41808889CC7FDED0BB1B-->  <EM_OBUIAPP_CAN_ADD><![CDATA[N]]></EM_OBUIAPP_CAN_ADD>
<!--A1044306236C41808889CC7FDED0BB1B-->  <EM_OBUIAPP_CAN_DELETE><![CDATA[N]]></EM_OBUIAPP_CAN_DELETE>
<!--A1044306236C41808889CC7FDED0BB1B-->  <EM_OBUIAPP_SHOW_SELECT><![CDATA[Y]]></EM_OBUIAPP_SHOW_SELECT>
<!--A1044306236C41808889CC7FDED0BB1B--></AD_TAB>

<!--A975044C9C2C49CE85C2DDEEA1032534--><AD_TAB>
<!--A975044C9C2C49CE85C2DDEEA1032534-->  <AD_TAB_ID><![CDATA[A975044C9C2C49CE85C2DDEEA1032534]]></AD_TAB_ID>
<!--A975044C9C2C49CE85C2DDEEA1032534-->  <AD_CLIENT_ID><![CDATA[0]]></AD_CLIENT_ID>
<!--A975044C9C2C49CE85C2DDEEA1032534-->  <AD_ORG_ID><![CDATA[0]]></AD_ORG_ID>
<!--A975044C9C2C49CE85C2DDEEA1032534-->  <ISACTIVE><![CDATA[Y]]></ISACTIVE>
<!--A975044C9C2C49CE85C2DDEEA1032534-->  <NAME><![CDATA[Import Products Cost]]></NAME>
<!--A975044C9C2C49CE85C2DDEEA1032534-->  <DESCRIPTION><![CDATA[Import Product Cost to define the latest costing at the begining of accounting period]]></DESCRIPTION>
<!--A975044C9C2C49CE85C2DDEEA1032534-->  <HELP><![CDATA[Import Product Cost to define the latest costing at the begining of accounting period. By providing the product cost you are allowed to see the valued stock value, and also post the 1st Goods Receipt document. Beside that, you will get matched value of your inventory in the warehouse and in your balance sheet.]]></HELP>
<!--A975044C9C2C49CE85C2DDEEA1032534-->  <AD_TABLE_ID><![CDATA[20AC2772B8F64FDBAE527D7FF46EF961]]></AD_TABLE_ID>
<!--A975044C9C2C49CE85C2DDEEA1032534-->  <AD_WINDOW_ID><![CDATA[7BD03245396B4345909BCC97045E651A]]></AD_WINDOW_ID>
<!--A975044C9C2C49CE85C2DDEEA1032534-->  <SEQNO><![CDATA[10]]></SEQNO>
<!--A975044C9C2C49CE85C2DDEEA1032534-->  <TABLEVEL><![CDATA[0]]></TABLEVEL>
<!--A975044C9C2C49CE85C2DDEEA1032534-->  <ISSINGLEROW><![CDATA[N]]></ISSINGLEROW>
<!--A975044C9C2C49CE85C2DDEEA1032534-->  <ISINFOTAB><![CDATA[N]]></ISINFOTAB>
<!--A975044C9C2C49CE85C2DDEEA1032534-->  <ISTRANSLATIONTAB><![CDATA[N]]></ISTRANSLATIONTAB>
<!--A975044C9C2C49CE85C2DDEEA1032534-->  <ISREADONLY><![CDATA[N]]></ISREADONLY>
<!--A975044C9C2C49CE85C2DDEEA1032534-->  <HASTREE><![CDATA[N]]></HASTREE>
<!--A975044C9C2C49CE85C2DDEEA1032534-->  <PROCESSING><![CDATA[N]]></PROCESSING>
<!--A975044C9C2C49CE85C2DDEEA1032534-->  <IMPORTFIELDS><![CDATA[N]]></IMPORTFIELDS>
<!--A975044C9C2C49CE85C2DDEEA1032534-->  <ISSORTTAB><![CDATA[N]]></ISSORTTAB>
<!--A975044C9C2C49CE85C2DDEEA1032534-->  <AD_MODULE_ID><![CDATA[27445C8270364452BEB29669FBB21CED]]></AD_MODULE_ID>
<!--A975044C9C2C49CE85C2DDEEA1032534-->  <UIPATTERN><![CDATA[STD]]></UIPATTERN>
<!--A975044C9C2C49CE85C2DDEEA1032534-->  <SHOWPARENTBUTTONS><![CDATA[Y]]></SHOWPARENTBUTTONS>
<!--A975044C9C2C49CE85C2DDEEA1032534-->  <DISABLE_PARENT_KEY_PROPERTY><![CDATA[N]]></DISABLE_PARENT_KEY_PROPERTY>
<!--A975044C9C2C49CE85C2DDEEA1032534-->  <ISREADONLYTREE><![CDATA[N]]></ISREADONLYTREE>
<!--A975044C9C2C49CE85C2DDEEA1032534-->  <ISSHOWTREENODEICONS><![CDATA[Y]]></ISSHOWTREENODEICONS>
<!--A975044C9C2C49CE85C2DDEEA1032534-->  <EM_OBUIAPP_CAN_ADD><![CDATA[N]]></EM_OBUIAPP_CAN_ADD>
<!--A975044C9C2C49CE85C2DDEEA1032534-->  <EM_OBUIAPP_CAN_DELETE><![CDATA[N]]></EM_OBUIAPP_CAN_DELETE>
<!--A975044C9C2C49CE85C2DDEEA1032534-->  <EM_OBUIAPP_SHOW_SELECT><![CDATA[Y]]></EM_OBUIAPP_SHOW_SELECT>
<!--A975044C9C2C49CE85C2DDEEA1032534--></AD_TAB>

<!--B546331C170940DE9CF4558A278C7B39--><AD_TAB>
<!--B546331C170940DE9CF4558A278C7B39-->  <AD_TAB_ID><![CDATA[B546331C170940DE9CF4558A278C7B39]]></AD_TAB_ID>
<!--B546331C170940DE9CF4558A278C7B39-->  <AD_CLIENT_ID><![CDATA[0]]></AD_CLIENT_ID>
<!--B546331C170940DE9CF4558A278C7B39-->  <AD_ORG_ID><![CDATA[0]]></AD_ORG_ID>
<!--B546331C170940DE9CF4558A278C7B39-->  <ISACTIVE><![CDATA[Y]]></ISACTIVE>
<!--B546331C170940DE9CF4558A278C7B39-->  <NAME><![CDATA[Import Inventory]]></NAME>
<!--B546331C170940DE9CF4558A278C7B39-->  <DESCRIPTION><![CDATA[Import Inventory]]></DESCRIPTION>
<!--B546331C170940DE9CF4558A278C7B39-->  <HELP><![CDATA[Import Inventory for Opening balance]]></HELP>
<!--B546331C170940DE9CF4558A278C7B39-->  <AD_TABLE_ID><![CDATA[0F8C33F4BFEA4B1D82F08CB3D176457B]]></AD_TABLE_ID>
<!--B546331C170940DE9CF4558A278C7B39-->  <AD_WINDOW_ID><![CDATA[179B637B416345B9AE8A3B9633246450]]></AD_WINDOW_ID>
<!--B546331C170940DE9CF4558A278C7B39-->  <SEQNO><![CDATA[10]]></SEQNO>
<!--B546331C170940DE9CF4558A278C7B39-->  <TABLEVEL><![CDATA[0]]></TABLEVEL>
<!--B546331C170940DE9CF4558A278C7B39-->  <ISSINGLEROW><![CDATA[N]]></ISSINGLEROW>
<!--B546331C170940DE9CF4558A278C7B39-->  <ISINFOTAB><![CDATA[N]]></ISINFOTAB>
<!--B546331C170940DE9CF4558A278C7B39-->  <ISTRANSLATIONTAB><![CDATA[N]]></ISTRANSLATIONTAB>
<!--B546331C170940DE9CF4558A278C7B39-->  <ISREADONLY><![CDATA[N]]></ISREADONLY>
<!--B546331C170940DE9CF4558A278C7B39-->  <HASTREE><![CDATA[N]]></HASTREE>
<!--B546331C170940DE9CF4558A278C7B39-->  <PROCESSING><![CDATA[N]]></PROCESSING>
<!--B546331C170940DE9CF4558A278C7B39-->  <IMPORTFIELDS><![CDATA[N]]></IMPORTFIELDS>
<!--B546331C170940DE9CF4558A278C7B39-->  <ISSORTTAB><![CDATA[N]]></ISSORTTAB>
<!--B546331C170940DE9CF4558A278C7B39-->  <AD_MODULE_ID><![CDATA[27445C8270364452BEB29669FBB21CED]]></AD_MODULE_ID>
<!--B546331C170940DE9CF4558A278C7B39-->  <UIPATTERN><![CDATA[STD]]></UIPATTERN>
<!--B546331C170940DE9CF4558A278C7B39-->  <SHOWPARENTBUTTONS><![CDATA[Y]]></SHOWPARENTBUTTONS>
<!--B546331C170940DE9CF4558A278C7B39-->  <DISABLE_PARENT_KEY_PROPERTY><![CDATA[N]]></DISABLE_PARENT_KEY_PROPERTY>
<!--B546331C170940DE9CF4558A278C7B39-->  <ISREADONLYTREE><![CDATA[N]]></ISREADONLYTREE>
<!--B546331C170940DE9CF4558A278C7B39-->  <ISSHOWTREENODEICONS><![CDATA[Y]]></ISSHOWTREENODEICONS>
<!--B546331C170940DE9CF4558A278C7B39-->  <EM_OBUIAPP_CAN_ADD><![CDATA[N]]></EM_OBUIAPP_CAN_ADD>
<!--B546331C170940DE9CF4558A278C7B39-->  <EM_OBUIAPP_CAN_DELETE><![CDATA[N]]></EM_OBUIAPP_CAN_DELETE>
<!--B546331C170940DE9CF4558A278C7B39-->  <EM_OBUIAPP_SHOW_SELECT><![CDATA[Y]]></EM_OBUIAPP_SHOW_SELECT>
<!--B546331C170940DE9CF4558A278C7B39--></AD_TAB>

<!--BDFECADAEEE94B7DB4E54EDCA681DB0B--><AD_TAB>
<!--BDFECADAEEE94B7DB4E54EDCA681DB0B-->  <AD_TAB_ID><![CDATA[BDFECADAEEE94B7DB4E54EDCA681DB0B]]></AD_TAB_ID>
<!--BDFECADAEEE94B7DB4E54EDCA681DB0B-->  <AD_CLIENT_ID><![CDATA[0]]></AD_CLIENT_ID>
<!--BDFECADAEEE94B7DB4E54EDCA681DB0B-->  <AD_ORG_ID><![CDATA[0]]></AD_ORG_ID>
<!--BDFECADAEEE94B7DB4E54EDCA681DB0B-->  <ISACTIVE><![CDATA[Y]]></ISACTIVE>
<!--BDFECADAEEE94B7DB4E54EDCA681DB0B-->  <NAME><![CDATA[Accounting]]></NAME>
<!--BDFECADAEEE94B7DB4E54EDCA681DB0B-->  <DESCRIPTION><![CDATA[Create and edit G/L accounts to be used in transactions which include a selected asset.]]></DESCRIPTION>
<!--BDFECADAEEE94B7DB4E54EDCA681DB0B-->  <HELP><![CDATA[Create and edit G/L accounts to be used in transactions which include a selected asset.]]></HELP>
<!--BDFECADAEEE94B7DB4E54EDCA681DB0B-->  <AD_TABLE_ID><![CDATA[800170]]></AD_TABLE_ID>
<!--BDFECADAEEE94B7DB4E54EDCA681DB0B-->  <AD_WINDOW_ID><![CDATA[B8EF74664A17470EA140155450DC68ED]]></AD_WINDOW_ID>
<!--BDFECADAEEE94B7DB4E54EDCA681DB0B-->  <SEQNO><![CDATA[30]]></SEQNO>
<!--BDFECADAEEE94B7DB4E54EDCA681DB0B-->  <TABLEVEL><![CDATA[1]]></TABLEVEL>
<!--BDFECADAEEE94B7DB4E54EDCA681DB0B-->  <ISSINGLEROW><![CDATA[N]]></ISSINGLEROW>
<!--BDFECADAEEE94B7DB4E54EDCA681DB0B-->  <ISINFOTAB><![CDATA[Y]]></ISINFOTAB>
<!--BDFECADAEEE94B7DB4E54EDCA681DB0B-->  <ISTRANSLATIONTAB><![CDATA[N]]></ISTRANSLATIONTAB>
<!--BDFECADAEEE94B7DB4E54EDCA681DB0B-->  <ISREADONLY><![CDATA[N]]></ISREADONLY>
<!--BDFECADAEEE94B7DB4E54EDCA681DB0B-->  <HASTREE><![CDATA[N]]></HASTREE>
<!--BDFECADAEEE94B7DB4E54EDCA681DB0B-->  <PROCESSING><![CDATA[N]]></PROCESSING>
<!--BDFECADAEEE94B7DB4E54EDCA681DB0B-->  <IMPORTFIELDS><![CDATA[N]]></IMPORTFIELDS>
<!--BDFECADAEEE94B7DB4E54EDCA681DB0B-->  <ISSORTTAB><![CDATA[N]]></ISSORTTAB>
<!--BDFECADAEEE94B7DB4E54EDCA681DB0B-->  <AD_MODULE_ID><![CDATA[27445C8270364452BEB29669FBB21CED]]></AD_MODULE_ID>
<!--BDFECADAEEE94B7DB4E54EDCA681DB0B-->  <UIPATTERN><![CDATA[STD]]></UIPATTERN>
<!--BDFECADAEEE94B7DB4E54EDCA681DB0B-->  <SHOWPARENTBUTTONS><![CDATA[Y]]></SHOWPARENTBUTTONS>
<!--BDFECADAEEE94B7DB4E54EDCA681DB0B-->  <DISABLE_PARENT_KEY_PROPERTY><![CDATA[N]]></DISABLE_PARENT_KEY_PROPERTY>
<!--BDFECADAEEE94B7DB4E54EDCA681DB0B-->  <ISREADONLYTREE><![CDATA[N]]></ISREADONLYTREE>
<!--BDFECADAEEE94B7DB4E54EDCA681DB0B-->  <ISSHOWTREENODEICONS><![CDATA[Y]]></ISSHOWTREENODEICONS>
<!--BDFECADAEEE94B7DB4E54EDCA681DB0B-->  <EM_OBUIAPP_CAN_ADD><![CDATA[N]]></EM_OBUIAPP_CAN_ADD>
<!--BDFECADAEEE94B7DB4E54EDCA681DB0B-->  <EM_OBUIAPP_CAN_DELETE><![CDATA[N]]></EM_OBUIAPP_CAN_DELETE>
<!--BDFECADAEEE94B7DB4E54EDCA681DB0B-->  <EM_OBUIAPP_SHOW_SELECT><![CDATA[Y]]></EM_OBUIAPP_SHOW_SELECT>
<!--BDFECADAEEE94B7DB4E54EDCA681DB0B--></AD_TAB>

<!--C2714FE5632E4DC6990A2FC2F243F73D--><AD_TAB>
<!--C2714FE5632E4DC6990A2FC2F243F73D-->  <AD_TAB_ID><![CDATA[C2714FE5632E4DC6990A2FC2F243F73D]]></AD_TAB_ID>
<!--C2714FE5632E4DC6990A2FC2F243F73D-->  <AD_CLIENT_ID><![CDATA[0]]></AD_CLIENT_ID>
<!--C2714FE5632E4DC6990A2FC2F243F73D-->  <AD_ORG_ID><![CDATA[0]]></AD_ORG_ID>
<!--C2714FE5632E4DC6990A2FC2F243F73D-->  <ISACTIVE><![CDATA[Y]]></ISACTIVE>
<!--C2714FE5632E4DC6990A2FC2F243F73D-->  <NAME><![CDATA[Table Import]]></NAME>
<!--C2714FE5632E4DC6990A2FC2F243F73D-->  <AD_TABLE_ID><![CDATA[82EC13E51DFD44429743A737C51A3D2E]]></AD_TABLE_ID>
<!--C2714FE5632E4DC6990A2FC2F243F73D-->  <AD_WINDOW_ID><![CDATA[1C5D969B0F3A4843A0609E4B88DAF48B]]></AD_WINDOW_ID>
<!--C2714FE5632E4DC6990A2FC2F243F73D-->  <SEQNO><![CDATA[10]]></SEQNO>
<!--C2714FE5632E4DC6990A2FC2F243F73D-->  <TABLEVEL><![CDATA[0]]></TABLEVEL>
<!--C2714FE5632E4DC6990A2FC2F243F73D-->  <ISSINGLEROW><![CDATA[N]]></ISSINGLEROW>
<!--C2714FE5632E4DC6990A2FC2F243F73D-->  <ISINFOTAB><![CDATA[N]]></ISINFOTAB>
<!--C2714FE5632E4DC6990A2FC2F243F73D-->  <ISTRANSLATIONTAB><![CDATA[N]]></ISTRANSLATIONTAB>
<!--C2714FE5632E4DC6990A2FC2F243F73D-->  <ISREADONLY><![CDATA[N]]></ISREADONLY>
<!--C2714FE5632E4DC6990A2FC2F243F73D-->  <HASTREE><![CDATA[N]]></HASTREE>
<!--C2714FE5632E4DC6990A2FC2F243F73D-->  <PROCESSING><![CDATA[N]]></PROCESSING>
<!--C2714FE5632E4DC6990A2FC2F243F73D-->  <IMPORTFIELDS><![CDATA[N]]></IMPORTFIELDS>
<!--C2714FE5632E4DC6990A2FC2F243F73D-->  <ISSORTTAB><![CDATA[N]]></ISSORTTAB>
<!--C2714FE5632E4DC6990A2FC2F243F73D-->  <AD_MODULE_ID><![CDATA[27445C8270364452BEB29669FBB21CED]]></AD_MODULE_ID>
<!--C2714FE5632E4DC6990A2FC2F243F73D-->  <UIPATTERN><![CDATA[STD]]></UIPATTERN>
<!--C2714FE5632E4DC6990A2FC2F243F73D-->  <SHOWPARENTBUTTONS><![CDATA[Y]]></SHOWPARENTBUTTONS>
<!--C2714FE5632E4DC6990A2FC2F243F73D-->  <DISABLE_PARENT_KEY_PROPERTY><![CDATA[N]]></DISABLE_PARENT_KEY_PROPERTY>
<!--C2714FE5632E4DC6990A2FC2F243F73D-->  <ISREADONLYTREE><![CDATA[N]]></ISREADONLYTREE>
<!--C2714FE5632E4DC6990A2FC2F243F73D-->  <ISSHOWTREENODEICONS><![CDATA[Y]]></ISSHOWTREENODEICONS>
<!--C2714FE5632E4DC6990A2FC2F243F73D-->  <EM_OBUIAPP_CAN_ADD><![CDATA[N]]></EM_OBUIAPP_CAN_ADD>
<!--C2714FE5632E4DC6990A2FC2F243F73D-->  <EM_OBUIAPP_CAN_DELETE><![CDATA[N]]></EM_OBUIAPP_CAN_DELETE>
<!--C2714FE5632E4DC6990A2FC2F243F73D-->  <EM_OBUIAPP_SHOW_SELECT><![CDATA[Y]]></EM_OBUIAPP_SHOW_SELECT>
<!--C2714FE5632E4DC6990A2FC2F243F73D--></AD_TAB>

<!--C45C2DFFF5AF452FBE47E08D24D08F14--><AD_TAB>
<!--C45C2DFFF5AF452FBE47E08D24D08F14-->  <AD_TAB_ID><![CDATA[C45C2DFFF5AF452FBE47E08D24D08F14]]></AD_TAB_ID>
<!--C45C2DFFF5AF452FBE47E08D24D08F14-->  <AD_CLIENT_ID><![CDATA[0]]></AD_CLIENT_ID>
<!--C45C2DFFF5AF452FBE47E08D24D08F14-->  <AD_ORG_ID><![CDATA[0]]></AD_ORG_ID>
<!--C45C2DFFF5AF452FBE47E08D24D08F14-->  <ISACTIVE><![CDATA[Y]]></ISACTIVE>
<!--C45C2DFFF5AF452FBE47E08D24D08F14-->  <NAME><![CDATA[Document Routing]]></NAME>
<!--C45C2DFFF5AF452FBE47E08D24D08F14-->  <AD_TABLE_ID><![CDATA[0659C0E4997049D8ABBA6EA848DA1D3B]]></AD_TABLE_ID>
<!--C45C2DFFF5AF452FBE47E08D24D08F14-->  <AD_WINDOW_ID><![CDATA[111]]></AD_WINDOW_ID>
<!--C45C2DFFF5AF452FBE47E08D24D08F14-->  <SEQNO><![CDATA[130]]></SEQNO>
<!--C45C2DFFF5AF452FBE47E08D24D08F14-->  <TABLEVEL><![CDATA[1]]></TABLEVEL>
<!--C45C2DFFF5AF452FBE47E08D24D08F14-->  <ISSINGLEROW><![CDATA[N]]></ISSINGLEROW>
<!--C45C2DFFF5AF452FBE47E08D24D08F14-->  <ISINFOTAB><![CDATA[N]]></ISINFOTAB>
<!--C45C2DFFF5AF452FBE47E08D24D08F14-->  <ISTRANSLATIONTAB><![CDATA[N]]></ISTRANSLATIONTAB>
<!--C45C2DFFF5AF452FBE47E08D24D08F14-->  <ISREADONLY><![CDATA[N]]></ISREADONLY>
<!--C45C2DFFF5AF452FBE47E08D24D08F14-->  <HASTREE><![CDATA[N]]></HASTREE>
<!--C45C2DFFF5AF452FBE47E08D24D08F14-->  <PROCESSING><![CDATA[N]]></PROCESSING>
<!--C45C2DFFF5AF452FBE47E08D24D08F14-->  <IMPORTFIELDS><![CDATA[N]]></IMPORTFIELDS>
<!--C45C2DFFF5AF452FBE47E08D24D08F14-->  <ISSORTTAB><![CDATA[N]]></ISSORTTAB>
<!--C45C2DFFF5AF452FBE47E08D24D08F14-->  <AD_MODULE_ID><![CDATA[27445C8270364452BEB29669FBB21CED]]></AD_MODULE_ID>
<!--C45C2DFFF5AF452FBE47E08D24D08F14-->  <UIPATTERN><![CDATA[STD]]></UIPATTERN>
<!--C45C2DFFF5AF452FBE47E08D24D08F14-->  <SHOWPARENTBUTTONS><![CDATA[Y]]></SHOWPARENTBUTTONS>
<!--C45C2DFFF5AF452FBE47E08D24D08F14-->  <DISABLE_PARENT_KEY_PROPERTY><![CDATA[N]]></DISABLE_PARENT_KEY_PROPERTY>
<!--C45C2DFFF5AF452FBE47E08D24D08F14-->  <ISREADONLYTREE><![CDATA[N]]></ISREADONLYTREE>
<!--C45C2DFFF5AF452FBE47E08D24D08F14-->  <ISSHOWTREENODEICONS><![CDATA[Y]]></ISSHOWTREENODEICONS>
<!--C45C2DFFF5AF452FBE47E08D24D08F14-->  <EM_OBUIAPP_CAN_ADD><![CDATA[N]]></EM_OBUIAPP_CAN_ADD>
<!--C45C2DFFF5AF452FBE47E08D24D08F14-->  <EM_OBUIAPP_CAN_DELETE><![CDATA[N]]></EM_OBUIAPP_CAN_DELETE>
<!--C45C2DFFF5AF452FBE47E08D24D08F14-->  <EM_OBUIAPP_SHOW_SELECT><![CDATA[Y]]></EM_OBUIAPP_SHOW_SELECT>
<!--C45C2DFFF5AF452FBE47E08D24D08F14--></AD_TAB>

<!--C4EC4D1AC6C14228A39BA05B333347B9--><AD_TAB>
<!--C4EC4D1AC6C14228A39BA05B333347B9-->  <AD_TAB_ID><![CDATA[C4EC4D1AC6C14228A39BA05B333347B9]]></AD_TAB_ID>
<!--C4EC4D1AC6C14228A39BA05B333347B9-->  <AD_CLIENT_ID><![CDATA[0]]></AD_CLIENT_ID>
<!--C4EC4D1AC6C14228A39BA05B333347B9-->  <AD_ORG_ID><![CDATA[0]]></AD_ORG_ID>
<!--C4EC4D1AC6C14228A39BA05B333347B9-->  <ISACTIVE><![CDATA[Y]]></ISACTIVE>
<!--C4EC4D1AC6C14228A39BA05B333347B9-->  <NAME><![CDATA[Product Details View]]></NAME>
<!--C4EC4D1AC6C14228A39BA05B333347B9-->  <AD_TABLE_ID><![CDATA[208]]></AD_TABLE_ID>
<!--C4EC4D1AC6C14228A39BA05B333347B9-->  <AD_WINDOW_ID><![CDATA[AC07F2B531DC4F4EB5C557DFCCBCF024]]></AD_WINDOW_ID>
<!--C4EC4D1AC6C14228A39BA05B333347B9-->  <SEQNO><![CDATA[10]]></SEQNO>
<!--C4EC4D1AC6C14228A39BA05B333347B9-->  <TABLEVEL><![CDATA[0]]></TABLEVEL>
<!--C4EC4D1AC6C14228A39BA05B333347B9-->  <ISSINGLEROW><![CDATA[N]]></ISSINGLEROW>
<!--C4EC4D1AC6C14228A39BA05B333347B9-->  <ISINFOTAB><![CDATA[N]]></ISINFOTAB>
<!--C4EC4D1AC6C14228A39BA05B333347B9-->  <ISTRANSLATIONTAB><![CDATA[N]]></ISTRANSLATIONTAB>
<!--C4EC4D1AC6C14228A39BA05B333347B9-->  <ISREADONLY><![CDATA[N]]></ISREADONLY>
<!--C4EC4D1AC6C14228A39BA05B333347B9-->  <HASTREE><![CDATA[N]]></HASTREE>
<!--C4EC4D1AC6C14228A39BA05B333347B9-->  <PROCESSING><![CDATA[N]]></PROCESSING>
<!--C4EC4D1AC6C14228A39BA05B333347B9-->  <IMPORTFIELDS><![CDATA[N]]></IMPORTFIELDS>
<!--C4EC4D1AC6C14228A39BA05B333347B9-->  <ISSORTTAB><![CDATA[N]]></ISSORTTAB>
<!--C4EC4D1AC6C14228A39BA05B333347B9-->  <AD_MODULE_ID><![CDATA[27445C8270364452BEB29669FBB21CED]]></AD_MODULE_ID>
<!--C4EC4D1AC6C14228A39BA05B333347B9-->  <UIPATTERN><![CDATA[STD]]></UIPATTERN>
<!--C4EC4D1AC6C14228A39BA05B333347B9-->  <SHOWPARENTBUTTONS><![CDATA[Y]]></SHOWPARENTBUTTONS>
<!--C4EC4D1AC6C14228A39BA05B333347B9-->  <DISABLE_PARENT_KEY_PROPERTY><![CDATA[N]]></DISABLE_PARENT_KEY_PROPERTY>
<!--C4EC4D1AC6C14228A39BA05B333347B9-->  <ISREADONLYTREE><![CDATA[N]]></ISREADONLYTREE>
<!--C4EC4D1AC6C14228A39BA05B333347B9-->  <ISSHOWTREENODEICONS><![CDATA[Y]]></ISSHOWTREENODEICONS>
<!--C4EC4D1AC6C14228A39BA05B333347B9-->  <EM_OBUIAPP_CAN_ADD><![CDATA[N]]></EM_OBUIAPP_CAN_ADD>
<!--C4EC4D1AC6C14228A39BA05B333347B9-->  <EM_OBUIAPP_CAN_DELETE><![CDATA[N]]></EM_OBUIAPP_CAN_DELETE>
<!--C4EC4D1AC6C14228A39BA05B333347B9-->  <EM_OBUIAPP_SHOW_SELECT><![CDATA[Y]]></EM_OBUIAPP_SHOW_SELECT>
<!--C4EC4D1AC6C14228A39BA05B333347B9--></AD_TAB>

<!--D58AEFA8E3E14257A9D2A30553651205--><AD_TAB>
<!--D58AEFA8E3E14257A9D2A30553651205-->  <AD_TAB_ID><![CDATA[D58AEFA8E3E14257A9D2A30553651205]]></AD_TAB_ID>
<!--D58AEFA8E3E14257A9D2A30553651205-->  <AD_CLIENT_ID><![CDATA[0]]></AD_CLIENT_ID>
<!--D58AEFA8E3E14257A9D2A30553651205-->  <AD_ORG_ID><![CDATA[0]]></AD_ORG_ID>
<!--D58AEFA8E3E14257A9D2A30553651205-->  <ISACTIVE><![CDATA[Y]]></ISACTIVE>
<!--D58AEFA8E3E14257A9D2A30553651205-->  <NAME><![CDATA[Header]]></NAME>
<!--D58AEFA8E3E14257A9D2A30553651205-->  <AD_TABLE_ID><![CDATA[800022]]></AD_TABLE_ID>
<!--D58AEFA8E3E14257A9D2A30553651205-->  <AD_WINDOW_ID><![CDATA[800007]]></AD_WINDOW_ID>
<!--D58AEFA8E3E14257A9D2A30553651205-->  <SEQNO><![CDATA[30]]></SEQNO>
<!--D58AEFA8E3E14257A9D2A30553651205-->  <TABLEVEL><![CDATA[0]]></TABLEVEL>
<!--D58AEFA8E3E14257A9D2A30553651205-->  <ISSINGLEROW><![CDATA[N]]></ISSINGLEROW>
<!--D58AEFA8E3E14257A9D2A30553651205-->  <ISINFOTAB><![CDATA[N]]></ISINFOTAB>
<!--D58AEFA8E3E14257A9D2A30553651205-->  <ISTRANSLATIONTAB><![CDATA[N]]></ISTRANSLATIONTAB>
<!--D58AEFA8E3E14257A9D2A30553651205-->  <ISREADONLY><![CDATA[N]]></ISREADONLY>
<!--D58AEFA8E3E14257A9D2A30553651205-->  <HASTREE><![CDATA[N]]></HASTREE>
<!--D58AEFA8E3E14257A9D2A30553651205-->  <PROCESSING><![CDATA[N]]></PROCESSING>
<!--D58AEFA8E3E14257A9D2A30553651205-->  <IMPORTFIELDS><![CDATA[N]]></IMPORTFIELDS>
<!--D58AEFA8E3E14257A9D2A30553651205-->  <ISSORTTAB><![CDATA[N]]></ISSORTTAB>
<!--D58AEFA8E3E14257A9D2A30553651205-->  <AD_MODULE_ID><![CDATA[27445C8270364452BEB29669FBB21CED]]></AD_MODULE_ID>
<!--D58AEFA8E3E14257A9D2A30553651205-->  <UIPATTERN><![CDATA[STD]]></UIPATTERN>
<!--D58AEFA8E3E14257A9D2A30553651205-->  <SHOWPARENTBUTTONS><![CDATA[Y]]></SHOWPARENTBUTTONS>
<!--D58AEFA8E3E14257A9D2A30553651205-->  <DISABLE_PARENT_KEY_PROPERTY><![CDATA[N]]></DISABLE_PARENT_KEY_PROPERTY>
<!--D58AEFA8E3E14257A9D2A30553651205-->  <ISREADONLYTREE><![CDATA[N]]></ISREADONLYTREE>
<!--D58AEFA8E3E14257A9D2A30553651205-->  <ISSHOWTREENODEICONS><![CDATA[Y]]></ISSHOWTREENODEICONS>
<!--D58AEFA8E3E14257A9D2A30553651205-->  <EM_OBUIAPP_CAN_ADD><![CDATA[N]]></EM_OBUIAPP_CAN_ADD>
<!--D58AEFA8E3E14257A9D2A30553651205-->  <EM_OBUIAPP_CAN_DELETE><![CDATA[N]]></EM_OBUIAPP_CAN_DELETE>
<!--D58AEFA8E3E14257A9D2A30553651205-->  <EM_OBUIAPP_SHOW_SELECT><![CDATA[Y]]></EM_OBUIAPP_SHOW_SELECT>
<!--D58AEFA8E3E14257A9D2A30553651205--></AD_TAB>

<!--DA3FFEDF40384E2A947E5C544032BB4B--><AD_TAB>
<!--DA3FFEDF40384E2A947E5C544032BB4B-->  <AD_TAB_ID><![CDATA[DA3FFEDF40384E2A947E5C544032BB4B]]></AD_TAB_ID>
<!--DA3FFEDF40384E2A947E5C544032BB4B-->  <AD_CLIENT_ID><![CDATA[0]]></AD_CLIENT_ID>
<!--DA3FFEDF40384E2A947E5C544032BB4B-->  <AD_ORG_ID><![CDATA[0]]></AD_ORG_ID>
<!--DA3FFEDF40384E2A947E5C544032BB4B-->  <ISACTIVE><![CDATA[Y]]></ISACTIVE>
<!--DA3FFEDF40384E2A947E5C544032BB4B-->  <NAME><![CDATA[Sales Commission Transaction]]></NAME>
<!--DA3FFEDF40384E2A947E5C544032BB4B-->  <AD_TABLE_ID><![CDATA[2414B78C0FED411088DE06414B3ED0AE]]></AD_TABLE_ID>
<!--DA3FFEDF40384E2A947E5C544032BB4B-->  <AD_WINDOW_ID><![CDATA[23597635A0D940508401D8FB6AD035B6]]></AD_WINDOW_ID>
<!--DA3FFEDF40384E2A947E5C544032BB4B-->  <SEQNO><![CDATA[10]]></SEQNO>
<!--DA3FFEDF40384E2A947E5C544032BB4B-->  <TABLEVEL><![CDATA[0]]></TABLEVEL>
<!--DA3FFEDF40384E2A947E5C544032BB4B-->  <ISSINGLEROW><![CDATA[N]]></ISSINGLEROW>
<!--DA3FFEDF40384E2A947E5C544032BB4B-->  <ISINFOTAB><![CDATA[N]]></ISINFOTAB>
<!--DA3FFEDF40384E2A947E5C544032BB4B-->  <ISTRANSLATIONTAB><![CDATA[N]]></ISTRANSLATIONTAB>
<!--DA3FFEDF40384E2A947E5C544032BB4B-->  <ISREADONLY><![CDATA[N]]></ISREADONLY>
<!--DA3FFEDF40384E2A947E5C544032BB4B-->  <HASTREE><![CDATA[N]]></HASTREE>
<!--DA3FFEDF40384E2A947E5C544032BB4B-->  <PROCESSING><![CDATA[N]]></PROCESSING>
<!--DA3FFEDF40384E2A947E5C544032BB4B-->  <IMPORTFIELDS><![CDATA[N]]></IMPORTFIELDS>
<!--DA3FFEDF40384E2A947E5C544032BB4B-->  <ISSORTTAB><![CDATA[N]]></ISSORTTAB>
<!--DA3FFEDF40384E2A947E5C544032BB4B-->  <AD_MODULE_ID><![CDATA[27445C8270364452BEB29669FBB21CED]]></AD_MODULE_ID>
<!--DA3FFEDF40384E2A947E5C544032BB4B-->  <UIPATTERN><![CDATA[RO]]></UIPATTERN>
<!--DA3FFEDF40384E2A947E5C544032BB4B-->  <SHOWPARENTBUTTONS><![CDATA[Y]]></SHOWPARENTBUTTONS>
<!--DA3FFEDF40384E2A947E5C544032BB4B-->  <DISABLE_PARENT_KEY_PROPERTY><![CDATA[N]]></DISABLE_PARENT_KEY_PROPERTY>
<!--DA3FFEDF40384E2A947E5C544032BB4B-->  <ISREADONLYTREE><![CDATA[N]]></ISREADONLYTREE>
<!--DA3FFEDF40384E2A947E5C544032BB4B-->  <ISSHOWTREENODEICONS><![CDATA[Y]]></ISSHOWTREENODEICONS>
<!--DA3FFEDF40384E2A947E5C544032BB4B-->  <EM_OBUIAPP_CAN_ADD><![CDATA[N]]></EM_OBUIAPP_CAN_ADD>
<!--DA3FFEDF40384E2A947E5C544032BB4B-->  <EM_OBUIAPP_CAN_DELETE><![CDATA[N]]></EM_OBUIAPP_CAN_DELETE>
<!--DA3FFEDF40384E2A947E5C544032BB4B-->  <EM_OBUIAPP_SHOW_SELECT><![CDATA[Y]]></EM_OBUIAPP_SHOW_SELECT>
<!--DA3FFEDF40384E2A947E5C544032BB4B--></AD_TAB>

<!--EAE0C29BB19D4BA3B5F65FD95DE24B37--><AD_TAB>
<!--EAE0C29BB19D4BA3B5F65FD95DE24B37-->  <AD_TAB_ID><![CDATA[EAE0C29BB19D4BA3B5F65FD95DE24B37]]></AD_TAB_ID>
<!--EAE0C29BB19D4BA3B5F65FD95DE24B37-->  <AD_CLIENT_ID><![CDATA[0]]></AD_CLIENT_ID>
<!--EAE0C29BB19D4BA3B5F65FD95DE24B37-->  <AD_ORG_ID><![CDATA[0]]></AD_ORG_ID>
<!--EAE0C29BB19D4BA3B5F65FD95DE24B37-->  <ISACTIVE><![CDATA[Y]]></ISACTIVE>
<!--EAE0C29BB19D4BA3B5F65FD95DE24B37-->  <NAME><![CDATA[Column Maping]]></NAME>
<!--EAE0C29BB19D4BA3B5F65FD95DE24B37-->  <AD_TABLE_ID><![CDATA[96E3D6FFC25A4B6588ECB24D572D51CD]]></AD_TABLE_ID>
<!--EAE0C29BB19D4BA3B5F65FD95DE24B37-->  <AD_WINDOW_ID><![CDATA[1C5D969B0F3A4843A0609E4B88DAF48B]]></AD_WINDOW_ID>
<!--EAE0C29BB19D4BA3B5F65FD95DE24B37-->  <SEQNO><![CDATA[20]]></SEQNO>
<!--EAE0C29BB19D4BA3B5F65FD95DE24B37-->  <TABLEVEL><![CDATA[1]]></TABLEVEL>
<!--EAE0C29BB19D4BA3B5F65FD95DE24B37-->  <ISSINGLEROW><![CDATA[N]]></ISSINGLEROW>
<!--EAE0C29BB19D4BA3B5F65FD95DE24B37-->  <ISINFOTAB><![CDATA[N]]></ISINFOTAB>
<!--EAE0C29BB19D4BA3B5F65FD95DE24B37-->  <ISTRANSLATIONTAB><![CDATA[N]]></ISTRANSLATIONTAB>
<!--EAE0C29BB19D4BA3B5F65FD95DE24B37-->  <ISREADONLY><![CDATA[N]]></ISREADONLY>
<!--EAE0C29BB19D4BA3B5F65FD95DE24B37-->  <HASTREE><![CDATA[N]]></HASTREE>
<!--EAE0C29BB19D4BA3B5F65FD95DE24B37-->  <PROCESSING><![CDATA[N]]></PROCESSING>
<!--EAE0C29BB19D4BA3B5F65FD95DE24B37-->  <IMPORTFIELDS><![CDATA[N]]></IMPORTFIELDS>
<!--EAE0C29BB19D4BA3B5F65FD95DE24B37-->  <ISSORTTAB><![CDATA[N]]></ISSORTTAB>
<!--EAE0C29BB19D4BA3B5F65FD95DE24B37-->  <AD_MODULE_ID><![CDATA[27445C8270364452BEB29669FBB21CED]]></AD_MODULE_ID>
<!--EAE0C29BB19D4BA3B5F65FD95DE24B37-->  <UIPATTERN><![CDATA[STD]]></UIPATTERN>
<!--EAE0C29BB19D4BA3B5F65FD95DE24B37-->  <SHOWPARENTBUTTONS><![CDATA[Y]]></SHOWPARENTBUTTONS>
<!--EAE0C29BB19D4BA3B5F65FD95DE24B37-->  <DISABLE_PARENT_KEY_PROPERTY><![CDATA[N]]></DISABLE_PARENT_KEY_PROPERTY>
<!--EAE0C29BB19D4BA3B5F65FD95DE24B37-->  <ISREADONLYTREE><![CDATA[N]]></ISREADONLYTREE>
<!--EAE0C29BB19D4BA3B5F65FD95DE24B37-->  <ISSHOWTREENODEICONS><![CDATA[Y]]></ISSHOWTREENODEICONS>
<!--EAE0C29BB19D4BA3B5F65FD95DE24B37-->  <EM_OBUIAPP_CAN_ADD><![CDATA[N]]></EM_OBUIAPP_CAN_ADD>
<!--EAE0C29BB19D4BA3B5F65FD95DE24B37-->  <EM_OBUIAPP_CAN_DELETE><![CDATA[N]]></EM_OBUIAPP_CAN_DELETE>
<!--EAE0C29BB19D4BA3B5F65FD95DE24B37-->  <EM_OBUIAPP_SHOW_SELECT><![CDATA[Y]]></EM_OBUIAPP_SHOW_SELECT>
<!--EAE0C29BB19D4BA3B5F65FD95DE24B37--></AD_TAB>

<!--F402BA634DD44B9E8CD8051843E17A2C--><AD_TAB>
<!--F402BA634DD44B9E8CD8051843E17A2C-->  <AD_TAB_ID><![CDATA[F402BA634DD44B9E8CD8051843E17A2C]]></AD_TAB_ID>
<!--F402BA634DD44B9E8CD8051843E17A2C-->  <AD_CLIENT_ID><![CDATA[0]]></AD_CLIENT_ID>
<!--F402BA634DD44B9E8CD8051843E17A2C-->  <AD_ORG_ID><![CDATA[0]]></AD_ORG_ID>
<!--F402BA634DD44B9E8CD8051843E17A2C-->  <ISACTIVE><![CDATA[Y]]></ISACTIVE>
<!--F402BA634DD44B9E8CD8051843E17A2C-->  <NAME><![CDATA[Import Asset]]></NAME>
<!--F402BA634DD44B9E8CD8051843E17A2C-->  <AD_TABLE_ID><![CDATA[735A96D83A9D42E9A70D1D7E87661D83]]></AD_TABLE_ID>
<!--F402BA634DD44B9E8CD8051843E17A2C-->  <AD_WINDOW_ID><![CDATA[96DC575FF2804BA595DAF6D57D7FAAEE]]></AD_WINDOW_ID>
<!--F402BA634DD44B9E8CD8051843E17A2C-->  <SEQNO><![CDATA[10]]></SEQNO>
<!--F402BA634DD44B9E8CD8051843E17A2C-->  <TABLEVEL><![CDATA[0]]></TABLEVEL>
<!--F402BA634DD44B9E8CD8051843E17A2C-->  <ISSINGLEROW><![CDATA[N]]></ISSINGLEROW>
<!--F402BA634DD44B9E8CD8051843E17A2C-->  <ISINFOTAB><![CDATA[N]]></ISINFOTAB>
<!--F402BA634DD44B9E8CD8051843E17A2C-->  <ISTRANSLATIONTAB><![CDATA[N]]></ISTRANSLATIONTAB>
<!--F402BA634DD44B9E8CD8051843E17A2C-->  <ISREADONLY><![CDATA[N]]></ISREADONLY>
<!--F402BA634DD44B9E8CD8051843E17A2C-->  <HASTREE><![CDATA[N]]></HASTREE>
<!--F402BA634DD44B9E8CD8051843E17A2C-->  <PROCESSING><![CDATA[N]]></PROCESSING>
<!--F402BA634DD44B9E8CD8051843E17A2C-->  <IMPORTFIELDS><![CDATA[N]]></IMPORTFIELDS>
<!--F402BA634DD44B9E8CD8051843E17A2C-->  <ISSORTTAB><![CDATA[N]]></ISSORTTAB>
<!--F402BA634DD44B9E8CD8051843E17A2C-->  <AD_MODULE_ID><![CDATA[27445C8270364452BEB29669FBB21CED]]></AD_MODULE_ID>
<!--F402BA634DD44B9E8CD8051843E17A2C-->  <UIPATTERN><![CDATA[STD]]></UIPATTERN>
<!--F402BA634DD44B9E8CD8051843E17A2C-->  <SHOWPARENTBUTTONS><![CDATA[Y]]></SHOWPARENTBUTTONS>
<!--F402BA634DD44B9E8CD8051843E17A2C-->  <DISABLE_PARENT_KEY_PROPERTY><![CDATA[N]]></DISABLE_PARENT_KEY_PROPERTY>
<!--F402BA634DD44B9E8CD8051843E17A2C-->  <ISREADONLYTREE><![CDATA[N]]></ISREADONLYTREE>
<!--F402BA634DD44B9E8CD8051843E17A2C-->  <ISSHOWTREENODEICONS><![CDATA[Y]]></ISSHOWTREENODEICONS>
<!--F402BA634DD44B9E8CD8051843E17A2C-->  <EM_OBUIAPP_CAN_ADD><![CDATA[N]]></EM_OBUIAPP_CAN_ADD>
<!--F402BA634DD44B9E8CD8051843E17A2C-->  <EM_OBUIAPP_CAN_DELETE><![CDATA[N]]></EM_OBUIAPP_CAN_DELETE>
<!--F402BA634DD44B9E8CD8051843E17A2C-->  <EM_OBUIAPP_SHOW_SELECT><![CDATA[Y]]></EM_OBUIAPP_SHOW_SELECT>
<!--F402BA634DD44B9E8CD8051843E17A2C--></AD_TAB>

<!--F43AA8CDC0294FD5BEC81155E0A9A664--><AD_TAB>
<!--F43AA8CDC0294FD5BEC81155E0A9A664-->  <AD_TAB_ID><![CDATA[F43AA8CDC0294FD5BEC81155E0A9A664]]></AD_TAB_ID>
<!--F43AA8CDC0294FD5BEC81155E0A9A664-->  <AD_CLIENT_ID><![CDATA[0]]></AD_CLIENT_ID>
<!--F43AA8CDC0294FD5BEC81155E0A9A664-->  <AD_ORG_ID><![CDATA[0]]></AD_ORG_ID>
<!--F43AA8CDC0294FD5BEC81155E0A9A664-->  <ISACTIVE><![CDATA[Y]]></ISACTIVE>
<!--F43AA8CDC0294FD5BEC81155E0A9A664-->  <NAME><![CDATA[Import Work Effort]]></NAME>
<!--F43AA8CDC0294FD5BEC81155E0A9A664-->  <AD_TABLE_ID><![CDATA[1964B29FE24D4DAC8438F431852ECC5A]]></AD_TABLE_ID>
<!--F43AA8CDC0294FD5BEC81155E0A9A664-->  <AD_WINDOW_ID><![CDATA[C1FE9B7B666B4EE38E6C2C748EF7B80F]]></AD_WINDOW_ID>
<!--F43AA8CDC0294FD5BEC81155E0A9A664-->  <SEQNO><![CDATA[10]]></SEQNO>
<!--F43AA8CDC0294FD5BEC81155E0A9A664-->  <TABLEVEL><![CDATA[0]]></TABLEVEL>
<!--F43AA8CDC0294FD5BEC81155E0A9A664-->  <ISSINGLEROW><![CDATA[N]]></ISSINGLEROW>
<!--F43AA8CDC0294FD5BEC81155E0A9A664-->  <ISINFOTAB><![CDATA[N]]></ISINFOTAB>
<!--F43AA8CDC0294FD5BEC81155E0A9A664-->  <ISTRANSLATIONTAB><![CDATA[N]]></ISTRANSLATIONTAB>
<!--F43AA8CDC0294FD5BEC81155E0A9A664-->  <ISREADONLY><![CDATA[N]]></ISREADONLY>
<!--F43AA8CDC0294FD5BEC81155E0A9A664-->  <HASTREE><![CDATA[N]]></HASTREE>
<!--F43AA8CDC0294FD5BEC81155E0A9A664-->  <PROCESSING><![CDATA[N]]></PROCESSING>
<!--F43AA8CDC0294FD5BEC81155E0A9A664-->  <IMPORTFIELDS><![CDATA[N]]></IMPORTFIELDS>
<!--F43AA8CDC0294FD5BEC81155E0A9A664-->  <ISSORTTAB><![CDATA[N]]></ISSORTTAB>
<!--F43AA8CDC0294FD5BEC81155E0A9A664-->  <AD_MODULE_ID><![CDATA[27445C8270364452BEB29669FBB21CED]]></AD_MODULE_ID>
<!--F43AA8CDC0294FD5BEC81155E0A9A664-->  <UIPATTERN><![CDATA[STD]]></UIPATTERN>
<!--F43AA8CDC0294FD5BEC81155E0A9A664-->  <SHOWPARENTBUTTONS><![CDATA[Y]]></SHOWPARENTBUTTONS>
<!--F43AA8CDC0294FD5BEC81155E0A9A664-->  <DISABLE_PARENT_KEY_PROPERTY><![CDATA[N]]></DISABLE_PARENT_KEY_PROPERTY>
<!--F43AA8CDC0294FD5BEC81155E0A9A664-->  <ISREADONLYTREE><![CDATA[N]]></ISREADONLYTREE>
<!--F43AA8CDC0294FD5BEC81155E0A9A664-->  <ISSHOWTREENODEICONS><![CDATA[Y]]></ISSHOWTREENODEICONS>
<!--F43AA8CDC0294FD5BEC81155E0A9A664-->  <EM_OBUIAPP_CAN_ADD><![CDATA[N]]></EM_OBUIAPP_CAN_ADD>
<!--F43AA8CDC0294FD5BEC81155E0A9A664-->  <EM_OBUIAPP_CAN_DELETE><![CDATA[N]]></EM_OBUIAPP_CAN_DELETE>
<!--F43AA8CDC0294FD5BEC81155E0A9A664-->  <EM_OBUIAPP_SHOW_SELECT><![CDATA[Y]]></EM_OBUIAPP_SHOW_SELECT>
<!--F43AA8CDC0294FD5BEC81155E0A9A664--></AD_TAB>

</data>
