<?xml version="1.0" encoding="UTF-8"?>
<data>
<!--0D8F8B0CCFE5458EB015C583B2C7F9FD--><AD_TREENODE>
<!--0D8F8B0CCFE5458EB015C583B2C7F9FD-->  <AD_TREENODE_ID><![CDATA[0D8F8B0CCFE5458EB015C583B2C7F9FD]]></AD_TREENODE_ID>
<!--0D8F8B0CCFE5458EB015C583B2C7F9FD-->  <AD_TREE_ID><![CDATA[10]]></AD_TREE_ID>
<!--0D8F8B0CCFE5458EB015C583B2C7F9FD-->  <NODE_ID><![CDATA[E57FABACE76547D38EB74E2DBD361630]]></NODE_ID>
<!--0D8F8B0CCFE5458EB015C583B2C7F9FD-->  <AD_CLIENT_ID><![CDATA[0]]></AD_CLIENT_ID>
<!--0D8F8B0CCFE5458EB015C583B2C7F9FD-->  <AD_ORG_ID><![CDATA[0]]></AD_ORG_ID>
<!--0D8F8B0CCFE5458EB015C583B2C7F9FD-->  <ISACTIVE><![CDATA[Y]]></ISACTIVE>
<!--0D8F8B0CCFE5458EB015C583B2C7F9FD-->  <PARENT_ID><![CDATA[800078]]></PARENT_ID>
<!--0D8F8B0CCFE5458EB015C583B2C7F9FD-->  <SEQNO><![CDATA[110]]></SEQNO>
<!--0D8F8B0CCFE5458EB015C583B2C7F9FD--></AD_TREENODE>

<!--12274180891B404BBE97DA570D6A3144--><AD_TREENODE>
<!--12274180891B404BBE97DA570D6A3144-->  <AD_TREENODE_ID><![CDATA[12274180891B404BBE97DA570D6A3144]]></AD_TREENODE_ID>
<!--12274180891B404BBE97DA570D6A3144-->  <AD_TREE_ID><![CDATA[10]]></AD_TREE_ID>
<!--12274180891B404BBE97DA570D6A3144-->  <NODE_ID><![CDATA[DF30192827454BBFB89C0A2CCBBBA8F7]]></NODE_ID>
<!--12274180891B404BBE97DA570D6A3144-->  <AD_CLIENT_ID><![CDATA[0]]></AD_CLIENT_ID>
<!--12274180891B404BBE97DA570D6A3144-->  <AD_ORG_ID><![CDATA[0]]></AD_ORG_ID>
<!--12274180891B404BBE97DA570D6A3144-->  <ISACTIVE><![CDATA[Y]]></ISACTIVE>
<!--12274180891B404BBE97DA570D6A3144-->  <PARENT_ID><![CDATA[163]]></PARENT_ID>
<!--12274180891B404BBE97DA570D6A3144-->  <SEQNO><![CDATA[100]]></SEQNO>
<!--12274180891B404BBE97DA570D6A3144--></AD_TREENODE>

<!--13E9FCD76CEB4380AEA2A31690D178C1--><AD_TREENODE>
<!--13E9FCD76CEB4380AEA2A31690D178C1-->  <AD_TREENODE_ID><![CDATA[13E9FCD76CEB4380AEA2A31690D178C1]]></AD_TREENODE_ID>
<!--13E9FCD76CEB4380AEA2A31690D178C1-->  <AD_TREE_ID><![CDATA[10]]></AD_TREE_ID>
<!--13E9FCD76CEB4380AEA2A31690D178C1-->  <NODE_ID><![CDATA[BFE1856B12CB48F39BD487AE7BA2162A]]></NODE_ID>
<!--13E9FCD76CEB4380AEA2A31690D178C1-->  <AD_CLIENT_ID><![CDATA[0]]></AD_CLIENT_ID>
<!--13E9FCD76CEB4380AEA2A31690D178C1-->  <AD_ORG_ID><![CDATA[0]]></AD_ORG_ID>
<!--13E9FCD76CEB4380AEA2A31690D178C1-->  <ISACTIVE><![CDATA[Y]]></ISACTIVE>
<!--13E9FCD76CEB4380AEA2A31690D178C1-->  <PARENT_ID><![CDATA[800078]]></PARENT_ID>
<!--13E9FCD76CEB4380AEA2A31690D178C1-->  <SEQNO><![CDATA[220]]></SEQNO>
<!--13E9FCD76CEB4380AEA2A31690D178C1--></AD_TREENODE>

<!--1EA86FCA554B4C78B6D09E5FD1D2FFE0--><AD_TREENODE>
<!--1EA86FCA554B4C78B6D09E5FD1D2FFE0-->  <AD_TREENODE_ID><![CDATA[1EA86FCA554B4C78B6D09E5FD1D2FFE0]]></AD_TREENODE_ID>
<!--1EA86FCA554B4C78B6D09E5FD1D2FFE0-->  <AD_TREE_ID><![CDATA[10]]></AD_TREE_ID>
<!--1EA86FCA554B4C78B6D09E5FD1D2FFE0-->  <NODE_ID><![CDATA[6E4F38955DBF4C78BF5AAE647D926D43]]></NODE_ID>
<!--1EA86FCA554B4C78B6D09E5FD1D2FFE0-->  <AD_CLIENT_ID><![CDATA[0]]></AD_CLIENT_ID>
<!--1EA86FCA554B4C78B6D09E5FD1D2FFE0-->  <AD_ORG_ID><![CDATA[0]]></AD_ORG_ID>
<!--1EA86FCA554B4C78B6D09E5FD1D2FFE0-->  <ISACTIVE><![CDATA[Y]]></ISACTIVE>
<!--1EA86FCA554B4C78B6D09E5FD1D2FFE0-->  <PARENT_ID><![CDATA[163]]></PARENT_ID>
<!--1EA86FCA554B4C78B6D09E5FD1D2FFE0-->  <SEQNO><![CDATA[110]]></SEQNO>
<!--1EA86FCA554B4C78B6D09E5FD1D2FFE0--></AD_TREENODE>

<!--1FF911550B5F476D8561399DF9981665--><AD_TREENODE>
<!--1FF911550B5F476D8561399DF9981665-->  <AD_TREENODE_ID><![CDATA[1FF911550B5F476D8561399DF9981665]]></AD_TREENODE_ID>
<!--1FF911550B5F476D8561399DF9981665-->  <AD_TREE_ID><![CDATA[10]]></AD_TREE_ID>
<!--1FF911550B5F476D8561399DF9981665-->  <NODE_ID><![CDATA[EDDDB54E7AB6474D99580AEC23919A36]]></NODE_ID>
<!--1FF911550B5F476D8561399DF9981665-->  <AD_CLIENT_ID><![CDATA[0]]></AD_CLIENT_ID>
<!--1FF911550B5F476D8561399DF9981665-->  <AD_ORG_ID><![CDATA[0]]></AD_ORG_ID>
<!--1FF911550B5F476D8561399DF9981665-->  <ISACTIVE><![CDATA[Y]]></ISACTIVE>
<!--1FF911550B5F476D8561399DF9981665-->  <PARENT_ID><![CDATA[800076]]></PARENT_ID>
<!--1FF911550B5F476D8561399DF9981665-->  <SEQNO><![CDATA[80]]></SEQNO>
<!--1FF911550B5F476D8561399DF9981665--></AD_TREENODE>

<!--20EC1D663FC54BD9B5E1F3F6EEB76481--><AD_TREENODE>
<!--20EC1D663FC54BD9B5E1F3F6EEB76481-->  <AD_TREENODE_ID><![CDATA[20EC1D663FC54BD9B5E1F3F6EEB76481]]></AD_TREENODE_ID>
<!--20EC1D663FC54BD9B5E1F3F6EEB76481-->  <AD_TREE_ID><![CDATA[10]]></AD_TREE_ID>
<!--20EC1D663FC54BD9B5E1F3F6EEB76481-->  <NODE_ID><![CDATA[561DD9766E134BDCB0D85737D2C675C8]]></NODE_ID>
<!--20EC1D663FC54BD9B5E1F3F6EEB76481-->  <AD_CLIENT_ID><![CDATA[0]]></AD_CLIENT_ID>
<!--20EC1D663FC54BD9B5E1F3F6EEB76481-->  <AD_ORG_ID><![CDATA[0]]></AD_ORG_ID>
<!--20EC1D663FC54BD9B5E1F3F6EEB76481-->  <ISACTIVE><![CDATA[Y]]></ISACTIVE>
<!--20EC1D663FC54BD9B5E1F3F6EEB76481-->  <PARENT_ID><![CDATA[800239]]></PARENT_ID>
<!--20EC1D663FC54BD9B5E1F3F6EEB76481-->  <SEQNO><![CDATA[100]]></SEQNO>
<!--20EC1D663FC54BD9B5E1F3F6EEB76481--></AD_TREENODE>

<!--34BDB3BA75684C8E8113FA3C9252A23D--><AD_TREENODE>
<!--34BDB3BA75684C8E8113FA3C9252A23D-->  <AD_TREENODE_ID><![CDATA[34BDB3BA75684C8E8113FA3C9252A23D]]></AD_TREENODE_ID>
<!--34BDB3BA75684C8E8113FA3C9252A23D-->  <AD_TREE_ID><![CDATA[10]]></AD_TREE_ID>
<!--34BDB3BA75684C8E8113FA3C9252A23D-->  <NODE_ID><![CDATA[2B2FB5BB5F9E426C88DA567C16747AED]]></NODE_ID>
<!--34BDB3BA75684C8E8113FA3C9252A23D-->  <AD_CLIENT_ID><![CDATA[0]]></AD_CLIENT_ID>
<!--34BDB3BA75684C8E8113FA3C9252A23D-->  <AD_ORG_ID><![CDATA[0]]></AD_ORG_ID>
<!--34BDB3BA75684C8E8113FA3C9252A23D-->  <ISACTIVE><![CDATA[Y]]></ISACTIVE>
<!--34BDB3BA75684C8E8113FA3C9252A23D-->  <PARENT_ID><![CDATA[0ACB89E153EF40A48F0F453A1EF712F9]]></PARENT_ID>
<!--34BDB3BA75684C8E8113FA3C9252A23D-->  <SEQNO><![CDATA[10]]></SEQNO>
<!--34BDB3BA75684C8E8113FA3C9252A23D--></AD_TREENODE>

<!--42A3E20F811E4A1AA96917498EF22CBC--><AD_TREENODE>
<!--42A3E20F811E4A1AA96917498EF22CBC-->  <AD_TREENODE_ID><![CDATA[42A3E20F811E4A1AA96917498EF22CBC]]></AD_TREENODE_ID>
<!--42A3E20F811E4A1AA96917498EF22CBC-->  <AD_TREE_ID><![CDATA[10]]></AD_TREE_ID>
<!--42A3E20F811E4A1AA96917498EF22CBC-->  <NODE_ID><![CDATA[116FA684DE594124A70CFF9042B516D0]]></NODE_ID>
<!--42A3E20F811E4A1AA96917498EF22CBC-->  <AD_CLIENT_ID><![CDATA[0]]></AD_CLIENT_ID>
<!--42A3E20F811E4A1AA96917498EF22CBC-->  <AD_ORG_ID><![CDATA[0]]></AD_ORG_ID>
<!--42A3E20F811E4A1AA96917498EF22CBC-->  <ISACTIVE><![CDATA[Y]]></ISACTIVE>
<!--42A3E20F811E4A1AA96917498EF22CBC-->  <PARENT_ID><![CDATA[800249]]></PARENT_ID>
<!--42A3E20F811E4A1AA96917498EF22CBC-->  <SEQNO><![CDATA[10]]></SEQNO>
<!--42A3E20F811E4A1AA96917498EF22CBC--></AD_TREENODE>

<!--471F1C9BAF99421EB73530E681695F22--><AD_TREENODE>
<!--471F1C9BAF99421EB73530E681695F22-->  <AD_TREENODE_ID><![CDATA[471F1C9BAF99421EB73530E681695F22]]></AD_TREENODE_ID>
<!--471F1C9BAF99421EB73530E681695F22-->  <AD_TREE_ID><![CDATA[10]]></AD_TREE_ID>
<!--471F1C9BAF99421EB73530E681695F22-->  <NODE_ID><![CDATA[140F74505AA0468BA106AFD2E83B6B94]]></NODE_ID>
<!--471F1C9BAF99421EB73530E681695F22-->  <AD_CLIENT_ID><![CDATA[0]]></AD_CLIENT_ID>
<!--471F1C9BAF99421EB73530E681695F22-->  <AD_ORG_ID><![CDATA[0]]></AD_ORG_ID>
<!--471F1C9BAF99421EB73530E681695F22-->  <ISACTIVE><![CDATA[Y]]></ISACTIVE>
<!--471F1C9BAF99421EB73530E681695F22-->  <PARENT_ID><![CDATA[800249]]></PARENT_ID>
<!--471F1C9BAF99421EB73530E681695F22-->  <SEQNO><![CDATA[10]]></SEQNO>
<!--471F1C9BAF99421EB73530E681695F22--></AD_TREENODE>

<!--4EA74BF08A354736A58F5DA350620605--><AD_TREENODE>
<!--4EA74BF08A354736A58F5DA350620605-->  <AD_TREENODE_ID><![CDATA[4EA74BF08A354736A58F5DA350620605]]></AD_TREENODE_ID>
<!--4EA74BF08A354736A58F5DA350620605-->  <AD_TREE_ID><![CDATA[10]]></AD_TREE_ID>
<!--4EA74BF08A354736A58F5DA350620605-->  <NODE_ID><![CDATA[E88234797FD34004854FCDE2F8B7FBF7]]></NODE_ID>
<!--4EA74BF08A354736A58F5DA350620605-->  <AD_CLIENT_ID><![CDATA[0]]></AD_CLIENT_ID>
<!--4EA74BF08A354736A58F5DA350620605-->  <AD_ORG_ID><![CDATA[0]]></AD_ORG_ID>
<!--4EA74BF08A354736A58F5DA350620605-->  <ISACTIVE><![CDATA[Y]]></ISACTIVE>
<!--4EA74BF08A354736A58F5DA350620605-->  <PARENT_ID><![CDATA[345]]></PARENT_ID>
<!--4EA74BF08A354736A58F5DA350620605-->  <SEQNO><![CDATA[10]]></SEQNO>
<!--4EA74BF08A354736A58F5DA350620605--></AD_TREENODE>

<!--55E8CBE96C844EC38E1C2FAA12E7A235--><AD_TREENODE>
<!--55E8CBE96C844EC38E1C2FAA12E7A235-->  <AD_TREENODE_ID><![CDATA[55E8CBE96C844EC38E1C2FAA12E7A235]]></AD_TREENODE_ID>
<!--55E8CBE96C844EC38E1C2FAA12E7A235-->  <AD_TREE_ID><![CDATA[10]]></AD_TREE_ID>
<!--55E8CBE96C844EC38E1C2FAA12E7A235-->  <NODE_ID><![CDATA[A4DD8B410C644222B551BA3ECA441BAB]]></NODE_ID>
<!--55E8CBE96C844EC38E1C2FAA12E7A235-->  <AD_CLIENT_ID><![CDATA[0]]></AD_CLIENT_ID>
<!--55E8CBE96C844EC38E1C2FAA12E7A235-->  <AD_ORG_ID><![CDATA[0]]></AD_ORG_ID>
<!--55E8CBE96C844EC38E1C2FAA12E7A235-->  <ISACTIVE><![CDATA[Y]]></ISACTIVE>
<!--55E8CBE96C844EC38E1C2FAA12E7A235-->  <PARENT_ID><![CDATA[163]]></PARENT_ID>
<!--55E8CBE96C844EC38E1C2FAA12E7A235-->  <SEQNO><![CDATA[70]]></SEQNO>
<!--55E8CBE96C844EC38E1C2FAA12E7A235--></AD_TREENODE>

<!--58ABD4EA81CB4F66A2AC09057C955AF7--><AD_TREENODE>
<!--58ABD4EA81CB4F66A2AC09057C955AF7-->  <AD_TREENODE_ID><![CDATA[58ABD4EA81CB4F66A2AC09057C955AF7]]></AD_TREENODE_ID>
<!--58ABD4EA81CB4F66A2AC09057C955AF7-->  <AD_TREE_ID><![CDATA[10]]></AD_TREE_ID>
<!--58ABD4EA81CB4F66A2AC09057C955AF7-->  <NODE_ID><![CDATA[CE3FB50076E54BE8A413D9B6A5238035]]></NODE_ID>
<!--58ABD4EA81CB4F66A2AC09057C955AF7-->  <AD_CLIENT_ID><![CDATA[0]]></AD_CLIENT_ID>
<!--58ABD4EA81CB4F66A2AC09057C955AF7-->  <AD_ORG_ID><![CDATA[0]]></AD_ORG_ID>
<!--58ABD4EA81CB4F66A2AC09057C955AF7-->  <ISACTIVE><![CDATA[Y]]></ISACTIVE>
<!--58ABD4EA81CB4F66A2AC09057C955AF7-->  <PARENT_ID><![CDATA[0]]></PARENT_ID>
<!--58ABD4EA81CB4F66A2AC09057C955AF7-->  <SEQNO><![CDATA[999]]></SEQNO>
<!--58ABD4EA81CB4F66A2AC09057C955AF7--></AD_TREENODE>

<!--59290F379669417A92A22860B2EFEFC5--><AD_TREENODE>
<!--59290F379669417A92A22860B2EFEFC5-->  <AD_TREENODE_ID><![CDATA[59290F379669417A92A22860B2EFEFC5]]></AD_TREENODE_ID>
<!--59290F379669417A92A22860B2EFEFC5-->  <AD_TREE_ID><![CDATA[10]]></AD_TREE_ID>
<!--59290F379669417A92A22860B2EFEFC5-->  <NODE_ID><![CDATA[9DE5E88217554475AB426F46CC51C49E]]></NODE_ID>
<!--59290F379669417A92A22860B2EFEFC5-->  <AD_CLIENT_ID><![CDATA[0]]></AD_CLIENT_ID>
<!--59290F379669417A92A22860B2EFEFC5-->  <AD_ORG_ID><![CDATA[0]]></AD_ORG_ID>
<!--59290F379669417A92A22860B2EFEFC5-->  <ISACTIVE><![CDATA[Y]]></ISACTIVE>
<!--59290F379669417A92A22860B2EFEFC5-->  <PARENT_ID><![CDATA[800238]]></PARENT_ID>
<!--59290F379669417A92A22860B2EFEFC5-->  <SEQNO><![CDATA[130]]></SEQNO>
<!--59290F379669417A92A22860B2EFEFC5--></AD_TREENODE>

<!--5A13E340E6CE46F59CF08CDBD9C32C63--><AD_TREENODE>
<!--5A13E340E6CE46F59CF08CDBD9C32C63-->  <AD_TREENODE_ID><![CDATA[5A13E340E6CE46F59CF08CDBD9C32C63]]></AD_TREENODE_ID>
<!--5A13E340E6CE46F59CF08CDBD9C32C63-->  <AD_TREE_ID><![CDATA[10]]></AD_TREE_ID>
<!--5A13E340E6CE46F59CF08CDBD9C32C63-->  <NODE_ID><![CDATA[C75C8FFE77BE4B1BA8804291F5B30903]]></NODE_ID>
<!--5A13E340E6CE46F59CF08CDBD9C32C63-->  <AD_CLIENT_ID><![CDATA[0]]></AD_CLIENT_ID>
<!--5A13E340E6CE46F59CF08CDBD9C32C63-->  <AD_ORG_ID><![CDATA[0]]></AD_ORG_ID>
<!--5A13E340E6CE46F59CF08CDBD9C32C63-->  <ISACTIVE><![CDATA[Y]]></ISACTIVE>
<!--5A13E340E6CE46F59CF08CDBD9C32C63-->  <PARENT_ID><![CDATA[800077]]></PARENT_ID>
<!--5A13E340E6CE46F59CF08CDBD9C32C63-->  <SEQNO><![CDATA[10]]></SEQNO>
<!--5A13E340E6CE46F59CF08CDBD9C32C63--></AD_TREENODE>

<!--5C2435AF8F8542C5AFD8AFDC5F79DA2D--><AD_TREENODE>
<!--5C2435AF8F8542C5AFD8AFDC5F79DA2D-->  <AD_TREENODE_ID><![CDATA[5C2435AF8F8542C5AFD8AFDC5F79DA2D]]></AD_TREENODE_ID>
<!--5C2435AF8F8542C5AFD8AFDC5F79DA2D-->  <AD_TREE_ID><![CDATA[10]]></AD_TREE_ID>
<!--5C2435AF8F8542C5AFD8AFDC5F79DA2D-->  <NODE_ID><![CDATA[40DC90E3B3944A268D63603003AF3336]]></NODE_ID>
<!--5C2435AF8F8542C5AFD8AFDC5F79DA2D-->  <AD_CLIENT_ID><![CDATA[0]]></AD_CLIENT_ID>
<!--5C2435AF8F8542C5AFD8AFDC5F79DA2D-->  <AD_ORG_ID><![CDATA[0]]></AD_ORG_ID>
<!--5C2435AF8F8542C5AFD8AFDC5F79DA2D-->  <ISACTIVE><![CDATA[Y]]></ISACTIVE>
<!--5C2435AF8F8542C5AFD8AFDC5F79DA2D-->  <PARENT_ID><![CDATA[800076]]></PARENT_ID>
<!--5C2435AF8F8542C5AFD8AFDC5F79DA2D-->  <SEQNO><![CDATA[100]]></SEQNO>
<!--5C2435AF8F8542C5AFD8AFDC5F79DA2D--></AD_TREENODE>

<!--72B59565A9504B8899272AAF298F9048--><AD_TREENODE>
<!--72B59565A9504B8899272AAF298F9048-->  <AD_TREENODE_ID><![CDATA[72B59565A9504B8899272AAF298F9048]]></AD_TREENODE_ID>
<!--72B59565A9504B8899272AAF298F9048-->  <AD_TREE_ID><![CDATA[10]]></AD_TREE_ID>
<!--72B59565A9504B8899272AAF298F9048-->  <NODE_ID><![CDATA[3D4E85439E724625B75B5C8276100F7C]]></NODE_ID>
<!--72B59565A9504B8899272AAF298F9048-->  <AD_CLIENT_ID><![CDATA[0]]></AD_CLIENT_ID>
<!--72B59565A9504B8899272AAF298F9048-->  <AD_ORG_ID><![CDATA[0]]></AD_ORG_ID>
<!--72B59565A9504B8899272AAF298F9048-->  <ISACTIVE><![CDATA[Y]]></ISACTIVE>
<!--72B59565A9504B8899272AAF298F9048-->  <PARENT_ID><![CDATA[163]]></PARENT_ID>
<!--72B59565A9504B8899272AAF298F9048-->  <SEQNO><![CDATA[200]]></SEQNO>
<!--72B59565A9504B8899272AAF298F9048--></AD_TREENODE>

<!--7A456A0605944D3384B911A0D9DF0F29--><AD_TREENODE>
<!--7A456A0605944D3384B911A0D9DF0F29-->  <AD_TREENODE_ID><![CDATA[7A456A0605944D3384B911A0D9DF0F29]]></AD_TREENODE_ID>
<!--7A456A0605944D3384B911A0D9DF0F29-->  <AD_TREE_ID><![CDATA[10]]></AD_TREE_ID>
<!--7A456A0605944D3384B911A0D9DF0F29-->  <NODE_ID><![CDATA[732A5624FE5A461D97A75517FABADF3B]]></NODE_ID>
<!--7A456A0605944D3384B911A0D9DF0F29-->  <AD_CLIENT_ID><![CDATA[0]]></AD_CLIENT_ID>
<!--7A456A0605944D3384B911A0D9DF0F29-->  <AD_ORG_ID><![CDATA[0]]></AD_ORG_ID>
<!--7A456A0605944D3384B911A0D9DF0F29-->  <ISACTIVE><![CDATA[Y]]></ISACTIVE>
<!--7A456A0605944D3384B911A0D9DF0F29-->  <PARENT_ID><![CDATA[163]]></PARENT_ID>
<!--7A456A0605944D3384B911A0D9DF0F29-->  <SEQNO><![CDATA[180]]></SEQNO>
<!--7A456A0605944D3384B911A0D9DF0F29--></AD_TREENODE>

<!--84FDA01F7D0E4C8C84512DC623214B50--><AD_TREENODE>
<!--84FDA01F7D0E4C8C84512DC623214B50-->  <AD_TREENODE_ID><![CDATA[84FDA01F7D0E4C8C84512DC623214B50]]></AD_TREENODE_ID>
<!--84FDA01F7D0E4C8C84512DC623214B50-->  <AD_TREE_ID><![CDATA[10]]></AD_TREE_ID>
<!--84FDA01F7D0E4C8C84512DC623214B50-->  <NODE_ID><![CDATA[0D4B792A48AA475E82FF3E0AF0471D70]]></NODE_ID>
<!--84FDA01F7D0E4C8C84512DC623214B50-->  <AD_CLIENT_ID><![CDATA[0]]></AD_CLIENT_ID>
<!--84FDA01F7D0E4C8C84512DC623214B50-->  <AD_ORG_ID><![CDATA[0]]></AD_ORG_ID>
<!--84FDA01F7D0E4C8C84512DC623214B50-->  <ISACTIVE><![CDATA[Y]]></ISACTIVE>
<!--84FDA01F7D0E4C8C84512DC623214B50-->  <PARENT_ID><![CDATA[800254]]></PARENT_ID>
<!--84FDA01F7D0E4C8C84512DC623214B50-->  <SEQNO><![CDATA[100]]></SEQNO>
<!--84FDA01F7D0E4C8C84512DC623214B50--></AD_TREENODE>

<!--891C20351BE04F5A85494B6BD7954C0E--><AD_TREENODE>
<!--891C20351BE04F5A85494B6BD7954C0E-->  <AD_TREENODE_ID><![CDATA[891C20351BE04F5A85494B6BD7954C0E]]></AD_TREENODE_ID>
<!--891C20351BE04F5A85494B6BD7954C0E-->  <AD_TREE_ID><![CDATA[10]]></AD_TREE_ID>
<!--891C20351BE04F5A85494B6BD7954C0E-->  <NODE_ID><![CDATA[A4A66E945A6142D9B91B85BEDD3DDABF]]></NODE_ID>
<!--891C20351BE04F5A85494B6BD7954C0E-->  <AD_CLIENT_ID><![CDATA[0]]></AD_CLIENT_ID>
<!--891C20351BE04F5A85494B6BD7954C0E-->  <AD_ORG_ID><![CDATA[0]]></AD_ORG_ID>
<!--891C20351BE04F5A85494B6BD7954C0E-->  <ISACTIVE><![CDATA[Y]]></ISACTIVE>
<!--891C20351BE04F5A85494B6BD7954C0E-->  <PARENT_ID><![CDATA[800237]]></PARENT_ID>
<!--891C20351BE04F5A85494B6BD7954C0E-->  <SEQNO><![CDATA[30]]></SEQNO>
<!--891C20351BE04F5A85494B6BD7954C0E--></AD_TREENODE>

<!--8B0D0FC47D3749C893160E94B9444352--><AD_TREENODE>
<!--8B0D0FC47D3749C893160E94B9444352-->  <AD_TREENODE_ID><![CDATA[8B0D0FC47D3749C893160E94B9444352]]></AD_TREENODE_ID>
<!--8B0D0FC47D3749C893160E94B9444352-->  <AD_TREE_ID><![CDATA[10]]></AD_TREE_ID>
<!--8B0D0FC47D3749C893160E94B9444352-->  <NODE_ID><![CDATA[068E1DB34B274A38BCCC00158E6199E1]]></NODE_ID>
<!--8B0D0FC47D3749C893160E94B9444352-->  <AD_CLIENT_ID><![CDATA[0]]></AD_CLIENT_ID>
<!--8B0D0FC47D3749C893160E94B9444352-->  <AD_ORG_ID><![CDATA[0]]></AD_ORG_ID>
<!--8B0D0FC47D3749C893160E94B9444352-->  <ISACTIVE><![CDATA[Y]]></ISACTIVE>
<!--8B0D0FC47D3749C893160E94B9444352-->  <PARENT_ID><![CDATA[163]]></PARENT_ID>
<!--8B0D0FC47D3749C893160E94B9444352-->  <SEQNO><![CDATA[80]]></SEQNO>
<!--8B0D0FC47D3749C893160E94B9444352--></AD_TREENODE>

<!--915705E6F7234CE9A860AA2B50611739--><AD_TREENODE>
<!--915705E6F7234CE9A860AA2B50611739-->  <AD_TREENODE_ID><![CDATA[915705E6F7234CE9A860AA2B50611739]]></AD_TREENODE_ID>
<!--915705E6F7234CE9A860AA2B50611739-->  <AD_TREE_ID><![CDATA[10]]></AD_TREE_ID>
<!--915705E6F7234CE9A860AA2B50611739-->  <NODE_ID><![CDATA[7CA86EA70263457CB0E500B9A5C4F97B]]></NODE_ID>
<!--915705E6F7234CE9A860AA2B50611739-->  <AD_CLIENT_ID><![CDATA[0]]></AD_CLIENT_ID>
<!--915705E6F7234CE9A860AA2B50611739-->  <AD_ORG_ID><![CDATA[0]]></AD_ORG_ID>
<!--915705E6F7234CE9A860AA2B50611739-->  <ISACTIVE><![CDATA[Y]]></ISACTIVE>
<!--915705E6F7234CE9A860AA2B50611739-->  <PARENT_ID><![CDATA[800076]]></PARENT_ID>
<!--915705E6F7234CE9A860AA2B50611739-->  <SEQNO><![CDATA[90]]></SEQNO>
<!--915705E6F7234CE9A860AA2B50611739--></AD_TREENODE>

<!--987276B38F6E4B27B644D2EA076D5519--><AD_TREENODE>
<!--987276B38F6E4B27B644D2EA076D5519-->  <AD_TREENODE_ID><![CDATA[987276B38F6E4B27B644D2EA076D5519]]></AD_TREENODE_ID>
<!--987276B38F6E4B27B644D2EA076D5519-->  <AD_TREE_ID><![CDATA[10]]></AD_TREE_ID>
<!--987276B38F6E4B27B644D2EA076D5519-->  <NODE_ID><![CDATA[AEC79B3EC6524A48B9C038A5518C1E15]]></NODE_ID>
<!--987276B38F6E4B27B644D2EA076D5519-->  <AD_CLIENT_ID><![CDATA[0]]></AD_CLIENT_ID>
<!--987276B38F6E4B27B644D2EA076D5519-->  <AD_ORG_ID><![CDATA[0]]></AD_ORG_ID>
<!--987276B38F6E4B27B644D2EA076D5519-->  <ISACTIVE><![CDATA[Y]]></ISACTIVE>
<!--987276B38F6E4B27B644D2EA076D5519-->  <PARENT_ID><![CDATA[800075]]></PARENT_ID>
<!--987276B38F6E4B27B644D2EA076D5519-->  <SEQNO><![CDATA[340]]></SEQNO>
<!--987276B38F6E4B27B644D2EA076D5519--></AD_TREENODE>

<!--B612389C64094EC4A3D8462FD8849B81--><AD_TREENODE>
<!--B612389C64094EC4A3D8462FD8849B81-->  <AD_TREENODE_ID><![CDATA[B612389C64094EC4A3D8462FD8849B81]]></AD_TREENODE_ID>
<!--B612389C64094EC4A3D8462FD8849B81-->  <AD_TREE_ID><![CDATA[10]]></AD_TREE_ID>
<!--B612389C64094EC4A3D8462FD8849B81-->  <NODE_ID><![CDATA[E873D2474D264391B7225263792068F6]]></NODE_ID>
<!--B612389C64094EC4A3D8462FD8849B81-->  <AD_CLIENT_ID><![CDATA[0]]></AD_CLIENT_ID>
<!--B612389C64094EC4A3D8462FD8849B81-->  <AD_ORG_ID><![CDATA[0]]></AD_ORG_ID>
<!--B612389C64094EC4A3D8462FD8849B81-->  <ISACTIVE><![CDATA[Y]]></ISACTIVE>
<!--B612389C64094EC4A3D8462FD8849B81-->  <PARENT_ID><![CDATA[272]]></PARENT_ID>
<!--B612389C64094EC4A3D8462FD8849B81-->  <SEQNO><![CDATA[10]]></SEQNO>
<!--B612389C64094EC4A3D8462FD8849B81--></AD_TREENODE>

<!--D0574408886D44BBBCEB9A35FA094BE2--><AD_TREENODE>
<!--D0574408886D44BBBCEB9A35FA094BE2-->  <AD_TREENODE_ID><![CDATA[D0574408886D44BBBCEB9A35FA094BE2]]></AD_TREENODE_ID>
<!--D0574408886D44BBBCEB9A35FA094BE2-->  <AD_TREE_ID><![CDATA[10]]></AD_TREE_ID>
<!--D0574408886D44BBBCEB9A35FA094BE2-->  <NODE_ID><![CDATA[F8027D2D46E5469A9F40A64E4AFE8C11]]></NODE_ID>
<!--D0574408886D44BBBCEB9A35FA094BE2-->  <AD_CLIENT_ID><![CDATA[0]]></AD_CLIENT_ID>
<!--D0574408886D44BBBCEB9A35FA094BE2-->  <AD_ORG_ID><![CDATA[0]]></AD_ORG_ID>
<!--D0574408886D44BBBCEB9A35FA094BE2-->  <ISACTIVE><![CDATA[Y]]></ISACTIVE>
<!--D0574408886D44BBBCEB9A35FA094BE2-->  <PARENT_ID><![CDATA[163]]></PARENT_ID>
<!--D0574408886D44BBBCEB9A35FA094BE2-->  <SEQNO><![CDATA[190]]></SEQNO>
<!--D0574408886D44BBBCEB9A35FA094BE2--></AD_TREENODE>

<!--D21A6170D72E42B198FAFE7FC1EBACC8--><AD_TREENODE>
<!--D21A6170D72E42B198FAFE7FC1EBACC8-->  <AD_TREENODE_ID><![CDATA[D21A6170D72E42B198FAFE7FC1EBACC8]]></AD_TREENODE_ID>
<!--D21A6170D72E42B198FAFE7FC1EBACC8-->  <AD_TREE_ID><![CDATA[10]]></AD_TREE_ID>
<!--D21A6170D72E42B198FAFE7FC1EBACC8-->  <NODE_ID><![CDATA[DBCF54C0EEAC4765AB957276113E3A18]]></NODE_ID>
<!--D21A6170D72E42B198FAFE7FC1EBACC8-->  <AD_CLIENT_ID><![CDATA[0]]></AD_CLIENT_ID>
<!--D21A6170D72E42B198FAFE7FC1EBACC8-->  <AD_ORG_ID><![CDATA[0]]></AD_ORG_ID>
<!--D21A6170D72E42B198FAFE7FC1EBACC8-->  <ISACTIVE><![CDATA[Y]]></ISACTIVE>
<!--D21A6170D72E42B198FAFE7FC1EBACC8-->  <PARENT_ID><![CDATA[800075]]></PARENT_ID>
<!--D21A6170D72E42B198FAFE7FC1EBACC8-->  <SEQNO><![CDATA[360]]></SEQNO>
<!--D21A6170D72E42B198FAFE7FC1EBACC8--></AD_TREENODE>

<!--D371C40CFA7645D99EC44EB141AB6C6C--><AD_TREENODE>
<!--D371C40CFA7645D99EC44EB141AB6C6C-->  <AD_TREENODE_ID><![CDATA[D371C40CFA7645D99EC44EB141AB6C6C]]></AD_TREENODE_ID>
<!--D371C40CFA7645D99EC44EB141AB6C6C-->  <AD_TREE_ID><![CDATA[10]]></AD_TREE_ID>
<!--D371C40CFA7645D99EC44EB141AB6C6C-->  <NODE_ID><![CDATA[35FC48211ED9422C9B9069BE970F1B81]]></NODE_ID>
<!--D371C40CFA7645D99EC44EB141AB6C6C-->  <AD_CLIENT_ID><![CDATA[0]]></AD_CLIENT_ID>
<!--D371C40CFA7645D99EC44EB141AB6C6C-->  <AD_ORG_ID><![CDATA[0]]></AD_ORG_ID>
<!--D371C40CFA7645D99EC44EB141AB6C6C-->  <ISACTIVE><![CDATA[Y]]></ISACTIVE>
<!--D371C40CFA7645D99EC44EB141AB6C6C-->  <PARENT_ID><![CDATA[800075]]></PARENT_ID>
<!--D371C40CFA7645D99EC44EB141AB6C6C-->  <SEQNO><![CDATA[350]]></SEQNO>
<!--D371C40CFA7645D99EC44EB141AB6C6C--></AD_TREENODE>

<!--D9BD5769A13A4BBC89BC20C9EB8CB519--><AD_TREENODE>
<!--D9BD5769A13A4BBC89BC20C9EB8CB519-->  <AD_TREENODE_ID><![CDATA[D9BD5769A13A4BBC89BC20C9EB8CB519]]></AD_TREENODE_ID>
<!--D9BD5769A13A4BBC89BC20C9EB8CB519-->  <AD_TREE_ID><![CDATA[10]]></AD_TREE_ID>
<!--D9BD5769A13A4BBC89BC20C9EB8CB519-->  <NODE_ID><![CDATA[D37E90ABA60C472582518C1FAF40B1C5]]></NODE_ID>
<!--D9BD5769A13A4BBC89BC20C9EB8CB519-->  <AD_CLIENT_ID><![CDATA[0]]></AD_CLIENT_ID>
<!--D9BD5769A13A4BBC89BC20C9EB8CB519-->  <AD_ORG_ID><![CDATA[0]]></AD_ORG_ID>
<!--D9BD5769A13A4BBC89BC20C9EB8CB519-->  <ISACTIVE><![CDATA[Y]]></ISACTIVE>
<!--D9BD5769A13A4BBC89BC20C9EB8CB519-->  <PARENT_ID><![CDATA[163]]></PARENT_ID>
<!--D9BD5769A13A4BBC89BC20C9EB8CB519-->  <SEQNO><![CDATA[60]]></SEQNO>
<!--D9BD5769A13A4BBC89BC20C9EB8CB519--></AD_TREENODE>

<!--DCBA58B74194499388077844E3FE549D--><AD_TREENODE>
<!--DCBA58B74194499388077844E3FE549D-->  <AD_TREENODE_ID><![CDATA[DCBA58B74194499388077844E3FE549D]]></AD_TREENODE_ID>
<!--DCBA58B74194499388077844E3FE549D-->  <AD_TREE_ID><![CDATA[10]]></AD_TREE_ID>
<!--DCBA58B74194499388077844E3FE549D-->  <NODE_ID><![CDATA[2FA2A6FBC2254E21944C9C5A7184AD3B]]></NODE_ID>
<!--DCBA58B74194499388077844E3FE549D-->  <AD_CLIENT_ID><![CDATA[0]]></AD_CLIENT_ID>
<!--DCBA58B74194499388077844E3FE549D-->  <AD_ORG_ID><![CDATA[0]]></AD_ORG_ID>
<!--DCBA58B74194499388077844E3FE549D-->  <ISACTIVE><![CDATA[Y]]></ISACTIVE>
<!--DCBA58B74194499388077844E3FE549D-->  <PARENT_ID><![CDATA[800075]]></PARENT_ID>
<!--DCBA58B74194499388077844E3FE549D-->  <SEQNO><![CDATA[160]]></SEQNO>
<!--DCBA58B74194499388077844E3FE549D--></AD_TREENODE>

<!--DDBDF21F56C14CDAA1F9549305D2CDC1--><AD_TREENODE>
<!--DDBDF21F56C14CDAA1F9549305D2CDC1-->  <AD_TREENODE_ID><![CDATA[DDBDF21F56C14CDAA1F9549305D2CDC1]]></AD_TREENODE_ID>
<!--DDBDF21F56C14CDAA1F9549305D2CDC1-->  <AD_TREE_ID><![CDATA[10]]></AD_TREE_ID>
<!--DDBDF21F56C14CDAA1F9549305D2CDC1-->  <NODE_ID><![CDATA[B4F2A4E2FE4949F6A0065A3DFCC4EDFB]]></NODE_ID>
<!--DDBDF21F56C14CDAA1F9549305D2CDC1-->  <AD_CLIENT_ID><![CDATA[0]]></AD_CLIENT_ID>
<!--DDBDF21F56C14CDAA1F9549305D2CDC1-->  <AD_ORG_ID><![CDATA[0]]></AD_ORG_ID>
<!--DDBDF21F56C14CDAA1F9549305D2CDC1-->  <ISACTIVE><![CDATA[Y]]></ISACTIVE>
<!--DDBDF21F56C14CDAA1F9549305D2CDC1-->  <PARENT_ID><![CDATA[800075]]></PARENT_ID>
<!--DDBDF21F56C14CDAA1F9549305D2CDC1-->  <SEQNO><![CDATA[330]]></SEQNO>
<!--DDBDF21F56C14CDAA1F9549305D2CDC1--></AD_TREENODE>

<!--E7D32D6AA1334BC5938D728644B3642F--><AD_TREENODE>
<!--E7D32D6AA1334BC5938D728644B3642F-->  <AD_TREENODE_ID><![CDATA[E7D32D6AA1334BC5938D728644B3642F]]></AD_TREENODE_ID>
<!--E7D32D6AA1334BC5938D728644B3642F-->  <AD_TREE_ID><![CDATA[10]]></AD_TREE_ID>
<!--E7D32D6AA1334BC5938D728644B3642F-->  <NODE_ID><![CDATA[8BA3FC5B50244530A5635C93A96B7EA6]]></NODE_ID>
<!--E7D32D6AA1334BC5938D728644B3642F-->  <AD_CLIENT_ID><![CDATA[0]]></AD_CLIENT_ID>
<!--E7D32D6AA1334BC5938D728644B3642F-->  <AD_ORG_ID><![CDATA[0]]></AD_ORG_ID>
<!--E7D32D6AA1334BC5938D728644B3642F-->  <ISACTIVE><![CDATA[Y]]></ISACTIVE>
<!--E7D32D6AA1334BC5938D728644B3642F-->  <PARENT_ID><![CDATA[367]]></PARENT_ID>
<!--E7D32D6AA1334BC5938D728644B3642F-->  <SEQNO><![CDATA[20]]></SEQNO>
<!--E7D32D6AA1334BC5938D728644B3642F--></AD_TREENODE>

<!--F29B335468BE42108EEBB9F07518B18C--><AD_TREENODE>
<!--F29B335468BE42108EEBB9F07518B18C-->  <AD_TREENODE_ID><![CDATA[F29B335468BE42108EEBB9F07518B18C]]></AD_TREENODE_ID>
<!--F29B335468BE42108EEBB9F07518B18C-->  <AD_TREE_ID><![CDATA[10]]></AD_TREE_ID>
<!--F29B335468BE42108EEBB9F07518B18C-->  <NODE_ID><![CDATA[8172B6E220D6412FB4E2BB13C87B556A]]></NODE_ID>
<!--F29B335468BE42108EEBB9F07518B18C-->  <AD_CLIENT_ID><![CDATA[0]]></AD_CLIENT_ID>
<!--F29B335468BE42108EEBB9F07518B18C-->  <AD_ORG_ID><![CDATA[0]]></AD_ORG_ID>
<!--F29B335468BE42108EEBB9F07518B18C-->  <ISACTIVE><![CDATA[Y]]></ISACTIVE>
<!--F29B335468BE42108EEBB9F07518B18C-->  <PARENT_ID><![CDATA[800245]]></PARENT_ID>
<!--F29B335468BE42108EEBB9F07518B18C-->  <SEQNO><![CDATA[40]]></SEQNO>
<!--F29B335468BE42108EEBB9F07518B18C--></AD_TREENODE>

<!--FB044F07DA65451C98BE843AEFE3F30D--><AD_TREENODE>
<!--FB044F07DA65451C98BE843AEFE3F30D-->  <AD_TREENODE_ID><![CDATA[FB044F07DA65451C98BE843AEFE3F30D]]></AD_TREENODE_ID>
<!--FB044F07DA65451C98BE843AEFE3F30D-->  <AD_TREE_ID><![CDATA[10]]></AD_TREE_ID>
<!--FB044F07DA65451C98BE843AEFE3F30D-->  <NODE_ID><![CDATA[A4BF9CFD70214925A7895B9B3353936E]]></NODE_ID>
<!--FB044F07DA65451C98BE843AEFE3F30D-->  <AD_CLIENT_ID><![CDATA[0]]></AD_CLIENT_ID>
<!--FB044F07DA65451C98BE843AEFE3F30D-->  <AD_ORG_ID><![CDATA[0]]></AD_ORG_ID>
<!--FB044F07DA65451C98BE843AEFE3F30D-->  <ISACTIVE><![CDATA[Y]]></ISACTIVE>
<!--FB044F07DA65451C98BE843AEFE3F30D-->  <PARENT_ID><![CDATA[800078]]></PARENT_ID>
<!--FB044F07DA65451C98BE843AEFE3F30D-->  <SEQNO><![CDATA[210]]></SEQNO>
<!--FB044F07DA65451C98BE843AEFE3F30D--></AD_TREENODE>

</data>
