<?xml version="1.0" encoding="UTF-8"?>
<data>
<!--042A574F5D4A4246B930F1994677D4B7--><AD_WINDOW>
<!--042A574F5D4A4246B930F1994677D4B7-->  <AD_WINDOW_ID><![CDATA[042A574F5D4A4246B930F1994677D4B7]]></AD_WINDOW_ID>
<!--042A574F5D4A4246B930F1994677D4B7-->  <AD_CLIENT_ID><![CDATA[0]]></AD_CLIENT_ID>
<!--042A574F5D4A4246B930F1994677D4B7-->  <AD_ORG_ID><![CDATA[0]]></AD_ORG_ID>
<!--042A574F5D4A4246B930F1994677D4B7-->  <ISACTIVE><![CDATA[Y]]></ISACTIVE>
<!--042A574F5D4A4246B930F1994677D4B7-->  <NAME><![CDATA[Sales Invoice View]]></NAME>
<!--042A574F5D4A4246B930F1994677D4B7-->  <WINDOWTYPE><![CDATA[Q]]></WINDOWTYPE>
<!--042A574F5D4A4246B930F1994677D4B7-->  <ISSOTRX><![CDATA[Y]]></ISSOTRX>
<!--042A574F5D4A4246B930F1994677D4B7-->  <PROCESSING><![CDATA[N]]></PROCESSING>
<!--042A574F5D4A4246B930F1994677D4B7-->  <ISDEFAULT><![CDATA[N]]></ISDEFAULT>
<!--042A574F5D4A4246B930F1994677D4B7-->  <AD_MODULE_ID><![CDATA[27445C8270364452BEB29669FBB21CED]]></AD_MODULE_ID>
<!--042A574F5D4A4246B930F1994677D4B7-->  <ISTHREADSAFE><![CDATA[N]]></ISTHREADSAFE>
<!--042A574F5D4A4246B930F1994677D4B7-->  <ISADVANCEDFEATURE><![CDATA[N]]></ISADVANCEDFEATURE>
<!--042A574F5D4A4246B930F1994677D4B7--></AD_WINDOW>

<!--0D33D40AC35F4AE7862AED4602D39596--><AD_WINDOW>
<!--0D33D40AC35F4AE7862AED4602D39596-->  <AD_WINDOW_ID><![CDATA[0D33D40AC35F4AE7862AED4602D39596]]></AD_WINDOW_ID>
<!--0D33D40AC35F4AE7862AED4602D39596-->  <AD_CLIENT_ID><![CDATA[0]]></AD_CLIENT_ID>
<!--0D33D40AC35F4AE7862AED4602D39596-->  <AD_ORG_ID><![CDATA[0]]></AD_ORG_ID>
<!--0D33D40AC35F4AE7862AED4602D39596-->  <ISACTIVE><![CDATA[Y]]></ISACTIVE>
<!--0D33D40AC35F4AE7862AED4602D39596-->  <NAME><![CDATA[Import Product Prices]]></NAME>
<!--0D33D40AC35F4AE7862AED4602D39596-->  <DESCRIPTION><![CDATA[Import Product Prices]]></DESCRIPTION>
<!--0D33D40AC35F4AE7862AED4602D39596-->  <HELP><![CDATA[You may import product price after import product (product definition and product purchasing data, using import product window). You can import several prices for a product, 1 price for 1 price list. You can not import 2 price for same product at the same price list.]]></HELP>
<!--0D33D40AC35F4AE7862AED4602D39596-->  <WINDOWTYPE><![CDATA[M]]></WINDOWTYPE>
<!--0D33D40AC35F4AE7862AED4602D39596-->  <ISSOTRX><![CDATA[Y]]></ISSOTRX>
<!--0D33D40AC35F4AE7862AED4602D39596-->  <PROCESSING><![CDATA[N]]></PROCESSING>
<!--0D33D40AC35F4AE7862AED4602D39596-->  <ISDEFAULT><![CDATA[N]]></ISDEFAULT>
<!--0D33D40AC35F4AE7862AED4602D39596-->  <AD_MODULE_ID><![CDATA[27445C8270364452BEB29669FBB21CED]]></AD_MODULE_ID>
<!--0D33D40AC35F4AE7862AED4602D39596-->  <ISTHREADSAFE><![CDATA[N]]></ISTHREADSAFE>
<!--0D33D40AC35F4AE7862AED4602D39596-->  <ISADVANCEDFEATURE><![CDATA[N]]></ISADVANCEDFEATURE>
<!--0D33D40AC35F4AE7862AED4602D39596--></AD_WINDOW>

<!--179B637B416345B9AE8A3B9633246450--><AD_WINDOW>
<!--179B637B416345B9AE8A3B9633246450-->  <AD_WINDOW_ID><![CDATA[179B637B416345B9AE8A3B9633246450]]></AD_WINDOW_ID>
<!--179B637B416345B9AE8A3B9633246450-->  <AD_CLIENT_ID><![CDATA[0]]></AD_CLIENT_ID>
<!--179B637B416345B9AE8A3B9633246450-->  <AD_ORG_ID><![CDATA[0]]></AD_ORG_ID>
<!--179B637B416345B9AE8A3B9633246450-->  <ISACTIVE><![CDATA[Y]]></ISACTIVE>
<!--179B637B416345B9AE8A3B9633246450-->  <NAME><![CDATA[Import Inventory]]></NAME>
<!--179B637B416345B9AE8A3B9633246450-->  <DESCRIPTION><![CDATA[Import Inventory]]></DESCRIPTION>
<!--179B637B416345B9AE8A3B9633246450-->  <HELP><![CDATA[Import Inventory for Opening Balance]]></HELP>
<!--179B637B416345B9AE8A3B9633246450-->  <WINDOWTYPE><![CDATA[M]]></WINDOWTYPE>
<!--179B637B416345B9AE8A3B9633246450-->  <ISSOTRX><![CDATA[Y]]></ISSOTRX>
<!--179B637B416345B9AE8A3B9633246450-->  <PROCESSING><![CDATA[N]]></PROCESSING>
<!--179B637B416345B9AE8A3B9633246450-->  <ISDEFAULT><![CDATA[N]]></ISDEFAULT>
<!--179B637B416345B9AE8A3B9633246450-->  <AD_MODULE_ID><![CDATA[27445C8270364452BEB29669FBB21CED]]></AD_MODULE_ID>
<!--179B637B416345B9AE8A3B9633246450-->  <ISTHREADSAFE><![CDATA[N]]></ISTHREADSAFE>
<!--179B637B416345B9AE8A3B9633246450-->  <ISADVANCEDFEATURE><![CDATA[N]]></ISADVANCEDFEATURE>
<!--179B637B416345B9AE8A3B9633246450--></AD_WINDOW>

<!--19371E6FC7E14F08B7DDCA3036C1FC19--><AD_WINDOW>
<!--19371E6FC7E14F08B7DDCA3036C1FC19-->  <AD_WINDOW_ID><![CDATA[19371E6FC7E14F08B7DDCA3036C1FC19]]></AD_WINDOW_ID>
<!--19371E6FC7E14F08B7DDCA3036C1FC19-->  <AD_CLIENT_ID><![CDATA[0]]></AD_CLIENT_ID>
<!--19371E6FC7E14F08B7DDCA3036C1FC19-->  <AD_ORG_ID><![CDATA[0]]></AD_ORG_ID>
<!--19371E6FC7E14F08B7DDCA3036C1FC19-->  <ISACTIVE><![CDATA[Y]]></ISACTIVE>
<!--19371E6FC7E14F08B7DDCA3036C1FC19-->  <NAME><![CDATA[Goods Shipment View]]></NAME>
<!--19371E6FC7E14F08B7DDCA3036C1FC19-->  <WINDOWTYPE><![CDATA[Q]]></WINDOWTYPE>
<!--19371E6FC7E14F08B7DDCA3036C1FC19-->  <ISSOTRX><![CDATA[Y]]></ISSOTRX>
<!--19371E6FC7E14F08B7DDCA3036C1FC19-->  <PROCESSING><![CDATA[N]]></PROCESSING>
<!--19371E6FC7E14F08B7DDCA3036C1FC19-->  <ISDEFAULT><![CDATA[N]]></ISDEFAULT>
<!--19371E6FC7E14F08B7DDCA3036C1FC19-->  <AD_MODULE_ID><![CDATA[27445C8270364452BEB29669FBB21CED]]></AD_MODULE_ID>
<!--19371E6FC7E14F08B7DDCA3036C1FC19-->  <ISTHREADSAFE><![CDATA[N]]></ISTHREADSAFE>
<!--19371E6FC7E14F08B7DDCA3036C1FC19-->  <ISADVANCEDFEATURE><![CDATA[N]]></ISADVANCEDFEATURE>
<!--19371E6FC7E14F08B7DDCA3036C1FC19--></AD_WINDOW>

<!--1C5D969B0F3A4843A0609E4B88DAF48B--><AD_WINDOW>
<!--1C5D969B0F3A4843A0609E4B88DAF48B-->  <AD_WINDOW_ID><![CDATA[1C5D969B0F3A4843A0609E4B88DAF48B]]></AD_WINDOW_ID>
<!--1C5D969B0F3A4843A0609E4B88DAF48B-->  <AD_CLIENT_ID><![CDATA[0]]></AD_CLIENT_ID>
<!--1C5D969B0F3A4843A0609E4B88DAF48B-->  <AD_ORG_ID><![CDATA[0]]></AD_ORG_ID>
<!--1C5D969B0F3A4843A0609E4B88DAF48B-->  <ISACTIVE><![CDATA[Y]]></ISACTIVE>
<!--1C5D969B0F3A4843A0609E4B88DAF48B-->  <NAME><![CDATA[Import Maping Definition]]></NAME>
<!--1C5D969B0F3A4843A0609E4B88DAF48B-->  <WINDOWTYPE><![CDATA[M]]></WINDOWTYPE>
<!--1C5D969B0F3A4843A0609E4B88DAF48B-->  <ISSOTRX><![CDATA[N]]></ISSOTRX>
<!--1C5D969B0F3A4843A0609E4B88DAF48B-->  <PROCESSING><![CDATA[N]]></PROCESSING>
<!--1C5D969B0F3A4843A0609E4B88DAF48B-->  <ISDEFAULT><![CDATA[N]]></ISDEFAULT>
<!--1C5D969B0F3A4843A0609E4B88DAF48B-->  <AD_MODULE_ID><![CDATA[27445C8270364452BEB29669FBB21CED]]></AD_MODULE_ID>
<!--1C5D969B0F3A4843A0609E4B88DAF48B-->  <ISTHREADSAFE><![CDATA[N]]></ISTHREADSAFE>
<!--1C5D969B0F3A4843A0609E4B88DAF48B-->  <ISADVANCEDFEATURE><![CDATA[N]]></ISADVANCEDFEATURE>
<!--1C5D969B0F3A4843A0609E4B88DAF48B--></AD_WINDOW>

<!--23597635A0D940508401D8FB6AD035B6--><AD_WINDOW>
<!--23597635A0D940508401D8FB6AD035B6-->  <AD_WINDOW_ID><![CDATA[23597635A0D940508401D8FB6AD035B6]]></AD_WINDOW_ID>
<!--23597635A0D940508401D8FB6AD035B6-->  <AD_CLIENT_ID><![CDATA[0]]></AD_CLIENT_ID>
<!--23597635A0D940508401D8FB6AD035B6-->  <AD_ORG_ID><![CDATA[0]]></AD_ORG_ID>
<!--23597635A0D940508401D8FB6AD035B6-->  <ISACTIVE><![CDATA[Y]]></ISACTIVE>
<!--23597635A0D940508401D8FB6AD035B6-->  <NAME><![CDATA[Sales Commission Transaction]]></NAME>
<!--23597635A0D940508401D8FB6AD035B6-->  <WINDOWTYPE><![CDATA[T]]></WINDOWTYPE>
<!--23597635A0D940508401D8FB6AD035B6-->  <ISSOTRX><![CDATA[Y]]></ISSOTRX>
<!--23597635A0D940508401D8FB6AD035B6-->  <PROCESSING><![CDATA[N]]></PROCESSING>
<!--23597635A0D940508401D8FB6AD035B6-->  <ISDEFAULT><![CDATA[N]]></ISDEFAULT>
<!--23597635A0D940508401D8FB6AD035B6-->  <AD_MODULE_ID><![CDATA[27445C8270364452BEB29669FBB21CED]]></AD_MODULE_ID>
<!--23597635A0D940508401D8FB6AD035B6-->  <ISTHREADSAFE><![CDATA[N]]></ISTHREADSAFE>
<!--23597635A0D940508401D8FB6AD035B6-->  <ISADVANCEDFEATURE><![CDATA[N]]></ISADVANCEDFEATURE>
<!--23597635A0D940508401D8FB6AD035B6--></AD_WINDOW>

<!--4EB9B18AE00E4B009CA73D463D2C34D8--><AD_WINDOW>
<!--4EB9B18AE00E4B009CA73D463D2C34D8-->  <AD_WINDOW_ID><![CDATA[4EB9B18AE00E4B009CA73D463D2C34D8]]></AD_WINDOW_ID>
<!--4EB9B18AE00E4B009CA73D463D2C34D8-->  <AD_CLIENT_ID><![CDATA[0]]></AD_CLIENT_ID>
<!--4EB9B18AE00E4B009CA73D463D2C34D8-->  <AD_ORG_ID><![CDATA[0]]></AD_ORG_ID>
<!--4EB9B18AE00E4B009CA73D463D2C34D8-->  <ISACTIVE><![CDATA[Y]]></ISACTIVE>
<!--4EB9B18AE00E4B009CA73D463D2C34D8-->  <NAME><![CDATA[Document Routing Configuration]]></NAME>
<!--4EB9B18AE00E4B009CA73D463D2C34D8-->  <DESCRIPTION><![CDATA[Document Routing Configuration]]></DESCRIPTION>
<!--4EB9B18AE00E4B009CA73D463D2C34D8-->  <WINDOWTYPE><![CDATA[M]]></WINDOWTYPE>
<!--4EB9B18AE00E4B009CA73D463D2C34D8-->  <ISSOTRX><![CDATA[N]]></ISSOTRX>
<!--4EB9B18AE00E4B009CA73D463D2C34D8-->  <PROCESSING><![CDATA[N]]></PROCESSING>
<!--4EB9B18AE00E4B009CA73D463D2C34D8-->  <ISDEFAULT><![CDATA[N]]></ISDEFAULT>
<!--4EB9B18AE00E4B009CA73D463D2C34D8-->  <AD_MODULE_ID><![CDATA[27445C8270364452BEB29669FBB21CED]]></AD_MODULE_ID>
<!--4EB9B18AE00E4B009CA73D463D2C34D8-->  <ISTHREADSAFE><![CDATA[N]]></ISTHREADSAFE>
<!--4EB9B18AE00E4B009CA73D463D2C34D8-->  <ISADVANCEDFEATURE><![CDATA[N]]></ISADVANCEDFEATURE>
<!--4EB9B18AE00E4B009CA73D463D2C34D8--></AD_WINDOW>

<!--7BD03245396B4345909BCC97045E651A--><AD_WINDOW>
<!--7BD03245396B4345909BCC97045E651A-->  <AD_WINDOW_ID><![CDATA[7BD03245396B4345909BCC97045E651A]]></AD_WINDOW_ID>
<!--7BD03245396B4345909BCC97045E651A-->  <AD_CLIENT_ID><![CDATA[0]]></AD_CLIENT_ID>
<!--7BD03245396B4345909BCC97045E651A-->  <AD_ORG_ID><![CDATA[0]]></AD_ORG_ID>
<!--7BD03245396B4345909BCC97045E651A-->  <ISACTIVE><![CDATA[Y]]></ISACTIVE>
<!--7BD03245396B4345909BCC97045E651A-->  <NAME><![CDATA[Import Products Cost]]></NAME>
<!--7BD03245396B4345909BCC97045E651A-->  <DESCRIPTION><![CDATA[Import Product Cost to define the latest costing at the begining of accounting period]]></DESCRIPTION>
<!--7BD03245396B4345909BCC97045E651A-->  <HELP><![CDATA[Import Product Cost to define the latest costing at the begining of accounting period. By providing the product cost you are allowed to see the valued stock value, and also post the 1st Goods Receipt document. Beside that, you will get matched value of your inventory in the warehouse and in your balance sheet.]]></HELP>
<!--7BD03245396B4345909BCC97045E651A-->  <WINDOWTYPE><![CDATA[M]]></WINDOWTYPE>
<!--7BD03245396B4345909BCC97045E651A-->  <ISSOTRX><![CDATA[Y]]></ISSOTRX>
<!--7BD03245396B4345909BCC97045E651A-->  <PROCESSING><![CDATA[N]]></PROCESSING>
<!--7BD03245396B4345909BCC97045E651A-->  <ISDEFAULT><![CDATA[N]]></ISDEFAULT>
<!--7BD03245396B4345909BCC97045E651A-->  <AD_MODULE_ID><![CDATA[27445C8270364452BEB29669FBB21CED]]></AD_MODULE_ID>
<!--7BD03245396B4345909BCC97045E651A-->  <ISTHREADSAFE><![CDATA[N]]></ISTHREADSAFE>
<!--7BD03245396B4345909BCC97045E651A-->  <ISADVANCEDFEATURE><![CDATA[N]]></ISADVANCEDFEATURE>
<!--7BD03245396B4345909BCC97045E651A--></AD_WINDOW>

<!--7FC2E5FA12934D3BB9C70B294CF8A683--><AD_WINDOW>
<!--7FC2E5FA12934D3BB9C70B294CF8A683-->  <AD_WINDOW_ID><![CDATA[7FC2E5FA12934D3BB9C70B294CF8A683]]></AD_WINDOW_ID>
<!--7FC2E5FA12934D3BB9C70B294CF8A683-->  <AD_CLIENT_ID><![CDATA[0]]></AD_CLIENT_ID>
<!--7FC2E5FA12934D3BB9C70B294CF8A683-->  <AD_ORG_ID><![CDATA[0]]></AD_ORG_ID>
<!--7FC2E5FA12934D3BB9C70B294CF8A683-->  <ISACTIVE><![CDATA[Y]]></ISACTIVE>
<!--7FC2E5FA12934D3BB9C70B294CF8A683-->  <NAME><![CDATA[Import Business Partner Balance]]></NAME>
<!--7FC2E5FA12934D3BB9C70B294CF8A683-->  <DESCRIPTION><![CDATA[Import business partner balance]]></DESCRIPTION>
<!--7FC2E5FA12934D3BB9C70B294CF8A683-->  <HELP><![CDATA[Import business partner balance, to enable you register the payment from/lto your business partner after opening balance. You may not enter the detail of invoice, but you define how much and when you need to receive/pay to your business partner. One business partner can have several due date and amount to be received/paid.]]></HELP>
<!--7FC2E5FA12934D3BB9C70B294CF8A683-->  <WINDOWTYPE><![CDATA[M]]></WINDOWTYPE>
<!--7FC2E5FA12934D3BB9C70B294CF8A683-->  <ISSOTRX><![CDATA[Y]]></ISSOTRX>
<!--7FC2E5FA12934D3BB9C70B294CF8A683-->  <PROCESSING><![CDATA[N]]></PROCESSING>
<!--7FC2E5FA12934D3BB9C70B294CF8A683-->  <ISDEFAULT><![CDATA[N]]></ISDEFAULT>
<!--7FC2E5FA12934D3BB9C70B294CF8A683-->  <AD_MODULE_ID><![CDATA[27445C8270364452BEB29669FBB21CED]]></AD_MODULE_ID>
<!--7FC2E5FA12934D3BB9C70B294CF8A683-->  <ISTHREADSAFE><![CDATA[N]]></ISTHREADSAFE>
<!--7FC2E5FA12934D3BB9C70B294CF8A683-->  <ISADVANCEDFEATURE><![CDATA[N]]></ISADVANCEDFEATURE>
<!--7FC2E5FA12934D3BB9C70B294CF8A683--></AD_WINDOW>

<!--80B7830C0F2C46489E85CA8C5AF9651A--><AD_WINDOW>
<!--80B7830C0F2C46489E85CA8C5AF9651A-->  <AD_WINDOW_ID><![CDATA[80B7830C0F2C46489E85CA8C5AF9651A]]></AD_WINDOW_ID>
<!--80B7830C0F2C46489E85CA8C5AF9651A-->  <AD_CLIENT_ID><![CDATA[0]]></AD_CLIENT_ID>
<!--80B7830C0F2C46489E85CA8C5AF9651A-->  <AD_ORG_ID><![CDATA[0]]></AD_ORG_ID>
<!--80B7830C0F2C46489E85CA8C5AF9651A-->  <ISACTIVE><![CDATA[Y]]></ISACTIVE>
<!--80B7830C0F2C46489E85CA8C5AF9651A-->  <NAME><![CDATA[Customer Type]]></NAME>
<!--80B7830C0F2C46489E85CA8C5AF9651A-->  <WINDOWTYPE><![CDATA[M]]></WINDOWTYPE>
<!--80B7830C0F2C46489E85CA8C5AF9651A-->  <ISSOTRX><![CDATA[Y]]></ISSOTRX>
<!--80B7830C0F2C46489E85CA8C5AF9651A-->  <PROCESSING><![CDATA[N]]></PROCESSING>
<!--80B7830C0F2C46489E85CA8C5AF9651A-->  <ISDEFAULT><![CDATA[N]]></ISDEFAULT>
<!--80B7830C0F2C46489E85CA8C5AF9651A-->  <AD_MODULE_ID><![CDATA[27445C8270364452BEB29669FBB21CED]]></AD_MODULE_ID>
<!--80B7830C0F2C46489E85CA8C5AF9651A-->  <ISTHREADSAFE><![CDATA[N]]></ISTHREADSAFE>
<!--80B7830C0F2C46489E85CA8C5AF9651A-->  <ISADVANCEDFEATURE><![CDATA[N]]></ISADVANCEDFEATURE>
<!--80B7830C0F2C46489E85CA8C5AF9651A--></AD_WINDOW>

<!--82FFC41E7EF645D3BC3166DDAEBD47A2--><AD_WINDOW>
<!--82FFC41E7EF645D3BC3166DDAEBD47A2-->  <AD_WINDOW_ID><![CDATA[82FFC41E7EF645D3BC3166DDAEBD47A2]]></AD_WINDOW_ID>
<!--82FFC41E7EF645D3BC3166DDAEBD47A2-->  <AD_CLIENT_ID><![CDATA[0]]></AD_CLIENT_ID>
<!--82FFC41E7EF645D3BC3166DDAEBD47A2-->  <AD_ORG_ID><![CDATA[0]]></AD_ORG_ID>
<!--82FFC41E7EF645D3BC3166DDAEBD47A2-->  <ISACTIVE><![CDATA[Y]]></ISACTIVE>
<!--82FFC41E7EF645D3BC3166DDAEBD47A2-->  <NAME><![CDATA[Sales Commission Rule]]></NAME>
<!--82FFC41E7EF645D3BC3166DDAEBD47A2-->  <WINDOWTYPE><![CDATA[M]]></WINDOWTYPE>
<!--82FFC41E7EF645D3BC3166DDAEBD47A2-->  <ISSOTRX><![CDATA[Y]]></ISSOTRX>
<!--82FFC41E7EF645D3BC3166DDAEBD47A2-->  <PROCESSING><![CDATA[N]]></PROCESSING>
<!--82FFC41E7EF645D3BC3166DDAEBD47A2-->  <ISDEFAULT><![CDATA[N]]></ISDEFAULT>
<!--82FFC41E7EF645D3BC3166DDAEBD47A2-->  <AD_MODULE_ID><![CDATA[27445C8270364452BEB29669FBB21CED]]></AD_MODULE_ID>
<!--82FFC41E7EF645D3BC3166DDAEBD47A2-->  <ISTHREADSAFE><![CDATA[N]]></ISTHREADSAFE>
<!--82FFC41E7EF645D3BC3166DDAEBD47A2-->  <ISADVANCEDFEATURE><![CDATA[N]]></ISADVANCEDFEATURE>
<!--82FFC41E7EF645D3BC3166DDAEBD47A2--></AD_WINDOW>

<!--96DC575FF2804BA595DAF6D57D7FAAEE--><AD_WINDOW>
<!--96DC575FF2804BA595DAF6D57D7FAAEE-->  <AD_WINDOW_ID><![CDATA[96DC575FF2804BA595DAF6D57D7FAAEE]]></AD_WINDOW_ID>
<!--96DC575FF2804BA595DAF6D57D7FAAEE-->  <AD_CLIENT_ID><![CDATA[0]]></AD_CLIENT_ID>
<!--96DC575FF2804BA595DAF6D57D7FAAEE-->  <AD_ORG_ID><![CDATA[0]]></AD_ORG_ID>
<!--96DC575FF2804BA595DAF6D57D7FAAEE-->  <ISACTIVE><![CDATA[Y]]></ISACTIVE>
<!--96DC575FF2804BA595DAF6D57D7FAAEE-->  <NAME><![CDATA[Import Asset]]></NAME>
<!--96DC575FF2804BA595DAF6D57D7FAAEE-->  <WINDOWTYPE><![CDATA[T]]></WINDOWTYPE>
<!--96DC575FF2804BA595DAF6D57D7FAAEE-->  <ISSOTRX><![CDATA[Y]]></ISSOTRX>
<!--96DC575FF2804BA595DAF6D57D7FAAEE-->  <PROCESSING><![CDATA[N]]></PROCESSING>
<!--96DC575FF2804BA595DAF6D57D7FAAEE-->  <ISDEFAULT><![CDATA[N]]></ISDEFAULT>
<!--96DC575FF2804BA595DAF6D57D7FAAEE-->  <AD_MODULE_ID><![CDATA[27445C8270364452BEB29669FBB21CED]]></AD_MODULE_ID>
<!--96DC575FF2804BA595DAF6D57D7FAAEE-->  <ISTHREADSAFE><![CDATA[N]]></ISTHREADSAFE>
<!--96DC575FF2804BA595DAF6D57D7FAAEE-->  <ISADVANCEDFEATURE><![CDATA[N]]></ISADVANCEDFEATURE>
<!--96DC575FF2804BA595DAF6D57D7FAAEE--></AD_WINDOW>

<!--A2D09ADFDCFF4712BE36C7944EB4A9BE--><AD_WINDOW>
<!--A2D09ADFDCFF4712BE36C7944EB4A9BE-->  <AD_WINDOW_ID><![CDATA[A2D09ADFDCFF4712BE36C7944EB4A9BE]]></AD_WINDOW_ID>
<!--A2D09ADFDCFF4712BE36C7944EB4A9BE-->  <AD_CLIENT_ID><![CDATA[0]]></AD_CLIENT_ID>
<!--A2D09ADFDCFF4712BE36C7944EB4A9BE-->  <AD_ORG_ID><![CDATA[0]]></AD_ORG_ID>
<!--A2D09ADFDCFF4712BE36C7944EB4A9BE-->  <ISACTIVE><![CDATA[Y]]></ISACTIVE>
<!--A2D09ADFDCFF4712BE36C7944EB4A9BE-->  <NAME><![CDATA[Laporan LPP]]></NAME>
<!--A2D09ADFDCFF4712BE36C7944EB4A9BE-->  <WINDOWTYPE><![CDATA[M]]></WINDOWTYPE>
<!--A2D09ADFDCFF4712BE36C7944EB4A9BE-->  <ISSOTRX><![CDATA[Y]]></ISSOTRX>
<!--A2D09ADFDCFF4712BE36C7944EB4A9BE-->  <PROCESSING><![CDATA[N]]></PROCESSING>
<!--A2D09ADFDCFF4712BE36C7944EB4A9BE-->  <ISDEFAULT><![CDATA[N]]></ISDEFAULT>
<!--A2D09ADFDCFF4712BE36C7944EB4A9BE-->  <AD_MODULE_ID><![CDATA[27445C8270364452BEB29669FBB21CED]]></AD_MODULE_ID>
<!--A2D09ADFDCFF4712BE36C7944EB4A9BE-->  <ISTHREADSAFE><![CDATA[N]]></ISTHREADSAFE>
<!--A2D09ADFDCFF4712BE36C7944EB4A9BE-->  <ISADVANCEDFEATURE><![CDATA[N]]></ISADVANCEDFEATURE>
<!--A2D09ADFDCFF4712BE36C7944EB4A9BE--></AD_WINDOW>

<!--AC07F2B531DC4F4EB5C557DFCCBCF024--><AD_WINDOW>
<!--AC07F2B531DC4F4EB5C557DFCCBCF024-->  <AD_WINDOW_ID><![CDATA[AC07F2B531DC4F4EB5C557DFCCBCF024]]></AD_WINDOW_ID>
<!--AC07F2B531DC4F4EB5C557DFCCBCF024-->  <AD_CLIENT_ID><![CDATA[0]]></AD_CLIENT_ID>
<!--AC07F2B531DC4F4EB5C557DFCCBCF024-->  <AD_ORG_ID><![CDATA[0]]></AD_ORG_ID>
<!--AC07F2B531DC4F4EB5C557DFCCBCF024-->  <ISACTIVE><![CDATA[Y]]></ISACTIVE>
<!--AC07F2B531DC4F4EB5C557DFCCBCF024-->  <NAME><![CDATA[Product Details View]]></NAME>
<!--AC07F2B531DC4F4EB5C557DFCCBCF024-->  <DESCRIPTION><![CDATA[Product Details View]]></DESCRIPTION>
<!--AC07F2B531DC4F4EB5C557DFCCBCF024-->  <WINDOWTYPE><![CDATA[Q]]></WINDOWTYPE>
<!--AC07F2B531DC4F4EB5C557DFCCBCF024-->  <ISSOTRX><![CDATA[N]]></ISSOTRX>
<!--AC07F2B531DC4F4EB5C557DFCCBCF024-->  <PROCESSING><![CDATA[N]]></PROCESSING>
<!--AC07F2B531DC4F4EB5C557DFCCBCF024-->  <ISDEFAULT><![CDATA[N]]></ISDEFAULT>
<!--AC07F2B531DC4F4EB5C557DFCCBCF024-->  <AD_MODULE_ID><![CDATA[27445C8270364452BEB29669FBB21CED]]></AD_MODULE_ID>
<!--AC07F2B531DC4F4EB5C557DFCCBCF024-->  <ISTHREADSAFE><![CDATA[N]]></ISTHREADSAFE>
<!--AC07F2B531DC4F4EB5C557DFCCBCF024-->  <ISADVANCEDFEATURE><![CDATA[N]]></ISADVANCEDFEATURE>
<!--AC07F2B531DC4F4EB5C557DFCCBCF024--></AD_WINDOW>

<!--B1B632318B984946AA2F62ED9581A07B--><AD_WINDOW>
<!--B1B632318B984946AA2F62ED9581A07B-->  <AD_WINDOW_ID><![CDATA[B1B632318B984946AA2F62ED9581A07B]]></AD_WINDOW_ID>
<!--B1B632318B984946AA2F62ED9581A07B-->  <AD_CLIENT_ID><![CDATA[0]]></AD_CLIENT_ID>
<!--B1B632318B984946AA2F62ED9581A07B-->  <AD_ORG_ID><![CDATA[0]]></AD_ORG_ID>
<!--B1B632318B984946AA2F62ED9581A07B-->  <ISACTIVE><![CDATA[Y]]></ISACTIVE>
<!--B1B632318B984946AA2F62ED9581A07B-->  <NAME><![CDATA[Import Goods Receipt/Shipment]]></NAME>
<!--B1B632318B984946AA2F62ED9581A07B-->  <DESCRIPTION><![CDATA[Import Goods Receipt/Shipment from csv]]></DESCRIPTION>
<!--B1B632318B984946AA2F62ED9581A07B-->  <HELP><![CDATA[Import Goods Receipt/Shipment from csv]]></HELP>
<!--B1B632318B984946AA2F62ED9581A07B-->  <WINDOWTYPE><![CDATA[M]]></WINDOWTYPE>
<!--B1B632318B984946AA2F62ED9581A07B-->  <ISSOTRX><![CDATA[N]]></ISSOTRX>
<!--B1B632318B984946AA2F62ED9581A07B-->  <PROCESSING><![CDATA[N]]></PROCESSING>
<!--B1B632318B984946AA2F62ED9581A07B-->  <ISDEFAULT><![CDATA[N]]></ISDEFAULT>
<!--B1B632318B984946AA2F62ED9581A07B-->  <AD_MODULE_ID><![CDATA[27445C8270364452BEB29669FBB21CED]]></AD_MODULE_ID>
<!--B1B632318B984946AA2F62ED9581A07B-->  <ISTHREADSAFE><![CDATA[N]]></ISTHREADSAFE>
<!--B1B632318B984946AA2F62ED9581A07B-->  <ISADVANCEDFEATURE><![CDATA[N]]></ISADVANCEDFEATURE>
<!--B1B632318B984946AA2F62ED9581A07B--></AD_WINDOW>

<!--B8EF74664A17470EA140155450DC68ED--><AD_WINDOW>
<!--B8EF74664A17470EA140155450DC68ED-->  <AD_WINDOW_ID><![CDATA[B8EF74664A17470EA140155450DC68ED]]></AD_WINDOW_ID>
<!--B8EF74664A17470EA140155450DC68ED-->  <AD_CLIENT_ID><![CDATA[0]]></AD_CLIENT_ID>
<!--B8EF74664A17470EA140155450DC68ED-->  <AD_ORG_ID><![CDATA[0]]></AD_ORG_ID>
<!--B8EF74664A17470EA140155450DC68ED-->  <ISACTIVE><![CDATA[Y]]></ISACTIVE>
<!--B8EF74664A17470EA140155450DC68ED-->  <NAME><![CDATA[Prepayment]]></NAME>
<!--B8EF74664A17470EA140155450DC68ED-->  <WINDOWTYPE><![CDATA[M]]></WINDOWTYPE>
<!--B8EF74664A17470EA140155450DC68ED-->  <ISSOTRX><![CDATA[Y]]></ISSOTRX>
<!--B8EF74664A17470EA140155450DC68ED-->  <PROCESSING><![CDATA[N]]></PROCESSING>
<!--B8EF74664A17470EA140155450DC68ED-->  <ISDEFAULT><![CDATA[N]]></ISDEFAULT>
<!--B8EF74664A17470EA140155450DC68ED-->  <AD_MODULE_ID><![CDATA[27445C8270364452BEB29669FBB21CED]]></AD_MODULE_ID>
<!--B8EF74664A17470EA140155450DC68ED-->  <ISTHREADSAFE><![CDATA[N]]></ISTHREADSAFE>
<!--B8EF74664A17470EA140155450DC68ED-->  <ISADVANCEDFEATURE><![CDATA[N]]></ISADVANCEDFEATURE>
<!--B8EF74664A17470EA140155450DC68ED--></AD_WINDOW>

<!--BC20F7E8A8F147CDBE010282A4ADE4EA--><AD_WINDOW>
<!--BC20F7E8A8F147CDBE010282A4ADE4EA-->  <AD_WINDOW_ID><![CDATA[BC20F7E8A8F147CDBE010282A4ADE4EA]]></AD_WINDOW_ID>
<!--BC20F7E8A8F147CDBE010282A4ADE4EA-->  <AD_CLIENT_ID><![CDATA[0]]></AD_CLIENT_ID>
<!--BC20F7E8A8F147CDBE010282A4ADE4EA-->  <AD_ORG_ID><![CDATA[0]]></AD_ORG_ID>
<!--BC20F7E8A8F147CDBE010282A4ADE4EA-->  <ISACTIVE><![CDATA[Y]]></ISACTIVE>
<!--BC20F7E8A8F147CDBE010282A4ADE4EA-->  <NAME><![CDATA[Product Flavour]]></NAME>
<!--BC20F7E8A8F147CDBE010282A4ADE4EA-->  <WINDOWTYPE><![CDATA[M]]></WINDOWTYPE>
<!--BC20F7E8A8F147CDBE010282A4ADE4EA-->  <ISSOTRX><![CDATA[Y]]></ISSOTRX>
<!--BC20F7E8A8F147CDBE010282A4ADE4EA-->  <PROCESSING><![CDATA[N]]></PROCESSING>
<!--BC20F7E8A8F147CDBE010282A4ADE4EA-->  <ISDEFAULT><![CDATA[N]]></ISDEFAULT>
<!--BC20F7E8A8F147CDBE010282A4ADE4EA-->  <AD_MODULE_ID><![CDATA[27445C8270364452BEB29669FBB21CED]]></AD_MODULE_ID>
<!--BC20F7E8A8F147CDBE010282A4ADE4EA-->  <ISTHREADSAFE><![CDATA[N]]></ISTHREADSAFE>
<!--BC20F7E8A8F147CDBE010282A4ADE4EA-->  <ISADVANCEDFEATURE><![CDATA[N]]></ISADVANCEDFEATURE>
<!--BC20F7E8A8F147CDBE010282A4ADE4EA--></AD_WINDOW>

<!--BFE3B80BD5054873A5C4EFA6FD99F43A--><AD_WINDOW>
<!--BFE3B80BD5054873A5C4EFA6FD99F43A-->  <AD_WINDOW_ID><![CDATA[BFE3B80BD5054873A5C4EFA6FD99F43A]]></AD_WINDOW_ID>
<!--BFE3B80BD5054873A5C4EFA6FD99F43A-->  <AD_CLIENT_ID><![CDATA[0]]></AD_CLIENT_ID>
<!--BFE3B80BD5054873A5C4EFA6FD99F43A-->  <AD_ORG_ID><![CDATA[0]]></AD_ORG_ID>
<!--BFE3B80BD5054873A5C4EFA6FD99F43A-->  <ISACTIVE><![CDATA[Y]]></ISACTIVE>
<!--BFE3B80BD5054873A5C4EFA6FD99F43A-->  <NAME><![CDATA[Sales Budget]]></NAME>
<!--BFE3B80BD5054873A5C4EFA6FD99F43A-->  <WINDOWTYPE><![CDATA[M]]></WINDOWTYPE>
<!--BFE3B80BD5054873A5C4EFA6FD99F43A-->  <ISSOTRX><![CDATA[Y]]></ISSOTRX>
<!--BFE3B80BD5054873A5C4EFA6FD99F43A-->  <PROCESSING><![CDATA[N]]></PROCESSING>
<!--BFE3B80BD5054873A5C4EFA6FD99F43A-->  <ISDEFAULT><![CDATA[N]]></ISDEFAULT>
<!--BFE3B80BD5054873A5C4EFA6FD99F43A-->  <AD_MODULE_ID><![CDATA[27445C8270364452BEB29669FBB21CED]]></AD_MODULE_ID>
<!--BFE3B80BD5054873A5C4EFA6FD99F43A-->  <ISTHREADSAFE><![CDATA[N]]></ISTHREADSAFE>
<!--BFE3B80BD5054873A5C4EFA6FD99F43A-->  <ISADVANCEDFEATURE><![CDATA[N]]></ISADVANCEDFEATURE>
<!--BFE3B80BD5054873A5C4EFA6FD99F43A--></AD_WINDOW>

<!--C1FE9B7B666B4EE38E6C2C748EF7B80F--><AD_WINDOW>
<!--C1FE9B7B666B4EE38E6C2C748EF7B80F-->  <AD_WINDOW_ID><![CDATA[C1FE9B7B666B4EE38E6C2C748EF7B80F]]></AD_WINDOW_ID>
<!--C1FE9B7B666B4EE38E6C2C748EF7B80F-->  <AD_CLIENT_ID><![CDATA[0]]></AD_CLIENT_ID>
<!--C1FE9B7B666B4EE38E6C2C748EF7B80F-->  <AD_ORG_ID><![CDATA[0]]></AD_ORG_ID>
<!--C1FE9B7B666B4EE38E6C2C748EF7B80F-->  <ISACTIVE><![CDATA[Y]]></ISACTIVE>
<!--C1FE9B7B666B4EE38E6C2C748EF7B80F-->  <NAME><![CDATA[Import Work Effort]]></NAME>
<!--C1FE9B7B666B4EE38E6C2C748EF7B80F-->  <WINDOWTYPE><![CDATA[M]]></WINDOWTYPE>
<!--C1FE9B7B666B4EE38E6C2C748EF7B80F-->  <ISSOTRX><![CDATA[Y]]></ISSOTRX>
<!--C1FE9B7B666B4EE38E6C2C748EF7B80F-->  <PROCESSING><![CDATA[N]]></PROCESSING>
<!--C1FE9B7B666B4EE38E6C2C748EF7B80F-->  <ISDEFAULT><![CDATA[N]]></ISDEFAULT>
<!--C1FE9B7B666B4EE38E6C2C748EF7B80F-->  <AD_MODULE_ID><![CDATA[27445C8270364452BEB29669FBB21CED]]></AD_MODULE_ID>
<!--C1FE9B7B666B4EE38E6C2C748EF7B80F-->  <ISTHREADSAFE><![CDATA[N]]></ISTHREADSAFE>
<!--C1FE9B7B666B4EE38E6C2C748EF7B80F-->  <ISADVANCEDFEATURE><![CDATA[N]]></ISADVANCEDFEATURE>
<!--C1FE9B7B666B4EE38E6C2C748EF7B80F--></AD_WINDOW>

<!--E836269861CA404D965A561C35CB01B1--><AD_WINDOW>
<!--E836269861CA404D965A561C35CB01B1-->  <AD_WINDOW_ID><![CDATA[E836269861CA404D965A561C35CB01B1]]></AD_WINDOW_ID>
<!--E836269861CA404D965A561C35CB01B1-->  <AD_CLIENT_ID><![CDATA[0]]></AD_CLIENT_ID>
<!--E836269861CA404D965A561C35CB01B1-->  <AD_ORG_ID><![CDATA[0]]></AD_ORG_ID>
<!--E836269861CA404D965A561C35CB01B1-->  <ISACTIVE><![CDATA[Y]]></ISACTIVE>
<!--E836269861CA404D965A561C35CB01B1-->  <NAME><![CDATA[Import Work Requirement]]></NAME>
<!--E836269861CA404D965A561C35CB01B1-->  <WINDOWTYPE><![CDATA[T]]></WINDOWTYPE>
<!--E836269861CA404D965A561C35CB01B1-->  <ISSOTRX><![CDATA[Y]]></ISSOTRX>
<!--E836269861CA404D965A561C35CB01B1-->  <PROCESSING><![CDATA[N]]></PROCESSING>
<!--E836269861CA404D965A561C35CB01B1-->  <ISDEFAULT><![CDATA[N]]></ISDEFAULT>
<!--E836269861CA404D965A561C35CB01B1-->  <AD_MODULE_ID><![CDATA[27445C8270364452BEB29669FBB21CED]]></AD_MODULE_ID>
<!--E836269861CA404D965A561C35CB01B1-->  <ISTHREADSAFE><![CDATA[N]]></ISTHREADSAFE>
<!--E836269861CA404D965A561C35CB01B1-->  <ISADVANCEDFEATURE><![CDATA[N]]></ISADVANCEDFEATURE>
<!--E836269861CA404D965A561C35CB01B1--></AD_WINDOW>

</data>
