<?xml version="1.0" encoding="UTF-8"?>
<data>
<!--3D9EB6207DA54805894058E40271B77A--><OBCQL_QUERY_COLUMN>
<!--3D9EB6207DA54805894058E40271B77A-->  <OBCQL_QUERY_COLUMN_ID><![CDATA[3D9EB6207DA54805894058E40271B77A]]></OBCQL_QUERY_COLUMN_ID>
<!--3D9EB6207DA54805894058E40271B77A-->  <AD_CLIENT_ID><![CDATA[0]]></AD_CLIENT_ID>
<!--3D9EB6207DA54805894058E40271B77A-->  <AD_ORG_ID><![CDATA[0]]></AD_ORG_ID>
<!--3D9EB6207DA54805894058E40271B77A-->  <ISACTIVE><![CDATA[Y]]></ISACTIVE>
<!--3D9EB6207DA54805894058E40271B77A-->  <OBCQL_WIDGET_QUERY_ID><![CDATA[9F7146D2C0044F0F92C17AD2C696869B]]></OBCQL_WIDGET_QUERY_ID>
<!--3D9EB6207DA54805894058E40271B77A-->  <DISPLAY_EXPRESSION><![CDATA[ID]]></DISPLAY_EXPRESSION>
<!--3D9EB6207DA54805894058E40271B77A-->  <NAME><![CDATA[ID]]></NAME>
<!--3D9EB6207DA54805894058E40271B77A-->  <WIDTH><![CDATA[0]]></WIDTH>
<!--3D9EB6207DA54805894058E40271B77A-->  <SEQNO><![CDATA[20]]></SEQNO>
<!--3D9EB6207DA54805894058E40271B77A-->  <AD_REFERENCE_ID><![CDATA[10]]></AD_REFERENCE_ID>
<!--3D9EB6207DA54805894058E40271B77A-->  <AD_REFERENCE_VALUE_ID><![CDATA[B36DF126DF5F4077A37F1E5B963AA636]]></AD_REFERENCE_VALUE_ID>
<!--3D9EB6207DA54805894058E40271B77A-->  <INCLUDE_IN><![CDATA[W]]></INCLUDE_IN>
<!--3D9EB6207DA54805894058E40271B77A-->  <HAS_LINK><![CDATA[N]]></HAS_LINK>
<!--3D9EB6207DA54805894058E40271B77A-->  <CAN_BE_FILTERED><![CDATA[N]]></CAN_BE_FILTERED>
<!--3D9EB6207DA54805894058E40271B77A--></OBCQL_QUERY_COLUMN>

<!--9E75916D99BE4C918B3E315B3AAE061A--><OBCQL_QUERY_COLUMN>
<!--9E75916D99BE4C918B3E315B3AAE061A-->  <OBCQL_QUERY_COLUMN_ID><![CDATA[9E75916D99BE4C918B3E315B3AAE061A]]></OBCQL_QUERY_COLUMN_ID>
<!--9E75916D99BE4C918B3E315B3AAE061A-->  <AD_CLIENT_ID><![CDATA[0]]></AD_CLIENT_ID>
<!--9E75916D99BE4C918B3E315B3AAE061A-->  <AD_ORG_ID><![CDATA[0]]></AD_ORG_ID>
<!--9E75916D99BE4C918B3E315B3AAE061A-->  <ISACTIVE><![CDATA[Y]]></ISACTIVE>
<!--9E75916D99BE4C918B3E315B3AAE061A-->  <OBCQL_WIDGET_QUERY_ID><![CDATA[F48F3BBD14774E1682362D3D33343529]]></OBCQL_WIDGET_QUERY_ID>
<!--9E75916D99BE4C918B3E315B3AAE061A-->  <DISPLAY_EXPRESSION><![CDATA[product]]></DISPLAY_EXPRESSION>
<!--9E75916D99BE4C918B3E315B3AAE061A-->  <NAME><![CDATA[Product]]></NAME>
<!--9E75916D99BE4C918B3E315B3AAE061A-->  <WIDTH><![CDATA[150]]></WIDTH>
<!--9E75916D99BE4C918B3E315B3AAE061A-->  <SEQNO><![CDATA[10]]></SEQNO>
<!--9E75916D99BE4C918B3E315B3AAE061A-->  <AD_REFERENCE_ID><![CDATA[10]]></AD_REFERENCE_ID>
<!--9E75916D99BE4C918B3E315B3AAE061A-->  <INCLUDE_IN><![CDATA[W]]></INCLUDE_IN>
<!--9E75916D99BE4C918B3E315B3AAE061A-->  <HAS_LINK><![CDATA[N]]></HAS_LINK>
<!--9E75916D99BE4C918B3E315B3AAE061A-->  <CAN_BE_FILTERED><![CDATA[N]]></CAN_BE_FILTERED>
<!--9E75916D99BE4C918B3E315B3AAE061A--></OBCQL_QUERY_COLUMN>

<!--E36413E1B48249B7B176F8F015B50C8F--><OBCQL_QUERY_COLUMN>
<!--E36413E1B48249B7B176F8F015B50C8F-->  <OBCQL_QUERY_COLUMN_ID><![CDATA[E36413E1B48249B7B176F8F015B50C8F]]></OBCQL_QUERY_COLUMN_ID>
<!--E36413E1B48249B7B176F8F015B50C8F-->  <AD_CLIENT_ID><![CDATA[0]]></AD_CLIENT_ID>
<!--E36413E1B48249B7B176F8F015B50C8F-->  <AD_ORG_ID><![CDATA[0]]></AD_ORG_ID>
<!--E36413E1B48249B7B176F8F015B50C8F-->  <ISACTIVE><![CDATA[Y]]></ISACTIVE>
<!--E36413E1B48249B7B176F8F015B50C8F-->  <OBCQL_WIDGET_QUERY_ID><![CDATA[F48F3BBD14774E1682362D3D33343529]]></OBCQL_WIDGET_QUERY_ID>
<!--E36413E1B48249B7B176F8F015B50C8F-->  <DISPLAY_EXPRESSION><![CDATA[Price]]></DISPLAY_EXPRESSION>
<!--E36413E1B48249B7B176F8F015B50C8F-->  <NAME><![CDATA[Price]]></NAME>
<!--E36413E1B48249B7B176F8F015B50C8F-->  <WIDTH><![CDATA[100]]></WIDTH>
<!--E36413E1B48249B7B176F8F015B50C8F-->  <SEQNO><![CDATA[20]]></SEQNO>
<!--E36413E1B48249B7B176F8F015B50C8F-->  <AD_REFERENCE_ID><![CDATA[800008]]></AD_REFERENCE_ID>
<!--E36413E1B48249B7B176F8F015B50C8F-->  <INCLUDE_IN><![CDATA[W]]></INCLUDE_IN>
<!--E36413E1B48249B7B176F8F015B50C8F-->  <HAS_LINK><![CDATA[N]]></HAS_LINK>
<!--E36413E1B48249B7B176F8F015B50C8F-->  <CAN_BE_FILTERED><![CDATA[N]]></CAN_BE_FILTERED>
<!--E36413E1B48249B7B176F8F015B50C8F--></OBCQL_QUERY_COLUMN>

<!--FFE6A49BEC68493195AF8C77CD4EA378--><OBCQL_QUERY_COLUMN>
<!--FFE6A49BEC68493195AF8C77CD4EA378-->  <OBCQL_QUERY_COLUMN_ID><![CDATA[FFE6A49BEC68493195AF8C77CD4EA378]]></OBCQL_QUERY_COLUMN_ID>
<!--FFE6A49BEC68493195AF8C77CD4EA378-->  <AD_CLIENT_ID><![CDATA[0]]></AD_CLIENT_ID>
<!--FFE6A49BEC68493195AF8C77CD4EA378-->  <AD_ORG_ID><![CDATA[0]]></AD_ORG_ID>
<!--FFE6A49BEC68493195AF8C77CD4EA378-->  <ISACTIVE><![CDATA[Y]]></ISACTIVE>
<!--FFE6A49BEC68493195AF8C77CD4EA378-->  <OBCQL_WIDGET_QUERY_ID><![CDATA[9F7146D2C0044F0F92C17AD2C696869B]]></OBCQL_WIDGET_QUERY_ID>
<!--FFE6A49BEC68493195AF8C77CD4EA378-->  <DISPLAY_EXPRESSION><![CDATA[Sales Order]]></DISPLAY_EXPRESSION>
<!--FFE6A49BEC68493195AF8C77CD4EA378-->  <NAME><![CDATA[Sales Order]]></NAME>
<!--FFE6A49BEC68493195AF8C77CD4EA378-->  <WIDTH><![CDATA[0]]></WIDTH>
<!--FFE6A49BEC68493195AF8C77CD4EA378-->  <SEQNO><![CDATA[10]]></SEQNO>
<!--FFE6A49BEC68493195AF8C77CD4EA378-->  <AD_REFERENCE_ID><![CDATA[23]]></AD_REFERENCE_ID>
<!--FFE6A49BEC68493195AF8C77CD4EA378-->  <INCLUDE_IN><![CDATA[W]]></INCLUDE_IN>
<!--FFE6A49BEC68493195AF8C77CD4EA378-->  <HAS_LINK><![CDATA[N]]></HAS_LINK>
<!--FFE6A49BEC68493195AF8C77CD4EA378-->  <AD_TAB_ID><![CDATA[186]]></AD_TAB_ID>
<!--FFE6A49BEC68493195AF8C77CD4EA378-->  <CAN_BE_FILTERED><![CDATA[N]]></CAN_BE_FILTERED>
<!--FFE6A49BEC68493195AF8C77CD4EA378--></OBCQL_QUERY_COLUMN>

</data>
