<?xml version="1.0" encoding="UTF-8"?>
<data>
<!--9F7146D2C0044F0F92C17AD2C696869B--><OBCQL_WIDGET_QUERY>
<!--9F7146D2C0044F0F92C17AD2C696869B-->  <OBCQL_WIDGET_QUERY_ID><![CDATA[9F7146D2C0044F0F92C17AD2C696869B]]></OBCQL_WIDGET_QUERY_ID>
<!--9F7146D2C0044F0F92C17AD2C696869B-->  <AD_CLIENT_ID><![CDATA[0]]></AD_CLIENT_ID>
<!--9F7146D2C0044F0F92C17AD2C696869B-->  <AD_ORG_ID><![CDATA[0]]></AD_ORG_ID>
<!--9F7146D2C0044F0F92C17AD2C696869B-->  <ISACTIVE><![CDATA[Y]]></ISACTIVE>
<!--9F7146D2C0044F0F92C17AD2C696869B-->  <OBKMO_WIDGET_CLASS_ID><![CDATA[6C7DC7152993408B8A86720C83C69A37]]></OBKMO_WIDGET_CLASS_ID>
<!--9F7146D2C0044F0F92C17AD2C696869B-->  <HQL><![CDATA[select * from C_Order]]></HQL>
<!--9F7146D2C0044F0F92C17AD2C696869B-->  <TYPE><![CDATA[HQL]]></TYPE>
<!--9F7146D2C0044F0F92C17AD2C696869B--></OBCQL_WIDGET_QUERY>

<!--F48F3BBD14774E1682362D3D33343529--><OBCQL_WIDGET_QUERY>
<!--F48F3BBD14774E1682362D3D33343529-->  <OBCQL_WIDGET_QUERY_ID><![CDATA[F48F3BBD14774E1682362D3D33343529]]></OBCQL_WIDGET_QUERY_ID>
<!--F48F3BBD14774E1682362D3D33343529-->  <AD_CLIENT_ID><![CDATA[0]]></AD_CLIENT_ID>
<!--F48F3BBD14774E1682362D3D33343529-->  <AD_ORG_ID><![CDATA[0]]></AD_ORG_ID>
<!--F48F3BBD14774E1682362D3D33343529-->  <ISACTIVE><![CDATA[Y]]></ISACTIVE>
<!--F48F3BBD14774E1682362D3D33343529-->  <OBKMO_WIDGET_CLASS_ID><![CDATA[46912A4128E34BD0860137640E9E17D3]]></OBKMO_WIDGET_CLASS_ID>
<!--F48F3BBD14774E1682362D3D33343529-->  <HQL><![CDATA[select p.name as product
from Product p
where p.client.id = :client
and @optional_filters@]]></HQL>
<!--F48F3BBD14774E1682362D3D33343529-->  <TYPE><![CDATA[HQL]]></TYPE>
<!--F48F3BBD14774E1682362D3D33343529--></OBCQL_WIDGET_QUERY>

</data>
