<?xml version="1.0" encoding="UTF-8"?>
<data>
<!--46912A4128E34BD0860137640E9E17D3--><OBKMO_WIDGET_CLASS>
<!--46912A4128E34BD0860137640E9E17D3-->  <OBKMO_WIDGET_CLASS_ID><![CDATA[46912A4128E34BD0860137640E9E17D3]]></OBKMO_WIDGET_CLASS_ID>
<!--46912A4128E34BD0860137640E9E17D3-->  <AD_CLIENT_ID><![CDATA[0]]></AD_CLIENT_ID>
<!--46912A4128E34BD0860137640E9E17D3-->  <AD_ORG_ID><![CDATA[0]]></AD_ORG_ID>
<!--46912A4128E34BD0860137640E9E17D3-->  <ISACTIVE><![CDATA[N]]></ISACTIVE>
<!--46912A4128E34BD0860137640E9E17D3-->  <AD_MODULE_ID><![CDATA[27445C8270364452BEB29669FBB21CED]]></AD_MODULE_ID>
<!--46912A4128E34BD0860137640E9E17D3-->  <TITLE><![CDATA[Master Data Product]]></TITLE>
<!--46912A4128E34BD0860137640E9E17D3-->  <HEIGHT><![CDATA[300]]></HEIGHT>
<!--46912A4128E34BD0860137640E9E17D3-->  <ALLOW_ANONYMOUS_ACCESS><![CDATA[N]]></ALLOW_ANONYMOUS_ACCESS>
<!--46912A4128E34BD0860137640E9E17D3-->  <ISSUPERCLASS><![CDATA[N]]></ISSUPERCLASS>
<!--46912A4128E34BD0860137640E9E17D3-->  <WIDGET_SUPERCLASS_ID><![CDATA[2A32CF26F3F64FE39C7F94E9D82497D1]]></WIDGET_SUPERCLASS_ID>
<!--46912A4128E34BD0860137640E9E17D3-->  <CAN_MAXIMIZE><![CDATA[N]]></CAN_MAXIMIZE>
<!--46912A4128E34BD0860137640E9E17D3-->  <ACCESSLEVEL><![CDATA[3]]></ACCESSLEVEL>
<!--46912A4128E34BD0860137640E9E17D3-->  <AVAILABLE_IN_WORKSPACE><![CDATA[Y]]></AVAILABLE_IN_WORKSPACE>
<!--46912A4128E34BD0860137640E9E17D3--></OBKMO_WIDGET_CLASS>

<!--6C7DC7152993408B8A86720C83C69A37--><OBKMO_WIDGET_CLASS>
<!--6C7DC7152993408B8A86720C83C69A37-->  <OBKMO_WIDGET_CLASS_ID><![CDATA[6C7DC7152993408B8A86720C83C69A37]]></OBKMO_WIDGET_CLASS_ID>
<!--6C7DC7152993408B8A86720C83C69A37-->  <AD_CLIENT_ID><![CDATA[0]]></AD_CLIENT_ID>
<!--6C7DC7152993408B8A86720C83C69A37-->  <AD_ORG_ID><![CDATA[0]]></AD_ORG_ID>
<!--6C7DC7152993408B8A86720C83C69A37-->  <ISACTIVE><![CDATA[Y]]></ISACTIVE>
<!--6C7DC7152993408B8A86720C83C69A37-->  <AD_MODULE_ID><![CDATA[27445C8270364452BEB29669FBB21CED]]></AD_MODULE_ID>
<!--6C7DC7152993408B8A86720C83C69A37-->  <TITLE><![CDATA[test widget]]></TITLE>
<!--6C7DC7152993408B8A86720C83C69A37-->  <HEIGHT><![CDATA[300]]></HEIGHT>
<!--6C7DC7152993408B8A86720C83C69A37-->  <ALLOW_ANONYMOUS_ACCESS><![CDATA[N]]></ALLOW_ANONYMOUS_ACCESS>
<!--6C7DC7152993408B8A86720C83C69A37-->  <ISSUPERCLASS><![CDATA[N]]></ISSUPERCLASS>
<!--6C7DC7152993408B8A86720C83C69A37-->  <WIDGET_SUPERCLASS_ID><![CDATA[2A32CF26F3F64FE39C7F94E9D82497D1]]></WIDGET_SUPERCLASS_ID>
<!--6C7DC7152993408B8A86720C83C69A37-->  <CAN_MAXIMIZE><![CDATA[N]]></CAN_MAXIMIZE>
<!--6C7DC7152993408B8A86720C83C69A37-->  <ACCESSLEVEL><![CDATA[3]]></ACCESSLEVEL>
<!--6C7DC7152993408B8A86720C83C69A37-->  <AVAILABLE_IN_WORKSPACE><![CDATA[Y]]></AVAILABLE_IN_WORKSPACE>
<!--6C7DC7152993408B8A86720C83C69A37--></OBKMO_WIDGET_CLASS>

</data>
