<?xml version="1.0" encoding="UTF-8"?>
<data>
<!--1A6C98D696694998A8E14952EE9A444D--><OBUIAPP_PROCESS>
<!--1A6C98D696694998A8E14952EE9A444D-->  <OBUIAPP_PROCESS_ID><![CDATA[1A6C98D696694998A8E14952EE9A444D]]></OBUIAPP_PROCESS_ID>
<!--1A6C98D696694998A8E14952EE9A444D-->  <AD_CLIENT_ID><![CDATA[0]]></AD_CLIENT_ID>
<!--1A6C98D696694998A8E14952EE9A444D-->  <AD_ORG_ID><![CDATA[0]]></AD_ORG_ID>
<!--1A6C98D696694998A8E14952EE9A444D-->  <ISACTIVE><![CDATA[Y]]></ISACTIVE>
<!--1A6C98D696694998A8E14952EE9A444D-->  <VALUE><![CDATA[OezDocRouting]]></VALUE>
<!--1A6C98D696694998A8E14952EE9A444D-->  <NAME><![CDATA[Document Routing On Openbravo Eazy]]></NAME>
<!--1A6C98D696694998A8E14952EE9A444D-->  <ACCESSLEVEL><![CDATA[3]]></ACCESSLEVEL>
<!--1A6C98D696694998A8E14952EE9A444D-->  <CLASSNAME><![CDATA[OB.OEZ.DocRouting]]></CLASSNAME>
<!--1A6C98D696694998A8E14952EE9A444D-->  <ISBACKGROUND><![CDATA[N]]></ISBACKGROUND>
<!--1A6C98D696694998A8E14952EE9A444D-->  <AD_MODULE_ID><![CDATA[27445C8270364452BEB29669FBB21CED]]></AD_MODULE_ID>
<!--1A6C98D696694998A8E14952EE9A444D-->  <UIPATTERN><![CDATA[M]]></UIPATTERN>
<!--1A6C98D696694998A8E14952EE9A444D-->  <ISMULTIRECORD><![CDATA[Y]]></ISMULTIRECORD>
<!--1A6C98D696694998A8E14952EE9A444D-->  <IS_EXPLICIT_ACCESS><![CDATA[N]]></IS_EXPLICIT_ACCESS>
<!--1A6C98D696694998A8E14952EE9A444D-->  <ISGRIDLEGACY><![CDATA[Y]]></ISGRIDLEGACY>
<!--1A6C98D696694998A8E14952EE9A444D-->  <ISCANADDRECORDSTOSELECTOR><![CDATA[N]]></ISCANADDRECORDSTOSELECTOR>
<!--1A6C98D696694998A8E14952EE9A444D--></OBUIAPP_PROCESS>

<!--7718D37F7B514FAB91245C6A4AFEB5E8--><OBUIAPP_PROCESS>
<!--7718D37F7B514FAB91245C6A4AFEB5E8-->  <OBUIAPP_PROCESS_ID><![CDATA[7718D37F7B514FAB91245C6A4AFEB5E8]]></OBUIAPP_PROCESS_ID>
<!--7718D37F7B514FAB91245C6A4AFEB5E8-->  <AD_CLIENT_ID><![CDATA[0]]></AD_CLIENT_ID>
<!--7718D37F7B514FAB91245C6A4AFEB5E8-->  <AD_ORG_ID><![CDATA[0]]></AD_ORG_ID>
<!--7718D37F7B514FAB91245C6A4AFEB5E8-->  <ISACTIVE><![CDATA[Y]]></ISACTIVE>
<!--7718D37F7B514FAB91245C6A4AFEB5E8-->  <VALUE><![CDATA[OEZ Activated Deactivated]]></VALUE>
<!--7718D37F7B514FAB91245C6A4AFEB5E8-->  <NAME><![CDATA[Activated Deactivated Button]]></NAME>
<!--7718D37F7B514FAB91245C6A4AFEB5E8-->  <ACCESSLEVEL><![CDATA[3]]></ACCESSLEVEL>
<!--7718D37F7B514FAB91245C6A4AFEB5E8-->  <CLASSNAME><![CDATA[OB.OEZ.ActivatedDeactivated.tampil]]></CLASSNAME>
<!--7718D37F7B514FAB91245C6A4AFEB5E8-->  <ISBACKGROUND><![CDATA[N]]></ISBACKGROUND>
<!--7718D37F7B514FAB91245C6A4AFEB5E8-->  <AD_MODULE_ID><![CDATA[27445C8270364452BEB29669FBB21CED]]></AD_MODULE_ID>
<!--7718D37F7B514FAB91245C6A4AFEB5E8-->  <UIPATTERN><![CDATA[M]]></UIPATTERN>
<!--7718D37F7B514FAB91245C6A4AFEB5E8-->  <ISMULTIRECORD><![CDATA[Y]]></ISMULTIRECORD>
<!--7718D37F7B514FAB91245C6A4AFEB5E8-->  <IS_EXPLICIT_ACCESS><![CDATA[N]]></IS_EXPLICIT_ACCESS>
<!--7718D37F7B514FAB91245C6A4AFEB5E8-->  <ISGRIDLEGACY><![CDATA[Y]]></ISGRIDLEGACY>
<!--7718D37F7B514FAB91245C6A4AFEB5E8-->  <ISCANADDRECORDSTOSELECTOR><![CDATA[N]]></ISCANADDRECORDSTOSELECTOR>
<!--7718D37F7B514FAB91245C6A4AFEB5E8--></OBUIAPP_PROCESS>

</data>
