<?xml version="1.0" encoding="UTF-8"?>
<data>
<!--07225D21F61D454EAB0516B646219EFA--><OBUISEL_SELECTOR>
<!--07225D21F61D454EAB0516B646219EFA-->  <OBUISEL_SELECTOR_ID><![CDATA[07225D21F61D454EAB0516B646219EFA]]></OBUISEL_SELECTOR_ID>
<!--07225D21F61D454EAB0516B646219EFA-->  <AD_CLIENT_ID><![CDATA[0]]></AD_CLIENT_ID>
<!--07225D21F61D454EAB0516B646219EFA-->  <AD_ORG_ID><![CDATA[0]]></AD_ORG_ID>
<!--07225D21F61D454EAB0516B646219EFA-->  <AD_MODULE_ID><![CDATA[27445C8270364452BEB29669FBB21CED]]></AD_MODULE_ID>
<!--07225D21F61D454EAB0516B646219EFA-->  <NAME><![CDATA[Requisition Lines]]></NAME>
<!--07225D21F61D454EAB0516B646219EFA-->  <AD_REFERENCE_ID><![CDATA[D5FD3EA99AC740B7B7110C0F4E692E82]]></AD_REFERENCE_ID>
<!--07225D21F61D454EAB0516B646219EFA-->  <AD_TABLE_ID><![CDATA[800214]]></AD_TABLE_ID>
<!--07225D21F61D454EAB0516B646219EFA-->  <AD_COLUMN_ID><![CDATA[803542]]></AD_COLUMN_ID>
<!--07225D21F61D454EAB0516B646219EFA-->  <OBCLKER_TEMPLATE_ID><![CDATA[9314DE8599AD44E7BFC4CC50699042AB]]></OBCLKER_TEMPLATE_ID>
<!--07225D21F61D454EAB0516B646219EFA-->  <ISACTIVE><![CDATA[Y]]></ISACTIVE>
<!--07225D21F61D454EAB0516B646219EFA-->  <DISPLAYFIELD_ID><![CDATA[25A9B18FFE474034BDC5BF9557201758]]></DISPLAYFIELD_ID>
<!--07225D21F61D454EAB0516B646219EFA-->  <SUGGESTIONTEXTMATCHSTYLE><![CDATA[startsWith]]></SUGGESTIONTEXTMATCHSTYLE>
<!--07225D21F61D454EAB0516B646219EFA-->  <POPUPTEXTMATCHSTYLE><![CDATA[startsWith]]></POPUPTEXTMATCHSTYLE>
<!--07225D21F61D454EAB0516B646219EFA-->  <CUSTOM_QUERY><![CDATA[N]]></CUSTOM_QUERY>
<!--07225D21F61D454EAB0516B646219EFA--></OBUISEL_SELECTOR>

<!--32C5C2F8168743848655E2C3F759788E--><OBUISEL_SELECTOR>
<!--32C5C2F8168743848655E2C3F759788E-->  <OBUISEL_SELECTOR_ID><![CDATA[32C5C2F8168743848655E2C3F759788E]]></OBUISEL_SELECTOR_ID>
<!--32C5C2F8168743848655E2C3F759788E-->  <AD_CLIENT_ID><![CDATA[0]]></AD_CLIENT_ID>
<!--32C5C2F8168743848655E2C3F759788E-->  <AD_ORG_ID><![CDATA[0]]></AD_ORG_ID>
<!--32C5C2F8168743848655E2C3F759788E-->  <AD_MODULE_ID><![CDATA[27445C8270364452BEB29669FBB21CED]]></AD_MODULE_ID>
<!--32C5C2F8168743848655E2C3F759788E-->  <NAME><![CDATA[Sales Order Selector]]></NAME>
<!--32C5C2F8168743848655E2C3F759788E-->  <AD_REFERENCE_ID><![CDATA[E45F4540D80D40158F0F56D9C1068175]]></AD_REFERENCE_ID>
<!--32C5C2F8168743848655E2C3F759788E-->  <AD_TABLE_ID><![CDATA[259]]></AD_TABLE_ID>
<!--32C5C2F8168743848655E2C3F759788E-->  <WHERECLAUSE><![CDATA[e.salesTransaction='Y' and e.processed='Y']]></WHERECLAUSE>
<!--32C5C2F8168743848655E2C3F759788E-->  <OBCLKER_TEMPLATE_ID><![CDATA[9314DE8599AD44E7BFC4CC50699042AB]]></OBCLKER_TEMPLATE_ID>
<!--32C5C2F8168743848655E2C3F759788E-->  <ISACTIVE><![CDATA[Y]]></ISACTIVE>
<!--32C5C2F8168743848655E2C3F759788E-->  <SUGGESTIONTEXTMATCHSTYLE><![CDATA[substring]]></SUGGESTIONTEXTMATCHSTYLE>
<!--32C5C2F8168743848655E2C3F759788E-->  <POPUPTEXTMATCHSTYLE><![CDATA[substring]]></POPUPTEXTMATCHSTYLE>
<!--32C5C2F8168743848655E2C3F759788E-->  <CUSTOM_QUERY><![CDATA[N]]></CUSTOM_QUERY>
<!--32C5C2F8168743848655E2C3F759788E--></OBUISEL_SELECTOR>

</data>
