<?xml version="1.0" encoding="UTF-8"?>
<data>
<!--1EB62B9307BA488087CFEF94D56E76BB--><OBUISEL_SELECTOR_FIELD>
<!--1EB62B9307BA488087CFEF94D56E76BB-->  <OBUISEL_SELECTOR_FIELD_ID><![CDATA[1EB62B9307BA488087CFEF94D56E76BB]]></OBUISEL_SELECTOR_FIELD_ID>
<!--1EB62B9307BA488087CFEF94D56E76BB-->  <OBUISEL_SELECTOR_ID><![CDATA[7809A075DD5C40A598FA80D7BEE70BCE]]></OBUISEL_SELECTOR_ID>
<!--1EB62B9307BA488087CFEF94D56E76BB-->  <AD_CLIENT_ID><![CDATA[0]]></AD_CLIENT_ID>
<!--1EB62B9307BA488087CFEF94D56E76BB-->  <AD_ORG_ID><![CDATA[0]]></AD_ORG_ID>
<!--1EB62B9307BA488087CFEF94D56E76BB-->  <AD_MODULE_ID><![CDATA[27445C8270364452BEB29669FBB21CED]]></AD_MODULE_ID>
<!--1EB62B9307BA488087CFEF94D56E76BB-->  <AD_COLUMN_ID><![CDATA[3012]]></AD_COLUMN_ID>
<!--1EB62B9307BA488087CFEF94D56E76BB-->  <NAME><![CDATA[Search Key]]></NAME>
<!--1EB62B9307BA488087CFEF94D56E76BB-->  <DESCRIPTION><![CDATA[A fast method for finding a particular record.]]></DESCRIPTION>
<!--1EB62B9307BA488087CFEF94D56E76BB-->  <HELP><![CDATA[A search key allows for a fast method of finding a particular record. If you leave the search key empty, the system automatically creates a numeric number originating from a document sequence defined in the  "Document Sequence" window. The sequence naming convention follows a rule "DocumentNo_TableName", where TableName is the actual name of the database table (e.g. C_Order).

Usually, company's internal identifiers for various records (products, customers, etc) are stored here.]]></HELP>
<!--1EB62B9307BA488087CFEF94D56E76BB-->  <PROPERTY><![CDATA[searchKey]]></PROPERTY>
<!--1EB62B9307BA488087CFEF94D56E76BB-->  <ISCENTRALLYMAINTAINED><![CDATA[Y]]></ISCENTRALLYMAINTAINED>
<!--1EB62B9307BA488087CFEF94D56E76BB-->  <SORT><![CDATA[Y]]></SORT>
<!--1EB62B9307BA488087CFEF94D56E76BB-->  <FILTER><![CDATA[Y]]></FILTER>
<!--1EB62B9307BA488087CFEF94D56E76BB-->  <SEARCHINSUGGESTIONBOX><![CDATA[N]]></SEARCHINSUGGESTIONBOX>
<!--1EB62B9307BA488087CFEF94D56E76BB-->  <SHOWINGRID><![CDATA[Y]]></SHOWINGRID>
<!--1EB62B9307BA488087CFEF94D56E76BB-->  <SORTNO><![CDATA[0]]></SORTNO>
<!--1EB62B9307BA488087CFEF94D56E76BB-->  <ISACTIVE><![CDATA[Y]]></ISACTIVE>
<!--1EB62B9307BA488087CFEF94D56E76BB-->  <ISOUTFIELD><![CDATA[N]]></ISOUTFIELD>
<!--1EB62B9307BA488087CFEF94D56E76BB-->  <SHOWINPICKLIST><![CDATA[N]]></SHOWINPICKLIST>
<!--1EB62B9307BA488087CFEF94D56E76BB--></OBUISEL_SELECTOR_FIELD>

<!--218589E266C8452EB5B138CF6E9EC3FA--><OBUISEL_SELECTOR_FIELD>
<!--218589E266C8452EB5B138CF6E9EC3FA-->  <OBUISEL_SELECTOR_FIELD_ID><![CDATA[218589E266C8452EB5B138CF6E9EC3FA]]></OBUISEL_SELECTOR_FIELD_ID>
<!--218589E266C8452EB5B138CF6E9EC3FA-->  <OBUISEL_SELECTOR_ID><![CDATA[32C5C2F8168743848655E2C3F759788E]]></OBUISEL_SELECTOR_ID>
<!--218589E266C8452EB5B138CF6E9EC3FA-->  <AD_CLIENT_ID><![CDATA[0]]></AD_CLIENT_ID>
<!--218589E266C8452EB5B138CF6E9EC3FA-->  <AD_ORG_ID><![CDATA[0]]></AD_ORG_ID>
<!--218589E266C8452EB5B138CF6E9EC3FA-->  <AD_MODULE_ID><![CDATA[27445C8270364452BEB29669FBB21CED]]></AD_MODULE_ID>
<!--218589E266C8452EB5B138CF6E9EC3FA-->  <AD_COLUMN_ID><![CDATA[2169]]></AD_COLUMN_ID>
<!--218589E266C8452EB5B138CF6E9EC3FA-->  <NAME><![CDATA[Document No]]></NAME>
<!--218589E266C8452EB5B138CF6E9EC3FA-->  <PROPERTY><![CDATA[documentNo]]></PROPERTY>
<!--218589E266C8452EB5B138CF6E9EC3FA-->  <ISCENTRALLYMAINTAINED><![CDATA[Y]]></ISCENTRALLYMAINTAINED>
<!--218589E266C8452EB5B138CF6E9EC3FA-->  <SORT><![CDATA[Y]]></SORT>
<!--218589E266C8452EB5B138CF6E9EC3FA-->  <FILTER><![CDATA[Y]]></FILTER>
<!--218589E266C8452EB5B138CF6E9EC3FA-->  <SEARCHINSUGGESTIONBOX><![CDATA[N]]></SEARCHINSUGGESTIONBOX>
<!--218589E266C8452EB5B138CF6E9EC3FA-->  <SHOWINGRID><![CDATA[Y]]></SHOWINGRID>
<!--218589E266C8452EB5B138CF6E9EC3FA-->  <SORTNO><![CDATA[0]]></SORTNO>
<!--218589E266C8452EB5B138CF6E9EC3FA-->  <ISACTIVE><![CDATA[Y]]></ISACTIVE>
<!--218589E266C8452EB5B138CF6E9EC3FA-->  <ISOUTFIELD><![CDATA[N]]></ISOUTFIELD>
<!--218589E266C8452EB5B138CF6E9EC3FA-->  <SHOWINPICKLIST><![CDATA[N]]></SHOWINPICKLIST>
<!--218589E266C8452EB5B138CF6E9EC3FA--></OBUISEL_SELECTOR_FIELD>

<!--240913460CAA40F69BE7446424982534--><OBUISEL_SELECTOR_FIELD>
<!--240913460CAA40F69BE7446424982534-->  <OBUISEL_SELECTOR_FIELD_ID><![CDATA[240913460CAA40F69BE7446424982534]]></OBUISEL_SELECTOR_FIELD_ID>
<!--240913460CAA40F69BE7446424982534-->  <OBUISEL_SELECTOR_ID><![CDATA[07225D21F61D454EAB0516B646219EFA]]></OBUISEL_SELECTOR_ID>
<!--240913460CAA40F69BE7446424982534-->  <AD_CLIENT_ID><![CDATA[0]]></AD_CLIENT_ID>
<!--240913460CAA40F69BE7446424982534-->  <AD_ORG_ID><![CDATA[0]]></AD_ORG_ID>
<!--240913460CAA40F69BE7446424982534-->  <AD_MODULE_ID><![CDATA[27445C8270364452BEB29669FBB21CED]]></AD_MODULE_ID>
<!--240913460CAA40F69BE7446424982534-->  <AD_COLUMN_ID><![CDATA[803552]]></AD_COLUMN_ID>
<!--240913460CAA40F69BE7446424982534-->  <NAME><![CDATA[Product]]></NAME>
<!--240913460CAA40F69BE7446424982534-->  <DESCRIPTION><![CDATA[An item produced by a process.]]></DESCRIPTION>
<!--240913460CAA40F69BE7446424982534-->  <HELP><![CDATA[Identifies an item which is either purchased or sold in this organization.]]></HELP>
<!--240913460CAA40F69BE7446424982534-->  <PROPERTY><![CDATA[product]]></PROPERTY>
<!--240913460CAA40F69BE7446424982534-->  <ISCENTRALLYMAINTAINED><![CDATA[Y]]></ISCENTRALLYMAINTAINED>
<!--240913460CAA40F69BE7446424982534-->  <SORT><![CDATA[Y]]></SORT>
<!--240913460CAA40F69BE7446424982534-->  <FILTER><![CDATA[Y]]></FILTER>
<!--240913460CAA40F69BE7446424982534-->  <SEARCHINSUGGESTIONBOX><![CDATA[N]]></SEARCHINSUGGESTIONBOX>
<!--240913460CAA40F69BE7446424982534-->  <SHOWINGRID><![CDATA[Y]]></SHOWINGRID>
<!--240913460CAA40F69BE7446424982534-->  <SORTNO><![CDATA[0]]></SORTNO>
<!--240913460CAA40F69BE7446424982534-->  <ISACTIVE><![CDATA[Y]]></ISACTIVE>
<!--240913460CAA40F69BE7446424982534-->  <ISOUTFIELD><![CDATA[N]]></ISOUTFIELD>
<!--240913460CAA40F69BE7446424982534-->  <SHOWINPICKLIST><![CDATA[N]]></SHOWINPICKLIST>
<!--240913460CAA40F69BE7446424982534--></OBUISEL_SELECTOR_FIELD>

<!--25A9B18FFE474034BDC5BF9557201758--><OBUISEL_SELECTOR_FIELD>
<!--25A9B18FFE474034BDC5BF9557201758-->  <OBUISEL_SELECTOR_FIELD_ID><![CDATA[25A9B18FFE474034BDC5BF9557201758]]></OBUISEL_SELECTOR_FIELD_ID>
<!--25A9B18FFE474034BDC5BF9557201758-->  <OBUISEL_SELECTOR_ID><![CDATA[07225D21F61D454EAB0516B646219EFA]]></OBUISEL_SELECTOR_ID>
<!--25A9B18FFE474034BDC5BF9557201758-->  <AD_CLIENT_ID><![CDATA[0]]></AD_CLIENT_ID>
<!--25A9B18FFE474034BDC5BF9557201758-->  <AD_ORG_ID><![CDATA[0]]></AD_ORG_ID>
<!--25A9B18FFE474034BDC5BF9557201758-->  <AD_MODULE_ID><![CDATA[27445C8270364452BEB29669FBB21CED]]></AD_MODULE_ID>
<!--25A9B18FFE474034BDC5BF9557201758-->  <AD_COLUMN_ID><![CDATA[803550]]></AD_COLUMN_ID>
<!--25A9B18FFE474034BDC5BF9557201758-->  <NAME><![CDATA[Requisition]]></NAME>
<!--25A9B18FFE474034BDC5BF9557201758-->  <HELP><![CDATA[The ID identifies a unique requisition]]></HELP>
<!--25A9B18FFE474034BDC5BF9557201758-->  <PROPERTY><![CDATA[requisition]]></PROPERTY>
<!--25A9B18FFE474034BDC5BF9557201758-->  <ISCENTRALLYMAINTAINED><![CDATA[Y]]></ISCENTRALLYMAINTAINED>
<!--25A9B18FFE474034BDC5BF9557201758-->  <SORT><![CDATA[Y]]></SORT>
<!--25A9B18FFE474034BDC5BF9557201758-->  <FILTER><![CDATA[Y]]></FILTER>
<!--25A9B18FFE474034BDC5BF9557201758-->  <SEARCHINSUGGESTIONBOX><![CDATA[N]]></SEARCHINSUGGESTIONBOX>
<!--25A9B18FFE474034BDC5BF9557201758-->  <SHOWINGRID><![CDATA[Y]]></SHOWINGRID>
<!--25A9B18FFE474034BDC5BF9557201758-->  <SORTNO><![CDATA[0]]></SORTNO>
<!--25A9B18FFE474034BDC5BF9557201758-->  <ISACTIVE><![CDATA[Y]]></ISACTIVE>
<!--25A9B18FFE474034BDC5BF9557201758-->  <ISOUTFIELD><![CDATA[N]]></ISOUTFIELD>
<!--25A9B18FFE474034BDC5BF9557201758-->  <SHOWINPICKLIST><![CDATA[N]]></SHOWINPICKLIST>
<!--25A9B18FFE474034BDC5BF9557201758--></OBUISEL_SELECTOR_FIELD>

<!--351E73E9C92D49098EFF559AD2ACBB4E--><OBUISEL_SELECTOR_FIELD>
<!--351E73E9C92D49098EFF559AD2ACBB4E-->  <OBUISEL_SELECTOR_FIELD_ID><![CDATA[351E73E9C92D49098EFF559AD2ACBB4E]]></OBUISEL_SELECTOR_FIELD_ID>
<!--351E73E9C92D49098EFF559AD2ACBB4E-->  <OBUISEL_SELECTOR_ID><![CDATA[A98899B1C75A4F4EBD3414F1B654EFAB]]></OBUISEL_SELECTOR_ID>
<!--351E73E9C92D49098EFF559AD2ACBB4E-->  <AD_CLIENT_ID><![CDATA[0]]></AD_CLIENT_ID>
<!--351E73E9C92D49098EFF559AD2ACBB4E-->  <AD_ORG_ID><![CDATA[0]]></AD_ORG_ID>
<!--351E73E9C92D49098EFF559AD2ACBB4E-->  <AD_MODULE_ID><![CDATA[27445C8270364452BEB29669FBB21CED]]></AD_MODULE_ID>
<!--351E73E9C92D49098EFF559AD2ACBB4E-->  <AD_COLUMN_ID><![CDATA[4216]]></AD_COLUMN_ID>
<!--351E73E9C92D49098EFF559AD2ACBB4E-->  <NAME><![CDATA[Fiscal Name]]></NAME>
<!--351E73E9C92D49098EFF559AD2ACBB4E-->  <DESCRIPTION><![CDATA[Fiscal Name of the Business Partner.]]></DESCRIPTION>
<!--351E73E9C92D49098EFF559AD2ACBB4E-->  <HELP><![CDATA[Fiscal Name of the Business Partner.]]></HELP>
<!--351E73E9C92D49098EFF559AD2ACBB4E-->  <PROPERTY><![CDATA[name2]]></PROPERTY>
<!--351E73E9C92D49098EFF559AD2ACBB4E-->  <ISCENTRALLYMAINTAINED><![CDATA[Y]]></ISCENTRALLYMAINTAINED>
<!--351E73E9C92D49098EFF559AD2ACBB4E-->  <SORT><![CDATA[Y]]></SORT>
<!--351E73E9C92D49098EFF559AD2ACBB4E-->  <FILTER><![CDATA[Y]]></FILTER>
<!--351E73E9C92D49098EFF559AD2ACBB4E-->  <SEARCHINSUGGESTIONBOX><![CDATA[Y]]></SEARCHINSUGGESTIONBOX>
<!--351E73E9C92D49098EFF559AD2ACBB4E-->  <SHOWINGRID><![CDATA[Y]]></SHOWINGRID>
<!--351E73E9C92D49098EFF559AD2ACBB4E-->  <SORTNO><![CDATA[0]]></SORTNO>
<!--351E73E9C92D49098EFF559AD2ACBB4E-->  <ISACTIVE><![CDATA[Y]]></ISACTIVE>
<!--351E73E9C92D49098EFF559AD2ACBB4E-->  <ISOUTFIELD><![CDATA[N]]></ISOUTFIELD>
<!--351E73E9C92D49098EFF559AD2ACBB4E-->  <SHOWINPICKLIST><![CDATA[N]]></SHOWINPICKLIST>
<!--351E73E9C92D49098EFF559AD2ACBB4E--></OBUISEL_SELECTOR_FIELD>

<!--851A9CA0F81E43649DA78664D9C6D020--><OBUISEL_SELECTOR_FIELD>
<!--851A9CA0F81E43649DA78664D9C6D020-->  <OBUISEL_SELECTOR_FIELD_ID><![CDATA[851A9CA0F81E43649DA78664D9C6D020]]></OBUISEL_SELECTOR_FIELD_ID>
<!--851A9CA0F81E43649DA78664D9C6D020-->  <OBUISEL_SELECTOR_ID><![CDATA[32C5C2F8168743848655E2C3F759788E]]></OBUISEL_SELECTOR_ID>
<!--851A9CA0F81E43649DA78664D9C6D020-->  <AD_CLIENT_ID><![CDATA[0]]></AD_CLIENT_ID>
<!--851A9CA0F81E43649DA78664D9C6D020-->  <AD_ORG_ID><![CDATA[0]]></AD_ORG_ID>
<!--851A9CA0F81E43649DA78664D9C6D020-->  <AD_MODULE_ID><![CDATA[27445C8270364452BEB29669FBB21CED]]></AD_MODULE_ID>
<!--851A9CA0F81E43649DA78664D9C6D020-->  <AD_COLUMN_ID><![CDATA[2181]]></AD_COLUMN_ID>
<!--851A9CA0F81E43649DA78664D9C6D020-->  <NAME><![CDATA[Date Ordered]]></NAME>
<!--851A9CA0F81E43649DA78664D9C6D020-->  <PROPERTY><![CDATA[orderDate]]></PROPERTY>
<!--851A9CA0F81E43649DA78664D9C6D020-->  <ISCENTRALLYMAINTAINED><![CDATA[Y]]></ISCENTRALLYMAINTAINED>
<!--851A9CA0F81E43649DA78664D9C6D020-->  <SORT><![CDATA[Y]]></SORT>
<!--851A9CA0F81E43649DA78664D9C6D020-->  <FILTER><![CDATA[Y]]></FILTER>
<!--851A9CA0F81E43649DA78664D9C6D020-->  <SEARCHINSUGGESTIONBOX><![CDATA[N]]></SEARCHINSUGGESTIONBOX>
<!--851A9CA0F81E43649DA78664D9C6D020-->  <SHOWINGRID><![CDATA[Y]]></SHOWINGRID>
<!--851A9CA0F81E43649DA78664D9C6D020-->  <SORTNO><![CDATA[0]]></SORTNO>
<!--851A9CA0F81E43649DA78664D9C6D020-->  <ISACTIVE><![CDATA[Y]]></ISACTIVE>
<!--851A9CA0F81E43649DA78664D9C6D020-->  <ISOUTFIELD><![CDATA[N]]></ISOUTFIELD>
<!--851A9CA0F81E43649DA78664D9C6D020-->  <SHOWINPICKLIST><![CDATA[N]]></SHOWINPICKLIST>
<!--851A9CA0F81E43649DA78664D9C6D020--></OBUISEL_SELECTOR_FIELD>

<!--868FDABF3E1F4873A416585A654BB5D1--><OBUISEL_SELECTOR_FIELD>
<!--868FDABF3E1F4873A416585A654BB5D1-->  <OBUISEL_SELECTOR_FIELD_ID><![CDATA[868FDABF3E1F4873A416585A654BB5D1]]></OBUISEL_SELECTOR_FIELD_ID>
<!--868FDABF3E1F4873A416585A654BB5D1-->  <OBUISEL_SELECTOR_ID><![CDATA[32C5C2F8168743848655E2C3F759788E]]></OBUISEL_SELECTOR_ID>
<!--868FDABF3E1F4873A416585A654BB5D1-->  <AD_CLIENT_ID><![CDATA[0]]></AD_CLIENT_ID>
<!--868FDABF3E1F4873A416585A654BB5D1-->  <AD_ORG_ID><![CDATA[0]]></AD_ORG_ID>
<!--868FDABF3E1F4873A416585A654BB5D1-->  <AD_MODULE_ID><![CDATA[27445C8270364452BEB29669FBB21CED]]></AD_MODULE_ID>
<!--868FDABF3E1F4873A416585A654BB5D1-->  <AD_COLUMN_ID><![CDATA[2762]]></AD_COLUMN_ID>
<!--868FDABF3E1F4873A416585A654BB5D1-->  <NAME><![CDATA[Business Partner]]></NAME>
<!--868FDABF3E1F4873A416585A654BB5D1-->  <PROPERTY><![CDATA[businessPartner]]></PROPERTY>
<!--868FDABF3E1F4873A416585A654BB5D1-->  <ISCENTRALLYMAINTAINED><![CDATA[Y]]></ISCENTRALLYMAINTAINED>
<!--868FDABF3E1F4873A416585A654BB5D1-->  <SORT><![CDATA[Y]]></SORT>
<!--868FDABF3E1F4873A416585A654BB5D1-->  <FILTER><![CDATA[Y]]></FILTER>
<!--868FDABF3E1F4873A416585A654BB5D1-->  <SEARCHINSUGGESTIONBOX><![CDATA[N]]></SEARCHINSUGGESTIONBOX>
<!--868FDABF3E1F4873A416585A654BB5D1-->  <SHOWINGRID><![CDATA[Y]]></SHOWINGRID>
<!--868FDABF3E1F4873A416585A654BB5D1-->  <SORTNO><![CDATA[0]]></SORTNO>
<!--868FDABF3E1F4873A416585A654BB5D1-->  <ISACTIVE><![CDATA[Y]]></ISACTIVE>
<!--868FDABF3E1F4873A416585A654BB5D1-->  <ISOUTFIELD><![CDATA[N]]></ISOUTFIELD>
<!--868FDABF3E1F4873A416585A654BB5D1-->  <SHOWINPICKLIST><![CDATA[N]]></SHOWINPICKLIST>
<!--868FDABF3E1F4873A416585A654BB5D1--></OBUISEL_SELECTOR_FIELD>

</data>
