<?xml version="1.0" encoding="UTF-8"?>
<data>
<!--3313035634D6466FB22A5181D6863F2F--><OBUIAPP_PARAMETER>
<!--3313035634D6466FB22A5181D6863F2F-->  <OBUIAPP_PARAMETER_ID><![CDATA[3313035634D6466FB22A5181D6863F2F]]></OBUIAPP_PARAMETER_ID>
<!--3313035634D6466FB22A5181D6863F2F-->  <AD_CLIENT_ID><![CDATA[0]]></AD_CLIENT_ID>
<!--3313035634D6466FB22A5181D6863F2F-->  <AD_ORG_ID><![CDATA[0]]></AD_ORG_ID>
<!--3313035634D6466FB22A5181D6863F2F-->  <ISACTIVE><![CDATA[Y]]></ISACTIVE>
<!--3313035634D6466FB22A5181D6863F2F-->  <AD_MODULE_ID><![CDATA[27445C8270364452BEB29669FBB21CED]]></AD_MODULE_ID>
<!--3313035634D6466FB22A5181D6863F2F-->  <NAME><![CDATA[Show all data]]></NAME>
<!--3313035634D6466FB22A5181D6863F2F-->  <SEQNO><![CDATA[10]]></SEQNO>
<!--3313035634D6466FB22A5181D6863F2F-->  <AD_REFERENCE_ID><![CDATA[20]]></AD_REFERENCE_ID>
<!--3313035634D6466FB22A5181D6863F2F-->  <COLUMNNAME><![CDATA[showAll]]></COLUMNNAME>
<!--3313035634D6466FB22A5181D6863F2F-->  <ISCENTRALLYMAINTAINED><![CDATA[Y]]></ISCENTRALLYMAINTAINED>
<!--3313035634D6466FB22A5181D6863F2F-->  <FIELDLENGTH><![CDATA[10]]></FIELDLENGTH>
<!--3313035634D6466FB22A5181D6863F2F-->  <ISMANDATORY><![CDATA[Y]]></ISMANDATORY>
<!--3313035634D6466FB22A5181D6863F2F-->  <DEFAULTVALUE><![CDATA[false]]></DEFAULTVALUE>
<!--3313035634D6466FB22A5181D6863F2F-->  <AD_ELEMENT_ID><![CDATA[9A0C92898CEE7AC8E040007F01003160]]></AD_ELEMENT_ID>
<!--3313035634D6466FB22A5181D6863F2F-->  <ISFIXED><![CDATA[N]]></ISFIXED>
<!--3313035634D6466FB22A5181D6863F2F-->  <EVALUATEFIXEDVALUE><![CDATA[N]]></EVALUATEFIXEDVALUE>
<!--3313035634D6466FB22A5181D6863F2F-->  <STARTINNEWLINE><![CDATA[N]]></STARTINNEWLINE>
<!--3313035634D6466FB22A5181D6863F2F-->  <DISPLAYTITLE><![CDATA[N]]></DISPLAYTITLE>
<!--3313035634D6466FB22A5181D6863F2F-->  <ATT_SHOWINDESCRIPTION><![CDATA[N]]></ATT_SHOWINDESCRIPTION>
<!--3313035634D6466FB22A5181D6863F2F-->  <EM_OBKMO_WIDGET_CLASS_ID><![CDATA[6C7DC7152993408B8A86720C83C69A37]]></EM_OBKMO_WIDGET_CLASS_ID>
<!--3313035634D6466FB22A5181D6863F2F--></OBUIAPP_PARAMETER>

<!--9515A8998850466ABA39575C04F7FDCB--><OBUIAPP_PARAMETER>
<!--9515A8998850466ABA39575C04F7FDCB-->  <OBUIAPP_PARAMETER_ID><![CDATA[9515A8998850466ABA39575C04F7FDCB]]></OBUIAPP_PARAMETER_ID>
<!--9515A8998850466ABA39575C04F7FDCB-->  <AD_CLIENT_ID><![CDATA[0]]></AD_CLIENT_ID>
<!--9515A8998850466ABA39575C04F7FDCB-->  <AD_ORG_ID><![CDATA[0]]></AD_ORG_ID>
<!--9515A8998850466ABA39575C04F7FDCB-->  <ISACTIVE><![CDATA[Y]]></ISACTIVE>
<!--9515A8998850466ABA39575C04F7FDCB-->  <AD_MODULE_ID><![CDATA[27445C8270364452BEB29669FBB21CED]]></AD_MODULE_ID>
<!--9515A8998850466ABA39575C04F7FDCB-->  <NAME><![CDATA[Show all data]]></NAME>
<!--9515A8998850466ABA39575C04F7FDCB-->  <SEQNO><![CDATA[10]]></SEQNO>
<!--9515A8998850466ABA39575C04F7FDCB-->  <AD_REFERENCE_ID><![CDATA[20]]></AD_REFERENCE_ID>
<!--9515A8998850466ABA39575C04F7FDCB-->  <COLUMNNAME><![CDATA[showAll]]></COLUMNNAME>
<!--9515A8998850466ABA39575C04F7FDCB-->  <ISCENTRALLYMAINTAINED><![CDATA[Y]]></ISCENTRALLYMAINTAINED>
<!--9515A8998850466ABA39575C04F7FDCB-->  <FIELDLENGTH><![CDATA[10]]></FIELDLENGTH>
<!--9515A8998850466ABA39575C04F7FDCB-->  <ISMANDATORY><![CDATA[Y]]></ISMANDATORY>
<!--9515A8998850466ABA39575C04F7FDCB-->  <DEFAULTVALUE><![CDATA[false]]></DEFAULTVALUE>
<!--9515A8998850466ABA39575C04F7FDCB-->  <AD_ELEMENT_ID><![CDATA[9A0C92898CEE7AC8E040007F01003160]]></AD_ELEMENT_ID>
<!--9515A8998850466ABA39575C04F7FDCB-->  <ISFIXED><![CDATA[N]]></ISFIXED>
<!--9515A8998850466ABA39575C04F7FDCB-->  <EVALUATEFIXEDVALUE><![CDATA[N]]></EVALUATEFIXEDVALUE>
<!--9515A8998850466ABA39575C04F7FDCB-->  <STARTINNEWLINE><![CDATA[N]]></STARTINNEWLINE>
<!--9515A8998850466ABA39575C04F7FDCB-->  <DISPLAYTITLE><![CDATA[N]]></DISPLAYTITLE>
<!--9515A8998850466ABA39575C04F7FDCB-->  <ATT_SHOWINDESCRIPTION><![CDATA[N]]></ATT_SHOWINDESCRIPTION>
<!--9515A8998850466ABA39575C04F7FDCB-->  <EM_OBKMO_WIDGET_CLASS_ID><![CDATA[46912A4128E34BD0860137640E9E17D3]]></EM_OBKMO_WIDGET_CLASS_ID>
<!--9515A8998850466ABA39575C04F7FDCB--></OBUIAPP_PARAMETER>

<!--AFE69FF32F4A4F8694FA71B572E702B4--><OBUIAPP_PARAMETER>
<!--AFE69FF32F4A4F8694FA71B572E702B4-->  <OBUIAPP_PARAMETER_ID><![CDATA[AFE69FF32F4A4F8694FA71B572E702B4]]></OBUIAPP_PARAMETER_ID>
<!--AFE69FF32F4A4F8694FA71B572E702B4-->  <AD_CLIENT_ID><![CDATA[0]]></AD_CLIENT_ID>
<!--AFE69FF32F4A4F8694FA71B572E702B4-->  <AD_ORG_ID><![CDATA[0]]></AD_ORG_ID>
<!--AFE69FF32F4A4F8694FA71B572E702B4-->  <ISACTIVE><![CDATA[Y]]></ISACTIVE>
<!--AFE69FF32F4A4F8694FA71B572E702B4-->  <AD_MODULE_ID><![CDATA[27445C8270364452BEB29669FBB21CED]]></AD_MODULE_ID>
<!--AFE69FF32F4A4F8694FA71B572E702B4-->  <NAME><![CDATA[Number of Rows]]></NAME>
<!--AFE69FF32F4A4F8694FA71B572E702B4-->  <SEQNO><![CDATA[0]]></SEQNO>
<!--AFE69FF32F4A4F8694FA71B572E702B4-->  <AD_REFERENCE_ID><![CDATA[11]]></AD_REFERENCE_ID>
<!--AFE69FF32F4A4F8694FA71B572E702B4-->  <COLUMNNAME><![CDATA[RowsNumber]]></COLUMNNAME>
<!--AFE69FF32F4A4F8694FA71B572E702B4-->  <ISCENTRALLYMAINTAINED><![CDATA[Y]]></ISCENTRALLYMAINTAINED>
<!--AFE69FF32F4A4F8694FA71B572E702B4-->  <FIELDLENGTH><![CDATA[10]]></FIELDLENGTH>
<!--AFE69FF32F4A4F8694FA71B572E702B4-->  <ISMANDATORY><![CDATA[Y]]></ISMANDATORY>
<!--AFE69FF32F4A4F8694FA71B572E702B4-->  <AD_ELEMENT_ID><![CDATA[9A0C92898CF17AC8E040007F01003160]]></AD_ELEMENT_ID>
<!--AFE69FF32F4A4F8694FA71B572E702B4-->  <ISFIXED><![CDATA[N]]></ISFIXED>
<!--AFE69FF32F4A4F8694FA71B572E702B4-->  <EVALUATEFIXEDVALUE><![CDATA[N]]></EVALUATEFIXEDVALUE>
<!--AFE69FF32F4A4F8694FA71B572E702B4-->  <STARTINNEWLINE><![CDATA[N]]></STARTINNEWLINE>
<!--AFE69FF32F4A4F8694FA71B572E702B4-->  <DISPLAYTITLE><![CDATA[N]]></DISPLAYTITLE>
<!--AFE69FF32F4A4F8694FA71B572E702B4-->  <ATT_SHOWINDESCRIPTION><![CDATA[N]]></ATT_SHOWINDESCRIPTION>
<!--AFE69FF32F4A4F8694FA71B572E702B4-->  <EM_OBKMO_WIDGET_CLASS_ID><![CDATA[6C7DC7152993408B8A86720C83C69A37]]></EM_OBKMO_WIDGET_CLASS_ID>
<!--AFE69FF32F4A4F8694FA71B572E702B4--></OBUIAPP_PARAMETER>

<!--BD93DE2CF55D494AA86FAD99CF4CAD10--><OBUIAPP_PARAMETER>
<!--BD93DE2CF55D494AA86FAD99CF4CAD10-->  <OBUIAPP_PARAMETER_ID><![CDATA[BD93DE2CF55D494AA86FAD99CF4CAD10]]></OBUIAPP_PARAMETER_ID>
<!--BD93DE2CF55D494AA86FAD99CF4CAD10-->  <AD_CLIENT_ID><![CDATA[0]]></AD_CLIENT_ID>
<!--BD93DE2CF55D494AA86FAD99CF4CAD10-->  <AD_ORG_ID><![CDATA[0]]></AD_ORG_ID>
<!--BD93DE2CF55D494AA86FAD99CF4CAD10-->  <ISACTIVE><![CDATA[Y]]></ISACTIVE>
<!--BD93DE2CF55D494AA86FAD99CF4CAD10-->  <AD_MODULE_ID><![CDATA[27445C8270364452BEB29669FBB21CED]]></AD_MODULE_ID>
<!--BD93DE2CF55D494AA86FAD99CF4CAD10-->  <NAME><![CDATA[Sales Order]]></NAME>
<!--BD93DE2CF55D494AA86FAD99CF4CAD10-->  <DESCRIPTION><![CDATA[A unique and often automatically generated identifier for a sales order.]]></DESCRIPTION>
<!--BD93DE2CF55D494AA86FAD99CF4CAD10-->  <HELP><![CDATA[Unique identifier and a reference to a Sales Order originating from the document sequence defined for this document type.]]></HELP>
<!--BD93DE2CF55D494AA86FAD99CF4CAD10-->  <SEQNO><![CDATA[20]]></SEQNO>
<!--BD93DE2CF55D494AA86FAD99CF4CAD10-->  <AD_REFERENCE_ID><![CDATA[12]]></AD_REFERENCE_ID>
<!--BD93DE2CF55D494AA86FAD99CF4CAD10-->  <COLUMNNAME><![CDATA[ID]]></COLUMNNAME>
<!--BD93DE2CF55D494AA86FAD99CF4CAD10-->  <ISCENTRALLYMAINTAINED><![CDATA[Y]]></ISCENTRALLYMAINTAINED>
<!--BD93DE2CF55D494AA86FAD99CF4CAD10-->  <FIELDLENGTH><![CDATA[0]]></FIELDLENGTH>
<!--BD93DE2CF55D494AA86FAD99CF4CAD10-->  <ISMANDATORY><![CDATA[N]]></ISMANDATORY>
<!--BD93DE2CF55D494AA86FAD99CF4CAD10-->  <AD_ELEMENT_ID><![CDATA[558]]></AD_ELEMENT_ID>
<!--BD93DE2CF55D494AA86FAD99CF4CAD10-->  <ISFIXED><![CDATA[N]]></ISFIXED>
<!--BD93DE2CF55D494AA86FAD99CF4CAD10-->  <EVALUATEFIXEDVALUE><![CDATA[N]]></EVALUATEFIXEDVALUE>
<!--BD93DE2CF55D494AA86FAD99CF4CAD10-->  <STARTINNEWLINE><![CDATA[N]]></STARTINNEWLINE>
<!--BD93DE2CF55D494AA86FAD99CF4CAD10-->  <DISPLAYTITLE><![CDATA[N]]></DISPLAYTITLE>
<!--BD93DE2CF55D494AA86FAD99CF4CAD10-->  <ATT_SHOWINDESCRIPTION><![CDATA[N]]></ATT_SHOWINDESCRIPTION>
<!--BD93DE2CF55D494AA86FAD99CF4CAD10-->  <EM_OBKMO_WIDGET_CLASS_ID><![CDATA[6C7DC7152993408B8A86720C83C69A37]]></EM_OBKMO_WIDGET_CLASS_ID>
<!--BD93DE2CF55D494AA86FAD99CF4CAD10--></OBUIAPP_PARAMETER>

<!--CAC61A442A7F45489DD2237503CF42D0--><OBUIAPP_PARAMETER>
<!--CAC61A442A7F45489DD2237503CF42D0-->  <OBUIAPP_PARAMETER_ID><![CDATA[CAC61A442A7F45489DD2237503CF42D0]]></OBUIAPP_PARAMETER_ID>
<!--CAC61A442A7F45489DD2237503CF42D0-->  <AD_CLIENT_ID><![CDATA[0]]></AD_CLIENT_ID>
<!--CAC61A442A7F45489DD2237503CF42D0-->  <AD_ORG_ID><![CDATA[0]]></AD_ORG_ID>
<!--CAC61A442A7F45489DD2237503CF42D0-->  <ISACTIVE><![CDATA[Y]]></ISACTIVE>
<!--CAC61A442A7F45489DD2237503CF42D0-->  <AD_MODULE_ID><![CDATA[27445C8270364452BEB29669FBB21CED]]></AD_MODULE_ID>
<!--CAC61A442A7F45489DD2237503CF42D0-->  <NAME><![CDATA[Number of Rows]]></NAME>
<!--CAC61A442A7F45489DD2237503CF42D0-->  <SEQNO><![CDATA[0]]></SEQNO>
<!--CAC61A442A7F45489DD2237503CF42D0-->  <AD_REFERENCE_ID><![CDATA[11]]></AD_REFERENCE_ID>
<!--CAC61A442A7F45489DD2237503CF42D0-->  <COLUMNNAME><![CDATA[RowsNumber]]></COLUMNNAME>
<!--CAC61A442A7F45489DD2237503CF42D0-->  <ISCENTRALLYMAINTAINED><![CDATA[Y]]></ISCENTRALLYMAINTAINED>
<!--CAC61A442A7F45489DD2237503CF42D0-->  <FIELDLENGTH><![CDATA[10]]></FIELDLENGTH>
<!--CAC61A442A7F45489DD2237503CF42D0-->  <ISMANDATORY><![CDATA[Y]]></ISMANDATORY>
<!--CAC61A442A7F45489DD2237503CF42D0-->  <AD_ELEMENT_ID><![CDATA[9A0C92898CF17AC8E040007F01003160]]></AD_ELEMENT_ID>
<!--CAC61A442A7F45489DD2237503CF42D0-->  <ISFIXED><![CDATA[N]]></ISFIXED>
<!--CAC61A442A7F45489DD2237503CF42D0-->  <EVALUATEFIXEDVALUE><![CDATA[N]]></EVALUATEFIXEDVALUE>
<!--CAC61A442A7F45489DD2237503CF42D0-->  <STARTINNEWLINE><![CDATA[N]]></STARTINNEWLINE>
<!--CAC61A442A7F45489DD2237503CF42D0-->  <DISPLAYTITLE><![CDATA[N]]></DISPLAYTITLE>
<!--CAC61A442A7F45489DD2237503CF42D0-->  <ATT_SHOWINDESCRIPTION><![CDATA[N]]></ATT_SHOWINDESCRIPTION>
<!--CAC61A442A7F45489DD2237503CF42D0-->  <EM_OBKMO_WIDGET_CLASS_ID><![CDATA[46912A4128E34BD0860137640E9E17D3]]></EM_OBKMO_WIDGET_CLASS_ID>
<!--CAC61A442A7F45489DD2237503CF42D0--></OBUIAPP_PARAMETER>

</data>
