<?xml version="1.0"?>
  <database name="TABLE OEZ_I_ASSET">
    <table name="OEZ_I_ASSET" primaryKey="OEZ_I_ASSET_KEY">
      <column name="OEZ_I_ASSET_ID" primaryKey="true" required="true" type="VARCHAR" size="32" autoIncrement="false">
        <default/>
        <onCreateDefault/>
      </column>
      <column name="AD_CLIENT_ID" primaryKey="false" required="true" type="VARCHAR" size="32" autoIncrement="false">
        <default/>
        <onCreateDefault/>
      </column>
      <column name="AD_ORG_ID" primaryKey="false" required="true" type="VARCHAR" size="32" autoIncrement="false">
        <default/>
        <onCreateDefault/>
      </column>
      <column name="ISACTIVE" primaryKey="false" required="true" type="CHAR" size="1" autoIncrement="false">
        <default><![CDATA[Y]]></default>
        <onCreateDefault/>
      </column>
      <column name="CREATED" primaryKey="false" required="true" type="TIMESTAMP" size="7" autoIncrement="false">
        <default><![CDATA[SYSDATE]]></default>
        <onCreateDefault/>
      </column>
      <column name="CREATEDBY" primaryKey="false" required="true" type="VARCHAR" size="32" autoIncrement="false">
        <default/>
        <onCreateDefault/>
      </column>
      <column name="UPDATED" primaryKey="false" required="true" type="TIMESTAMP" size="7" autoIncrement="false">
        <default><![CDATA[SYSDATE]]></default>
        <onCreateDefault/>
      </column>
      <column name="UPDATEDBY" primaryKey="false" required="true" type="VARCHAR" size="32" autoIncrement="false">
        <default/>
        <onCreateDefault/>
      </column>
      <column name="VALUE" primaryKey="false" required="false" type="VARCHAR" size="40" autoIncrement="false">
        <default/>
        <onCreateDefault/>
      </column>
      <column name="NAME" primaryKey="false" required="false" type="VARCHAR" size="60" autoIncrement="false">
        <default/>
        <onCreateDefault/>
      </column>
      <column name="DESCRIPTION" primaryKey="false" required="false" type="VARCHAR" size="255" autoIncrement="false">
        <default/>
        <onCreateDefault/>
      </column>
      <column name="HELP" primaryKey="false" required="false" type="VARCHAR" size="2000" autoIncrement="false">
        <default/>
        <onCreateDefault/>
      </column>
      <column name="ASSETGROUPVALUE" primaryKey="false" required="false" type="VARCHAR" size="60" autoIncrement="false">
        <default/>
        <onCreateDefault/>
      </column>
      <column name="A_ASSET_GROUP_ID" primaryKey="false" required="false" type="VARCHAR" size="32" autoIncrement="false">
        <default/>
        <onCreateDefault/>
      </column>
      <column name="PRODUCTVALUE" primaryKey="false" required="false" type="VARCHAR" size="60" autoIncrement="false">
        <default/>
        <onCreateDefault/>
      </column>
      <column name="M_PRODUCT_ID" primaryKey="false" required="false" type="VARCHAR" size="32" autoIncrement="false">
        <default/>
        <onCreateDefault/>
      </column>
      <column name="SERNO" primaryKey="false" required="false" type="VARCHAR" size="20" autoIncrement="false">
        <default/>
        <onCreateDefault/>
      </column>
      <column name="LOT" primaryKey="false" required="false" type="VARCHAR" size="20" autoIncrement="false">
        <default/>
        <onCreateDefault/>
      </column>
      <column name="VERSIONNO" primaryKey="false" required="false" type="VARCHAR" size="20" autoIncrement="false">
        <default/>
        <onCreateDefault/>
      </column>
      <column name="GUARANTEEDATE" primaryKey="false" required="false" type="TIMESTAMP" size="7" autoIncrement="false">
        <default/>
        <onCreateDefault/>
      </column>
      <column name="ASSETSERVICEDATE" primaryKey="false" required="false" type="TIMESTAMP" size="7" autoIncrement="false">
        <default/>
        <onCreateDefault/>
      </column>
      <column name="ISOWNED" primaryKey="false" required="true" type="CHAR" size="1" autoIncrement="false">
        <default><![CDATA[Y]]></default>
        <onCreateDefault/>
      </column>
      <column name="ASSETDEPRECIATIONDATE" primaryKey="false" required="false" type="TIMESTAMP" size="7" autoIncrement="false">
        <default/>
        <onCreateDefault/>
      </column>
      <column name="USELIFEYEARS" primaryKey="false" required="false" type="DECIMAL" size="10,0" autoIncrement="false">
        <default/>
        <onCreateDefault/>
      </column>
      <column name="USELIFEMONTHS" primaryKey="false" required="false" type="DECIMAL" size="10,0" autoIncrement="false">
        <default/>
        <onCreateDefault/>
      </column>
      <column name="LIFEUSEUNITS" primaryKey="false" required="false" type="DECIMAL" autoIncrement="false">
        <default/>
        <onCreateDefault/>
      </column>
      <column name="USEUNITS" primaryKey="false" required="false" type="DECIMAL" autoIncrement="false">
        <default/>
        <onCreateDefault/>
      </column>
      <column name="ISDISPOSED" primaryKey="false" required="true" type="CHAR" size="1" autoIncrement="false">
        <default><![CDATA[N]]></default>
        <onCreateDefault/>
      </column>
      <column name="ASSETDISPOSALDATE" primaryKey="false" required="false" type="TIMESTAMP" size="7" autoIncrement="false">
        <default/>
        <onCreateDefault/>
      </column>
      <column name="ISINPOSESSION" primaryKey="false" required="true" type="CHAR" size="1" autoIncrement="false">
        <default><![CDATA[Y]]></default>
        <onCreateDefault/>
      </column>
      <column name="LOCATIONCOMMENT" primaryKey="false" required="false" type="VARCHAR" size="255" autoIncrement="false">
        <default/>
        <onCreateDefault/>
      </column>
      <column name="M_LOCATOR_ID" primaryKey="false" required="false" type="VARCHAR" size="32" autoIncrement="false">
        <default/>
        <onCreateDefault/>
      </column>
      <column name="C_BPARTNER_ID" primaryKey="false" required="false" type="VARCHAR" size="32" autoIncrement="false">
        <default/>
        <onCreateDefault/>
      </column>
      <column name="C_BPARTNER_LOCATION_ID" primaryKey="false" required="false" type="VARCHAR" size="32" autoIncrement="false">
        <default/>
        <onCreateDefault/>
      </column>
      <column name="C_LOCATION_ID" primaryKey="false" required="false" type="VARCHAR" size="32" autoIncrement="false">
        <default/>
        <onCreateDefault/>
      </column>
      <column name="PROCESSING" primaryKey="false" required="false" type="CHAR" size="1" autoIncrement="false">
        <default/>
        <onCreateDefault/>
      </column>
      <column name="ISDEPRECIATED" primaryKey="false" required="true" type="CHAR" size="1" autoIncrement="false">
        <default><![CDATA[Y]]></default>
        <onCreateDefault/>
      </column>
      <column name="ISFULLYDEPRECIATED" primaryKey="false" required="true" type="CHAR" size="1" autoIncrement="false">
        <default><![CDATA[N]]></default>
        <onCreateDefault/>
      </column>
      <column name="AD_USER_ID" primaryKey="false" required="false" type="VARCHAR" size="32" autoIncrement="false">
        <default/>
        <onCreateDefault/>
      </column>
      <column name="AMORTIZATIONENDDATE" primaryKey="false" required="false" type="TIMESTAMP" size="7" autoIncrement="false">
        <default/>
        <onCreateDefault/>
      </column>
      <column name="AMORTIZATIONSTARTDATE" primaryKey="false" required="false" type="TIMESTAMP" size="7" autoIncrement="false">
        <default/>
        <onCreateDefault/>
      </column>
      <column name="ANNUALAMORTIZATIONPERCENTAGE" primaryKey="false" required="false" type="DECIMAL" autoIncrement="false">
        <default/>
        <onCreateDefault/>
      </column>
      <column name="ASSETVALUEAMT" primaryKey="false" required="false" type="DECIMAL" autoIncrement="false">
        <default/>
        <onCreateDefault/>
      </column>
      <column name="CURRENCY_ISO_CODE" primaryKey="false" required="false" type="VARCHAR" size="60" autoIncrement="false">
        <default/>
        <onCreateDefault/>
      </column>
      <column name="C_CURRENCY_ID" primaryKey="false" required="false" type="VARCHAR" size="32" autoIncrement="false">
        <default/>
        <onCreateDefault/>
      </column>
      <column name="DATECANCELLED" primaryKey="false" required="false" type="TIMESTAMP" size="7" autoIncrement="false">
        <default/>
        <onCreateDefault/>
      </column>
      <column name="DATEPURCHASED" primaryKey="false" required="false" type="TIMESTAMP" size="7" autoIncrement="false">
        <default/>
        <onCreateDefault/>
      </column>
      <column name="M_ATTRIBUTESETINSTANCE_ID" primaryKey="false" required="false" type="VARCHAR" size="32" autoIncrement="false">
        <default/>
        <onCreateDefault/>
      </column>
      <column name="RESIDUALASSETVALUEAMT" primaryKey="false" required="false" type="DECIMAL" autoIncrement="false">
        <default/>
        <onCreateDefault/>
      </column>
      <column name="ACCTVALUEAMT" primaryKey="false" required="false" type="DECIMAL" autoIncrement="false">
        <default/>
        <onCreateDefault/>
      </column>
      <column name="AMORTIZATIONTYPE" primaryKey="false" required="false" type="VARCHAR" size="60" autoIncrement="false">
        <default/>
        <onCreateDefault/>
      </column>
      <column name="AMORTIZATIONVALUEAMT" primaryKey="false" required="false" type="DECIMAL" autoIncrement="false">
        <default/>
        <onCreateDefault/>
      </column>
      <column name="ASSETSCHEDULE" primaryKey="false" required="false" type="VARCHAR" size="60" autoIncrement="false">
        <default/>
        <onCreateDefault/>
      </column>
      <column name="DOCUMENTNO" primaryKey="false" required="false" type="VARCHAR" size="30" autoIncrement="false">
        <default/>
        <onCreateDefault/>
      </column>
      <column name="PROCESSED" primaryKey="false" required="true" type="VARCHAR" size="60" autoIncrement="false">
        <default><![CDATA[N]]></default>
        <onCreateDefault/>
      </column>
      <column name="PROFIT" primaryKey="false" required="false" type="DECIMAL" autoIncrement="false">
        <default/>
        <onCreateDefault/>
      </column>
      <column name="QTY" primaryKey="false" required="false" type="DECIMAL" autoIncrement="false">
        <default/>
        <onCreateDefault/>
      </column>
      <column name="AMORTIZATIONCALCTYPE" primaryKey="false" required="false" type="VARCHAR" size="60" autoIncrement="false">
        <default/>
        <onCreateDefault/>
      </column>
      <column name="DEPRECIATEDPLAN" primaryKey="false" required="false" type="DECIMAL" autoIncrement="false">
        <default/>
        <onCreateDefault/>
      </column>
      <column name="DEPRECIATEDPREVIOUSAMT" primaryKey="false" required="false" type="DECIMAL" autoIncrement="false">
        <default><![CDATA[0]]></default>
        <onCreateDefault/>
      </column>
      <column name="DEPRECIATEDVALUE" primaryKey="false" required="false" type="DECIMAL" autoIncrement="false">
        <default/>
        <onCreateDefault/>
      </column>
      <column name="ISSUMMARY" primaryKey="false" required="true" type="CHAR" size="1" autoIncrement="false">
        <default><![CDATA[N]]></default>
        <onCreateDefault/>
      </column>
      <column name="PROJECTVALUE" primaryKey="false" required="false" type="VARCHAR" size="60" autoIncrement="false">
        <default/>
        <onCreateDefault/>
      </column>
      <column name="C_PROJECT_ID" primaryKey="false" required="false" type="VARCHAR" size="32" autoIncrement="false">
        <default/>
        <onCreateDefault/>
      </column>
      <column name="ISSTATIC" primaryKey="false" required="true" type="CHAR" size="1" autoIncrement="false">
        <default><![CDATA[N]]></default>
        <onCreateDefault/>
      </column>
      <column name="IS30DAYMONTH" primaryKey="false" required="true" type="CHAR" size="1" autoIncrement="false">
        <default><![CDATA[Y]]></default>
        <onCreateDefault/>
      </column>
      <column name="PROCESS_IMPORT" primaryKey="false" required="true" type="CHAR" size="1" autoIncrement="false">
        <default><![CDATA[N]]></default>
        <onCreateDefault/>
      </column>
      <column name="I_ERRORMSG" primaryKey="false" required="false" type="VARCHAR" size="2000" autoIncrement="false">
        <default/>
        <onCreateDefault/>
      </column>
      <column name="I_ISIMPORTED" primaryKey="false" required="true" type="CHAR" size="1" autoIncrement="false">
        <default><![CDATA[N]]></default>
        <onCreateDefault/>
      </column>
      <foreign-key foreignTable="AD_CLIENT" name="OEZ_I_ASSET_AD_CLIENT">
        <reference local="AD_CLIENT_ID" foreign="AD_CLIENT_ID"/>
      </foreign-key>
      <foreign-key foreignTable="AD_ORG" name="OEZ_I_ASSET_AD_ORG">
        <reference local="AD_ORG_ID" foreign="AD_ORG_ID"/>
      </foreign-key>
      <foreign-key foreignTable="AD_USER" name="OEZ_I_ASSET_AD_USER">
        <reference local="AD_USER_ID" foreign="AD_USER_ID"/>
      </foreign-key>
      <foreign-key foreignTable="M_ATTRIBUTESETINSTANCE" name="OEZ_I_ASSET_ATTRIBUTE">
        <reference local="M_ATTRIBUTESETINSTANCE_ID" foreign="M_ATTRIBUTESETINSTANCE_ID"/>
      </foreign-key>
      <foreign-key foreignTable="C_BPARTNER_LOCATION" name="OEZ_I_ASSET_BP_LOCATION">
        <reference local="C_BPARTNER_LOCATION_ID" foreign="C_BPARTNER_LOCATION_ID"/>
      </foreign-key>
      <foreign-key foreignTable="C_BPARTNER" name="OEZ_I_ASSET_C_BPARTNER">
        <reference local="C_BPARTNER_ID" foreign="C_BPARTNER_ID"/>
      </foreign-key>
      <foreign-key foreignTable="C_LOCATION" name="OEZ_I_ASSET_C_LOCATION">
        <reference local="C_LOCATION_ID" foreign="C_LOCATION_ID"/>
      </foreign-key>
      <foreign-key foreignTable="C_PROJECT" name="OEZ_I_ASSET_C_PROJECT">
        <reference local="C_PROJECT_ID" foreign="C_PROJECT_ID"/>
      </foreign-key>
      <foreign-key foreignTable="C_CURRENCY" name="OEZ_I_ASSET_CURRENCY">
        <reference local="C_CURRENCY_ID" foreign="C_CURRENCY_ID"/>
      </foreign-key>
      <foreign-key foreignTable="A_ASSET_GROUP" name="OEZ_I_ASSET_GROUP">
        <reference local="A_ASSET_GROUP_ID" foreign="A_ASSET_GROUP_ID"/>
      </foreign-key>
      <foreign-key foreignTable="M_LOCATOR" name="OEZ_I_ASSET_M_LOCATOR">
        <reference local="M_LOCATOR_ID" foreign="M_LOCATOR_ID"/>
      </foreign-key>
      <foreign-key foreignTable="M_PRODUCT" name="OEZ_I_ASSET_M_PRODUCT">
        <reference local="M_PRODUCT_ID" foreign="M_PRODUCT_ID"/>
      </foreign-key>
      <check name="OEZ_I_ASSET_IS30DAYMONTH_CHK"><![CDATA[IS30DAYMONTH IN ('Y', 'N')]]></check>
      <check name="OEZ_I_ASSET_ISACTIVE_CHK"><![CDATA[ISACTIVE IN ('Y', 'N')]]></check>
      <check name="OEZ_I_ASSET_ISDISPOSED_CHK"><![CDATA[ISDISPOSED IN ('Y', 'N')]]></check>
      <check name="OEZ_I_ASSET_ISINPOSESSION_CHK"><![CDATA[ISINPOSESSION IN ('Y', 'N')]]></check>
      <check name="OEZ_I_ASSET_ISOWNED_CHK"><![CDATA[ISOWNED IN ('Y', 'N')]]></check>
      <check name="OEZ_I_ASSET_ISSTATIC_CHK"><![CDATA[ISSTATIC IN ('Y', 'N')]]></check>
      <check name="OEZ_I_ASSET_ISSUMMARY_CHK"><![CDATA[ISSUMMARY IN ('Y', 'N')]]></check>
    </table>
  </database>
