<?xml version="1.0"?>
  <database name="TABLE OEZ_IMPORTCOLUMN">
    <table name="OEZ_IMPORTCOLUMN" primaryKey="OEZ_IMPORTCOLUMN_KEY">
      <column name="OEZ_IMPORTCOLUMN_ID" primaryKey="true" required="true" type="VARCHAR" size="32" autoIncrement="false">
        <default/>
        <onCreateDefault/>
      </column>
      <column name="AD_CLIENT_ID" primaryKey="false" required="true" type="VARCHAR" size="32" autoIncrement="false">
        <default/>
        <onCreateDefault/>
      </column>
      <column name="AD_ORG_ID" primaryKey="false" required="true" type="VARCHAR" size="32" autoIncrement="false">
        <default/>
        <onCreateDefault/>
      </column>
      <column name="ISACTIVE" primaryKey="false" required="true" type="CHAR" size="1" autoIncrement="false">
        <default><![CDATA[Y]]></default>
        <onCreateDefault/>
      </column>
      <column name="CREATED" primaryKey="false" required="true" type="TIMESTAMP" size="7" autoIncrement="false">
        <default><![CDATA[SYSDATE]]></default>
        <onCreateDefault/>
      </column>
      <column name="CREATEDBY" primaryKey="false" required="true" type="VARCHAR" size="32" autoIncrement="false">
        <default/>
        <onCreateDefault/>
      </column>
      <column name="UPDATED" primaryKey="false" required="true" type="TIMESTAMP" size="7" autoIncrement="false">
        <default><![CDATA[SYSDATE]]></default>
        <onCreateDefault/>
      </column>
      <column name="UPDATEDBY" primaryKey="false" required="true" type="VARCHAR" size="32" autoIncrement="false">
        <default/>
        <onCreateDefault/>
      </column>
      <column name="OEZ_IMPORTTABLE_ID" primaryKey="false" required="true" type="VARCHAR" size="32" autoIncrement="false">
        <default/>
        <onCreateDefault/>
      </column>
      <column name="SOURCE_COLUMN_ID" primaryKey="false" required="true" type="VARCHAR" size="32" autoIncrement="false">
        <default/>
        <onCreateDefault/>
      </column>
      <column name="DESTINATION_TABLE_ID" primaryKey="false" required="true" type="VARCHAR" size="32" autoIncrement="false">
        <default/>
        <onCreateDefault/>
      </column>
      <column name="DESTINATION_COLUMN_ID" primaryKey="false" required="true" type="VARCHAR" size="32" autoIncrement="false">
        <default/>
        <onCreateDefault/>
      </column>
      <column name="KEYLOOKUP" primaryKey="false" required="true" type="VARCHAR" size="32" autoIncrement="false">
        <default/>
        <onCreateDefault/>
      </column>
      <column name="SEQNO" primaryKey="false" required="true" type="DECIMAL" autoIncrement="false">
        <default><![CDATA[0]]></default>
        <onCreateDefault/>
      </column>
      <foreign-key foreignTable="AD_COLUMN" name="OEZ_IMPORTABLE_DCL">
        <reference local="DESTINATION_COLUMN_ID" foreign="AD_COLUMN_ID"/>
      </foreign-key>
      <foreign-key foreignTable="AD_TABLE" name="OEZ_IMPORTABLE_DESTINATION">
        <reference local="DESTINATION_TABLE_ID" foreign="AD_TABLE_ID"/>
      </foreign-key>
      <foreign-key foreignTable="OEZ_IMPORTTABLE" name="OEZ_IMPORTABLE_FK">
        <reference local="OEZ_IMPORTTABLE_ID" foreign="OEZ_IMPORTTABLE_ID"/>
      </foreign-key>
      <foreign-key foreignTable="AD_COLUMN" name="OEZ_IMPORTABLE_KEYLOOKUP">
        <reference local="KEYLOOKUP" foreign="AD_COLUMN_ID"/>
      </foreign-key>
      <foreign-key foreignTable="AD_COLUMN" name="OEZ_IMPORTABLE_SCL">
        <reference local="SOURCE_COLUMN_ID" foreign="AD_COLUMN_ID"/>
      </foreign-key>
      <foreign-key foreignTable="AD_CLIENT" name="OEZ_IMPORTCOLUMN_CLIENT">
        <reference local="AD_CLIENT_ID" foreign="AD_CLIENT_ID"/>
      </foreign-key>
      <foreign-key foreignTable="AD_ORG" name="OEZ_IMPORTCOLUMN_ORG">
        <reference local="AD_ORG_ID" foreign="AD_ORG_ID"/>
      </foreign-key>
      <check name="OEZ_DR_ISACTIVE_CHECK"><![CDATA[ISACTIVE IN ('Y', 'N')]]></check>
    </table>
  </database>
