<?xml version="1.0"?>
  <database name="TABLE OEZ_DOCUMENTROUTINGACTION">
    <table name="OEZ_DOCUMENTROUTINGACTION" primaryKey="OEZ_DOCUMENTROUTINGACTION_KEY">
      <column name="OEZ_DOCUMENTROUTINGACTION_ID" primaryKey="true" required="true" type="VARCHAR" size="32" autoIncrement="false">
        <default/>
        <onCreateDefault/>
      </column>
      <column name="AD_CLIENT_ID" primaryKey="false" required="true" type="VARCHAR" size="32" autoIncrement="false">
        <default/>
        <onCreateDefault/>
      </column>
      <column name="AD_ORG_ID" primaryKey="false" required="true" type="VARCHAR" size="32" autoIncrement="false">
        <default/>
        <onCreateDefault/>
      </column>
      <column name="ISACTIVE" primaryKey="false" required="true" type="CHAR" size="1" autoIncrement="false">
        <default><![CDATA[Y]]></default>
        <onCreateDefault/>
      </column>
      <column name="CREATED" primaryKey="false" required="true" type="TIMESTAMP" size="7" autoIncrement="false">
        <default><![CDATA[SYSDATE]]></default>
        <onCreateDefault/>
      </column>
      <column name="CREATEDBY" primaryKey="false" required="true" type="VARCHAR" size="32" autoIncrement="false">
        <default/>
        <onCreateDefault/>
      </column>
      <column name="UPDATED" primaryKey="false" required="true" type="TIMESTAMP" size="7" autoIncrement="false">
        <default><![CDATA[SYSDATE]]></default>
        <onCreateDefault/>
      </column>
      <column name="UPDATEDBY" primaryKey="false" required="true" type="VARCHAR" size="32" autoIncrement="false">
        <default/>
        <onCreateDefault/>
      </column>
      <column name="DESCRIPTION" primaryKey="false" required="false" type="VARCHAR" size="255" autoIncrement="false">
        <default/>
        <onCreateDefault/>
      </column>
      <column name="AD_TAB_ID" primaryKey="false" required="true" type="VARCHAR" size="32" autoIncrement="false">
        <default/>
        <onCreateDefault/>
      </column>
      <column name="AD_WINDOW_ID" primaryKey="false" required="true" type="VARCHAR" size="32" autoIncrement="false">
        <default/>
        <onCreateDefault/>
      </column>
      <column name="DOCSTATUS_TO" primaryKey="false" required="true" type="VARCHAR" size="60" autoIncrement="false">
        <default/>
        <onCreateDefault/>
      </column>
      <column name="CLASSNAME" primaryKey="false" required="false" type="VARCHAR" size="1000" autoIncrement="false">
        <default/>
        <onCreateDefault/>
      </column>
      <foreign-key foreignTable="AD_CLIENT" name="OEZ_DRA_AD_CLIENT">
        <reference local="AD_CLIENT_ID" foreign="AD_CLIENT_ID"/>
      </foreign-key>
      <foreign-key foreignTable="AD_ORG" name="OEZ_DRA_AD_ORG">
        <reference local="AD_ORG_ID" foreign="AD_ORG_ID"/>
      </foreign-key>
      <foreign-key foreignTable="AD_TAB" name="OEZ_DRA_AD_TAB" onDelete="cascade">
        <reference local="AD_TAB_ID" foreign="AD_TAB_ID"/>
      </foreign-key>
      <foreign-key foreignTable="AD_WINDOW" name="OEZ_DRA_AD_WINDOW" onDelete="cascade">
        <reference local="AD_WINDOW_ID" foreign="AD_WINDOW_ID"/>
      </foreign-key>
      <unique name="OEZ_DUPLICATEDROUTINGHANDLER">
        <unique-column name="AD_CLIENT_ID"/>
        <unique-column name="AD_TAB_ID"/>
        <unique-column name="CLASSNAME"/>
        <unique-column name="DOCSTATUS_TO"/>
      </unique>
      <check name="OEZ_DRA_ISACTIVE_CHECK"><![CDATA[ISACTIVE IN ('Y', 'N')]]></check>
    </table>
  </database>
