<?xml version="1.0"?>
  <database name="TABLE OEZ_SEQUENCE_LINE">
    <table name="OEZ_SEQUENCE_LINE" primaryKey="OEZ_SEQ_LINE_KEY">
      <column name="OEZ_SEQUENCE_LINE_ID" primaryKey="true" required="true" type="VARCHAR" size="32" autoIncrement="false">
        <default/>
        <onCreateDefault/>
      </column>
      <column name="AD_CLIENT_ID" primaryKey="false" required="true" type="VARCHAR" size="32" autoIncrement="false">
        <default/>
        <onCreateDefault/>
      </column>
      <column name="AD_ORG_ID" primaryKey="false" required="true" type="VARCHAR" size="32" autoIncrement="false">
        <default/>
        <onCreateDefault/>
      </column>
      <column name="ISACTIVE" primaryKey="false" required="false" type="CHAR" size="1" autoIncrement="false">
        <default><![CDATA[Y]]></default>
        <onCreateDefault/>
      </column>
      <column name="CREATED" primaryKey="false" required="true" type="TIMESTAMP" size="7" autoIncrement="false">
        <default><![CDATA[SYSDATE]]></default>
        <onCreateDefault/>
      </column>
      <column name="CREATEDBY" primaryKey="false" required="true" type="VARCHAR" size="32" autoIncrement="false">
        <default/>
        <onCreateDefault/>
      </column>
      <column name="UPDATED" primaryKey="false" required="true" type="TIMESTAMP" size="7" autoIncrement="false">
        <default><![CDATA[SYSDATE]]></default>
        <onCreateDefault/>
      </column>
      <column name="UPDATEDBY" primaryKey="false" required="true" type="VARCHAR" size="32" autoIncrement="false">
        <default/>
        <onCreateDefault/>
      </column>
      <column name="AD_SEQUENCE_ID" primaryKey="false" required="true" type="VARCHAR" size="32" autoIncrement="false">
        <default/>
        <onCreateDefault/>
      </column>
      <column name="C_YEAR_ID" primaryKey="false" required="false" type="VARCHAR" size="32" autoIncrement="false">
        <default/>
        <onCreateDefault/>
      </column>
      <column name="C_PERIOD_ID" primaryKey="false" required="false" type="VARCHAR" size="32" autoIncrement="false">
        <default/>
        <onCreateDefault/>
      </column>
      <column name="STARTNO" primaryKey="false" required="true" type="DECIMAL" size="10,0" autoIncrement="false">
        <default/>
        <onCreateDefault/>
      </column>
      <column name="CURRENTNEXT" primaryKey="false" required="true" type="DECIMAL" size="10,0" autoIncrement="false">
        <default/>
        <onCreateDefault/>
      </column>
      <column name="CURRENTNEXTSYS" primaryKey="false" required="true" type="DECIMAL" size="10,0" autoIncrement="false">
        <default/>
        <onCreateDefault/>
      </column>
      <column name="DESCRIPTION" primaryKey="false" required="false" type="VARCHAR" size="255" autoIncrement="false">
        <default/>
        <onCreateDefault/>
      </column>
      <foreign-key foreignTable="AD_CLIENT" name="OEZ_SEQ_LINE_AD_CLIENT">
        <reference local="AD_CLIENT_ID" foreign="AD_CLIENT_ID"/>
      </foreign-key>
      <foreign-key foreignTable="AD_ORG" name="OEZ_SEQ_LINE_AD_ORG">
        <reference local="AD_ORG_ID" foreign="AD_ORG_ID"/>
      </foreign-key>
      <foreign-key foreignTable="AD_SEQUENCE" name="OEZ_SEQ_LINE_AD_SEQ">
        <reference local="AD_SEQUENCE_ID" foreign="AD_SEQUENCE_ID"/>
      </foreign-key>
      <foreign-key foreignTable="C_PERIOD" name="OEZ_SEQ_LINE_C_PERIOD">
        <reference local="C_PERIOD_ID" foreign="C_PERIOD_ID"/>
      </foreign-key>
      <foreign-key foreignTable="C_YEAR" name="OEZ_SEQ_LINE_C_YEAR">
        <reference local="C_YEAR_ID" foreign="C_YEAR_ID"/>
      </foreign-key>
    </table>
  </database>
