<?xml version="1.0"?>
  <database name="TABLE OEZ_I_WORKEFFORT">
    <table name="OEZ_I_WORKEFFORT" primaryKey="OEZ_I_WF_KEY">
      <column name="OEZ_I_WORKEFFORT_ID" primaryKey="true" required="true" type="VARCHAR" size="32" autoIncrement="false">
        <default/>
        <onCreateDefault/>
      </column>
      <column name="AD_CLIENT_ID" primaryKey="false" required="true" type="VARCHAR" size="32" autoIncrement="false">
        <default/>
        <onCreateDefault/>
      </column>
      <column name="AD_ORG_ID" primaryKey="false" required="true" type="VARCHAR" size="32" autoIncrement="false">
        <default/>
        <onCreateDefault/>
      </column>
      <column name="ISACTIVE" primaryKey="false" required="true" type="CHAR" size="1" autoIncrement="false">
        <default><![CDATA[Y]]></default>
        <onCreateDefault/>
      </column>
      <column name="CREATED" primaryKey="false" required="true" type="TIMESTAMP" size="7" autoIncrement="false">
        <default><![CDATA[SYSDATE]]></default>
        <onCreateDefault/>
      </column>
      <column name="CREATEDBY" primaryKey="false" required="true" type="VARCHAR" size="32" autoIncrement="false">
        <default/>
        <onCreateDefault/>
      </column>
      <column name="UPDATED" primaryKey="false" required="true" type="TIMESTAMP" size="7" autoIncrement="false">
        <default><![CDATA[SYSDATE]]></default>
        <onCreateDefault/>
      </column>
      <column name="UPDATEDBY" primaryKey="false" required="true" type="VARCHAR" size="32" autoIncrement="false">
        <default/>
        <onCreateDefault/>
      </column>
      <column name="ISIMPORTED" primaryKey="false" required="true" type="CHAR" size="1" autoIncrement="false">
        <default><![CDATA[N]]></default>
        <onCreateDefault/>
      </column>
      <column name="MOVEMENTDATE" primaryKey="false" required="false" type="TIMESTAMP" size="7" autoIncrement="false">
        <default/>
        <onCreateDefault/>
      </column>
      <column name="DOCUMENTNO" primaryKey="false" required="false" type="VARCHAR" size="60" autoIncrement="false">
        <default/>
        <onCreateDefault/>
      </column>
      <column name="M_PRODUCTION_ID" primaryKey="false" required="false" type="VARCHAR" size="32" autoIncrement="false">
        <default/>
        <onCreateDefault/>
      </column>
      <column name="WRDOCNO" primaryKey="false" required="false" type="VARCHAR" size="60" autoIncrement="false">
        <default/>
        <onCreateDefault/>
      </column>
      <column name="WRSEQNO" primaryKey="false" required="false" type="DECIMAL" autoIncrement="false">
        <default/>
        <onCreateDefault/>
      </column>
      <column name="COMPLETEQTY" primaryKey="false" required="false" type="DECIMAL" autoIncrement="false">
        <default/>
        <onCreateDefault/>
      </column>
      <column name="REJECTEDQTY" primaryKey="false" required="false" type="DECIMAL" autoIncrement="false">
        <default/>
        <onCreateDefault/>
      </column>
      <column name="COSTCENTERKEY" primaryKey="false" required="false" type="VARCHAR" size="60" autoIncrement="false">
        <default/>
        <onCreateDefault/>
      </column>
      <column name="COSTCENTERUSE" primaryKey="false" required="false" type="DECIMAL" autoIncrement="false">
        <default/>
        <onCreateDefault/>
      </column>
      <column name="MA_COSTCENTER_VERSION_ID" primaryKey="false" required="false" type="VARCHAR" size="32" autoIncrement="false">
        <default/>
        <onCreateDefault/>
      </column>
      <column name="OURSOURCED" primaryKey="false" required="false" type="CHAR" size="1" autoIncrement="false">
        <default/>
        <onCreateDefault/>
      </column>
      <column name="CLOSEPHASE" primaryKey="false" required="false" type="CHAR" size="1" autoIncrement="false">
        <default/>
        <onCreateDefault/>
      </column>
      <column name="M_PRODUCTIONPLAN_ID" primaryKey="false" required="false" type="VARCHAR" size="32" autoIncrement="false">
        <default/>
        <onCreateDefault/>
      </column>
      <column name="PRODUCTKEY" primaryKey="false" required="false" type="VARCHAR" size="60" autoIncrement="false">
        <default/>
        <onCreateDefault/>
      </column>
      <column name="M_PRODUCT_ID" primaryKey="false" required="false" type="VARCHAR" size="32" autoIncrement="false">
        <default/>
        <onCreateDefault/>
      </column>
      <column name="PRODUCTIONTYPE" primaryKey="false" required="false" type="VARCHAR" size="60" autoIncrement="false">
        <default/>
        <onCreateDefault/>
      </column>
      <column name="STORAGEKEY" primaryKey="false" required="false" type="VARCHAR" size="60" autoIncrement="false">
        <default/>
        <onCreateDefault/>
      </column>
      <column name="M_LOCATOR_ID" primaryKey="false" required="false" type="VARCHAR" size="32" autoIncrement="false">
        <default/>
        <onCreateDefault/>
      </column>
      <column name="M_PRODUCTIONLINE_ID" primaryKey="false" required="false" type="VARCHAR" size="32" autoIncrement="false">
        <default/>
        <onCreateDefault/>
      </column>
      <column name="IMPORTWORKEFFORT" primaryKey="false" required="false" type="CHAR" size="1" autoIncrement="false">
        <default/>
        <onCreateDefault/>
      </column>
      <column name="MA_WRPHASE_ID" primaryKey="false" required="false" type="VARCHAR" size="32" autoIncrement="false">
        <default/>
        <onCreateDefault/>
      </column>
      <column name="QUANTITY" primaryKey="false" required="false" type="DECIMAL" autoIncrement="false">
        <default/>
        <onCreateDefault/>
      </column>
      <column name="PRODUCTREJECTQTY" primaryKey="false" required="false" type="DECIMAL" autoIncrement="false">
        <default/>
        <onCreateDefault/>
      </column>
      <column name="STARTINGHOUR" primaryKey="false" required="false" type="DECIMAL" autoIncrement="false">
        <default/>
        <onCreateDefault/>
      </column>
      <column name="ENDINGHOUR" primaryKey="false" required="false" type="DECIMAL" autoIncrement="false">
        <default/>
        <onCreateDefault/>
      </column>
      <column name="I_ERRORMSG" primaryKey="false" required="false" type="VARCHAR" size="2000" autoIncrement="false">
        <default/>
        <onCreateDefault/>
      </column>
      <foreign-key foreignTable="AD_CLIENT" name="OEZ_I_WF_CLIENT">
        <reference local="AD_CLIENT_ID" foreign="AD_CLIENT_ID"/>
      </foreign-key>
      <foreign-key foreignTable="MA_COSTCENTER_VERSION" name="OEZ_I_WF_COSTCENTER">
        <reference local="MA_COSTCENTER_VERSION_ID" foreign="MA_COSTCENTER_VERSION_ID"/>
      </foreign-key>
      <foreign-key foreignTable="M_LOCATOR" name="OEZ_I_WF_LOCATOR">
        <reference local="M_LOCATOR_ID" foreign="M_LOCATOR_ID"/>
      </foreign-key>
      <foreign-key foreignTable="AD_ORG" name="OEZ_I_WF_ORG">
        <reference local="AD_ORG_ID" foreign="AD_ORG_ID"/>
      </foreign-key>
      <foreign-key foreignTable="M_PRODUCT" name="OEZ_I_WF_PRODUCT">
        <reference local="M_PRODUCT_ID" foreign="M_PRODUCT_ID"/>
      </foreign-key>
      <foreign-key foreignTable="M_PRODUCTION" name="OEZ_I_WF_PRODUCTION">
        <reference local="M_PRODUCTION_ID" foreign="M_PRODUCTION_ID"/>
      </foreign-key>
      <foreign-key foreignTable="M_PRODUCTIONLINE" name="OEZ_I_WF_PRODUCTIONLINE">
        <reference local="M_PRODUCTIONLINE_ID" foreign="M_PRODUCTIONLINE_ID"/>
      </foreign-key>
      <foreign-key foreignTable="M_PRODUCTIONPLAN" name="OEZ_I_WF_PRODUCTIONPLAN">
        <reference local="M_PRODUCTIONPLAN_ID" foreign="M_PRODUCTIONPLAN_ID"/>
      </foreign-key>
      <foreign-key foreignTable="MA_WRPHASE" name="OEZ_I_WF_WRPHASE">
        <reference local="MA_WRPHASE_ID" foreign="MA_WRPHASE_ID"/>
      </foreign-key>
    </table>
  </database>
