<?xml version="1.0"?>
  <database name="TABLE OEZ_I_INOUT">
    <table name="OEZ_I_INOUT" primaryKey="OEZ_I_INOUT_KEY">
      <column name="OEZ_I_INOUT_ID" primaryKey="true" required="true" type="VARCHAR" size="32" autoIncrement="false">
        <default/>
        <onCreateDefault/>
      </column>
      <column name="AD_CLIENT_ID" primaryKey="false" required="false" type="VARCHAR" size="32" autoIncrement="false">
        <default/>
        <onCreateDefault/>
      </column>
      <column name="AD_ORG_ID" primaryKey="false" required="false" type="VARCHAR" size="32" autoIncrement="false">
        <default/>
        <onCreateDefault/>
      </column>
      <column name="ISACTIVE" primaryKey="false" required="false" type="CHAR" size="1" autoIncrement="false">
        <default><![CDATA[Y]]></default>
        <onCreateDefault/>
      </column>
      <column name="CREATED" primaryKey="false" required="false" type="TIMESTAMP" size="7" autoIncrement="false">
        <default><![CDATA[SYSDATE]]></default>
        <onCreateDefault/>
      </column>
      <column name="CREATEDBY" primaryKey="false" required="false" type="VARCHAR" size="32" autoIncrement="false">
        <default/>
        <onCreateDefault/>
      </column>
      <column name="UPDATED" primaryKey="false" required="false" type="TIMESTAMP" size="7" autoIncrement="false">
        <default><![CDATA[SYSDATE]]></default>
        <onCreateDefault/>
      </column>
      <column name="UPDATEDBY" primaryKey="false" required="false" type="VARCHAR" size="32" autoIncrement="false">
        <default/>
        <onCreateDefault/>
      </column>
      <column name="I_ISIMPORTED" primaryKey="false" required="false" type="CHAR" size="1" autoIncrement="false">
        <default><![CDATA[N]]></default>
        <onCreateDefault/>
      </column>
      <column name="I_ERRORMSG" primaryKey="false" required="false" type="VARCHAR" size="2000" autoIncrement="false">
        <default/>
        <onCreateDefault/>
      </column>
      <column name="M_INOUT_ID" primaryKey="false" required="false" type="VARCHAR" size="32" autoIncrement="false">
        <default/>
        <onCreateDefault/>
      </column>
      <column name="M_INOUTLINE_ID" primaryKey="false" required="false" type="VARCHAR" size="32" autoIncrement="false">
        <default/>
        <onCreateDefault/>
      </column>
      <column name="PROCESSING" primaryKey="false" required="false" type="CHAR" size="1" autoIncrement="false">
        <default><![CDATA[N]]></default>
        <onCreateDefault/>
      </column>
      <column name="PROCESSED" primaryKey="false" required="false" type="CHAR" size="1" autoIncrement="false">
        <default><![CDATA[N]]></default>
        <onCreateDefault/>
      </column>
      <column name="ISSOTRX" primaryKey="false" required="false" type="CHAR" size="1" autoIncrement="false">
        <default><![CDATA[Y]]></default>
        <onCreateDefault/>
      </column>
      <column name="DOCTYPENAME" primaryKey="false" required="false" type="VARCHAR" size="60" autoIncrement="false">
        <default/>
        <onCreateDefault/>
      </column>
      <column name="C_DOCTYPE_ID" primaryKey="false" required="false" type="VARCHAR" size="32" autoIncrement="false">
        <default/>
        <onCreateDefault/>
      </column>
      <column name="DOCUMENTNO" primaryKey="false" required="false" type="VARCHAR" size="30" autoIncrement="false">
        <default/>
        <onCreateDefault/>
      </column>
      <column name="M_WAREHOUSE_ID" primaryKey="false" required="false" type="VARCHAR" size="32" autoIncrement="false">
        <default/>
        <onCreateDefault/>
      </column>
      <column name="WAREHOUSEVALUE" primaryKey="false" required="false" type="VARCHAR" size="60" autoIncrement="false">
        <default/>
        <onCreateDefault/>
      </column>
      <column name="BPARTNERVALUE" primaryKey="false" required="false" type="VARCHAR" size="40" autoIncrement="false">
        <default/>
        <onCreateDefault/>
      </column>
      <column name="C_BPARTNER_ID" primaryKey="false" required="false" type="VARCHAR" size="32" autoIncrement="false">
        <default/>
        <onCreateDefault/>
      </column>
      <column name="C_BPARTNER_LOCATION_ID" primaryKey="false" required="false" type="VARCHAR" size="32" autoIncrement="false">
        <default/>
        <onCreateDefault/>
      </column>
      <column name="C_LOCATION_ID" primaryKey="false" required="false" type="VARCHAR" size="32" autoIncrement="false">
        <default/>
        <onCreateDefault/>
      </column>
      <column name="ADDRESS1" primaryKey="false" required="false" type="VARCHAR" size="60" autoIncrement="false">
        <default/>
        <onCreateDefault/>
      </column>
      <column name="ADDRESS2" primaryKey="false" required="false" type="VARCHAR" size="60" autoIncrement="false">
        <default/>
        <onCreateDefault/>
      </column>
      <column name="POSTAL" primaryKey="false" required="false" type="VARCHAR" size="10" autoIncrement="false">
        <default/>
        <onCreateDefault/>
      </column>
      <column name="CITY" primaryKey="false" required="false" type="VARCHAR" size="60" autoIncrement="false">
        <default/>
        <onCreateDefault/>
      </column>
      <column name="C_COUNTRY_ID" primaryKey="false" required="false" type="VARCHAR" size="32" autoIncrement="false">
        <default/>
        <onCreateDefault/>
      </column>
      <column name="COUNTRYNAME" primaryKey="false" required="false" type="VARCHAR" size="60" autoIncrement="false">
        <default/>
        <onCreateDefault/>
      </column>
      <column name="MOVEMENTDATE" primaryKey="false" required="false" type="TIMESTAMP" size="7" autoIncrement="false">
        <default/>
        <onCreateDefault/>
      </column>
      <column name="DATEACCT" primaryKey="false" required="false" type="TIMESTAMP" size="7" autoIncrement="false">
        <default/>
        <onCreateDefault/>
      </column>
      <column name="DELIVERY_LOCATION_ID" primaryKey="false" required="false" type="VARCHAR" size="32" autoIncrement="false">
        <default/>
        <onCreateDefault/>
      </column>
      <column name="C_SHIP_LOCATION_ID" primaryKey="false" required="false" type="VARCHAR" size="32" autoIncrement="false">
        <default/>
        <onCreateDefault/>
      </column>
      <column name="SHIP_ADDRESS1" primaryKey="false" required="false" type="VARCHAR" size="60" autoIncrement="false">
        <default/>
        <onCreateDefault/>
      </column>
      <column name="SHIP_ADDRESS2" primaryKey="false" required="false" type="VARCHAR" size="60" autoIncrement="false">
        <default/>
        <onCreateDefault/>
      </column>
      <column name="SHIP_POSTAL" primaryKey="false" required="false" type="VARCHAR" size="10" autoIncrement="false">
        <default/>
        <onCreateDefault/>
      </column>
      <column name="SHIP_CITY" primaryKey="false" required="false" type="VARCHAR" size="60" autoIncrement="false">
        <default/>
        <onCreateDefault/>
      </column>
      <column name="C_SHIP_COUNTRY_ID" primaryKey="false" required="false" type="VARCHAR" size="32" autoIncrement="false">
        <default/>
        <onCreateDefault/>
      </column>
      <column name="SHIP_COUNTRYNAME" primaryKey="false" required="false" type="VARCHAR" size="60" autoIncrement="false">
        <default/>
        <onCreateDefault/>
      </column>
      <column name="DESCRIPTION" primaryKey="false" required="false" type="VARCHAR" size="255" autoIncrement="false">
        <default/>
        <onCreateDefault/>
      </column>
      <column name="LINE" primaryKey="false" required="false" type="DECIMAL" autoIncrement="false">
        <default/>
        <onCreateDefault/>
      </column>
      <column name="M_PRODUCT_ID" primaryKey="false" required="false" type="VARCHAR" size="32" autoIncrement="false">
        <default/>
        <onCreateDefault/>
      </column>
      <column name="PRODUCTVALUE" primaryKey="false" required="false" type="VARCHAR" size="60" autoIncrement="false">
        <default/>
        <onCreateDefault/>
      </column>
      <column name="MOVEMENTQTY" primaryKey="false" required="false" type="DECIMAL" autoIncrement="false">
        <default/>
        <onCreateDefault/>
      </column>
      <column name="C_UOM_ID" primaryKey="false" required="false" type="VARCHAR" size="32" autoIncrement="false">
        <default/>
        <onCreateDefault/>
      </column>
      <column name="EDICODE" primaryKey="false" required="false" type="VARCHAR" size="2" autoIncrement="false">
        <default/>
        <onCreateDefault/>
      </column>
      <column name="M_LOCATOR_ID" primaryKey="false" required="false" type="VARCHAR" size="32" autoIncrement="false">
        <default/>
        <onCreateDefault/>
      </column>
      <column name="STORAGEBINVALUE" primaryKey="false" required="false" type="VARCHAR" size="60" autoIncrement="false">
        <default/>
        <onCreateDefault/>
      </column>
      <column name="PRODUCT_DESCRIPTION" primaryKey="false" required="false" type="VARCHAR" size="255" autoIncrement="false">
        <default/>
        <onCreateDefault/>
      </column>
      <column name="MOVEMENTTYPE" primaryKey="false" required="false" type="VARCHAR" size="60" autoIncrement="false">
        <default/>
        <onCreateDefault/>
      </column>
      <column name="ISLOGISTIC" primaryKey="false" required="false" type="CHAR" size="1" autoIncrement="false">
        <default><![CDATA[N]]></default>
        <onCreateDefault/>
      </column>
      <column name="C_REGION_ID" primaryKey="false" required="false" type="VARCHAR" size="32" autoIncrement="false">
        <default/>
        <onCreateDefault/>
      </column>
      <column name="REGIONNAME" primaryKey="false" required="false" type="VARCHAR" size="60" autoIncrement="false">
        <default/>
        <onCreateDefault/>
      </column>
      <column name="IMPORTSHIPMENT" primaryKey="false" required="false" type="CHAR" size="1" autoIncrement="false">
        <default/>
        <onCreateDefault/>
      </column>
      <foreign-key foreignTable="AD_CLIENT" name="OEZ_I_INOUT_AD_CLIENT">
        <reference local="AD_CLIENT_ID" foreign="AD_CLIENT_ID"/>
      </foreign-key>
      <foreign-key foreignTable="AD_ORG" name="OEZ_I_INOUT_AD_ORG">
        <reference local="AD_ORG_ID" foreign="AD_ORG_ID"/>
      </foreign-key>
      <foreign-key foreignTable="C_BPARTNER" name="OEZ_I_INOUT_C_BPARTNER">
        <reference local="C_BPARTNER_ID" foreign="C_BPARTNER_ID"/>
      </foreign-key>
      <foreign-key foreignTable="C_BPARTNER_LOCATION" name="OEZ_I_INOUT_C_BPARTNER_LOC">
        <reference local="C_BPARTNER_LOCATION_ID" foreign="C_BPARTNER_LOCATION_ID"/>
      </foreign-key>
      <foreign-key foreignTable="C_COUNTRY" name="OEZ_I_INOUT_C_COUNTRY_1">
        <reference local="C_COUNTRY_ID" foreign="C_COUNTRY_ID"/>
      </foreign-key>
      <foreign-key foreignTable="C_COUNTRY" name="OEZ_I_INOUT_C_COUNTRY_2">
        <reference local="C_SHIP_COUNTRY_ID" foreign="C_COUNTRY_ID"/>
      </foreign-key>
      <foreign-key foreignTable="C_DOCTYPE" name="OEZ_I_INOUT_C_DOCTYPE">
        <reference local="C_DOCTYPE_ID" foreign="C_DOCTYPE_ID"/>
      </foreign-key>
      <foreign-key foreignTable="C_LOCATION" name="OEZ_I_INOUT_C_LOCATION_1">
        <reference local="C_LOCATION_ID" foreign="C_LOCATION_ID"/>
      </foreign-key>
      <foreign-key foreignTable="C_LOCATION" name="OEZ_I_INOUT_C_LOCATION_2">
        <reference local="C_SHIP_LOCATION_ID" foreign="C_LOCATION_ID"/>
      </foreign-key>
      <foreign-key foreignTable="C_UOM" name="OEZ_I_INOUT_C_UOM">
        <reference local="C_UOM_ID" foreign="C_UOM_ID"/>
      </foreign-key>
      <foreign-key foreignTable="C_BPARTNER_LOCATION" name="OEZ_I_INOUT_DELIVERY_LOC">
        <reference local="DELIVERY_LOCATION_ID" foreign="C_BPARTNER_LOCATION_ID"/>
      </foreign-key>
      <foreign-key foreignTable="M_INOUT" name="OEZ_I_INOUT_M_INOUT">
        <reference local="M_INOUT_ID" foreign="M_INOUT_ID"/>
      </foreign-key>
      <foreign-key foreignTable="M_INOUTLINE" name="OEZ_I_INOUT_M_INOUTLINE">
        <reference local="M_INOUTLINE_ID" foreign="M_INOUTLINE_ID"/>
      </foreign-key>
      <foreign-key foreignTable="M_LOCATOR" name="OEZ_I_INOUT_M_LOCATOR">
        <reference local="M_LOCATOR_ID" foreign="M_LOCATOR_ID"/>
      </foreign-key>
      <foreign-key foreignTable="M_PRODUCT" name="OEZ_I_INOUT_M_PRODUCT">
        <reference local="M_PRODUCT_ID" foreign="M_PRODUCT_ID"/>
      </foreign-key>
      <foreign-key foreignTable="M_WAREHOUSE" name="OEZ_I_INOUT_M_WAREHOUSE">
        <reference local="M_WAREHOUSE_ID" foreign="M_WAREHOUSE_ID"/>
      </foreign-key>
      <foreign-key foreignTable="C_REGION" name="OEZ_INOUT">
        <reference local="C_REGION_ID" foreign="C_REGION_ID"/>
      </foreign-key>
      <check name="OEZ_I_INOUT_I_ISIMPORTED_CHECK"><![CDATA[I_ISIMPORTED IN ('Y', 'N')]]></check>
      <check name="OEZ_I_INOUT_ISACTIVE_CHECK"><![CDATA[ISACTIVE IN ('Y', 'N')]]></check>
      <check name="OEZ_I_INOUT_ISSOTRX_CHECK"><![CDATA[ISSOTRX IN ('Y', 'N')]]></check>
      <check name="OEZ_I_INOUT_PROCESSED_CHECK"><![CDATA[PROCESSED IN ('Y', 'N')]]></check>
    </table>
  </database>
