<?xml version="1.0" encoding="UTF-8"?>
<data>
<!--6726DB622162475C9B73F52BF89C72F4--><AD_AUXILIARINPUT>
<!--6726DB622162475C9B73F52BF89C72F4-->  <AD_AUXILIARINPUT_ID><![CDATA[6726DB622162475C9B73F52BF89C72F4]]></AD_AUXILIARINPUT_ID>
<!--6726DB622162475C9B73F52BF89C72F4-->  <AD_CLIENT_ID><![CDATA[0]]></AD_CLIENT_ID>
<!--6726DB622162475C9B73F52BF89C72F4-->  <AD_ORG_ID><![CDATA[0]]></AD_ORG_ID>
<!--6726DB622162475C9B73F52BF89C72F4-->  <ISACTIVE><![CDATA[Y]]></ISACTIVE>
<!--6726DB622162475C9B73F52BF89C72F4-->  <AD_TAB_ID><![CDATA[AD293A02867442D39D0A115ADFC4DD79]]></AD_TAB_ID>
<!--6726DB622162475C9B73F52BF89C72F4-->  <NAME><![CDATA[TA_PotCuti_DocStatus]]></NAME>
<!--6726DB622162475C9B73F52BF89C72F4-->  <CODE><![CDATA[@SQL=SELECT docstatus FROM ta_akumulasi_pot_cuti WHERE ta_akumulasi_pot_cuti_id=@ta_akumulasi_pot_cuti_id@]]></CODE>
<!--6726DB622162475C9B73F52BF89C72F4-->  <AD_MODULE_ID><![CDATA[13F494C4C03141258F1193B673570F63]]></AD_MODULE_ID>
<!--6726DB622162475C9B73F52BF89C72F4--></AD_AUXILIARINPUT>

<!--9D9A86943F854301B53D15CB3D8970EA--><AD_AUXILIARINPUT>
<!--9D9A86943F854301B53D15CB3D8970EA-->  <AD_AUXILIARINPUT_ID><![CDATA[9D9A86943F854301B53D15CB3D8970EA]]></AD_AUXILIARINPUT_ID>
<!--9D9A86943F854301B53D15CB3D8970EA-->  <AD_CLIENT_ID><![CDATA[0]]></AD_CLIENT_ID>
<!--9D9A86943F854301B53D15CB3D8970EA-->  <AD_ORG_ID><![CDATA[0]]></AD_ORG_ID>
<!--9D9A86943F854301B53D15CB3D8970EA-->  <ISACTIVE><![CDATA[Y]]></ISACTIVE>
<!--9D9A86943F854301B53D15CB3D8970EA-->  <AD_TAB_ID><![CDATA[D220ADD1B4F64CE69BEC9791C21ECC1C]]></AD_TAB_ID>
<!--9D9A86943F854301B53D15CB3D8970EA-->  <NAME><![CDATA[TA_PotGaji_DocStatus]]></NAME>
<!--9D9A86943F854301B53D15CB3D8970EA-->  <CODE><![CDATA[@SQL=SELECT docstatus FROM ta_akumulasi_pot_Gaji WHERE ta_akumulasi_pot_Gaji_id=@ta_akumulasi_pot_Gaji_id@]]></CODE>
<!--9D9A86943F854301B53D15CB3D8970EA-->  <AD_MODULE_ID><![CDATA[13F494C4C03141258F1193B673570F63]]></AD_MODULE_ID>
<!--9D9A86943F854301B53D15CB3D8970EA--></AD_AUXILIARINPUT>

</data>
