<?xml version="1.0" encoding="UTF-8"?>
<data>
<!--2ADC0594EDDD42DEBFD66D0671EB761C--><AD_CALLOUT>
<!--2ADC0594EDDD42DEBFD66D0671EB761C-->  <AD_CALLOUT_ID><![CDATA[2ADC0594EDDD42DEBFD66D0671EB761C]]></AD_CALLOUT_ID>
<!--2ADC0594EDDD42DEBFD66D0671EB761C-->  <AD_CLIENT_ID><![CDATA[0]]></AD_CLIENT_ID>
<!--2ADC0594EDDD42DEBFD66D0671EB761C-->  <AD_ORG_ID><![CDATA[0]]></AD_ORG_ID>
<!--2ADC0594EDDD42DEBFD66D0671EB761C-->  <ISACTIVE><![CDATA[Y]]></ISACTIVE>
<!--2ADC0594EDDD42DEBFD66D0671EB761C-->  <NAME><![CDATA[Employee Labour Time]]></NAME>
<!--2ADC0594EDDD42DEBFD66D0671EB761C-->  <AD_MODULE_ID><![CDATA[13F494C4C03141258F1193B673570F63]]></AD_MODULE_ID>
<!--2ADC0594EDDD42DEBFD66D0671EB761C--></AD_CALLOUT>

</data>
