<?xml version="1.0" encoding="UTF-8"?>
<data>
<!--C4BFE320AA3C4BBCA02D5C8FE40E6CD8--><AD_DATASET>
<!--C4BFE320AA3C4BBCA02D5C8FE40E6CD8-->  <AD_DATASET_ID><![CDATA[C4BFE320AA3C4BBCA02D5C8FE40E6CD8]]></AD_DATASET_ID>
<!--C4BFE320AA3C4BBCA02D5C8FE40E6CD8-->  <AD_CLIENT_ID><![CDATA[0]]></AD_CLIENT_ID>
<!--C4BFE320AA3C4BBCA02D5C8FE40E6CD8-->  <AD_ORG_ID><![CDATA[0]]></AD_ORG_ID>
<!--C4BFE320AA3C4BBCA02D5C8FE40E6CD8-->  <ISACTIVE><![CDATA[Y]]></ISACTIVE>
<!--C4BFE320AA3C4BBCA02D5C8FE40E6CD8-->  <VALUE><![CDATA[ta_alert_attendance]]></VALUE>
<!--C4BFE320AA3C4BBCA02D5C8FE40E6CD8-->  <NAME><![CDATA[Alert For Time And Attendance]]></NAME>
<!--C4BFE320AA3C4BBCA02D5C8FE40E6CD8-->  <AD_MODULE_ID><![CDATA[13F494C4C03141258F1193B673570F63]]></AD_MODULE_ID>
<!--C4BFE320AA3C4BBCA02D5C8FE40E6CD8-->  <EXPORT><![CDATA[N]]></EXPORT>
<!--C4BFE320AA3C4BBCA02D5C8FE40E6CD8-->  <ACCESSLEVEL><![CDATA[4]]></ACCESSLEVEL>
<!--C4BFE320AA3C4BBCA02D5C8FE40E6CD8-->  <EXPORTALLOWED><![CDATA[Y]]></EXPORTALLOWED>
<!--C4BFE320AA3C4BBCA02D5C8FE40E6CD8-->  <CHECKSUM><![CDATA[125759412308923463142787003905463787358]]></CHECKSUM>
<!--C4BFE320AA3C4BBCA02D5C8FE40E6CD8-->  <SEQNO><![CDATA[60]]></SEQNO>
<!--C4BFE320AA3C4BBCA02D5C8FE40E6CD8-->  <ISDEFAULTVALUESDATASET><![CDATA[N]]></ISDEFAULTVALUESDATASET>
<!--C4BFE320AA3C4BBCA02D5C8FE40E6CD8--></AD_DATASET>

</data>
