<?xml version="1.0" encoding="UTF-8"?>
<data>
<!--A544FF2D81A24D1FBEBCA09519A2F444--><AD_DATASET_TABLE>
<!--A544FF2D81A24D1FBEBCA09519A2F444-->  <AD_DATASET_TABLE_ID><![CDATA[A544FF2D81A24D1FBEBCA09519A2F444]]></AD_DATASET_TABLE_ID>
<!--A544FF2D81A24D1FBEBCA09519A2F444-->  <AD_CLIENT_ID><![CDATA[0]]></AD_CLIENT_ID>
<!--A544FF2D81A24D1FBEBCA09519A2F444-->  <AD_ORG_ID><![CDATA[0]]></AD_ORG_ID>
<!--A544FF2D81A24D1FBEBCA09519A2F444-->  <ISACTIVE><![CDATA[Y]]></ISACTIVE>
<!--A544FF2D81A24D1FBEBCA09519A2F444-->  <AD_DATASET_ID><![CDATA[C4BFE320AA3C4BBCA02D5C8FE40E6CD8]]></AD_DATASET_ID>
<!--A544FF2D81A24D1FBEBCA09519A2F444-->  <AD_TABLE_ID><![CDATA[593]]></AD_TABLE_ID>
<!--A544FF2D81A24D1FBEBCA09519A2F444-->  <INCLUDEALLCOLUMNS><![CDATA[Y]]></INCLUDEALLCOLUMNS>
<!--A544FF2D81A24D1FBEBCA09519A2F444-->  <WHERECLAUSE><![CDATA[name like 'Attendance%']]></WHERECLAUSE>
<!--A544FF2D81A24D1FBEBCA09519A2F444-->  <EXCLUDEAUDITINFO><![CDATA[Y]]></EXCLUDEAUDITINFO>
<!--A544FF2D81A24D1FBEBCA09519A2F444-->  <ISBUSINESSOBJECT><![CDATA[N]]></ISBUSINESSOBJECT>
<!--A544FF2D81A24D1FBEBCA09519A2F444-->  <AD_MODULE_ID><![CDATA[13F494C4C03141258F1193B673570F63]]></AD_MODULE_ID>
<!--A544FF2D81A24D1FBEBCA09519A2F444--></AD_DATASET_TABLE>

</data>
