<?xml version="1.0" encoding="UTF-8"?>
<data>
<!--084D2A994C794C7785B0F4F2FE390BD0--><AD_ELEMENT>
<!--084D2A994C794C7785B0F4F2FE390BD0-->  <AD_ELEMENT_ID><![CDATA[084D2A994C794C7785B0F4F2FE390BD0]]></AD_ELEMENT_ID>
<!--084D2A994C794C7785B0F4F2FE390BD0-->  <AD_CLIENT_ID><![CDATA[0]]></AD_CLIENT_ID>
<!--084D2A994C794C7785B0F4F2FE390BD0-->  <AD_ORG_ID><![CDATA[0]]></AD_ORG_ID>
<!--084D2A994C794C7785B0F4F2FE390BD0-->  <ISACTIVE><![CDATA[Y]]></ISACTIVE>
<!--084D2A994C794C7785B0F4F2FE390BD0-->  <COLUMNNAME><![CDATA[Isimported]]></COLUMNNAME>
<!--084D2A994C794C7785B0F4F2FE390BD0-->  <NAME><![CDATA[Isimported]]></NAME>
<!--084D2A994C794C7785B0F4F2FE390BD0-->  <PRINTNAME><![CDATA[Isimported]]></PRINTNAME>
<!--084D2A994C794C7785B0F4F2FE390BD0-->  <AD_MODULE_ID><![CDATA[13F494C4C03141258F1193B673570F63]]></AD_MODULE_ID>
<!--084D2A994C794C7785B0F4F2FE390BD0-->  <ISGLOSSARY><![CDATA[N]]></ISGLOSSARY>
<!--084D2A994C794C7785B0F4F2FE390BD0--></AD_ELEMENT>

<!--0B4716645B114D0FA9F36DFDFD55FE59--><AD_ELEMENT>
<!--0B4716645B114D0FA9F36DFDFD55FE59-->  <AD_ELEMENT_ID><![CDATA[0B4716645B114D0FA9F36DFDFD55FE59]]></AD_ELEMENT_ID>
<!--0B4716645B114D0FA9F36DFDFD55FE59-->  <AD_CLIENT_ID><![CDATA[0]]></AD_CLIENT_ID>
<!--0B4716645B114D0FA9F36DFDFD55FE59-->  <AD_ORG_ID><![CDATA[0]]></AD_ORG_ID>
<!--0B4716645B114D0FA9F36DFDFD55FE59-->  <ISACTIVE><![CDATA[Y]]></ISACTIVE>
<!--0B4716645B114D0FA9F36DFDFD55FE59-->  <COLUMNNAME><![CDATA[Checkout2]]></COLUMNNAME>
<!--0B4716645B114D0FA9F36DFDFD55FE59-->  <NAME><![CDATA[Check Out]]></NAME>
<!--0B4716645B114D0FA9F36DFDFD55FE59-->  <PRINTNAME><![CDATA[Check Out]]></PRINTNAME>
<!--0B4716645B114D0FA9F36DFDFD55FE59-->  <AD_MODULE_ID><![CDATA[13F494C4C03141258F1193B673570F63]]></AD_MODULE_ID>
<!--0B4716645B114D0FA9F36DFDFD55FE59-->  <ISGLOSSARY><![CDATA[N]]></ISGLOSSARY>
<!--0B4716645B114D0FA9F36DFDFD55FE59--></AD_ELEMENT>

<!--17162B29C03B4EE185AAA3724013AF1E--><AD_ELEMENT>
<!--17162B29C03B4EE185AAA3724013AF1E-->  <AD_ELEMENT_ID><![CDATA[17162B29C03B4EE185AAA3724013AF1E]]></AD_ELEMENT_ID>
<!--17162B29C03B4EE185AAA3724013AF1E-->  <AD_CLIENT_ID><![CDATA[0]]></AD_CLIENT_ID>
<!--17162B29C03B4EE185AAA3724013AF1E-->  <AD_ORG_ID><![CDATA[0]]></AD_ORG_ID>
<!--17162B29C03B4EE185AAA3724013AF1E-->  <ISACTIVE><![CDATA[Y]]></ISACTIVE>
<!--17162B29C03B4EE185AAA3724013AF1E-->  <COLUMNNAME><![CDATA[TA_I_Attendance_ID]]></COLUMNNAME>
<!--17162B29C03B4EE185AAA3724013AF1E-->  <NAME><![CDATA[TA_I_Attendance_ID]]></NAME>
<!--17162B29C03B4EE185AAA3724013AF1E-->  <PRINTNAME><![CDATA[TA_I_Attendance_ID]]></PRINTNAME>
<!--17162B29C03B4EE185AAA3724013AF1E-->  <AD_MODULE_ID><![CDATA[13F494C4C03141258F1193B673570F63]]></AD_MODULE_ID>
<!--17162B29C03B4EE185AAA3724013AF1E-->  <ISGLOSSARY><![CDATA[N]]></ISGLOSSARY>
<!--17162B29C03B4EE185AAA3724013AF1E--></AD_ELEMENT>

<!--1A3F8A2684E242AD8D22323B920A7BFF--><AD_ELEMENT>
<!--1A3F8A2684E242AD8D22323B920A7BFF-->  <AD_ELEMENT_ID><![CDATA[1A3F8A2684E242AD8D22323B920A7BFF]]></AD_ELEMENT_ID>
<!--1A3F8A2684E242AD8D22323B920A7BFF-->  <AD_CLIENT_ID><![CDATA[0]]></AD_CLIENT_ID>
<!--1A3F8A2684E242AD8D22323B920A7BFF-->  <AD_ORG_ID><![CDATA[0]]></AD_ORG_ID>
<!--1A3F8A2684E242AD8D22323B920A7BFF-->  <ISACTIVE><![CDATA[Y]]></ISACTIVE>
<!--1A3F8A2684E242AD8D22323B920A7BFF-->  <COLUMNNAME><![CDATA[Checkout]]></COLUMNNAME>
<!--1A3F8A2684E242AD8D22323B920A7BFF-->  <NAME><![CDATA[Check Out]]></NAME>
<!--1A3F8A2684E242AD8D22323B920A7BFF-->  <PRINTNAME><![CDATA[Check Out]]></PRINTNAME>
<!--1A3F8A2684E242AD8D22323B920A7BFF-->  <AD_MODULE_ID><![CDATA[13F494C4C03141258F1193B673570F63]]></AD_MODULE_ID>
<!--1A3F8A2684E242AD8D22323B920A7BFF-->  <ISGLOSSARY><![CDATA[N]]></ISGLOSSARY>
<!--1A3F8A2684E242AD8D22323B920A7BFF--></AD_ELEMENT>

<!--2174C554AEF449DDAD64B98B887AF106--><AD_ELEMENT>
<!--2174C554AEF449DDAD64B98B887AF106-->  <AD_ELEMENT_ID><![CDATA[2174C554AEF449DDAD64B98B887AF106]]></AD_ELEMENT_ID>
<!--2174C554AEF449DDAD64B98B887AF106-->  <AD_CLIENT_ID><![CDATA[0]]></AD_CLIENT_ID>
<!--2174C554AEF449DDAD64B98B887AF106-->  <AD_ORG_ID><![CDATA[0]]></AD_ORG_ID>
<!--2174C554AEF449DDAD64B98B887AF106-->  <ISACTIVE><![CDATA[Y]]></ISACTIVE>
<!--2174C554AEF449DDAD64B98B887AF106-->  <COLUMNNAME><![CDATA[Duration]]></COLUMNNAME>
<!--2174C554AEF449DDAD64B98B887AF106-->  <NAME><![CDATA[Duration]]></NAME>
<!--2174C554AEF449DDAD64B98B887AF106-->  <PRINTNAME><![CDATA[Duration]]></PRINTNAME>
<!--2174C554AEF449DDAD64B98B887AF106-->  <AD_MODULE_ID><![CDATA[13F494C4C03141258F1193B673570F63]]></AD_MODULE_ID>
<!--2174C554AEF449DDAD64B98B887AF106-->  <ISGLOSSARY><![CDATA[N]]></ISGLOSSARY>
<!--2174C554AEF449DDAD64B98B887AF106--></AD_ELEMENT>

<!--23128F3CF2B14CBA9FD6176DE77DF330--><AD_ELEMENT>
<!--23128F3CF2B14CBA9FD6176DE77DF330-->  <AD_ELEMENT_ID><![CDATA[23128F3CF2B14CBA9FD6176DE77DF330]]></AD_ELEMENT_ID>
<!--23128F3CF2B14CBA9FD6176DE77DF330-->  <AD_CLIENT_ID><![CDATA[0]]></AD_CLIENT_ID>
<!--23128F3CF2B14CBA9FD6176DE77DF330-->  <AD_ORG_ID><![CDATA[0]]></AD_ORG_ID>
<!--23128F3CF2B14CBA9FD6176DE77DF330-->  <ISACTIVE><![CDATA[Y]]></ISACTIVE>
<!--23128F3CF2B14CBA9FD6176DE77DF330-->  <COLUMNNAME><![CDATA[TA_I_C_Bp_Shift_ID]]></COLUMNNAME>
<!--23128F3CF2B14CBA9FD6176DE77DF330-->  <NAME><![CDATA[TA_I_C_Bp_Shift_ID]]></NAME>
<!--23128F3CF2B14CBA9FD6176DE77DF330-->  <PRINTNAME><![CDATA[TA_I_C_Bp_Shift_ID]]></PRINTNAME>
<!--23128F3CF2B14CBA9FD6176DE77DF330-->  <AD_MODULE_ID><![CDATA[13F494C4C03141258F1193B673570F63]]></AD_MODULE_ID>
<!--23128F3CF2B14CBA9FD6176DE77DF330-->  <ISGLOSSARY><![CDATA[N]]></ISGLOSSARY>
<!--23128F3CF2B14CBA9FD6176DE77DF330--></AD_ELEMENT>

<!--2B4BCBF8F2384A3EBC42B7C0B5F6E871--><AD_ELEMENT>
<!--2B4BCBF8F2384A3EBC42B7C0B5F6E871-->  <AD_ELEMENT_ID><![CDATA[2B4BCBF8F2384A3EBC42B7C0B5F6E871]]></AD_ELEMENT_ID>
<!--2B4BCBF8F2384A3EBC42B7C0B5F6E871-->  <AD_CLIENT_ID><![CDATA[0]]></AD_CLIENT_ID>
<!--2B4BCBF8F2384A3EBC42B7C0B5F6E871-->  <AD_ORG_ID><![CDATA[0]]></AD_ORG_ID>
<!--2B4BCBF8F2384A3EBC42B7C0B5F6E871-->  <ISACTIVE><![CDATA[Y]]></ISACTIVE>
<!--2B4BCBF8F2384A3EBC42B7C0B5F6E871-->  <COLUMNNAME><![CDATA[Bpartner_Key]]></COLUMNNAME>
<!--2B4BCBF8F2384A3EBC42B7C0B5F6E871-->  <NAME><![CDATA[Bpartner_Key]]></NAME>
<!--2B4BCBF8F2384A3EBC42B7C0B5F6E871-->  <PRINTNAME><![CDATA[Bpartner_Key]]></PRINTNAME>
<!--2B4BCBF8F2384A3EBC42B7C0B5F6E871-->  <AD_MODULE_ID><![CDATA[13F494C4C03141258F1193B673570F63]]></AD_MODULE_ID>
<!--2B4BCBF8F2384A3EBC42B7C0B5F6E871-->  <ISGLOSSARY><![CDATA[N]]></ISGLOSSARY>
<!--2B4BCBF8F2384A3EBC42B7C0B5F6E871--></AD_ELEMENT>

<!--4606D92CE6644359AD827FBBE6D80C8F--><AD_ELEMENT>
<!--4606D92CE6644359AD827FBBE6D80C8F-->  <AD_ELEMENT_ID><![CDATA[4606D92CE6644359AD827FBBE6D80C8F]]></AD_ELEMENT_ID>
<!--4606D92CE6644359AD827FBBE6D80C8F-->  <AD_CLIENT_ID><![CDATA[0]]></AD_CLIENT_ID>
<!--4606D92CE6644359AD827FBBE6D80C8F-->  <AD_ORG_ID><![CDATA[0]]></AD_ORG_ID>
<!--4606D92CE6644359AD827FBBE6D80C8F-->  <ISACTIVE><![CDATA[Y]]></ISACTIVE>
<!--4606D92CE6644359AD827FBBE6D80C8F-->  <COLUMNNAME><![CDATA[Dayminutes]]></COLUMNNAME>
<!--4606D92CE6644359AD827FBBE6D80C8F-->  <NAME><![CDATA[Work Minutes/Day]]></NAME>
<!--4606D92CE6644359AD827FBBE6D80C8F-->  <PRINTNAME><![CDATA[Work Minutes/Day]]></PRINTNAME>
<!--4606D92CE6644359AD827FBBE6D80C8F-->  <AD_MODULE_ID><![CDATA[13F494C4C03141258F1193B673570F63]]></AD_MODULE_ID>
<!--4606D92CE6644359AD827FBBE6D80C8F-->  <ISGLOSSARY><![CDATA[N]]></ISGLOSSARY>
<!--4606D92CE6644359AD827FBBE6D80C8F--></AD_ELEMENT>

<!--48D27CF34EBD44928B4892531D03206F--><AD_ELEMENT>
<!--48D27CF34EBD44928B4892531D03206F-->  <AD_ELEMENT_ID><![CDATA[48D27CF34EBD44928B4892531D03206F]]></AD_ELEMENT_ID>
<!--48D27CF34EBD44928B4892531D03206F-->  <AD_CLIENT_ID><![CDATA[0]]></AD_CLIENT_ID>
<!--48D27CF34EBD44928B4892531D03206F-->  <AD_ORG_ID><![CDATA[0]]></AD_ORG_ID>
<!--48D27CF34EBD44928B4892531D03206F-->  <ISACTIVE><![CDATA[Y]]></ISACTIVE>
<!--48D27CF34EBD44928B4892531D03206F-->  <COLUMNNAME><![CDATA[Late]]></COLUMNNAME>
<!--48D27CF34EBD44928B4892531D03206F-->  <NAME><![CDATA[Late]]></NAME>
<!--48D27CF34EBD44928B4892531D03206F-->  <PRINTNAME><![CDATA[Late]]></PRINTNAME>
<!--48D27CF34EBD44928B4892531D03206F-->  <AD_MODULE_ID><![CDATA[13F494C4C03141258F1193B673570F63]]></AD_MODULE_ID>
<!--48D27CF34EBD44928B4892531D03206F-->  <ISGLOSSARY><![CDATA[N]]></ISGLOSSARY>
<!--48D27CF34EBD44928B4892531D03206F--></AD_ELEMENT>

<!--4A3CDE8E94C04A18A10F45873FC64128--><AD_ELEMENT>
<!--4A3CDE8E94C04A18A10F45873FC64128-->  <AD_ELEMENT_ID><![CDATA[4A3CDE8E94C04A18A10F45873FC64128]]></AD_ELEMENT_ID>
<!--4A3CDE8E94C04A18A10F45873FC64128-->  <AD_CLIENT_ID><![CDATA[0]]></AD_CLIENT_ID>
<!--4A3CDE8E94C04A18A10F45873FC64128-->  <AD_ORG_ID><![CDATA[0]]></AD_ORG_ID>
<!--4A3CDE8E94C04A18A10F45873FC64128-->  <ISACTIVE><![CDATA[Y]]></ISACTIVE>
<!--4A3CDE8E94C04A18A10F45873FC64128-->  <COLUMNNAME><![CDATA[Switcheddate]]></COLUMNNAME>
<!--4A3CDE8E94C04A18A10F45873FC64128-->  <NAME><![CDATA[Switched Date]]></NAME>
<!--4A3CDE8E94C04A18A10F45873FC64128-->  <PRINTNAME><![CDATA[Switched Date]]></PRINTNAME>
<!--4A3CDE8E94C04A18A10F45873FC64128-->  <AD_MODULE_ID><![CDATA[13F494C4C03141258F1193B673570F63]]></AD_MODULE_ID>
<!--4A3CDE8E94C04A18A10F45873FC64128-->  <ISGLOSSARY><![CDATA[N]]></ISGLOSSARY>
<!--4A3CDE8E94C04A18A10F45873FC64128--></AD_ELEMENT>

<!--4A8B1479CD2546BBA78D67773683D88C--><AD_ELEMENT>
<!--4A8B1479CD2546BBA78D67773683D88C-->  <AD_ELEMENT_ID><![CDATA[4A8B1479CD2546BBA78D67773683D88C]]></AD_ELEMENT_ID>
<!--4A8B1479CD2546BBA78D67773683D88C-->  <AD_CLIENT_ID><![CDATA[0]]></AD_CLIENT_ID>
<!--4A8B1479CD2546BBA78D67773683D88C-->  <AD_ORG_ID><![CDATA[0]]></AD_ORG_ID>
<!--4A8B1479CD2546BBA78D67773683D88C-->  <ISACTIVE><![CDATA[Y]]></ISACTIVE>
<!--4A8B1479CD2546BBA78D67773683D88C-->  <COLUMNNAME><![CDATA[TA_Detail_Pot_Cuti_ID]]></COLUMNNAME>
<!--4A8B1479CD2546BBA78D67773683D88C-->  <NAME><![CDATA[TA_Detail_Pot_Cuti_ID]]></NAME>
<!--4A8B1479CD2546BBA78D67773683D88C-->  <PRINTNAME><![CDATA[TA_Detail_Pot_Cuti_ID]]></PRINTNAME>
<!--4A8B1479CD2546BBA78D67773683D88C-->  <AD_MODULE_ID><![CDATA[13F494C4C03141258F1193B673570F63]]></AD_MODULE_ID>
<!--4A8B1479CD2546BBA78D67773683D88C-->  <ISGLOSSARY><![CDATA[N]]></ISGLOSSARY>
<!--4A8B1479CD2546BBA78D67773683D88C--></AD_ELEMENT>

<!--51F5FC6F2AF842E791046B812AA870AB--><AD_ELEMENT>
<!--51F5FC6F2AF842E791046B812AA870AB-->  <AD_ELEMENT_ID><![CDATA[51F5FC6F2AF842E791046B812AA870AB]]></AD_ELEMENT_ID>
<!--51F5FC6F2AF842E791046B812AA870AB-->  <AD_CLIENT_ID><![CDATA[0]]></AD_CLIENT_ID>
<!--51F5FC6F2AF842E791046B812AA870AB-->  <AD_ORG_ID><![CDATA[0]]></AD_ORG_ID>
<!--51F5FC6F2AF842E791046B812AA870AB-->  <ISACTIVE><![CDATA[Y]]></ISACTIVE>
<!--51F5FC6F2AF842E791046B812AA870AB-->  <COLUMNNAME><![CDATA[TA_Attendance_ID]]></COLUMNNAME>
<!--51F5FC6F2AF842E791046B812AA870AB-->  <NAME><![CDATA[Attendance]]></NAME>
<!--51F5FC6F2AF842E791046B812AA870AB-->  <PRINTNAME><![CDATA[Attendance]]></PRINTNAME>
<!--51F5FC6F2AF842E791046B812AA870AB-->  <AD_MODULE_ID><![CDATA[13F494C4C03141258F1193B673570F63]]></AD_MODULE_ID>
<!--51F5FC6F2AF842E791046B812AA870AB-->  <ISGLOSSARY><![CDATA[N]]></ISGLOSSARY>
<!--51F5FC6F2AF842E791046B812AA870AB--></AD_ELEMENT>

<!--56012F67B5604945BF88005CDAEF892D--><AD_ELEMENT>
<!--56012F67B5604945BF88005CDAEF892D-->  <AD_ELEMENT_ID><![CDATA[56012F67B5604945BF88005CDAEF892D]]></AD_ELEMENT_ID>
<!--56012F67B5604945BF88005CDAEF892D-->  <AD_CLIENT_ID><![CDATA[0]]></AD_CLIENT_ID>
<!--56012F67B5604945BF88005CDAEF892D-->  <AD_ORG_ID><![CDATA[0]]></AD_ORG_ID>
<!--56012F67B5604945BF88005CDAEF892D-->  <ISACTIVE><![CDATA[Y]]></ISACTIVE>
<!--56012F67B5604945BF88005CDAEF892D-->  <COLUMNNAME><![CDATA[Checkin2]]></COLUMNNAME>
<!--56012F67B5604945BF88005CDAEF892D-->  <NAME><![CDATA[Check In]]></NAME>
<!--56012F67B5604945BF88005CDAEF892D-->  <PRINTNAME><![CDATA[Check In]]></PRINTNAME>
<!--56012F67B5604945BF88005CDAEF892D-->  <AD_MODULE_ID><![CDATA[13F494C4C03141258F1193B673570F63]]></AD_MODULE_ID>
<!--56012F67B5604945BF88005CDAEF892D-->  <ISGLOSSARY><![CDATA[N]]></ISGLOSSARY>
<!--56012F67B5604945BF88005CDAEF892D--></AD_ELEMENT>

<!--59EDD3A631F447FC9C9FEA731AF9C6BA--><AD_ELEMENT>
<!--59EDD3A631F447FC9C9FEA731AF9C6BA-->  <AD_ELEMENT_ID><![CDATA[59EDD3A631F447FC9C9FEA731AF9C6BA]]></AD_ELEMENT_ID>
<!--59EDD3A631F447FC9C9FEA731AF9C6BA-->  <AD_CLIENT_ID><![CDATA[0]]></AD_CLIENT_ID>
<!--59EDD3A631F447FC9C9FEA731AF9C6BA-->  <AD_ORG_ID><![CDATA[0]]></AD_ORG_ID>
<!--59EDD3A631F447FC9C9FEA731AF9C6BA-->  <ISACTIVE><![CDATA[Y]]></ISACTIVE>
<!--59EDD3A631F447FC9C9FEA731AF9C6BA-->  <COLUMNNAME><![CDATA[TA_Akumulasi_Pot_Gaji_ID]]></COLUMNNAME>
<!--59EDD3A631F447FC9C9FEA731AF9C6BA-->  <NAME><![CDATA[Akumulasi Potongan Gaji]]></NAME>
<!--59EDD3A631F447FC9C9FEA731AF9C6BA-->  <PRINTNAME><![CDATA[Akumulasi Potongan Gaji]]></PRINTNAME>
<!--59EDD3A631F447FC9C9FEA731AF9C6BA-->  <AD_MODULE_ID><![CDATA[13F494C4C03141258F1193B673570F63]]></AD_MODULE_ID>
<!--59EDD3A631F447FC9C9FEA731AF9C6BA-->  <ISGLOSSARY><![CDATA[N]]></ISGLOSSARY>
<!--59EDD3A631F447FC9C9FEA731AF9C6BA--></AD_ELEMENT>

<!--5C9AF74DD02749D195D71DF4AB7D0DF9--><AD_ELEMENT>
<!--5C9AF74DD02749D195D71DF4AB7D0DF9-->  <AD_ELEMENT_ID><![CDATA[5C9AF74DD02749D195D71DF4AB7D0DF9]]></AD_ELEMENT_ID>
<!--5C9AF74DD02749D195D71DF4AB7D0DF9-->  <AD_CLIENT_ID><![CDATA[0]]></AD_CLIENT_ID>
<!--5C9AF74DD02749D195D71DF4AB7D0DF9-->  <AD_ORG_ID><![CDATA[0]]></AD_ORG_ID>
<!--5C9AF74DD02749D195D71DF4AB7D0DF9-->  <ISACTIVE><![CDATA[Y]]></ISACTIVE>
<!--5C9AF74DD02749D195D71DF4AB7D0DF9-->  <COLUMNNAME><![CDATA[Employee_Name]]></COLUMNNAME>
<!--5C9AF74DD02749D195D71DF4AB7D0DF9-->  <NAME><![CDATA[Employee Name]]></NAME>
<!--5C9AF74DD02749D195D71DF4AB7D0DF9-->  <PRINTNAME><![CDATA[Employee Name]]></PRINTNAME>
<!--5C9AF74DD02749D195D71DF4AB7D0DF9-->  <AD_MODULE_ID><![CDATA[13F494C4C03141258F1193B673570F63]]></AD_MODULE_ID>
<!--5C9AF74DD02749D195D71DF4AB7D0DF9-->  <ISGLOSSARY><![CDATA[N]]></ISGLOSSARY>
<!--5C9AF74DD02749D195D71DF4AB7D0DF9--></AD_ELEMENT>

<!--5F86768AE5804D908FC86A0A4FCEB11B--><AD_ELEMENT>
<!--5F86768AE5804D908FC86A0A4FCEB11B-->  <AD_ELEMENT_ID><![CDATA[5F86768AE5804D908FC86A0A4FCEB11B]]></AD_ELEMENT_ID>
<!--5F86768AE5804D908FC86A0A4FCEB11B-->  <AD_CLIENT_ID><![CDATA[0]]></AD_CLIENT_ID>
<!--5F86768AE5804D908FC86A0A4FCEB11B-->  <AD_ORG_ID><![CDATA[0]]></AD_ORG_ID>
<!--5F86768AE5804D908FC86A0A4FCEB11B-->  <ISACTIVE><![CDATA[Y]]></ISACTIVE>
<!--5F86768AE5804D908FC86A0A4FCEB11B-->  <COLUMNNAME><![CDATA[TA_Akumulasi_Pot_Cuti_ID]]></COLUMNNAME>
<!--5F86768AE5804D908FC86A0A4FCEB11B-->  <NAME><![CDATA[Akumulasi Potongan Cuti]]></NAME>
<!--5F86768AE5804D908FC86A0A4FCEB11B-->  <PRINTNAME><![CDATA[Akumulasi Potongan Cuti]]></PRINTNAME>
<!--5F86768AE5804D908FC86A0A4FCEB11B-->  <AD_MODULE_ID><![CDATA[13F494C4C03141258F1193B673570F63]]></AD_MODULE_ID>
<!--5F86768AE5804D908FC86A0A4FCEB11B-->  <ISGLOSSARY><![CDATA[N]]></ISGLOSSARY>
<!--5F86768AE5804D908FC86A0A4FCEB11B--></AD_ELEMENT>

<!--6692D517BD8D4541BF16F5AC116A7623--><AD_ELEMENT>
<!--6692D517BD8D4541BF16F5AC116A7623-->  <AD_ELEMENT_ID><![CDATA[6692D517BD8D4541BF16F5AC116A7623]]></AD_ELEMENT_ID>
<!--6692D517BD8D4541BF16F5AC116A7623-->  <AD_CLIENT_ID><![CDATA[0]]></AD_CLIENT_ID>
<!--6692D517BD8D4541BF16F5AC116A7623-->  <AD_ORG_ID><![CDATA[0]]></AD_ORG_ID>
<!--6692D517BD8D4541BF16F5AC116A7623-->  <ISACTIVE><![CDATA[Y]]></ISACTIVE>
<!--6692D517BD8D4541BF16F5AC116A7623-->  <COLUMNNAME><![CDATA[Grayarea_Before]]></COLUMNNAME>
<!--6692D517BD8D4541BF16F5AC116A7623-->  <NAME><![CDATA[Gray Area Before]]></NAME>
<!--6692D517BD8D4541BF16F5AC116A7623-->  <PRINTNAME><![CDATA[Gray Area Before]]></PRINTNAME>
<!--6692D517BD8D4541BF16F5AC116A7623-->  <AD_MODULE_ID><![CDATA[13F494C4C03141258F1193B673570F63]]></AD_MODULE_ID>
<!--6692D517BD8D4541BF16F5AC116A7623-->  <ISGLOSSARY><![CDATA[N]]></ISGLOSSARY>
<!--6692D517BD8D4541BF16F5AC116A7623--></AD_ELEMENT>

<!--6F5201DE6F294CC4BC0AB797DFF07050--><AD_ELEMENT>
<!--6F5201DE6F294CC4BC0AB797DFF07050-->  <AD_ELEMENT_ID><![CDATA[6F5201DE6F294CC4BC0AB797DFF07050]]></AD_ELEMENT_ID>
<!--6F5201DE6F294CC4BC0AB797DFF07050-->  <AD_CLIENT_ID><![CDATA[0]]></AD_CLIENT_ID>
<!--6F5201DE6F294CC4BC0AB797DFF07050-->  <AD_ORG_ID><![CDATA[0]]></AD_ORG_ID>
<!--6F5201DE6F294CC4BC0AB797DFF07050-->  <ISACTIVE><![CDATA[Y]]></ISACTIVE>
<!--6F5201DE6F294CC4BC0AB797DFF07050-->  <COLUMNNAME><![CDATA[Import_Shiftline]]></COLUMNNAME>
<!--6F5201DE6F294CC4BC0AB797DFF07050-->  <NAME><![CDATA[Import Shift Line]]></NAME>
<!--6F5201DE6F294CC4BC0AB797DFF07050-->  <PRINTNAME><![CDATA[Import Shift Line]]></PRINTNAME>
<!--6F5201DE6F294CC4BC0AB797DFF07050-->  <AD_MODULE_ID><![CDATA[13F494C4C03141258F1193B673570F63]]></AD_MODULE_ID>
<!--6F5201DE6F294CC4BC0AB797DFF07050-->  <ISGLOSSARY><![CDATA[N]]></ISGLOSSARY>
<!--6F5201DE6F294CC4BC0AB797DFF07050--></AD_ELEMENT>

<!--711C35AC83D942C2A35A62747CEAE55E--><AD_ELEMENT>
<!--711C35AC83D942C2A35A62747CEAE55E-->  <AD_ELEMENT_ID><![CDATA[711C35AC83D942C2A35A62747CEAE55E]]></AD_ELEMENT_ID>
<!--711C35AC83D942C2A35A62747CEAE55E-->  <AD_CLIENT_ID><![CDATA[0]]></AD_CLIENT_ID>
<!--711C35AC83D942C2A35A62747CEAE55E-->  <AD_ORG_ID><![CDATA[0]]></AD_ORG_ID>
<!--711C35AC83D942C2A35A62747CEAE55E-->  <ISACTIVE><![CDATA[Y]]></ISACTIVE>
<!--711C35AC83D942C2A35A62747CEAE55E-->  <COLUMNNAME><![CDATA[TA_I_Shiftline_ID]]></COLUMNNAME>
<!--711C35AC83D942C2A35A62747CEAE55E-->  <NAME><![CDATA[TA_I_Shiftline_ID]]></NAME>
<!--711C35AC83D942C2A35A62747CEAE55E-->  <PRINTNAME><![CDATA[TA_I_Shiftline_ID]]></PRINTNAME>
<!--711C35AC83D942C2A35A62747CEAE55E-->  <AD_MODULE_ID><![CDATA[13F494C4C03141258F1193B673570F63]]></AD_MODULE_ID>
<!--711C35AC83D942C2A35A62747CEAE55E-->  <ISGLOSSARY><![CDATA[N]]></ISGLOSSARY>
<!--711C35AC83D942C2A35A62747CEAE55E--></AD_ELEMENT>

<!--7AC059A1473145ABA2DDFDCAEA08D90F--><AD_ELEMENT>
<!--7AC059A1473145ABA2DDFDCAEA08D90F-->  <AD_ELEMENT_ID><![CDATA[7AC059A1473145ABA2DDFDCAEA08D90F]]></AD_ELEMENT_ID>
<!--7AC059A1473145ABA2DDFDCAEA08D90F-->  <AD_CLIENT_ID><![CDATA[0]]></AD_CLIENT_ID>
<!--7AC059A1473145ABA2DDFDCAEA08D90F-->  <AD_ORG_ID><![CDATA[0]]></AD_ORG_ID>
<!--7AC059A1473145ABA2DDFDCAEA08D90F-->  <ISACTIVE><![CDATA[Y]]></ISACTIVE>
<!--7AC059A1473145ABA2DDFDCAEA08D90F-->  <COLUMNNAME><![CDATA[EM_HRIS_C_BP_DEPARTMENT_ID]]></COLUMNNAME>
<!--7AC059A1473145ABA2DDFDCAEA08D90F-->  <NAME><![CDATA[Department]]></NAME>
<!--7AC059A1473145ABA2DDFDCAEA08D90F-->  <PRINTNAME><![CDATA[Department]]></PRINTNAME>
<!--7AC059A1473145ABA2DDFDCAEA08D90F-->  <AD_MODULE_ID><![CDATA[13F494C4C03141258F1193B673570F63]]></AD_MODULE_ID>
<!--7AC059A1473145ABA2DDFDCAEA08D90F-->  <ISGLOSSARY><![CDATA[N]]></ISGLOSSARY>
<!--7AC059A1473145ABA2DDFDCAEA08D90F--></AD_ELEMENT>

<!--7FDF0FFB713549EFA43C929070DF2CF6--><AD_ELEMENT>
<!--7FDF0FFB713549EFA43C929070DF2CF6-->  <AD_ELEMENT_ID><![CDATA[7FDF0FFB713549EFA43C929070DF2CF6]]></AD_ELEMENT_ID>
<!--7FDF0FFB713549EFA43C929070DF2CF6-->  <AD_CLIENT_ID><![CDATA[0]]></AD_CLIENT_ID>
<!--7FDF0FFB713549EFA43C929070DF2CF6-->  <AD_ORG_ID><![CDATA[0]]></AD_ORG_ID>
<!--7FDF0FFB713549EFA43C929070DF2CF6-->  <ISACTIVE><![CDATA[Y]]></ISACTIVE>
<!--7FDF0FFB713549EFA43C929070DF2CF6-->  <COLUMNNAME><![CDATA[Import_Attendance]]></COLUMNNAME>
<!--7FDF0FFB713549EFA43C929070DF2CF6-->  <NAME><![CDATA[Import Attendance]]></NAME>
<!--7FDF0FFB713549EFA43C929070DF2CF6-->  <PRINTNAME><![CDATA[Import Attendance]]></PRINTNAME>
<!--7FDF0FFB713549EFA43C929070DF2CF6-->  <AD_MODULE_ID><![CDATA[13F494C4C03141258F1193B673570F63]]></AD_MODULE_ID>
<!--7FDF0FFB713549EFA43C929070DF2CF6-->  <ISGLOSSARY><![CDATA[N]]></ISGLOSSARY>
<!--7FDF0FFB713549EFA43C929070DF2CF6--></AD_ELEMENT>

<!--8B8BA572B00C4C47923B6F26E56C2537--><AD_ELEMENT>
<!--8B8BA572B00C4C47923B6F26E56C2537-->  <AD_ELEMENT_ID><![CDATA[8B8BA572B00C4C47923B6F26E56C2537]]></AD_ELEMENT_ID>
<!--8B8BA572B00C4C47923B6F26E56C2537-->  <AD_CLIENT_ID><![CDATA[0]]></AD_CLIENT_ID>
<!--8B8BA572B00C4C47923B6F26E56C2537-->  <AD_ORG_ID><![CDATA[0]]></AD_ORG_ID>
<!--8B8BA572B00C4C47923B6F26E56C2537-->  <ISACTIVE><![CDATA[Y]]></ISACTIVE>
<!--8B8BA572B00C4C47923B6F26E56C2537-->  <COLUMNNAME><![CDATA[Employee_Key]]></COLUMNNAME>
<!--8B8BA572B00C4C47923B6F26E56C2537-->  <NAME><![CDATA[Employee Key]]></NAME>
<!--8B8BA572B00C4C47923B6F26E56C2537-->  <PRINTNAME><![CDATA[Employee Key]]></PRINTNAME>
<!--8B8BA572B00C4C47923B6F26E56C2537-->  <AD_MODULE_ID><![CDATA[13F494C4C03141258F1193B673570F63]]></AD_MODULE_ID>
<!--8B8BA572B00C4C47923B6F26E56C2537-->  <ISGLOSSARY><![CDATA[N]]></ISGLOSSARY>
<!--8B8BA572B00C4C47923B6F26E56C2537--></AD_ELEMENT>

<!--9021CDA598D34BD09BE20381431876AE--><AD_ELEMENT>
<!--9021CDA598D34BD09BE20381431876AE-->  <AD_ELEMENT_ID><![CDATA[9021CDA598D34BD09BE20381431876AE]]></AD_ELEMENT_ID>
<!--9021CDA598D34BD09BE20381431876AE-->  <AD_CLIENT_ID><![CDATA[0]]></AD_CLIENT_ID>
<!--9021CDA598D34BD09BE20381431876AE-->  <AD_ORG_ID><![CDATA[0]]></AD_ORG_ID>
<!--9021CDA598D34BD09BE20381431876AE-->  <ISACTIVE><![CDATA[Y]]></ISACTIVE>
<!--9021CDA598D34BD09BE20381431876AE-->  <COLUMNNAME><![CDATA[TA_Tukar_Shift_ID]]></COLUMNNAME>
<!--9021CDA598D34BD09BE20381431876AE-->  <NAME><![CDATA[TA_Tukar_Shift_ID]]></NAME>
<!--9021CDA598D34BD09BE20381431876AE-->  <PRINTNAME><![CDATA[TA_Tukar_Shift_ID]]></PRINTNAME>
<!--9021CDA598D34BD09BE20381431876AE-->  <AD_MODULE_ID><![CDATA[13F494C4C03141258F1193B673570F63]]></AD_MODULE_ID>
<!--9021CDA598D34BD09BE20381431876AE-->  <ISGLOSSARY><![CDATA[N]]></ISGLOSSARY>
<!--9021CDA598D34BD09BE20381431876AE--></AD_ELEMENT>

<!--9C77E6192289405EB68E1C29AC39F4FA--><AD_ELEMENT>
<!--9C77E6192289405EB68E1C29AC39F4FA-->  <AD_ELEMENT_ID><![CDATA[9C77E6192289405EB68E1C29AC39F4FA]]></AD_ELEMENT_ID>
<!--9C77E6192289405EB68E1C29AC39F4FA-->  <AD_CLIENT_ID><![CDATA[0]]></AD_CLIENT_ID>
<!--9C77E6192289405EB68E1C29AC39F4FA-->  <AD_ORG_ID><![CDATA[0]]></AD_ORG_ID>
<!--9C77E6192289405EB68E1C29AC39F4FA-->  <ISACTIVE><![CDATA[Y]]></ISACTIVE>
<!--9C77E6192289405EB68E1C29AC39F4FA-->  <COLUMNNAME><![CDATA[TA_Shiftline_ID]]></COLUMNNAME>
<!--9C77E6192289405EB68E1C29AC39F4FA-->  <NAME><![CDATA[TA_Shiftline_ID]]></NAME>
<!--9C77E6192289405EB68E1C29AC39F4FA-->  <PRINTNAME><![CDATA[TA_Shiftline_ID]]></PRINTNAME>
<!--9C77E6192289405EB68E1C29AC39F4FA-->  <AD_MODULE_ID><![CDATA[13F494C4C03141258F1193B673570F63]]></AD_MODULE_ID>
<!--9C77E6192289405EB68E1C29AC39F4FA-->  <ISGLOSSARY><![CDATA[N]]></ISGLOSSARY>
<!--9C77E6192289405EB68E1C29AC39F4FA--></AD_ELEMENT>

<!--9F9AF84D137B442A9D9CE8A3BA6114BB--><AD_ELEMENT>
<!--9F9AF84D137B442A9D9CE8A3BA6114BB-->  <AD_ELEMENT_ID><![CDATA[9F9AF84D137B442A9D9CE8A3BA6114BB]]></AD_ELEMENT_ID>
<!--9F9AF84D137B442A9D9CE8A3BA6114BB-->  <AD_CLIENT_ID><![CDATA[0]]></AD_CLIENT_ID>
<!--9F9AF84D137B442A9D9CE8A3BA6114BB-->  <AD_ORG_ID><![CDATA[0]]></AD_ORG_ID>
<!--9F9AF84D137B442A9D9CE8A3BA6114BB-->  <ISACTIVE><![CDATA[Y]]></ISACTIVE>
<!--9F9AF84D137B442A9D9CE8A3BA6114BB-->  <COLUMNNAME><![CDATA[Checkin]]></COLUMNNAME>
<!--9F9AF84D137B442A9D9CE8A3BA6114BB-->  <NAME><![CDATA[Check In]]></NAME>
<!--9F9AF84D137B442A9D9CE8A3BA6114BB-->  <PRINTNAME><![CDATA[Check In]]></PRINTNAME>
<!--9F9AF84D137B442A9D9CE8A3BA6114BB-->  <AD_MODULE_ID><![CDATA[13F494C4C03141258F1193B673570F63]]></AD_MODULE_ID>
<!--9F9AF84D137B442A9D9CE8A3BA6114BB-->  <ISGLOSSARY><![CDATA[N]]></ISGLOSSARY>
<!--9F9AF84D137B442A9D9CE8A3BA6114BB--></AD_ELEMENT>

<!--AA7ADF2047AC4D8294EF0FBFC91C1CA0--><AD_ELEMENT>
<!--AA7ADF2047AC4D8294EF0FBFC91C1CA0-->  <AD_ELEMENT_ID><![CDATA[AA7ADF2047AC4D8294EF0FBFC91C1CA0]]></AD_ELEMENT_ID>
<!--AA7ADF2047AC4D8294EF0FBFC91C1CA0-->  <AD_CLIENT_ID><![CDATA[0]]></AD_CLIENT_ID>
<!--AA7ADF2047AC4D8294EF0FBFC91C1CA0-->  <AD_ORG_ID><![CDATA[0]]></AD_ORG_ID>
<!--AA7ADF2047AC4D8294EF0FBFC91C1CA0-->  <ISACTIVE><![CDATA[Y]]></ISACTIVE>
<!--AA7ADF2047AC4D8294EF0FBFC91C1CA0-->  <COLUMNNAME><![CDATA[TA_Shift_ID]]></COLUMNNAME>
<!--AA7ADF2047AC4D8294EF0FBFC91C1CA0-->  <NAME><![CDATA[Shift]]></NAME>
<!--AA7ADF2047AC4D8294EF0FBFC91C1CA0-->  <PRINTNAME><![CDATA[Shift]]></PRINTNAME>
<!--AA7ADF2047AC4D8294EF0FBFC91C1CA0-->  <AD_MODULE_ID><![CDATA[13F494C4C03141258F1193B673570F63]]></AD_MODULE_ID>
<!--AA7ADF2047AC4D8294EF0FBFC91C1CA0-->  <ISGLOSSARY><![CDATA[N]]></ISGLOSSARY>
<!--AA7ADF2047AC4D8294EF0FBFC91C1CA0--></AD_ELEMENT>

<!--AA8AED0E5E06443E892D935B2C961DB9--><AD_ELEMENT>
<!--AA8AED0E5E06443E892D935B2C961DB9-->  <AD_ELEMENT_ID><![CDATA[AA8AED0E5E06443E892D935B2C961DB9]]></AD_ELEMENT_ID>
<!--AA8AED0E5E06443E892D935B2C961DB9-->  <AD_CLIENT_ID><![CDATA[0]]></AD_CLIENT_ID>
<!--AA8AED0E5E06443E892D935B2C961DB9-->  <AD_ORG_ID><![CDATA[0]]></AD_ORG_ID>
<!--AA8AED0E5E06443E892D935B2C961DB9-->  <ISACTIVE><![CDATA[Y]]></ISACTIVE>
<!--AA8AED0E5E06443E892D935B2C961DB9-->  <COLUMNNAME><![CDATA[Timemaster_Name]]></COLUMNNAME>
<!--AA8AED0E5E06443E892D935B2C961DB9-->  <NAME><![CDATA[Timemaster Name]]></NAME>
<!--AA8AED0E5E06443E892D935B2C961DB9-->  <PRINTNAME><![CDATA[Timemaster Name]]></PRINTNAME>
<!--AA8AED0E5E06443E892D935B2C961DB9-->  <AD_MODULE_ID><![CDATA[13F494C4C03141258F1193B673570F63]]></AD_MODULE_ID>
<!--AA8AED0E5E06443E892D935B2C961DB9-->  <ISGLOSSARY><![CDATA[N]]></ISGLOSSARY>
<!--AA8AED0E5E06443E892D935B2C961DB9--></AD_ELEMENT>

<!--AFBD0348F5C146EBB99B637B8081AAD8--><AD_ELEMENT>
<!--AFBD0348F5C146EBB99B637B8081AAD8-->  <AD_ELEMENT_ID><![CDATA[AFBD0348F5C146EBB99B637B8081AAD8]]></AD_ELEMENT_ID>
<!--AFBD0348F5C146EBB99B637B8081AAD8-->  <AD_CLIENT_ID><![CDATA[0]]></AD_CLIENT_ID>
<!--AFBD0348F5C146EBB99B637B8081AAD8-->  <AD_ORG_ID><![CDATA[0]]></AD_ORG_ID>
<!--AFBD0348F5C146EBB99B637B8081AAD8-->  <ISACTIVE><![CDATA[Y]]></ISACTIVE>
<!--AFBD0348F5C146EBB99B637B8081AAD8-->  <COLUMNNAME><![CDATA[Grayarea_Checkin]]></COLUMNNAME>
<!--AFBD0348F5C146EBB99B637B8081AAD8-->  <NAME><![CDATA[Gray Area Check In]]></NAME>
<!--AFBD0348F5C146EBB99B637B8081AAD8-->  <PRINTNAME><![CDATA[Gray Area Check In]]></PRINTNAME>
<!--AFBD0348F5C146EBB99B637B8081AAD8-->  <AD_MODULE_ID><![CDATA[13F494C4C03141258F1193B673570F63]]></AD_MODULE_ID>
<!--AFBD0348F5C146EBB99B637B8081AAD8-->  <ISGLOSSARY><![CDATA[N]]></ISGLOSSARY>
<!--AFBD0348F5C146EBB99B637B8081AAD8--></AD_ELEMENT>

<!--B160E65613154A2BBF3A017AB03A8A71--><AD_ELEMENT>
<!--B160E65613154A2BBF3A017AB03A8A71-->  <AD_ELEMENT_ID><![CDATA[B160E65613154A2BBF3A017AB03A8A71]]></AD_ELEMENT_ID>
<!--B160E65613154A2BBF3A017AB03A8A71-->  <AD_CLIENT_ID><![CDATA[0]]></AD_CLIENT_ID>
<!--B160E65613154A2BBF3A017AB03A8A71-->  <AD_ORG_ID><![CDATA[0]]></AD_ORG_ID>
<!--B160E65613154A2BBF3A017AB03A8A71-->  <ISACTIVE><![CDATA[Y]]></ISACTIVE>
<!--B160E65613154A2BBF3A017AB03A8A71-->  <COLUMNNAME><![CDATA[Attandance_Date]]></COLUMNNAME>
<!--B160E65613154A2BBF3A017AB03A8A71-->  <NAME><![CDATA[Attandance Date]]></NAME>
<!--B160E65613154A2BBF3A017AB03A8A71-->  <PRINTNAME><![CDATA[Attandance Date]]></PRINTNAME>
<!--B160E65613154A2BBF3A017AB03A8A71-->  <AD_MODULE_ID><![CDATA[13F494C4C03141258F1193B673570F63]]></AD_MODULE_ID>
<!--B160E65613154A2BBF3A017AB03A8A71-->  <ISGLOSSARY><![CDATA[N]]></ISGLOSSARY>
<!--B160E65613154A2BBF3A017AB03A8A71--></AD_ELEMENT>

<!--B426CC2BFE2C404586E1AEC1176A8478--><AD_ELEMENT>
<!--B426CC2BFE2C404586E1AEC1176A8478-->  <AD_ELEMENT_ID><![CDATA[B426CC2BFE2C404586E1AEC1176A8478]]></AD_ELEMENT_ID>
<!--B426CC2BFE2C404586E1AEC1176A8478-->  <AD_CLIENT_ID><![CDATA[0]]></AD_CLIENT_ID>
<!--B426CC2BFE2C404586E1AEC1176A8478-->  <AD_ORG_ID><![CDATA[0]]></AD_ORG_ID>
<!--B426CC2BFE2C404586E1AEC1176A8478-->  <ISACTIVE><![CDATA[Y]]></ISACTIVE>
<!--B426CC2BFE2C404586E1AEC1176A8478-->  <COLUMNNAME><![CDATA[Shift_Name]]></COLUMNNAME>
<!--B426CC2BFE2C404586E1AEC1176A8478-->  <NAME><![CDATA[Shift Name]]></NAME>
<!--B426CC2BFE2C404586E1AEC1176A8478-->  <PRINTNAME><![CDATA[Shift Name]]></PRINTNAME>
<!--B426CC2BFE2C404586E1AEC1176A8478-->  <AD_MODULE_ID><![CDATA[13F494C4C03141258F1193B673570F63]]></AD_MODULE_ID>
<!--B426CC2BFE2C404586E1AEC1176A8478-->  <ISGLOSSARY><![CDATA[N]]></ISGLOSSARY>
<!--B426CC2BFE2C404586E1AEC1176A8478--></AD_ELEMENT>

<!--B68093BA8C7344649ED69DA45F867A37--><AD_ELEMENT>
<!--B68093BA8C7344649ED69DA45F867A37-->  <AD_ELEMENT_ID><![CDATA[B68093BA8C7344649ED69DA45F867A37]]></AD_ELEMENT_ID>
<!--B68093BA8C7344649ED69DA45F867A37-->  <AD_CLIENT_ID><![CDATA[0]]></AD_CLIENT_ID>
<!--B68093BA8C7344649ED69DA45F867A37-->  <AD_ORG_ID><![CDATA[0]]></AD_ORG_ID>
<!--B68093BA8C7344649ED69DA45F867A37-->  <ISACTIVE><![CDATA[Y]]></ISACTIVE>
<!--B68093BA8C7344649ED69DA45F867A37-->  <COLUMNNAME><![CDATA[TA_Timemaster_ID]]></COLUMNNAME>
<!--B68093BA8C7344649ED69DA45F867A37-->  <NAME><![CDATA[Labour Time Master]]></NAME>
<!--B68093BA8C7344649ED69DA45F867A37-->  <PRINTNAME><![CDATA[Labour Time Master]]></PRINTNAME>
<!--B68093BA8C7344649ED69DA45F867A37-->  <AD_MODULE_ID><![CDATA[13F494C4C03141258F1193B673570F63]]></AD_MODULE_ID>
<!--B68093BA8C7344649ED69DA45F867A37-->  <ISGLOSSARY><![CDATA[N]]></ISGLOSSARY>
<!--B68093BA8C7344649ED69DA45F867A37--></AD_ELEMENT>

<!--B6EBEC6132CA498E8A61882F2AAEC2F0--><AD_ELEMENT>
<!--B6EBEC6132CA498E8A61882F2AAEC2F0-->  <AD_ELEMENT_ID><![CDATA[B6EBEC6132CA498E8A61882F2AAEC2F0]]></AD_ELEMENT_ID>
<!--B6EBEC6132CA498E8A61882F2AAEC2F0-->  <AD_CLIENT_ID><![CDATA[0]]></AD_CLIENT_ID>
<!--B6EBEC6132CA498E8A61882F2AAEC2F0-->  <AD_ORG_ID><![CDATA[0]]></AD_ORG_ID>
<!--B6EBEC6132CA498E8A61882F2AAEC2F0-->  <ISACTIVE><![CDATA[Y]]></ISACTIVE>
<!--B6EBEC6132CA498E8A61882F2AAEC2F0-->  <COLUMNNAME><![CDATA[Shiftmode_Key]]></COLUMNNAME>
<!--B6EBEC6132CA498E8A61882F2AAEC2F0-->  <NAME><![CDATA[Shiftmode_Key]]></NAME>
<!--B6EBEC6132CA498E8A61882F2AAEC2F0-->  <PRINTNAME><![CDATA[Shiftmode_Key]]></PRINTNAME>
<!--B6EBEC6132CA498E8A61882F2AAEC2F0-->  <AD_MODULE_ID><![CDATA[13F494C4C03141258F1193B673570F63]]></AD_MODULE_ID>
<!--B6EBEC6132CA498E8A61882F2AAEC2F0-->  <ISGLOSSARY><![CDATA[N]]></ISGLOSSARY>
<!--B6EBEC6132CA498E8A61882F2AAEC2F0--></AD_ELEMENT>

<!--BC0B0ED7783D48A698B8FC6BCF5434EF--><AD_ELEMENT>
<!--BC0B0ED7783D48A698B8FC6BCF5434EF-->  <AD_ELEMENT_ID><![CDATA[BC0B0ED7783D48A698B8FC6BCF5434EF]]></AD_ELEMENT_ID>
<!--BC0B0ED7783D48A698B8FC6BCF5434EF-->  <AD_CLIENT_ID><![CDATA[0]]></AD_CLIENT_ID>
<!--BC0B0ED7783D48A698B8FC6BCF5434EF-->  <AD_ORG_ID><![CDATA[0]]></AD_ORG_ID>
<!--BC0B0ED7783D48A698B8FC6BCF5434EF-->  <ISACTIVE><![CDATA[Y]]></ISACTIVE>
<!--BC0B0ED7783D48A698B8FC6BCF5434EF-->  <COLUMNNAME><![CDATA[Import_Shift]]></COLUMNNAME>
<!--BC0B0ED7783D48A698B8FC6BCF5434EF-->  <NAME><![CDATA[Import_Shift]]></NAME>
<!--BC0B0ED7783D48A698B8FC6BCF5434EF-->  <PRINTNAME><![CDATA[Import_Shift]]></PRINTNAME>
<!--BC0B0ED7783D48A698B8FC6BCF5434EF-->  <AD_MODULE_ID><![CDATA[13F494C4C03141258F1193B673570F63]]></AD_MODULE_ID>
<!--BC0B0ED7783D48A698B8FC6BCF5434EF-->  <ISGLOSSARY><![CDATA[N]]></ISGLOSSARY>
<!--BC0B0ED7783D48A698B8FC6BCF5434EF--></AD_ELEMENT>

<!--C4C81CE0C52E44F7AD41A52EF53BD891--><AD_ELEMENT>
<!--C4C81CE0C52E44F7AD41A52EF53BD891-->  <AD_ELEMENT_ID><![CDATA[C4C81CE0C52E44F7AD41A52EF53BD891]]></AD_ELEMENT_ID>
<!--C4C81CE0C52E44F7AD41A52EF53BD891-->  <AD_CLIENT_ID><![CDATA[0]]></AD_CLIENT_ID>
<!--C4C81CE0C52E44F7AD41A52EF53BD891-->  <AD_ORG_ID><![CDATA[0]]></AD_ORG_ID>
<!--C4C81CE0C52E44F7AD41A52EF53BD891-->  <ISACTIVE><![CDATA[Y]]></ISACTIVE>
<!--C4C81CE0C52E44F7AD41A52EF53BD891-->  <COLUMNNAME><![CDATA[TA_I_Shift_ID]]></COLUMNNAME>
<!--C4C81CE0C52E44F7AD41A52EF53BD891-->  <NAME><![CDATA[TA_I_Shift_ID]]></NAME>
<!--C4C81CE0C52E44F7AD41A52EF53BD891-->  <PRINTNAME><![CDATA[TA_I_Shift_ID]]></PRINTNAME>
<!--C4C81CE0C52E44F7AD41A52EF53BD891-->  <AD_MODULE_ID><![CDATA[13F494C4C03141258F1193B673570F63]]></AD_MODULE_ID>
<!--C4C81CE0C52E44F7AD41A52EF53BD891-->  <ISGLOSSARY><![CDATA[N]]></ISGLOSSARY>
<!--C4C81CE0C52E44F7AD41A52EF53BD891--></AD_ELEMENT>

<!--C50FE3F46B514AF28BB593A356763155--><AD_ELEMENT>
<!--C50FE3F46B514AF28BB593A356763155-->  <AD_ELEMENT_ID><![CDATA[C50FE3F46B514AF28BB593A356763155]]></AD_ELEMENT_ID>
<!--C50FE3F46B514AF28BB593A356763155-->  <AD_CLIENT_ID><![CDATA[0]]></AD_CLIENT_ID>
<!--C50FE3F46B514AF28BB593A356763155-->  <AD_ORG_ID><![CDATA[0]]></AD_ORG_ID>
<!--C50FE3F46B514AF28BB593A356763155-->  <ISACTIVE><![CDATA[Y]]></ISACTIVE>
<!--C50FE3F46B514AF28BB593A356763155-->  <COLUMNNAME><![CDATA[TA_Detail_Pot_Gaji_ID]]></COLUMNNAME>
<!--C50FE3F46B514AF28BB593A356763155-->  <NAME><![CDATA[TA_Detail_Pot_Gaji_ID]]></NAME>
<!--C50FE3F46B514AF28BB593A356763155-->  <PRINTNAME><![CDATA[TA_Detail_Pot_Gaji_ID]]></PRINTNAME>
<!--C50FE3F46B514AF28BB593A356763155-->  <AD_MODULE_ID><![CDATA[13F494C4C03141258F1193B673570F63]]></AD_MODULE_ID>
<!--C50FE3F46B514AF28BB593A356763155-->  <ISGLOSSARY><![CDATA[N]]></ISGLOSSARY>
<!--C50FE3F46B514AF28BB593A356763155--></AD_ELEMENT>

<!--CAA00310469542AB9411E43AF24FDAED--><AD_ELEMENT>
<!--CAA00310469542AB9411E43AF24FDAED-->  <AD_ELEMENT_ID><![CDATA[CAA00310469542AB9411E43AF24FDAED]]></AD_ELEMENT_ID>
<!--CAA00310469542AB9411E43AF24FDAED-->  <AD_CLIENT_ID><![CDATA[0]]></AD_CLIENT_ID>
<!--CAA00310469542AB9411E43AF24FDAED-->  <AD_ORG_ID><![CDATA[0]]></AD_ORG_ID>
<!--CAA00310469542AB9411E43AF24FDAED-->  <ISACTIVE><![CDATA[Y]]></ISACTIVE>
<!--CAA00310469542AB9411E43AF24FDAED-->  <COLUMNNAME><![CDATA[TA_C_Bp_Shift_ID]]></COLUMNNAME>
<!--CAA00310469542AB9411E43AF24FDAED-->  <NAME><![CDATA[TA_C_Bp_Shift_ID]]></NAME>
<!--CAA00310469542AB9411E43AF24FDAED-->  <PRINTNAME><![CDATA[TA_C_Bp_Shift_ID]]></PRINTNAME>
<!--CAA00310469542AB9411E43AF24FDAED-->  <AD_MODULE_ID><![CDATA[13F494C4C03141258F1193B673570F63]]></AD_MODULE_ID>
<!--CAA00310469542AB9411E43AF24FDAED-->  <ISGLOSSARY><![CDATA[N]]></ISGLOSSARY>
<!--CAA00310469542AB9411E43AF24FDAED--></AD_ELEMENT>

<!--D36DD3BD468D47E1937C1D59E9A13C12--><AD_ELEMENT>
<!--D36DD3BD468D47E1937C1D59E9A13C12-->  <AD_ELEMENT_ID><![CDATA[D36DD3BD468D47E1937C1D59E9A13C12]]></AD_ELEMENT_ID>
<!--D36DD3BD468D47E1937C1D59E9A13C12-->  <AD_CLIENT_ID><![CDATA[0]]></AD_CLIENT_ID>
<!--D36DD3BD468D47E1937C1D59E9A13C12-->  <AD_ORG_ID><![CDATA[0]]></AD_ORG_ID>
<!--D36DD3BD468D47E1937C1D59E9A13C12-->  <ISACTIVE><![CDATA[Y]]></ISACTIVE>
<!--D36DD3BD468D47E1937C1D59E9A13C12-->  <COLUMNNAME><![CDATA[PGS_ID]]></COLUMNNAME>
<!--D36DD3BD468D47E1937C1D59E9A13C12-->  <NAME><![CDATA[Replacement Employee]]></NAME>
<!--D36DD3BD468D47E1937C1D59E9A13C12-->  <PRINTNAME><![CDATA[Replacement Employee]]></PRINTNAME>
<!--D36DD3BD468D47E1937C1D59E9A13C12-->  <AD_MODULE_ID><![CDATA[13F494C4C03141258F1193B673570F63]]></AD_MODULE_ID>
<!--D36DD3BD468D47E1937C1D59E9A13C12-->  <ISGLOSSARY><![CDATA[N]]></ISGLOSSARY>
<!--D36DD3BD468D47E1937C1D59E9A13C12--></AD_ELEMENT>

<!--D45304EC701540FC8F798EF0ED9F19F8--><AD_ELEMENT>
<!--D45304EC701540FC8F798EF0ED9F19F8-->  <AD_ELEMENT_ID><![CDATA[D45304EC701540FC8F798EF0ED9F19F8]]></AD_ELEMENT_ID>
<!--D45304EC701540FC8F798EF0ED9F19F8-->  <AD_CLIENT_ID><![CDATA[0]]></AD_CLIENT_ID>
<!--D45304EC701540FC8F798EF0ED9F19F8-->  <AD_ORG_ID><![CDATA[0]]></AD_ORG_ID>
<!--D45304EC701540FC8F798EF0ED9F19F8-->  <ISACTIVE><![CDATA[Y]]></ISACTIVE>
<!--D45304EC701540FC8F798EF0ED9F19F8-->  <COLUMNNAME><![CDATA[Attendance_Time]]></COLUMNNAME>
<!--D45304EC701540FC8F798EF0ED9F19F8-->  <NAME><![CDATA[Attendance Time]]></NAME>
<!--D45304EC701540FC8F798EF0ED9F19F8-->  <PRINTNAME><![CDATA[Attendance Time]]></PRINTNAME>
<!--D45304EC701540FC8F798EF0ED9F19F8-->  <AD_MODULE_ID><![CDATA[13F494C4C03141258F1193B673570F63]]></AD_MODULE_ID>
<!--D45304EC701540FC8F798EF0ED9F19F8-->  <ISGLOSSARY><![CDATA[N]]></ISGLOSSARY>
<!--D45304EC701540FC8F798EF0ED9F19F8--></AD_ELEMENT>

<!--E1E6E00E7A7B4BDCBCA4807FE37D6980--><AD_ELEMENT>
<!--E1E6E00E7A7B4BDCBCA4807FE37D6980-->  <AD_ELEMENT_ID><![CDATA[E1E6E00E7A7B4BDCBCA4807FE37D6980]]></AD_ELEMENT_ID>
<!--E1E6E00E7A7B4BDCBCA4807FE37D6980-->  <AD_CLIENT_ID><![CDATA[0]]></AD_CLIENT_ID>
<!--E1E6E00E7A7B4BDCBCA4807FE37D6980-->  <AD_ORG_ID><![CDATA[0]]></AD_ORG_ID>
<!--E1E6E00E7A7B4BDCBCA4807FE37D6980-->  <ISACTIVE><![CDATA[Y]]></ISACTIVE>
<!--E1E6E00E7A7B4BDCBCA4807FE37D6980-->  <COLUMNNAME><![CDATA[Grayarea_After]]></COLUMNNAME>
<!--E1E6E00E7A7B4BDCBCA4807FE37D6980-->  <NAME><![CDATA[Gray Area After]]></NAME>
<!--E1E6E00E7A7B4BDCBCA4807FE37D6980-->  <PRINTNAME><![CDATA[Gray Area After]]></PRINTNAME>
<!--E1E6E00E7A7B4BDCBCA4807FE37D6980-->  <AD_MODULE_ID><![CDATA[13F494C4C03141258F1193B673570F63]]></AD_MODULE_ID>
<!--E1E6E00E7A7B4BDCBCA4807FE37D6980-->  <ISGLOSSARY><![CDATA[N]]></ISGLOSSARY>
<!--E1E6E00E7A7B4BDCBCA4807FE37D6980--></AD_ELEMENT>

<!--E722E60F7255427F99B9EB3FA7BB93A6--><AD_ELEMENT>
<!--E722E60F7255427F99B9EB3FA7BB93A6-->  <AD_ELEMENT_ID><![CDATA[E722E60F7255427F99B9EB3FA7BB93A6]]></AD_ELEMENT_ID>
<!--E722E60F7255427F99B9EB3FA7BB93A6-->  <AD_CLIENT_ID><![CDATA[0]]></AD_CLIENT_ID>
<!--E722E60F7255427F99B9EB3FA7BB93A6-->  <AD_ORG_ID><![CDATA[0]]></AD_ORG_ID>
<!--E722E60F7255427F99B9EB3FA7BB93A6-->  <ISACTIVE><![CDATA[Y]]></ISACTIVE>
<!--E722E60F7255427F99B9EB3FA7BB93A6-->  <COLUMNNAME><![CDATA[Checkin_Status]]></COLUMNNAME>
<!--E722E60F7255427F99B9EB3FA7BB93A6-->  <NAME><![CDATA[Check In Status]]></NAME>
<!--E722E60F7255427F99B9EB3FA7BB93A6-->  <PRINTNAME><![CDATA[Check In Status]]></PRINTNAME>
<!--E722E60F7255427F99B9EB3FA7BB93A6-->  <AD_MODULE_ID><![CDATA[13F494C4C03141258F1193B673570F63]]></AD_MODULE_ID>
<!--E722E60F7255427F99B9EB3FA7BB93A6-->  <ISGLOSSARY><![CDATA[N]]></ISGLOSSARY>
<!--E722E60F7255427F99B9EB3FA7BB93A6--></AD_ELEMENT>

<!--E848F9F2FD0C40B18706B06CE622AAD0--><AD_ELEMENT>
<!--E848F9F2FD0C40B18706B06CE622AAD0-->  <AD_ELEMENT_ID><![CDATA[E848F9F2FD0C40B18706B06CE622AAD0]]></AD_ELEMENT_ID>
<!--E848F9F2FD0C40B18706B06CE622AAD0-->  <AD_CLIENT_ID><![CDATA[0]]></AD_CLIENT_ID>
<!--E848F9F2FD0C40B18706B06CE622AAD0-->  <AD_ORG_ID><![CDATA[0]]></AD_ORG_ID>
<!--E848F9F2FD0C40B18706B06CE622AAD0-->  <ISACTIVE><![CDATA[Y]]></ISACTIVE>
<!--E848F9F2FD0C40B18706B06CE622AAD0-->  <COLUMNNAME><![CDATA[Checkout_Status]]></COLUMNNAME>
<!--E848F9F2FD0C40B18706B06CE622AAD0-->  <NAME><![CDATA[Check Out Status]]></NAME>
<!--E848F9F2FD0C40B18706B06CE622AAD0-->  <PRINTNAME><![CDATA[Check Out Status]]></PRINTNAME>
<!--E848F9F2FD0C40B18706B06CE622AAD0-->  <AD_MODULE_ID><![CDATA[13F494C4C03141258F1193B673570F63]]></AD_MODULE_ID>
<!--E848F9F2FD0C40B18706B06CE622AAD0-->  <ISGLOSSARY><![CDATA[N]]></ISGLOSSARY>
<!--E848F9F2FD0C40B18706B06CE622AAD0--></AD_ELEMENT>

<!--ED61BE394E4F4FD3BA8D464F70C8930C--><AD_ELEMENT>
<!--ED61BE394E4F4FD3BA8D464F70C8930C-->  <AD_ELEMENT_ID><![CDATA[ED61BE394E4F4FD3BA8D464F70C8930C]]></AD_ELEMENT_ID>
<!--ED61BE394E4F4FD3BA8D464F70C8930C-->  <AD_CLIENT_ID><![CDATA[0]]></AD_CLIENT_ID>
<!--ED61BE394E4F4FD3BA8D464F70C8930C-->  <AD_ORG_ID><![CDATA[0]]></AD_ORG_ID>
<!--ED61BE394E4F4FD3BA8D464F70C8930C-->  <ISACTIVE><![CDATA[Y]]></ISACTIVE>
<!--ED61BE394E4F4FD3BA8D464F70C8930C-->  <COLUMNNAME><![CDATA[Import_C_Bp_Shift]]></COLUMNNAME>
<!--ED61BE394E4F4FD3BA8D464F70C8930C-->  <NAME><![CDATA[Import_C_Bp_Shift]]></NAME>
<!--ED61BE394E4F4FD3BA8D464F70C8930C-->  <PRINTNAME><![CDATA[Import_C_Bp_Shift]]></PRINTNAME>
<!--ED61BE394E4F4FD3BA8D464F70C8930C-->  <AD_MODULE_ID><![CDATA[13F494C4C03141258F1193B673570F63]]></AD_MODULE_ID>
<!--ED61BE394E4F4FD3BA8D464F70C8930C-->  <ISGLOSSARY><![CDATA[N]]></ISGLOSSARY>
<!--ED61BE394E4F4FD3BA8D464F70C8930C--></AD_ELEMENT>

<!--F215ABD69423411F8685DF9F090361C5--><AD_ELEMENT>
<!--F215ABD69423411F8685DF9F090361C5-->  <AD_ELEMENT_ID><![CDATA[F215ABD69423411F8685DF9F090361C5]]></AD_ELEMENT_ID>
<!--F215ABD69423411F8685DF9F090361C5-->  <AD_CLIENT_ID><![CDATA[0]]></AD_CLIENT_ID>
<!--F215ABD69423411F8685DF9F090361C5-->  <AD_ORG_ID><![CDATA[0]]></AD_ORG_ID>
<!--F215ABD69423411F8685DF9F090361C5-->  <ISACTIVE><![CDATA[Y]]></ISACTIVE>
<!--F215ABD69423411F8685DF9F090361C5-->  <COLUMNNAME><![CDATA[Isoff]]></COLUMNNAME>
<!--F215ABD69423411F8685DF9F090361C5-->  <NAME><![CDATA[Isoff]]></NAME>
<!--F215ABD69423411F8685DF9F090361C5-->  <PRINTNAME><![CDATA[Isoff]]></PRINTNAME>
<!--F215ABD69423411F8685DF9F090361C5-->  <AD_MODULE_ID><![CDATA[13F494C4C03141258F1193B673570F63]]></AD_MODULE_ID>
<!--F215ABD69423411F8685DF9F090361C5-->  <ISGLOSSARY><![CDATA[N]]></ISGLOSSARY>
<!--F215ABD69423411F8685DF9F090361C5--></AD_ELEMENT>

<!--F35B0D6732384FECA882A63E8B1EF16B--><AD_ELEMENT>
<!--F35B0D6732384FECA882A63E8B1EF16B-->  <AD_ELEMENT_ID><![CDATA[F35B0D6732384FECA882A63E8B1EF16B]]></AD_ELEMENT_ID>
<!--F35B0D6732384FECA882A63E8B1EF16B-->  <AD_CLIENT_ID><![CDATA[0]]></AD_CLIENT_ID>
<!--F35B0D6732384FECA882A63E8B1EF16B-->  <AD_ORG_ID><![CDATA[0]]></AD_ORG_ID>
<!--F35B0D6732384FECA882A63E8B1EF16B-->  <ISACTIVE><![CDATA[Y]]></ISACTIVE>
<!--F35B0D6732384FECA882A63E8B1EF16B-->  <COLUMNNAME><![CDATA[Grayarea_Checkout]]></COLUMNNAME>
<!--F35B0D6732384FECA882A63E8B1EF16B-->  <NAME><![CDATA[Gray Area Check Out]]></NAME>
<!--F35B0D6732384FECA882A63E8B1EF16B-->  <PRINTNAME><![CDATA[Gray Area Check Out]]></PRINTNAME>
<!--F35B0D6732384FECA882A63E8B1EF16B-->  <AD_MODULE_ID><![CDATA[13F494C4C03141258F1193B673570F63]]></AD_MODULE_ID>
<!--F35B0D6732384FECA882A63E8B1EF16B-->  <ISGLOSSARY><![CDATA[N]]></ISGLOSSARY>
<!--F35B0D6732384FECA882A63E8B1EF16B--></AD_ELEMENT>

<!--FF758EFF7CC749A8A723C7135FD1195E--><AD_ELEMENT>
<!--FF758EFF7CC749A8A723C7135FD1195E-->  <AD_ELEMENT_ID><![CDATA[FF758EFF7CC749A8A723C7135FD1195E]]></AD_ELEMENT_ID>
<!--FF758EFF7CC749A8A723C7135FD1195E-->  <AD_CLIENT_ID><![CDATA[0]]></AD_CLIENT_ID>
<!--FF758EFF7CC749A8A723C7135FD1195E-->  <AD_ORG_ID><![CDATA[0]]></AD_ORG_ID>
<!--FF758EFF7CC749A8A723C7135FD1195E-->  <ISACTIVE><![CDATA[Y]]></ISACTIVE>
<!--FF758EFF7CC749A8A723C7135FD1195E-->  <COLUMNNAME><![CDATA[Early]]></COLUMNNAME>
<!--FF758EFF7CC749A8A723C7135FD1195E-->  <NAME><![CDATA[Early]]></NAME>
<!--FF758EFF7CC749A8A723C7135FD1195E-->  <PRINTNAME><![CDATA[Early]]></PRINTNAME>
<!--FF758EFF7CC749A8A723C7135FD1195E-->  <AD_MODULE_ID><![CDATA[13F494C4C03141258F1193B673570F63]]></AD_MODULE_ID>
<!--FF758EFF7CC749A8A723C7135FD1195E-->  <ISGLOSSARY><![CDATA[N]]></ISGLOSSARY>
<!--FF758EFF7CC749A8A723C7135FD1195E--></AD_ELEMENT>

</data>
