<?xml version="1.0" encoding="UTF-8"?>
<data>
<!--135B0EA41A294FF6887C4398ACABF46B--><AD_FIELDGROUP>
<!--135B0EA41A294FF6887C4398ACABF46B-->  <AD_FIELDGROUP_ID><![CDATA[135B0EA41A294FF6887C4398ACABF46B]]></AD_FIELDGROUP_ID>
<!--135B0EA41A294FF6887C4398ACABF46B-->  <AD_CLIENT_ID><![CDATA[0]]></AD_CLIENT_ID>
<!--135B0EA41A294FF6887C4398ACABF46B-->  <AD_ORG_ID><![CDATA[0]]></AD_ORG_ID>
<!--135B0EA41A294FF6887C4398ACABF46B-->  <ISACTIVE><![CDATA[Y]]></ISACTIVE>
<!--135B0EA41A294FF6887C4398ACABF46B-->  <NAME><![CDATA[Days Of Week]]></NAME>
<!--135B0EA41A294FF6887C4398ACABF46B-->  <AD_MODULE_ID><![CDATA[13F494C4C03141258F1193B673570F63]]></AD_MODULE_ID>
<!--135B0EA41A294FF6887C4398ACABF46B--></AD_FIELDGROUP>

<!--5073DA1319E94E44A265D5B28A76DDA4--><AD_FIELDGROUP>
<!--5073DA1319E94E44A265D5B28A76DDA4-->  <AD_FIELDGROUP_ID><![CDATA[5073DA1319E94E44A265D5B28A76DDA4]]></AD_FIELDGROUP_ID>
<!--5073DA1319E94E44A265D5B28A76DDA4-->  <AD_CLIENT_ID><![CDATA[0]]></AD_CLIENT_ID>
<!--5073DA1319E94E44A265D5B28A76DDA4-->  <AD_ORG_ID><![CDATA[0]]></AD_ORG_ID>
<!--5073DA1319E94E44A265D5B28A76DDA4-->  <ISACTIVE><![CDATA[Y]]></ISACTIVE>
<!--5073DA1319E94E44A265D5B28A76DDA4-->  <NAME><![CDATA[Replacement Employee]]></NAME>
<!--5073DA1319E94E44A265D5B28A76DDA4-->  <AD_MODULE_ID><![CDATA[13F494C4C03141258F1193B673570F63]]></AD_MODULE_ID>
<!--5073DA1319E94E44A265D5B28A76DDA4--></AD_FIELDGROUP>

</data>
