<?xml version="1.0" encoding="UTF-8"?>
<data>
<!--2A42B5BF7A6F4728A1C20BA43B3FD1F6--><AD_MODEL_OBJECT>
<!--2A42B5BF7A6F4728A1C20BA43B3FD1F6-->  <AD_MODEL_OBJECT_ID><![CDATA[2A42B5BF7A6F4728A1C20BA43B3FD1F6]]></AD_MODEL_OBJECT_ID>
<!--2A42B5BF7A6F4728A1C20BA43B3FD1F6-->  <AD_CLIENT_ID><![CDATA[0]]></AD_CLIENT_ID>
<!--2A42B5BF7A6F4728A1C20BA43B3FD1F6-->  <AD_ORG_ID><![CDATA[0]]></AD_ORG_ID>
<!--2A42B5BF7A6F4728A1C20BA43B3FD1F6-->  <ISACTIVE><![CDATA[Y]]></ISACTIVE>
<!--2A42B5BF7A6F4728A1C20BA43B3FD1F6-->  <ACTION><![CDATA[P]]></ACTION>
<!--2A42B5BF7A6F4728A1C20BA43B3FD1F6-->  <CLASSNAME><![CDATA[org.wirabumi.hris.timeandattendance.erpCommon.ad_reports.RptPotongGajiReport]]></CLASSNAME>
<!--2A42B5BF7A6F4728A1C20BA43B3FD1F6-->  <ISDEFAULT><![CDATA[Y]]></ISDEFAULT>
<!--2A42B5BF7A6F4728A1C20BA43B3FD1F6-->  <AD_PROCESS_ID><![CDATA[7D720CA873304EB7A827BAB41105843C]]></AD_PROCESS_ID>
<!--2A42B5BF7A6F4728A1C20BA43B3FD1F6-->  <OBJECT_TYPE><![CDATA[S]]></OBJECT_TYPE>
<!--2A42B5BF7A6F4728A1C20BA43B3FD1F6--></AD_MODEL_OBJECT>

<!--43C1C47B5AB4402FBE74BBD962802D25--><AD_MODEL_OBJECT>
<!--43C1C47B5AB4402FBE74BBD962802D25-->  <AD_MODEL_OBJECT_ID><![CDATA[43C1C47B5AB4402FBE74BBD962802D25]]></AD_MODEL_OBJECT_ID>
<!--43C1C47B5AB4402FBE74BBD962802D25-->  <AD_CLIENT_ID><![CDATA[0]]></AD_CLIENT_ID>
<!--43C1C47B5AB4402FBE74BBD962802D25-->  <AD_ORG_ID><![CDATA[0]]></AD_ORG_ID>
<!--43C1C47B5AB4402FBE74BBD962802D25-->  <ISACTIVE><![CDATA[Y]]></ISACTIVE>
<!--43C1C47B5AB4402FBE74BBD962802D25-->  <ACTION><![CDATA[P]]></ACTION>
<!--43C1C47B5AB4402FBE74BBD962802D25-->  <CLASSNAME><![CDATA[org.wirabumi.hris.timeandattendance.erpCommon.ad_reports.RptPotongCutiReport]]></CLASSNAME>
<!--43C1C47B5AB4402FBE74BBD962802D25-->  <ISDEFAULT><![CDATA[Y]]></ISDEFAULT>
<!--43C1C47B5AB4402FBE74BBD962802D25-->  <AD_PROCESS_ID><![CDATA[1388C5A42B77411AB1576479818964BC]]></AD_PROCESS_ID>
<!--43C1C47B5AB4402FBE74BBD962802D25-->  <OBJECT_TYPE><![CDATA[S]]></OBJECT_TYPE>
<!--43C1C47B5AB4402FBE74BBD962802D25--></AD_MODEL_OBJECT>

<!--5424295FC85C4D4D98C81034652171F1--><AD_MODEL_OBJECT>
<!--5424295FC85C4D4D98C81034652171F1-->  <AD_MODEL_OBJECT_ID><![CDATA[5424295FC85C4D4D98C81034652171F1]]></AD_MODEL_OBJECT_ID>
<!--5424295FC85C4D4D98C81034652171F1-->  <AD_CLIENT_ID><![CDATA[0]]></AD_CLIENT_ID>
<!--5424295FC85C4D4D98C81034652171F1-->  <AD_ORG_ID><![CDATA[0]]></AD_ORG_ID>
<!--5424295FC85C4D4D98C81034652171F1-->  <ISACTIVE><![CDATA[Y]]></ISACTIVE>
<!--5424295FC85C4D4D98C81034652171F1-->  <ACTION><![CDATA[C]]></ACTION>
<!--5424295FC85C4D4D98C81034652171F1-->  <CLASSNAME><![CDATA[org.wirabumi.hris.timeandattendance.Callout.LabourTimeDays]]></CLASSNAME>
<!--5424295FC85C4D4D98C81034652171F1-->  <ISDEFAULT><![CDATA[Y]]></ISDEFAULT>
<!--5424295FC85C4D4D98C81034652171F1-->  <AD_CALLOUT_ID><![CDATA[2ADC0594EDDD42DEBFD66D0671EB761C]]></AD_CALLOUT_ID>
<!--5424295FC85C4D4D98C81034652171F1-->  <OBJECT_TYPE><![CDATA[S]]></OBJECT_TYPE>
<!--5424295FC85C4D4D98C81034652171F1--></AD_MODEL_OBJECT>

<!--5695DD9AE81C4264BADF1D99F4DDA536--><AD_MODEL_OBJECT>
<!--5695DD9AE81C4264BADF1D99F4DDA536-->  <AD_MODEL_OBJECT_ID><![CDATA[5695DD9AE81C4264BADF1D99F4DDA536]]></AD_MODEL_OBJECT_ID>
<!--5695DD9AE81C4264BADF1D99F4DDA536-->  <AD_CLIENT_ID><![CDATA[0]]></AD_CLIENT_ID>
<!--5695DD9AE81C4264BADF1D99F4DDA536-->  <AD_ORG_ID><![CDATA[0]]></AD_ORG_ID>
<!--5695DD9AE81C4264BADF1D99F4DDA536-->  <ISACTIVE><![CDATA[Y]]></ISACTIVE>
<!--5695DD9AE81C4264BADF1D99F4DDA536-->  <ACTION><![CDATA[P]]></ACTION>
<!--5695DD9AE81C4264BADF1D99F4DDA536-->  <CLASSNAME><![CDATA[org.wirabumi.hris.timeandattendance.erpCommon.ad_process.ImportCBpShift]]></CLASSNAME>
<!--5695DD9AE81C4264BADF1D99F4DDA536-->  <ISDEFAULT><![CDATA[Y]]></ISDEFAULT>
<!--5695DD9AE81C4264BADF1D99F4DDA536-->  <AD_PROCESS_ID><![CDATA[4A6B6F8C719049AEAA7E266B6417E0E8]]></AD_PROCESS_ID>
<!--5695DD9AE81C4264BADF1D99F4DDA536-->  <OBJECT_TYPE><![CDATA[S]]></OBJECT_TYPE>
<!--5695DD9AE81C4264BADF1D99F4DDA536--></AD_MODEL_OBJECT>

<!--5D8E841CE9F742CD9029FF1BD31C78AD--><AD_MODEL_OBJECT>
<!--5D8E841CE9F742CD9029FF1BD31C78AD-->  <AD_MODEL_OBJECT_ID><![CDATA[5D8E841CE9F742CD9029FF1BD31C78AD]]></AD_MODEL_OBJECT_ID>
<!--5D8E841CE9F742CD9029FF1BD31C78AD-->  <AD_CLIENT_ID><![CDATA[0]]></AD_CLIENT_ID>
<!--5D8E841CE9F742CD9029FF1BD31C78AD-->  <AD_ORG_ID><![CDATA[0]]></AD_ORG_ID>
<!--5D8E841CE9F742CD9029FF1BD31C78AD-->  <ISACTIVE><![CDATA[Y]]></ISACTIVE>
<!--5D8E841CE9F742CD9029FF1BD31C78AD-->  <ACTION><![CDATA[P]]></ACTION>
<!--5D8E841CE9F742CD9029FF1BD31C78AD-->  <CLASSNAME><![CDATA[org.wirabumi.hris.timeandattendance.erpCommon.ad_process.ImportAttendance2]]></CLASSNAME>
<!--5D8E841CE9F742CD9029FF1BD31C78AD-->  <ISDEFAULT><![CDATA[Y]]></ISDEFAULT>
<!--5D8E841CE9F742CD9029FF1BD31C78AD-->  <AD_PROCESS_ID><![CDATA[E31AE2EA06364D918674A3BF38A2760F]]></AD_PROCESS_ID>
<!--5D8E841CE9F742CD9029FF1BD31C78AD-->  <OBJECT_TYPE><![CDATA[S]]></OBJECT_TYPE>
<!--5D8E841CE9F742CD9029FF1BD31C78AD--></AD_MODEL_OBJECT>

<!--6EBEABC31CBD461CB4B741105AD26C77--><AD_MODEL_OBJECT>
<!--6EBEABC31CBD461CB4B741105AD26C77-->  <AD_MODEL_OBJECT_ID><![CDATA[6EBEABC31CBD461CB4B741105AD26C77]]></AD_MODEL_OBJECT_ID>
<!--6EBEABC31CBD461CB4B741105AD26C77-->  <AD_CLIENT_ID><![CDATA[0]]></AD_CLIENT_ID>
<!--6EBEABC31CBD461CB4B741105AD26C77-->  <AD_ORG_ID><![CDATA[0]]></AD_ORG_ID>
<!--6EBEABC31CBD461CB4B741105AD26C77-->  <ISACTIVE><![CDATA[Y]]></ISACTIVE>
<!--6EBEABC31CBD461CB4B741105AD26C77-->  <ACTION><![CDATA[P]]></ACTION>
<!--6EBEABC31CBD461CB4B741105AD26C77-->  <CLASSNAME><![CDATA[org.wirabumi.hris.timeandattendance.erpCommon.ad_process.ImportAttendance]]></CLASSNAME>
<!--6EBEABC31CBD461CB4B741105AD26C77-->  <ISDEFAULT><![CDATA[Y]]></ISDEFAULT>
<!--6EBEABC31CBD461CB4B741105AD26C77-->  <AD_PROCESS_ID><![CDATA[273FE57D0E3F4A2492CD8D4309F90DEA]]></AD_PROCESS_ID>
<!--6EBEABC31CBD461CB4B741105AD26C77-->  <OBJECT_TYPE><![CDATA[S]]></OBJECT_TYPE>
<!--6EBEABC31CBD461CB4B741105AD26C77--></AD_MODEL_OBJECT>

<!--AAE0E10DB80D4604AD6D42FDB816C611--><AD_MODEL_OBJECT>
<!--AAE0E10DB80D4604AD6D42FDB816C611-->  <AD_MODEL_OBJECT_ID><![CDATA[AAE0E10DB80D4604AD6D42FDB816C611]]></AD_MODEL_OBJECT_ID>
<!--AAE0E10DB80D4604AD6D42FDB816C611-->  <AD_CLIENT_ID><![CDATA[0]]></AD_CLIENT_ID>
<!--AAE0E10DB80D4604AD6D42FDB816C611-->  <AD_ORG_ID><![CDATA[0]]></AD_ORG_ID>
<!--AAE0E10DB80D4604AD6D42FDB816C611-->  <ISACTIVE><![CDATA[Y]]></ISACTIVE>
<!--AAE0E10DB80D4604AD6D42FDB816C611-->  <ACTION><![CDATA[P]]></ACTION>
<!--AAE0E10DB80D4604AD6D42FDB816C611-->  <CLASSNAME><![CDATA[org.wirabumi.hris.timeandattendance.erpCommon.ad_process.ImportShiftLine]]></CLASSNAME>
<!--AAE0E10DB80D4604AD6D42FDB816C611-->  <ISDEFAULT><![CDATA[Y]]></ISDEFAULT>
<!--AAE0E10DB80D4604AD6D42FDB816C611-->  <AD_PROCESS_ID><![CDATA[23421D87CC8D4574A8735D67EFBD8C45]]></AD_PROCESS_ID>
<!--AAE0E10DB80D4604AD6D42FDB816C611-->  <OBJECT_TYPE><![CDATA[S]]></OBJECT_TYPE>
<!--AAE0E10DB80D4604AD6D42FDB816C611--></AD_MODEL_OBJECT>

<!--D982EB8CB0BC444FBE9182AFDF97E762--><AD_MODEL_OBJECT>
<!--D982EB8CB0BC444FBE9182AFDF97E762-->  <AD_MODEL_OBJECT_ID><![CDATA[D982EB8CB0BC444FBE9182AFDF97E762]]></AD_MODEL_OBJECT_ID>
<!--D982EB8CB0BC444FBE9182AFDF97E762-->  <AD_CLIENT_ID><![CDATA[0]]></AD_CLIENT_ID>
<!--D982EB8CB0BC444FBE9182AFDF97E762-->  <AD_ORG_ID><![CDATA[0]]></AD_ORG_ID>
<!--D982EB8CB0BC444FBE9182AFDF97E762-->  <ISACTIVE><![CDATA[Y]]></ISACTIVE>
<!--D982EB8CB0BC444FBE9182AFDF97E762-->  <ACTION><![CDATA[P]]></ACTION>
<!--D982EB8CB0BC444FBE9182AFDF97E762-->  <CLASSNAME><![CDATA[org.wirabumi.hris.timeandattendance.erpCommon.ad_process.ImportShift]]></CLASSNAME>
<!--D982EB8CB0BC444FBE9182AFDF97E762-->  <ISDEFAULT><![CDATA[Y]]></ISDEFAULT>
<!--D982EB8CB0BC444FBE9182AFDF97E762-->  <AD_PROCESS_ID><![CDATA[9459F204EC91466F9B6E3972488CF40C]]></AD_PROCESS_ID>
<!--D982EB8CB0BC444FBE9182AFDF97E762-->  <OBJECT_TYPE><![CDATA[S]]></OBJECT_TYPE>
<!--D982EB8CB0BC444FBE9182AFDF97E762--></AD_MODEL_OBJECT>

</data>
