<?xml version="1.0" encoding="UTF-8"?>
<data>
<!--22DC1E50083243298138A86D20C3BA5E--><AD_MODULE_DEPENDENCY>
<!--22DC1E50083243298138A86D20C3BA5E-->  <AD_MODULE_DEPENDENCY_ID><![CDATA[22DC1E50083243298138A86D20C3BA5E]]></AD_MODULE_DEPENDENCY_ID>
<!--22DC1E50083243298138A86D20C3BA5E-->  <AD_CLIENT_ID><![CDATA[0]]></AD_CLIENT_ID>
<!--22DC1E50083243298138A86D20C3BA5E-->  <AD_ORG_ID><![CDATA[0]]></AD_ORG_ID>
<!--22DC1E50083243298138A86D20C3BA5E-->  <ISACTIVE><![CDATA[Y]]></ISACTIVE>
<!--22DC1E50083243298138A86D20C3BA5E-->  <AD_MODULE_ID><![CDATA[13F494C4C03141258F1193B673570F63]]></AD_MODULE_ID>
<!--22DC1E50083243298138A86D20C3BA5E-->  <AD_DEPENDENT_MODULE_ID><![CDATA[0]]></AD_DEPENDENT_MODULE_ID>
<!--22DC1E50083243298138A86D20C3BA5E-->  <STARTVERSION><![CDATA[2.50.19850]]></STARTVERSION>
<!--22DC1E50083243298138A86D20C3BA5E-->  <ENDVERSION><![CDATA[3.0.0]]></ENDVERSION>
<!--22DC1E50083243298138A86D20C3BA5E-->  <ISINCLUDED><![CDATA[N]]></ISINCLUDED>
<!--22DC1E50083243298138A86D20C3BA5E-->  <DEPENDANT_MODULE_NAME><![CDATA[Core]]></DEPENDANT_MODULE_NAME>
<!--22DC1E50083243298138A86D20C3BA5E-->  <DEPENDENCY_ENFORCEMENT><![CDATA[MAJOR]]></DEPENDENCY_ENFORCEMENT>
<!--22DC1E50083243298138A86D20C3BA5E-->  <USER_EDITABLE_ENFORCEMENT><![CDATA[Y]]></USER_EDITABLE_ENFORCEMENT>
<!--22DC1E50083243298138A86D20C3BA5E--></AD_MODULE_DEPENDENCY>

</data>
