<?xml version="1.0" encoding="UTF-8"?>
<data>
<!--13F494C4C03141258F1193B673570F63--><AD_MODULE>
<!--13F494C4C03141258F1193B673570F63-->  <AD_MODULE_ID><![CDATA[13F494C4C03141258F1193B673570F63]]></AD_MODULE_ID>
<!--13F494C4C03141258F1193B673570F63-->  <AD_CLIENT_ID><![CDATA[0]]></AD_CLIENT_ID>
<!--13F494C4C03141258F1193B673570F63-->  <AD_ORG_ID><![CDATA[0]]></AD_ORG_ID>
<!--13F494C4C03141258F1193B673570F63-->  <ISACTIVE><![CDATA[Y]]></ISACTIVE>
<!--13F494C4C03141258F1193B673570F63-->  <NAME><![CDATA[Time and Attendance]]></NAME>
<!--13F494C4C03141258F1193B673570F63-->  <VERSION><![CDATA[1.0.52]]></VERSION>
<!--13F494C4C03141258F1193B673570F63-->  <DESCRIPTION><![CDATA[Time and Attendance module for human capital management]]></DESCRIPTION>
<!--13F494C4C03141258F1193B673570F63-->  <HELP><![CDATA[support finger print attendance, and integrate it with payroll. also available several attendance related reports.
start days of shift line is zero (0), its mean starting from Sunday.]]></HELP>
<!--13F494C4C03141258F1193B673570F63-->  <TYPE><![CDATA[M]]></TYPE>
<!--13F494C4C03141258F1193B673570F63-->  <LICENSE><![CDATA[this module is distributed under GNU GPL v2]]></LICENSE>
<!--13F494C4C03141258F1193B673570F63-->  <JAVAPACKAGE><![CDATA[org.wirabumi.hris.timeandattendance]]></JAVAPACKAGE>
<!--13F494C4C03141258F1193B673570F63-->  <LICENSETYPE><![CDATA[GPL2.0]]></LICENSETYPE>
<!--13F494C4C03141258F1193B673570F63-->  <AUTHOR><![CDATA[Wirabumi Software]]></AUTHOR>
<!--13F494C4C03141258F1193B673570F63-->  <ISTRANSLATIONREQUIRED><![CDATA[Y]]></ISTRANSLATIONREQUIRED>
<!--13F494C4C03141258F1193B673570F63-->  <AD_LANGUAGE><![CDATA[en_US]]></AD_LANGUAGE>
<!--13F494C4C03141258F1193B673570F63-->  <HASCHARTOFACCOUNTS><![CDATA[N]]></HASCHARTOFACCOUNTS>
<!--13F494C4C03141258F1193B673570F63-->  <ISTRANSLATIONMODULE><![CDATA[N]]></ISTRANSLATIONMODULE>
<!--13F494C4C03141258F1193B673570F63-->  <HASREFERENCEDATA><![CDATA[N]]></HASREFERENCEDATA>
<!--13F494C4C03141258F1193B673570F63-->  <ISCOMMERCIAL><![CDATA[N]]></ISCOMMERCIAL>
<!--13F494C4C03141258F1193B673570F63-->  <ISTRIALALLOWED><![CDATA[N]]></ISTRIALALLOWED>
<!--13F494C4C03141258F1193B673570F63--></AD_MODULE>

</data>
