<?xml version="1.0" encoding="UTF-8"?>
<data>
<!--D68A532AE9A54371A6962F7C5BC19060--><AD_MODULE_DBPREFIX>
<!--D68A532AE9A54371A6962F7C5BC19060-->  <AD_MODULE_DBPREFIX_ID><![CDATA[D68A532AE9A54371A6962F7C5BC19060]]></AD_MODULE_DBPREFIX_ID>
<!--D68A532AE9A54371A6962F7C5BC19060-->  <AD_CLIENT_ID><![CDATA[0]]></AD_CLIENT_ID>
<!--D68A532AE9A54371A6962F7C5BC19060-->  <AD_ORG_ID><![CDATA[0]]></AD_ORG_ID>
<!--D68A532AE9A54371A6962F7C5BC19060-->  <ISACTIVE><![CDATA[Y]]></ISACTIVE>
<!--D68A532AE9A54371A6962F7C5BC19060-->  <AD_MODULE_ID><![CDATA[13F494C4C03141258F1193B673570F63]]></AD_MODULE_ID>
<!--D68A532AE9A54371A6962F7C5BC19060-->  <NAME><![CDATA[TA]]></NAME>
<!--D68A532AE9A54371A6962F7C5BC19060--></AD_MODULE_DBPREFIX>

</data>
