<?xml version="1.0" encoding="UTF-8"?>
<data>
<!--40A908221CB540739DFBED46AF2101D2--><AD_MODEL_OBJECT_MAPPING>
<!--40A908221CB540739DFBED46AF2101D2-->  <AD_MODEL_OBJECT_MAPPING_ID><![CDATA[40A908221CB540739DFBED46AF2101D2]]></AD_MODEL_OBJECT_MAPPING_ID>
<!--40A908221CB540739DFBED46AF2101D2-->  <AD_CLIENT_ID><![CDATA[0]]></AD_CLIENT_ID>
<!--40A908221CB540739DFBED46AF2101D2-->  <AD_ORG_ID><![CDATA[0]]></AD_ORG_ID>
<!--40A908221CB540739DFBED46AF2101D2-->  <ISACTIVE><![CDATA[Y]]></ISACTIVE>
<!--40A908221CB540739DFBED46AF2101D2-->  <AD_MODEL_OBJECT_ID><![CDATA[5424295FC85C4D4D98C81034652171F1]]></AD_MODEL_OBJECT_ID>
<!--40A908221CB540739DFBED46AF2101D2-->  <MAPPINGNAME><![CDATA[/org.wirabumi.hris.timeandattendance.ad_callouts/EmployeeLabourTime.html]]></MAPPINGNAME>
<!--40A908221CB540739DFBED46AF2101D2-->  <ISDEFAULT><![CDATA[Y]]></ISDEFAULT>
<!--40A908221CB540739DFBED46AF2101D2--></AD_MODEL_OBJECT_MAPPING>

<!--4FBD00D707D1436293434132207B3AEF--><AD_MODEL_OBJECT_MAPPING>
<!--4FBD00D707D1436293434132207B3AEF-->  <AD_MODEL_OBJECT_MAPPING_ID><![CDATA[4FBD00D707D1436293434132207B3AEF]]></AD_MODEL_OBJECT_MAPPING_ID>
<!--4FBD00D707D1436293434132207B3AEF-->  <AD_CLIENT_ID><![CDATA[0]]></AD_CLIENT_ID>
<!--4FBD00D707D1436293434132207B3AEF-->  <AD_ORG_ID><![CDATA[0]]></AD_ORG_ID>
<!--4FBD00D707D1436293434132207B3AEF-->  <ISACTIVE><![CDATA[Y]]></ISACTIVE>
<!--4FBD00D707D1436293434132207B3AEF-->  <AD_MODEL_OBJECT_ID><![CDATA[2A42B5BF7A6F4728A1C20BA43B3FD1F6]]></AD_MODEL_OBJECT_ID>
<!--4FBD00D707D1436293434132207B3AEF-->  <MAPPINGNAME><![CDATA[/org.wirabumi.hris.timeandattendance/src/org/wirabumi/hris/timeandattendance/erpCommon/ad_reports/RptPotongGajiReport]]></MAPPINGNAME>
<!--4FBD00D707D1436293434132207B3AEF-->  <ISDEFAULT><![CDATA[Y]]></ISDEFAULT>
<!--4FBD00D707D1436293434132207B3AEF--></AD_MODEL_OBJECT_MAPPING>

<!--714841C054294BE59A443B3AD98BF8F9--><AD_MODEL_OBJECT_MAPPING>
<!--714841C054294BE59A443B3AD98BF8F9-->  <AD_MODEL_OBJECT_MAPPING_ID><![CDATA[714841C054294BE59A443B3AD98BF8F9]]></AD_MODEL_OBJECT_MAPPING_ID>
<!--714841C054294BE59A443B3AD98BF8F9-->  <AD_CLIENT_ID><![CDATA[0]]></AD_CLIENT_ID>
<!--714841C054294BE59A443B3AD98BF8F9-->  <AD_ORG_ID><![CDATA[0]]></AD_ORG_ID>
<!--714841C054294BE59A443B3AD98BF8F9-->  <ISACTIVE><![CDATA[Y]]></ISACTIVE>
<!--714841C054294BE59A443B3AD98BF8F9-->  <AD_MODEL_OBJECT_ID><![CDATA[43C1C47B5AB4402FBE74BBD962802D25]]></AD_MODEL_OBJECT_ID>
<!--714841C054294BE59A443B3AD98BF8F9-->  <MAPPINGNAME><![CDATA[/org.wirabumi.hris.timeandattendance/src/org/wirabumi/hris/timeandattendance/erpCommon/ad_reports/RptPotongCutiReport]]></MAPPINGNAME>
<!--714841C054294BE59A443B3AD98BF8F9-->  <ISDEFAULT><![CDATA[Y]]></ISDEFAULT>
<!--714841C054294BE59A443B3AD98BF8F9--></AD_MODEL_OBJECT_MAPPING>

</data>
