<?xml version="1.0" encoding="UTF-8"?>
<data>
<!--1CA57EBA28B14D4BA3B0C6627EDE47B3--><AD_MENU>
<!--1CA57EBA28B14D4BA3B0C6627EDE47B3-->  <AD_MENU_ID><![CDATA[1CA57EBA28B14D4BA3B0C6627EDE47B3]]></AD_MENU_ID>
<!--1CA57EBA28B14D4BA3B0C6627EDE47B3-->  <AD_CLIENT_ID><![CDATA[0]]></AD_CLIENT_ID>
<!--1CA57EBA28B14D4BA3B0C6627EDE47B3-->  <AD_ORG_ID><![CDATA[0]]></AD_ORG_ID>
<!--1CA57EBA28B14D4BA3B0C6627EDE47B3-->  <ISACTIVE><![CDATA[Y]]></ISACTIVE>
<!--1CA57EBA28B14D4BA3B0C6627EDE47B3-->  <NAME><![CDATA[Shift Report]]></NAME>
<!--1CA57EBA28B14D4BA3B0C6627EDE47B3-->  <DESCRIPTION><![CDATA[Shift Report]]></DESCRIPTION>
<!--1CA57EBA28B14D4BA3B0C6627EDE47B3-->  <ISSUMMARY><![CDATA[N]]></ISSUMMARY>
<!--1CA57EBA28B14D4BA3B0C6627EDE47B3-->  <ACTION><![CDATA[P]]></ACTION>
<!--1CA57EBA28B14D4BA3B0C6627EDE47B3-->  <AD_PROCESS_ID><![CDATA[8722C6EB947C4597AE913430DD84C9C3]]></AD_PROCESS_ID>
<!--1CA57EBA28B14D4BA3B0C6627EDE47B3-->  <AD_MODULE_ID><![CDATA[13F494C4C03141258F1193B673570F63]]></AD_MODULE_ID>
<!--1CA57EBA28B14D4BA3B0C6627EDE47B3-->  <OPENLINKINBROWSER><![CDATA[N]]></OPENLINKINBROWSER>
<!--1CA57EBA28B14D4BA3B0C6627EDE47B3--></AD_MENU>

<!--2338D5577F684C38A34A40A64CBDF9E3--><AD_MENU>
<!--2338D5577F684C38A34A40A64CBDF9E3-->  <AD_MENU_ID><![CDATA[2338D5577F684C38A34A40A64CBDF9E3]]></AD_MENU_ID>
<!--2338D5577F684C38A34A40A64CBDF9E3-->  <AD_CLIENT_ID><![CDATA[0]]></AD_CLIENT_ID>
<!--2338D5577F684C38A34A40A64CBDF9E3-->  <AD_ORG_ID><![CDATA[0]]></AD_ORG_ID>
<!--2338D5577F684C38A34A40A64CBDF9E3-->  <ISACTIVE><![CDATA[Y]]></ISACTIVE>
<!--2338D5577F684C38A34A40A64CBDF9E3-->  <NAME><![CDATA[Setup]]></NAME>
<!--2338D5577F684C38A34A40A64CBDF9E3-->  <DESCRIPTION><![CDATA[Setup For Attendance]]></DESCRIPTION>
<!--2338D5577F684C38A34A40A64CBDF9E3-->  <ISSUMMARY><![CDATA[Y]]></ISSUMMARY>
<!--2338D5577F684C38A34A40A64CBDF9E3-->  <AD_MODULE_ID><![CDATA[13F494C4C03141258F1193B673570F63]]></AD_MODULE_ID>
<!--2338D5577F684C38A34A40A64CBDF9E3-->  <OPENLINKINBROWSER><![CDATA[N]]></OPENLINKINBROWSER>
<!--2338D5577F684C38A34A40A64CBDF9E3--></AD_MENU>

<!--244770031CDA434C838EC2A9275CC9F8--><AD_MENU>
<!--244770031CDA434C838EC2A9275CC9F8-->  <AD_MENU_ID><![CDATA[244770031CDA434C838EC2A9275CC9F8]]></AD_MENU_ID>
<!--244770031CDA434C838EC2A9275CC9F8-->  <AD_CLIENT_ID><![CDATA[0]]></AD_CLIENT_ID>
<!--244770031CDA434C838EC2A9275CC9F8-->  <AD_ORG_ID><![CDATA[0]]></AD_ORG_ID>
<!--244770031CDA434C838EC2A9275CC9F8-->  <ISACTIVE><![CDATA[Y]]></ISACTIVE>
<!--244770031CDA434C838EC2A9275CC9F8-->  <NAME><![CDATA[Analysis Tools]]></NAME>
<!--244770031CDA434C838EC2A9275CC9F8-->  <ISSUMMARY><![CDATA[Y]]></ISSUMMARY>
<!--244770031CDA434C838EC2A9275CC9F8-->  <AD_MODULE_ID><![CDATA[13F494C4C03141258F1193B673570F63]]></AD_MODULE_ID>
<!--244770031CDA434C838EC2A9275CC9F8-->  <OPENLINKINBROWSER><![CDATA[N]]></OPENLINKINBROWSER>
<!--244770031CDA434C838EC2A9275CC9F8--></AD_MENU>

<!--29F74FE4633C4F199943B8A607FB944F--><AD_MENU>
<!--29F74FE4633C4F199943B8A607FB944F-->  <AD_MENU_ID><![CDATA[29F74FE4633C4F199943B8A607FB944F]]></AD_MENU_ID>
<!--29F74FE4633C4F199943B8A607FB944F-->  <AD_CLIENT_ID><![CDATA[0]]></AD_CLIENT_ID>
<!--29F74FE4633C4F199943B8A607FB944F-->  <AD_ORG_ID><![CDATA[0]]></AD_ORG_ID>
<!--29F74FE4633C4F199943B8A607FB944F-->  <ISACTIVE><![CDATA[Y]]></ISACTIVE>
<!--29F74FE4633C4F199943B8A607FB944F-->  <NAME><![CDATA[Time and Attendance]]></NAME>
<!--29F74FE4633C4F199943B8A607FB944F-->  <ISSUMMARY><![CDATA[Y]]></ISSUMMARY>
<!--29F74FE4633C4F199943B8A607FB944F-->  <AD_MODULE_ID><![CDATA[13F494C4C03141258F1193B673570F63]]></AD_MODULE_ID>
<!--29F74FE4633C4F199943B8A607FB944F-->  <OPENLINKINBROWSER><![CDATA[N]]></OPENLINKINBROWSER>
<!--29F74FE4633C4F199943B8A607FB944F--></AD_MENU>

<!--4B7CBB2A1EE042A4A990B2ACE99FD8A7--><AD_MENU>
<!--4B7CBB2A1EE042A4A990B2ACE99FD8A7-->  <AD_MENU_ID><![CDATA[4B7CBB2A1EE042A4A990B2ACE99FD8A7]]></AD_MENU_ID>
<!--4B7CBB2A1EE042A4A990B2ACE99FD8A7-->  <AD_CLIENT_ID><![CDATA[0]]></AD_CLIENT_ID>
<!--4B7CBB2A1EE042A4A990B2ACE99FD8A7-->  <AD_ORG_ID><![CDATA[0]]></AD_ORG_ID>
<!--4B7CBB2A1EE042A4A990B2ACE99FD8A7-->  <ISACTIVE><![CDATA[Y]]></ISACTIVE>
<!--4B7CBB2A1EE042A4A990B2ACE99FD8A7-->  <NAME><![CDATA[Attendance Performance Report]]></NAME>
<!--4B7CBB2A1EE042A4A990B2ACE99FD8A7-->  <ISSUMMARY><![CDATA[N]]></ISSUMMARY>
<!--4B7CBB2A1EE042A4A990B2ACE99FD8A7-->  <ACTION><![CDATA[P]]></ACTION>
<!--4B7CBB2A1EE042A4A990B2ACE99FD8A7-->  <AD_PROCESS_ID><![CDATA[303A9E52AE9046EDAAC23DD6D91828B8]]></AD_PROCESS_ID>
<!--4B7CBB2A1EE042A4A990B2ACE99FD8A7-->  <AD_MODULE_ID><![CDATA[13F494C4C03141258F1193B673570F63]]></AD_MODULE_ID>
<!--4B7CBB2A1EE042A4A990B2ACE99FD8A7-->  <OPENLINKINBROWSER><![CDATA[N]]></OPENLINKINBROWSER>
<!--4B7CBB2A1EE042A4A990B2ACE99FD8A7--></AD_MENU>

<!--781C22C7C2AF4431A4AA39D78966A98C--><AD_MENU>
<!--781C22C7C2AF4431A4AA39D78966A98C-->  <AD_MENU_ID><![CDATA[781C22C7C2AF4431A4AA39D78966A98C]]></AD_MENU_ID>
<!--781C22C7C2AF4431A4AA39D78966A98C-->  <AD_CLIENT_ID><![CDATA[0]]></AD_CLIENT_ID>
<!--781C22C7C2AF4431A4AA39D78966A98C-->  <AD_ORG_ID><![CDATA[0]]></AD_ORG_ID>
<!--781C22C7C2AF4431A4AA39D78966A98C-->  <ISACTIVE><![CDATA[Y]]></ISACTIVE>
<!--781C22C7C2AF4431A4AA39D78966A98C-->  <NAME><![CDATA[Attendance Entry]]></NAME>
<!--781C22C7C2AF4431A4AA39D78966A98C-->  <ISSUMMARY><![CDATA[N]]></ISSUMMARY>
<!--781C22C7C2AF4431A4AA39D78966A98C-->  <ACTION><![CDATA[W]]></ACTION>
<!--781C22C7C2AF4431A4AA39D78966A98C-->  <AD_WINDOW_ID><![CDATA[F02ECFA96C8C48E1AECD1A6E4264EFF4]]></AD_WINDOW_ID>
<!--781C22C7C2AF4431A4AA39D78966A98C-->  <AD_MODULE_ID><![CDATA[13F494C4C03141258F1193B673570F63]]></AD_MODULE_ID>
<!--781C22C7C2AF4431A4AA39D78966A98C-->  <OPENLINKINBROWSER><![CDATA[N]]></OPENLINKINBROWSER>
<!--781C22C7C2AF4431A4AA39D78966A98C--></AD_MENU>

<!--7E39E231DA294D0AAB82A676A7CB05B2--><AD_MENU>
<!--7E39E231DA294D0AAB82A676A7CB05B2-->  <AD_MENU_ID><![CDATA[7E39E231DA294D0AAB82A676A7CB05B2]]></AD_MENU_ID>
<!--7E39E231DA294D0AAB82A676A7CB05B2-->  <AD_CLIENT_ID><![CDATA[0]]></AD_CLIENT_ID>
<!--7E39E231DA294D0AAB82A676A7CB05B2-->  <AD_ORG_ID><![CDATA[0]]></AD_ORG_ID>
<!--7E39E231DA294D0AAB82A676A7CB05B2-->  <ISACTIVE><![CDATA[Y]]></ISACTIVE>
<!--7E39E231DA294D0AAB82A676A7CB05B2-->  <NAME><![CDATA[Individual Attendance Performance]]></NAME>
<!--7E39E231DA294D0AAB82A676A7CB05B2-->  <ISSUMMARY><![CDATA[N]]></ISSUMMARY>
<!--7E39E231DA294D0AAB82A676A7CB05B2-->  <ACTION><![CDATA[P]]></ACTION>
<!--7E39E231DA294D0AAB82A676A7CB05B2-->  <AD_PROCESS_ID><![CDATA[6445135367544A329CFEC7506B7475FD]]></AD_PROCESS_ID>
<!--7E39E231DA294D0AAB82A676A7CB05B2-->  <AD_MODULE_ID><![CDATA[13F494C4C03141258F1193B673570F63]]></AD_MODULE_ID>
<!--7E39E231DA294D0AAB82A676A7CB05B2-->  <OPENLINKINBROWSER><![CDATA[N]]></OPENLINKINBROWSER>
<!--7E39E231DA294D0AAB82A676A7CB05B2--></AD_MENU>

<!--ABF29968E729490FBF813103E768A293--><AD_MENU>
<!--ABF29968E729490FBF813103E768A293-->  <AD_MENU_ID><![CDATA[ABF29968E729490FBF813103E768A293]]></AD_MENU_ID>
<!--ABF29968E729490FBF813103E768A293-->  <AD_CLIENT_ID><![CDATA[0]]></AD_CLIENT_ID>
<!--ABF29968E729490FBF813103E768A293-->  <AD_ORG_ID><![CDATA[0]]></AD_ORG_ID>
<!--ABF29968E729490FBF813103E768A293-->  <ISACTIVE><![CDATA[N]]></ISACTIVE>
<!--ABF29968E729490FBF813103E768A293-->  <NAME><![CDATA[Attendance Leave Deduction]]></NAME>
<!--ABF29968E729490FBF813103E768A293-->  <ISSUMMARY><![CDATA[N]]></ISSUMMARY>
<!--ABF29968E729490FBF813103E768A293-->  <ACTION><![CDATA[W]]></ACTION>
<!--ABF29968E729490FBF813103E768A293-->  <AD_WINDOW_ID><![CDATA[8CDF1B5FFEE842D697C3CFE0DAEE357A]]></AD_WINDOW_ID>
<!--ABF29968E729490FBF813103E768A293-->  <AD_MODULE_ID><![CDATA[13F494C4C03141258F1193B673570F63]]></AD_MODULE_ID>
<!--ABF29968E729490FBF813103E768A293-->  <OPENLINKINBROWSER><![CDATA[N]]></OPENLINKINBROWSER>
<!--ABF29968E729490FBF813103E768A293--></AD_MENU>

<!--B948542739AA43CD85A8DDD3483D9B19--><AD_MENU>
<!--B948542739AA43CD85A8DDD3483D9B19-->  <AD_MENU_ID><![CDATA[B948542739AA43CD85A8DDD3483D9B19]]></AD_MENU_ID>
<!--B948542739AA43CD85A8DDD3483D9B19-->  <AD_CLIENT_ID><![CDATA[0]]></AD_CLIENT_ID>
<!--B948542739AA43CD85A8DDD3483D9B19-->  <AD_ORG_ID><![CDATA[0]]></AD_ORG_ID>
<!--B948542739AA43CD85A8DDD3483D9B19-->  <ISACTIVE><![CDATA[Y]]></ISACTIVE>
<!--B948542739AA43CD85A8DDD3483D9B19-->  <NAME><![CDATA[Employee Shift]]></NAME>
<!--B948542739AA43CD85A8DDD3483D9B19-->  <ISSUMMARY><![CDATA[N]]></ISSUMMARY>
<!--B948542739AA43CD85A8DDD3483D9B19-->  <ACTION><![CDATA[W]]></ACTION>
<!--B948542739AA43CD85A8DDD3483D9B19-->  <AD_WINDOW_ID><![CDATA[37FD441DF73045FC9F4B884D85DEEB6B]]></AD_WINDOW_ID>
<!--B948542739AA43CD85A8DDD3483D9B19-->  <AD_MODULE_ID><![CDATA[13F494C4C03141258F1193B673570F63]]></AD_MODULE_ID>
<!--B948542739AA43CD85A8DDD3483D9B19-->  <OPENLINKINBROWSER><![CDATA[N]]></OPENLINKINBROWSER>
<!--B948542739AA43CD85A8DDD3483D9B19--></AD_MENU>

<!--C8FDA7ABD13D49B79A8494094B3467F9--><AD_MENU>
<!--C8FDA7ABD13D49B79A8494094B3467F9-->  <AD_MENU_ID><![CDATA[C8FDA7ABD13D49B79A8494094B3467F9]]></AD_MENU_ID>
<!--C8FDA7ABD13D49B79A8494094B3467F9-->  <AD_CLIENT_ID><![CDATA[0]]></AD_CLIENT_ID>
<!--C8FDA7ABD13D49B79A8494094B3467F9-->  <AD_ORG_ID><![CDATA[0]]></AD_ORG_ID>
<!--C8FDA7ABD13D49B79A8494094B3467F9-->  <ISACTIVE><![CDATA[Y]]></ISACTIVE>
<!--C8FDA7ABD13D49B79A8494094B3467F9-->  <NAME><![CDATA[Import Attendance]]></NAME>
<!--C8FDA7ABD13D49B79A8494094B3467F9-->  <ISSUMMARY><![CDATA[N]]></ISSUMMARY>
<!--C8FDA7ABD13D49B79A8494094B3467F9-->  <ACTION><![CDATA[W]]></ACTION>
<!--C8FDA7ABD13D49B79A8494094B3467F9-->  <AD_WINDOW_ID><![CDATA[994EC5B1F0034A7E9D471364F77DE19F]]></AD_WINDOW_ID>
<!--C8FDA7ABD13D49B79A8494094B3467F9-->  <AD_MODULE_ID><![CDATA[13F494C4C03141258F1193B673570F63]]></AD_MODULE_ID>
<!--C8FDA7ABD13D49B79A8494094B3467F9-->  <OPENLINKINBROWSER><![CDATA[N]]></OPENLINKINBROWSER>
<!--C8FDA7ABD13D49B79A8494094B3467F9--></AD_MENU>

<!--D8D00402236F47BC934CB989BF7E703F--><AD_MENU>
<!--D8D00402236F47BC934CB989BF7E703F-->  <AD_MENU_ID><![CDATA[D8D00402236F47BC934CB989BF7E703F]]></AD_MENU_ID>
<!--D8D00402236F47BC934CB989BF7E703F-->  <AD_CLIENT_ID><![CDATA[0]]></AD_CLIENT_ID>
<!--D8D00402236F47BC934CB989BF7E703F-->  <AD_ORG_ID><![CDATA[0]]></AD_ORG_ID>
<!--D8D00402236F47BC934CB989BF7E703F-->  <ISACTIVE><![CDATA[Y]]></ISACTIVE>
<!--D8D00402236F47BC934CB989BF7E703F-->  <NAME><![CDATA[Shift Exchange Request]]></NAME>
<!--D8D00402236F47BC934CB989BF7E703F-->  <ISSUMMARY><![CDATA[N]]></ISSUMMARY>
<!--D8D00402236F47BC934CB989BF7E703F-->  <ACTION><![CDATA[W]]></ACTION>
<!--D8D00402236F47BC934CB989BF7E703F-->  <AD_WINDOW_ID><![CDATA[7C2A70A67C6D44FA9FBB01255B272A1C]]></AD_WINDOW_ID>
<!--D8D00402236F47BC934CB989BF7E703F-->  <AD_MODULE_ID><![CDATA[13F494C4C03141258F1193B673570F63]]></AD_MODULE_ID>
<!--D8D00402236F47BC934CB989BF7E703F-->  <OPENLINKINBROWSER><![CDATA[N]]></OPENLINKINBROWSER>
<!--D8D00402236F47BC934CB989BF7E703F--></AD_MENU>

<!--E0FFCBB2DF084D21818F499DC47AFBAF--><AD_MENU>
<!--E0FFCBB2DF084D21818F499DC47AFBAF-->  <AD_MENU_ID><![CDATA[E0FFCBB2DF084D21818F499DC47AFBAF]]></AD_MENU_ID>
<!--E0FFCBB2DF084D21818F499DC47AFBAF-->  <AD_CLIENT_ID><![CDATA[0]]></AD_CLIENT_ID>
<!--E0FFCBB2DF084D21818F499DC47AFBAF-->  <AD_ORG_ID><![CDATA[0]]></AD_ORG_ID>
<!--E0FFCBB2DF084D21818F499DC47AFBAF-->  <ISACTIVE><![CDATA[Y]]></ISACTIVE>
<!--E0FFCBB2DF084D21818F499DC47AFBAF-->  <NAME><![CDATA[Attendance Summary Report]]></NAME>
<!--E0FFCBB2DF084D21818F499DC47AFBAF-->  <ISSUMMARY><![CDATA[N]]></ISSUMMARY>
<!--E0FFCBB2DF084D21818F499DC47AFBAF-->  <ACTION><![CDATA[P]]></ACTION>
<!--E0FFCBB2DF084D21818F499DC47AFBAF-->  <AD_PROCESS_ID><![CDATA[4A81E29CC06E4D169A2E37F9053250F3]]></AD_PROCESS_ID>
<!--E0FFCBB2DF084D21818F499DC47AFBAF-->  <AD_MODULE_ID><![CDATA[13F494C4C03141258F1193B673570F63]]></AD_MODULE_ID>
<!--E0FFCBB2DF084D21818F499DC47AFBAF-->  <OPENLINKINBROWSER><![CDATA[N]]></OPENLINKINBROWSER>
<!--E0FFCBB2DF084D21818F499DC47AFBAF--></AD_MENU>

<!--EB9576DBCF254555B169DB146BDACFB7--><AD_MENU>
<!--EB9576DBCF254555B169DB146BDACFB7-->  <AD_MENU_ID><![CDATA[EB9576DBCF254555B169DB146BDACFB7]]></AD_MENU_ID>
<!--EB9576DBCF254555B169DB146BDACFB7-->  <AD_CLIENT_ID><![CDATA[0]]></AD_CLIENT_ID>
<!--EB9576DBCF254555B169DB146BDACFB7-->  <AD_ORG_ID><![CDATA[0]]></AD_ORG_ID>
<!--EB9576DBCF254555B169DB146BDACFB7-->  <ISACTIVE><![CDATA[N]]></ISACTIVE>
<!--EB9576DBCF254555B169DB146BDACFB7-->  <NAME><![CDATA[Attendance Earning Deduction]]></NAME>
<!--EB9576DBCF254555B169DB146BDACFB7-->  <ISSUMMARY><![CDATA[N]]></ISSUMMARY>
<!--EB9576DBCF254555B169DB146BDACFB7-->  <ACTION><![CDATA[W]]></ACTION>
<!--EB9576DBCF254555B169DB146BDACFB7-->  <AD_WINDOW_ID><![CDATA[FFA4E1934BE94BCEA91C460BF7FF4237]]></AD_WINDOW_ID>
<!--EB9576DBCF254555B169DB146BDACFB7-->  <AD_MODULE_ID><![CDATA[13F494C4C03141258F1193B673570F63]]></AD_MODULE_ID>
<!--EB9576DBCF254555B169DB146BDACFB7-->  <OPENLINKINBROWSER><![CDATA[N]]></OPENLINKINBROWSER>
<!--EB9576DBCF254555B169DB146BDACFB7--></AD_MENU>

<!--F0C31EFCC211462EA2A502C6B85A1BCA--><AD_MENU>
<!--F0C31EFCC211462EA2A502C6B85A1BCA-->  <AD_MENU_ID><![CDATA[F0C31EFCC211462EA2A502C6B85A1BCA]]></AD_MENU_ID>
<!--F0C31EFCC211462EA2A502C6B85A1BCA-->  <AD_CLIENT_ID><![CDATA[0]]></AD_CLIENT_ID>
<!--F0C31EFCC211462EA2A502C6B85A1BCA-->  <AD_ORG_ID><![CDATA[0]]></AD_ORG_ID>
<!--F0C31EFCC211462EA2A502C6B85A1BCA-->  <ISACTIVE><![CDATA[Y]]></ISACTIVE>
<!--F0C31EFCC211462EA2A502C6B85A1BCA-->  <NAME><![CDATA[Shift Rule]]></NAME>
<!--F0C31EFCC211462EA2A502C6B85A1BCA-->  <ISSUMMARY><![CDATA[N]]></ISSUMMARY>
<!--F0C31EFCC211462EA2A502C6B85A1BCA-->  <ACTION><![CDATA[W]]></ACTION>
<!--F0C31EFCC211462EA2A502C6B85A1BCA-->  <AD_WINDOW_ID><![CDATA[7051879C1DDD4B3791400C899F5ABEEC]]></AD_WINDOW_ID>
<!--F0C31EFCC211462EA2A502C6B85A1BCA-->  <AD_MODULE_ID><![CDATA[13F494C4C03141258F1193B673570F63]]></AD_MODULE_ID>
<!--F0C31EFCC211462EA2A502C6B85A1BCA-->  <OPENLINKINBROWSER><![CDATA[N]]></OPENLINKINBROWSER>
<!--F0C31EFCC211462EA2A502C6B85A1BCA--></AD_MENU>

</data>
