<?xml version="1.0" encoding="UTF-8"?>
<data>
<!--05B6AF1104674E2B83C74337333F90F4--><AD_PROCESS_PARA>
<!--05B6AF1104674E2B83C74337333F90F4-->  <AD_PROCESS_PARA_ID><![CDATA[05B6AF1104674E2B83C74337333F90F4]]></AD_PROCESS_PARA_ID>
<!--05B6AF1104674E2B83C74337333F90F4-->  <AD_CLIENT_ID><![CDATA[0]]></AD_CLIENT_ID>
<!--05B6AF1104674E2B83C74337333F90F4-->  <AD_ORG_ID><![CDATA[0]]></AD_ORG_ID>
<!--05B6AF1104674E2B83C74337333F90F4-->  <ISACTIVE><![CDATA[Y]]></ISACTIVE>
<!--05B6AF1104674E2B83C74337333F90F4-->  <NAME><![CDATA[Start Date]]></NAME>
<!--05B6AF1104674E2B83C74337333F90F4-->  <DESCRIPTION><![CDATA[The date on which an item is due to start.]]></DESCRIPTION>
<!--05B6AF1104674E2B83C74337333F90F4-->  <HELP><![CDATA[The date on which an item is due to start.]]></HELP>
<!--05B6AF1104674E2B83C74337333F90F4-->  <AD_PROCESS_ID><![CDATA[6445135367544A329CFEC7506B7475FD]]></AD_PROCESS_ID>
<!--05B6AF1104674E2B83C74337333F90F4-->  <SEQNO><![CDATA[10]]></SEQNO>
<!--05B6AF1104674E2B83C74337333F90F4-->  <AD_REFERENCE_ID><![CDATA[15]]></AD_REFERENCE_ID>
<!--05B6AF1104674E2B83C74337333F90F4-->  <COLUMNNAME><![CDATA[Start_Date]]></COLUMNNAME>
<!--05B6AF1104674E2B83C74337333F90F4-->  <ISCENTRALLYMAINTAINED><![CDATA[Y]]></ISCENTRALLYMAINTAINED>
<!--05B6AF1104674E2B83C74337333F90F4-->  <FIELDLENGTH><![CDATA[32]]></FIELDLENGTH>
<!--05B6AF1104674E2B83C74337333F90F4-->  <ISMANDATORY><![CDATA[N]]></ISMANDATORY>
<!--05B6AF1104674E2B83C74337333F90F4-->  <ISRANGE><![CDATA[N]]></ISRANGE>
<!--05B6AF1104674E2B83C74337333F90F4-->  <AD_ELEMENT_ID><![CDATA[571984A6372B8AA9E040007F01011B27]]></AD_ELEMENT_ID>
<!--05B6AF1104674E2B83C74337333F90F4--></AD_PROCESS_PARA>

<!--0718784230F64B24A3E13FD48A2D2A1E--><AD_PROCESS_PARA>
<!--0718784230F64B24A3E13FD48A2D2A1E-->  <AD_PROCESS_PARA_ID><![CDATA[0718784230F64B24A3E13FD48A2D2A1E]]></AD_PROCESS_PARA_ID>
<!--0718784230F64B24A3E13FD48A2D2A1E-->  <AD_CLIENT_ID><![CDATA[0]]></AD_CLIENT_ID>
<!--0718784230F64B24A3E13FD48A2D2A1E-->  <AD_ORG_ID><![CDATA[0]]></AD_ORG_ID>
<!--0718784230F64B24A3E13FD48A2D2A1E-->  <ISACTIVE><![CDATA[Y]]></ISACTIVE>
<!--0718784230F64B24A3E13FD48A2D2A1E-->  <NAME><![CDATA[Starting Date]]></NAME>
<!--0718784230F64B24A3E13FD48A2D2A1E-->  <DESCRIPTION><![CDATA[A parameter stating when a specified request will begin.]]></DESCRIPTION>
<!--0718784230F64B24A3E13FD48A2D2A1E-->  <HELP><![CDATA[A parameter stating when a specified request will begin.]]></HELP>
<!--0718784230F64B24A3E13FD48A2D2A1E-->  <AD_PROCESS_ID><![CDATA[8722C6EB947C4597AE913430DD84C9C3]]></AD_PROCESS_ID>
<!--0718784230F64B24A3E13FD48A2D2A1E-->  <SEQNO><![CDATA[30]]></SEQNO>
<!--0718784230F64B24A3E13FD48A2D2A1E-->  <AD_REFERENCE_ID><![CDATA[15]]></AD_REFERENCE_ID>
<!--0718784230F64B24A3E13FD48A2D2A1E-->  <COLUMNNAME><![CDATA[startdate]]></COLUMNNAME>
<!--0718784230F64B24A3E13FD48A2D2A1E-->  <ISCENTRALLYMAINTAINED><![CDATA[Y]]></ISCENTRALLYMAINTAINED>
<!--0718784230F64B24A3E13FD48A2D2A1E-->  <FIELDLENGTH><![CDATA[32]]></FIELDLENGTH>
<!--0718784230F64B24A3E13FD48A2D2A1E-->  <ISMANDATORY><![CDATA[N]]></ISMANDATORY>
<!--0718784230F64B24A3E13FD48A2D2A1E-->  <ISRANGE><![CDATA[N]]></ISRANGE>
<!--0718784230F64B24A3E13FD48A2D2A1E-->  <AD_ELEMENT_ID><![CDATA[574]]></AD_ELEMENT_ID>
<!--0718784230F64B24A3E13FD48A2D2A1E--></AD_PROCESS_PARA>

<!--0A8DB828659E469AA75BC7AA0FA05415--><AD_PROCESS_PARA>
<!--0A8DB828659E469AA75BC7AA0FA05415-->  <AD_PROCESS_PARA_ID><![CDATA[0A8DB828659E469AA75BC7AA0FA05415]]></AD_PROCESS_PARA_ID>
<!--0A8DB828659E469AA75BC7AA0FA05415-->  <AD_CLIENT_ID><![CDATA[0]]></AD_CLIENT_ID>
<!--0A8DB828659E469AA75BC7AA0FA05415-->  <AD_ORG_ID><![CDATA[0]]></AD_ORG_ID>
<!--0A8DB828659E469AA75BC7AA0FA05415-->  <ISACTIVE><![CDATA[Y]]></ISACTIVE>
<!--0A8DB828659E469AA75BC7AA0FA05415-->  <NAME><![CDATA[Business Partner]]></NAME>
<!--0A8DB828659E469AA75BC7AA0FA05415-->  <DESCRIPTION><![CDATA[Anyone who takes part in daily business operations by acting as a customer, employee, etc.]]></DESCRIPTION>
<!--0A8DB828659E469AA75BC7AA0FA05415-->  <HELP><![CDATA[A Business Partner is anyone with whom you transact.  This can include a customer, vendor, employee or any combination of these.]]></HELP>
<!--0A8DB828659E469AA75BC7AA0FA05415-->  <AD_PROCESS_ID><![CDATA[8722C6EB947C4597AE913430DD84C9C3]]></AD_PROCESS_ID>
<!--0A8DB828659E469AA75BC7AA0FA05415-->  <SEQNO><![CDATA[20]]></SEQNO>
<!--0A8DB828659E469AA75BC7AA0FA05415-->  <AD_REFERENCE_ID><![CDATA[19]]></AD_REFERENCE_ID>
<!--0A8DB828659E469AA75BC7AA0FA05415-->  <COLUMNNAME><![CDATA[c_bpartner_id]]></COLUMNNAME>
<!--0A8DB828659E469AA75BC7AA0FA05415-->  <ISCENTRALLYMAINTAINED><![CDATA[Y]]></ISCENTRALLYMAINTAINED>
<!--0A8DB828659E469AA75BC7AA0FA05415-->  <FIELDLENGTH><![CDATA[32]]></FIELDLENGTH>
<!--0A8DB828659E469AA75BC7AA0FA05415-->  <ISMANDATORY><![CDATA[N]]></ISMANDATORY>
<!--0A8DB828659E469AA75BC7AA0FA05415-->  <ISRANGE><![CDATA[N]]></ISRANGE>
<!--0A8DB828659E469AA75BC7AA0FA05415-->  <AD_ELEMENT_ID><![CDATA[187]]></AD_ELEMENT_ID>
<!--0A8DB828659E469AA75BC7AA0FA05415--></AD_PROCESS_PARA>

<!--3DABB6DF11D040B286F8BDF41471E2EB--><AD_PROCESS_PARA>
<!--3DABB6DF11D040B286F8BDF41471E2EB-->  <AD_PROCESS_PARA_ID><![CDATA[3DABB6DF11D040B286F8BDF41471E2EB]]></AD_PROCESS_PARA_ID>
<!--3DABB6DF11D040B286F8BDF41471E2EB-->  <AD_CLIENT_ID><![CDATA[0]]></AD_CLIENT_ID>
<!--3DABB6DF11D040B286F8BDF41471E2EB-->  <AD_ORG_ID><![CDATA[0]]></AD_ORG_ID>
<!--3DABB6DF11D040B286F8BDF41471E2EB-->  <ISACTIVE><![CDATA[Y]]></ISACTIVE>
<!--3DABB6DF11D040B286F8BDF41471E2EB-->  <NAME><![CDATA[Output type]]></NAME>
<!--3DABB6DF11D040B286F8BDF41471E2EB-->  <HELP><![CDATA[Defines the output format type from the available list.]]></HELP>
<!--3DABB6DF11D040B286F8BDF41471E2EB-->  <AD_PROCESS_ID><![CDATA[6445135367544A329CFEC7506B7475FD]]></AD_PROCESS_ID>
<!--3DABB6DF11D040B286F8BDF41471E2EB-->  <SEQNO><![CDATA[90]]></SEQNO>
<!--3DABB6DF11D040B286F8BDF41471E2EB-->  <AD_REFERENCE_ID><![CDATA[17]]></AD_REFERENCE_ID>
<!--3DABB6DF11D040B286F8BDF41471E2EB-->  <AD_REFERENCE_VALUE_ID><![CDATA[800104]]></AD_REFERENCE_VALUE_ID>
<!--3DABB6DF11D040B286F8BDF41471E2EB-->  <COLUMNNAME><![CDATA[outputType]]></COLUMNNAME>
<!--3DABB6DF11D040B286F8BDF41471E2EB-->  <ISCENTRALLYMAINTAINED><![CDATA[Y]]></ISCENTRALLYMAINTAINED>
<!--3DABB6DF11D040B286F8BDF41471E2EB-->  <FIELDLENGTH><![CDATA[32]]></FIELDLENGTH>
<!--3DABB6DF11D040B286F8BDF41471E2EB-->  <ISMANDATORY><![CDATA[Y]]></ISMANDATORY>
<!--3DABB6DF11D040B286F8BDF41471E2EB-->  <ISRANGE><![CDATA[N]]></ISRANGE>
<!--3DABB6DF11D040B286F8BDF41471E2EB-->  <DEFAULTVALUE><![CDATA[pdf]]></DEFAULTVALUE>
<!--3DABB6DF11D040B286F8BDF41471E2EB-->  <AD_ELEMENT_ID><![CDATA[800812]]></AD_ELEMENT_ID>
<!--3DABB6DF11D040B286F8BDF41471E2EB--></AD_PROCESS_PARA>

<!--42B004E97A824D3ABE1BE965EE1C02C9--><AD_PROCESS_PARA>
<!--42B004E97A824D3ABE1BE965EE1C02C9-->  <AD_PROCESS_PARA_ID><![CDATA[42B004E97A824D3ABE1BE965EE1C02C9]]></AD_PROCESS_PARA_ID>
<!--42B004E97A824D3ABE1BE965EE1C02C9-->  <AD_CLIENT_ID><![CDATA[0]]></AD_CLIENT_ID>
<!--42B004E97A824D3ABE1BE965EE1C02C9-->  <AD_ORG_ID><![CDATA[0]]></AD_ORG_ID>
<!--42B004E97A824D3ABE1BE965EE1C02C9-->  <ISACTIVE><![CDATA[Y]]></ISACTIVE>
<!--42B004E97A824D3ABE1BE965EE1C02C9-->  <NAME><![CDATA[Ending Date]]></NAME>
<!--42B004E97A824D3ABE1BE965EE1C02C9-->  <DESCRIPTION><![CDATA[A parameter stating when a specified request will end.]]></DESCRIPTION>
<!--42B004E97A824D3ABE1BE965EE1C02C9-->  <HELP><![CDATA[The End Date indicates the last date in this range.]]></HELP>
<!--42B004E97A824D3ABE1BE965EE1C02C9-->  <AD_PROCESS_ID><![CDATA[303A9E52AE9046EDAAC23DD6D91828B8]]></AD_PROCESS_ID>
<!--42B004E97A824D3ABE1BE965EE1C02C9-->  <SEQNO><![CDATA[30]]></SEQNO>
<!--42B004E97A824D3ABE1BE965EE1C02C9-->  <AD_REFERENCE_ID><![CDATA[15]]></AD_REFERENCE_ID>
<!--42B004E97A824D3ABE1BE965EE1C02C9-->  <COLUMNNAME><![CDATA[ENDDATE]]></COLUMNNAME>
<!--42B004E97A824D3ABE1BE965EE1C02C9-->  <ISCENTRALLYMAINTAINED><![CDATA[Y]]></ISCENTRALLYMAINTAINED>
<!--42B004E97A824D3ABE1BE965EE1C02C9-->  <FIELDLENGTH><![CDATA[32]]></FIELDLENGTH>
<!--42B004E97A824D3ABE1BE965EE1C02C9-->  <ISMANDATORY><![CDATA[N]]></ISMANDATORY>
<!--42B004E97A824D3ABE1BE965EE1C02C9-->  <ISRANGE><![CDATA[N]]></ISRANGE>
<!--42B004E97A824D3ABE1BE965EE1C02C9-->  <AD_ELEMENT_ID><![CDATA[294]]></AD_ELEMENT_ID>
<!--42B004E97A824D3ABE1BE965EE1C02C9--></AD_PROCESS_PARA>

<!--4FEE0D5CD6164A6D8E1D7E7083B7C852--><AD_PROCESS_PARA>
<!--4FEE0D5CD6164A6D8E1D7E7083B7C852-->  <AD_PROCESS_PARA_ID><![CDATA[4FEE0D5CD6164A6D8E1D7E7083B7C852]]></AD_PROCESS_PARA_ID>
<!--4FEE0D5CD6164A6D8E1D7E7083B7C852-->  <AD_CLIENT_ID><![CDATA[0]]></AD_CLIENT_ID>
<!--4FEE0D5CD6164A6D8E1D7E7083B7C852-->  <AD_ORG_ID><![CDATA[0]]></AD_ORG_ID>
<!--4FEE0D5CD6164A6D8E1D7E7083B7C852-->  <ISACTIVE><![CDATA[Y]]></ISACTIVE>
<!--4FEE0D5CD6164A6D8E1D7E7083B7C852-->  <NAME><![CDATA[Client]]></NAME>
<!--4FEE0D5CD6164A6D8E1D7E7083B7C852-->  <DESCRIPTION><![CDATA[Client for this installation.]]></DESCRIPTION>
<!--4FEE0D5CD6164A6D8E1D7E7083B7C852-->  <HELP><![CDATA[A Client is a company or a legal entity. You cannot share data between Clients.]]></HELP>
<!--4FEE0D5CD6164A6D8E1D7E7083B7C852-->  <AD_PROCESS_ID><![CDATA[303A9E52AE9046EDAAC23DD6D91828B8]]></AD_PROCESS_ID>
<!--4FEE0D5CD6164A6D8E1D7E7083B7C852-->  <SEQNO><![CDATA[10]]></SEQNO>
<!--4FEE0D5CD6164A6D8E1D7E7083B7C852-->  <AD_REFERENCE_ID><![CDATA[19]]></AD_REFERENCE_ID>
<!--4FEE0D5CD6164A6D8E1D7E7083B7C852-->  <AD_VAL_RULE_ID><![CDATA[116]]></AD_VAL_RULE_ID>
<!--4FEE0D5CD6164A6D8E1D7E7083B7C852-->  <COLUMNNAME><![CDATA[AD_CLIENT_ID]]></COLUMNNAME>
<!--4FEE0D5CD6164A6D8E1D7E7083B7C852-->  <ISCENTRALLYMAINTAINED><![CDATA[Y]]></ISCENTRALLYMAINTAINED>
<!--4FEE0D5CD6164A6D8E1D7E7083B7C852-->  <FIELDLENGTH><![CDATA[32]]></FIELDLENGTH>
<!--4FEE0D5CD6164A6D8E1D7E7083B7C852-->  <ISMANDATORY><![CDATA[Y]]></ISMANDATORY>
<!--4FEE0D5CD6164A6D8E1D7E7083B7C852-->  <ISRANGE><![CDATA[N]]></ISRANGE>
<!--4FEE0D5CD6164A6D8E1D7E7083B7C852-->  <AD_ELEMENT_ID><![CDATA[102]]></AD_ELEMENT_ID>
<!--4FEE0D5CD6164A6D8E1D7E7083B7C852--></AD_PROCESS_PARA>

<!--55B17FCD7E2F420B83F3D2D5581345F3--><AD_PROCESS_PARA>
<!--55B17FCD7E2F420B83F3D2D5581345F3-->  <AD_PROCESS_PARA_ID><![CDATA[55B17FCD7E2F420B83F3D2D5581345F3]]></AD_PROCESS_PARA_ID>
<!--55B17FCD7E2F420B83F3D2D5581345F3-->  <AD_CLIENT_ID><![CDATA[0]]></AD_CLIENT_ID>
<!--55B17FCD7E2F420B83F3D2D5581345F3-->  <AD_ORG_ID><![CDATA[0]]></AD_ORG_ID>
<!--55B17FCD7E2F420B83F3D2D5581345F3-->  <ISACTIVE><![CDATA[Y]]></ISACTIVE>
<!--55B17FCD7E2F420B83F3D2D5581345F3-->  <NAME><![CDATA[Shift]]></NAME>
<!--55B17FCD7E2F420B83F3D2D5581345F3-->  <AD_PROCESS_ID><![CDATA[4A6B6F8C719049AEAA7E266B6417E0E8]]></AD_PROCESS_ID>
<!--55B17FCD7E2F420B83F3D2D5581345F3-->  <SEQNO><![CDATA[10]]></SEQNO>
<!--55B17FCD7E2F420B83F3D2D5581345F3-->  <AD_REFERENCE_ID><![CDATA[18]]></AD_REFERENCE_ID>
<!--55B17FCD7E2F420B83F3D2D5581345F3-->  <AD_REFERENCE_VALUE_ID><![CDATA[7EB743AA6E0F4A93B3C7712CE44FF16A]]></AD_REFERENCE_VALUE_ID>
<!--55B17FCD7E2F420B83F3D2D5581345F3-->  <COLUMNNAME><![CDATA[TA_Shift_ID]]></COLUMNNAME>
<!--55B17FCD7E2F420B83F3D2D5581345F3-->  <ISCENTRALLYMAINTAINED><![CDATA[Y]]></ISCENTRALLYMAINTAINED>
<!--55B17FCD7E2F420B83F3D2D5581345F3-->  <FIELDLENGTH><![CDATA[0]]></FIELDLENGTH>
<!--55B17FCD7E2F420B83F3D2D5581345F3-->  <ISMANDATORY><![CDATA[Y]]></ISMANDATORY>
<!--55B17FCD7E2F420B83F3D2D5581345F3-->  <ISRANGE><![CDATA[N]]></ISRANGE>
<!--55B17FCD7E2F420B83F3D2D5581345F3-->  <AD_ELEMENT_ID><![CDATA[AA7ADF2047AC4D8294EF0FBFC91C1CA0]]></AD_ELEMENT_ID>
<!--55B17FCD7E2F420B83F3D2D5581345F3--></AD_PROCESS_PARA>

<!--59AB208406384C5E95FD5D5DED7F5212--><AD_PROCESS_PARA>
<!--59AB208406384C5E95FD5D5DED7F5212-->  <AD_PROCESS_PARA_ID><![CDATA[59AB208406384C5E95FD5D5DED7F5212]]></AD_PROCESS_PARA_ID>
<!--59AB208406384C5E95FD5D5DED7F5212-->  <AD_CLIENT_ID><![CDATA[0]]></AD_CLIENT_ID>
<!--59AB208406384C5E95FD5D5DED7F5212-->  <AD_ORG_ID><![CDATA[0]]></AD_ORG_ID>
<!--59AB208406384C5E95FD5D5DED7F5212-->  <ISACTIVE><![CDATA[Y]]></ISACTIVE>
<!--59AB208406384C5E95FD5D5DED7F5212-->  <NAME><![CDATA[Starting Date]]></NAME>
<!--59AB208406384C5E95FD5D5DED7F5212-->  <DESCRIPTION><![CDATA[A parameter stating when a specified request will begin.]]></DESCRIPTION>
<!--59AB208406384C5E95FD5D5DED7F5212-->  <HELP><![CDATA[A parameter stating when a specified request will begin.]]></HELP>
<!--59AB208406384C5E95FD5D5DED7F5212-->  <AD_PROCESS_ID><![CDATA[303A9E52AE9046EDAAC23DD6D91828B8]]></AD_PROCESS_ID>
<!--59AB208406384C5E95FD5D5DED7F5212-->  <SEQNO><![CDATA[20]]></SEQNO>
<!--59AB208406384C5E95FD5D5DED7F5212-->  <AD_REFERENCE_ID><![CDATA[15]]></AD_REFERENCE_ID>
<!--59AB208406384C5E95FD5D5DED7F5212-->  <COLUMNNAME><![CDATA[STARTDATE]]></COLUMNNAME>
<!--59AB208406384C5E95FD5D5DED7F5212-->  <ISCENTRALLYMAINTAINED><![CDATA[Y]]></ISCENTRALLYMAINTAINED>
<!--59AB208406384C5E95FD5D5DED7F5212-->  <FIELDLENGTH><![CDATA[32]]></FIELDLENGTH>
<!--59AB208406384C5E95FD5D5DED7F5212-->  <ISMANDATORY><![CDATA[N]]></ISMANDATORY>
<!--59AB208406384C5E95FD5D5DED7F5212-->  <ISRANGE><![CDATA[N]]></ISRANGE>
<!--59AB208406384C5E95FD5D5DED7F5212-->  <AD_ELEMENT_ID><![CDATA[574]]></AD_ELEMENT_ID>
<!--59AB208406384C5E95FD5D5DED7F5212--></AD_PROCESS_PARA>

<!--6AB17031067645F3A80576BCF204EABC--><AD_PROCESS_PARA>
<!--6AB17031067645F3A80576BCF204EABC-->  <AD_PROCESS_PARA_ID><![CDATA[6AB17031067645F3A80576BCF204EABC]]></AD_PROCESS_PARA_ID>
<!--6AB17031067645F3A80576BCF204EABC-->  <AD_CLIENT_ID><![CDATA[0]]></AD_CLIENT_ID>
<!--6AB17031067645F3A80576BCF204EABC-->  <AD_ORG_ID><![CDATA[0]]></AD_ORG_ID>
<!--6AB17031067645F3A80576BCF204EABC-->  <ISACTIVE><![CDATA[Y]]></ISACTIVE>
<!--6AB17031067645F3A80576BCF204EABC-->  <NAME><![CDATA[Ending Date]]></NAME>
<!--6AB17031067645F3A80576BCF204EABC-->  <DESCRIPTION><![CDATA[A parameter stating when a specified request will end.]]></DESCRIPTION>
<!--6AB17031067645F3A80576BCF204EABC-->  <HELP><![CDATA[The End Date indicates the last date in this range.]]></HELP>
<!--6AB17031067645F3A80576BCF204EABC-->  <AD_PROCESS_ID><![CDATA[4A81E29CC06E4D169A2E37F9053250F3]]></AD_PROCESS_ID>
<!--6AB17031067645F3A80576BCF204EABC-->  <SEQNO><![CDATA[30]]></SEQNO>
<!--6AB17031067645F3A80576BCF204EABC-->  <AD_REFERENCE_ID><![CDATA[15]]></AD_REFERENCE_ID>
<!--6AB17031067645F3A80576BCF204EABC-->  <COLUMNNAME><![CDATA[ENDDATE]]></COLUMNNAME>
<!--6AB17031067645F3A80576BCF204EABC-->  <ISCENTRALLYMAINTAINED><![CDATA[Y]]></ISCENTRALLYMAINTAINED>
<!--6AB17031067645F3A80576BCF204EABC-->  <FIELDLENGTH><![CDATA[32]]></FIELDLENGTH>
<!--6AB17031067645F3A80576BCF204EABC-->  <ISMANDATORY><![CDATA[N]]></ISMANDATORY>
<!--6AB17031067645F3A80576BCF204EABC-->  <ISRANGE><![CDATA[N]]></ISRANGE>
<!--6AB17031067645F3A80576BCF204EABC-->  <AD_ELEMENT_ID><![CDATA[294]]></AD_ELEMENT_ID>
<!--6AB17031067645F3A80576BCF204EABC--></AD_PROCESS_PARA>

<!--7A59AEB852634D4A9B982FCBA5454DF1--><AD_PROCESS_PARA>
<!--7A59AEB852634D4A9B982FCBA5454DF1-->  <AD_PROCESS_PARA_ID><![CDATA[7A59AEB852634D4A9B982FCBA5454DF1]]></AD_PROCESS_PARA_ID>
<!--7A59AEB852634D4A9B982FCBA5454DF1-->  <AD_CLIENT_ID><![CDATA[0]]></AD_CLIENT_ID>
<!--7A59AEB852634D4A9B982FCBA5454DF1-->  <AD_ORG_ID><![CDATA[0]]></AD_ORG_ID>
<!--7A59AEB852634D4A9B982FCBA5454DF1-->  <ISACTIVE><![CDATA[Y]]></ISACTIVE>
<!--7A59AEB852634D4A9B982FCBA5454DF1-->  <NAME><![CDATA[Organization]]></NAME>
<!--7A59AEB852634D4A9B982FCBA5454DF1-->  <DESCRIPTION><![CDATA[Organizational entity within client]]></DESCRIPTION>
<!--7A59AEB852634D4A9B982FCBA5454DF1-->  <HELP><![CDATA[An organization is a unit of your client or legal entity - examples are store, department. You can share data between organizations.]]></HELP>
<!--7A59AEB852634D4A9B982FCBA5454DF1-->  <AD_PROCESS_ID><![CDATA[8722C6EB947C4597AE913430DD84C9C3]]></AD_PROCESS_ID>
<!--7A59AEB852634D4A9B982FCBA5454DF1-->  <SEQNO><![CDATA[15]]></SEQNO>
<!--7A59AEB852634D4A9B982FCBA5454DF1-->  <AD_REFERENCE_ID><![CDATA[19]]></AD_REFERENCE_ID>
<!--7A59AEB852634D4A9B982FCBA5454DF1-->  <COLUMNNAME><![CDATA[ad_org_id]]></COLUMNNAME>
<!--7A59AEB852634D4A9B982FCBA5454DF1-->  <ISCENTRALLYMAINTAINED><![CDATA[Y]]></ISCENTRALLYMAINTAINED>
<!--7A59AEB852634D4A9B982FCBA5454DF1-->  <FIELDLENGTH><![CDATA[32]]></FIELDLENGTH>
<!--7A59AEB852634D4A9B982FCBA5454DF1-->  <ISMANDATORY><![CDATA[N]]></ISMANDATORY>
<!--7A59AEB852634D4A9B982FCBA5454DF1-->  <ISRANGE><![CDATA[N]]></ISRANGE>
<!--7A59AEB852634D4A9B982FCBA5454DF1-->  <AD_ELEMENT_ID><![CDATA[113]]></AD_ELEMENT_ID>
<!--7A59AEB852634D4A9B982FCBA5454DF1--></AD_PROCESS_PARA>

<!--7B7B64414A4C4F20AC1CDBE2DB398EBD--><AD_PROCESS_PARA>
<!--7B7B64414A4C4F20AC1CDBE2DB398EBD-->  <AD_PROCESS_PARA_ID><![CDATA[7B7B64414A4C4F20AC1CDBE2DB398EBD]]></AD_PROCESS_PARA_ID>
<!--7B7B64414A4C4F20AC1CDBE2DB398EBD-->  <AD_CLIENT_ID><![CDATA[0]]></AD_CLIENT_ID>
<!--7B7B64414A4C4F20AC1CDBE2DB398EBD-->  <AD_ORG_ID><![CDATA[0]]></AD_ORG_ID>
<!--7B7B64414A4C4F20AC1CDBE2DB398EBD-->  <ISACTIVE><![CDATA[Y]]></ISACTIVE>
<!--7B7B64414A4C4F20AC1CDBE2DB398EBD-->  <NAME><![CDATA[Output type]]></NAME>
<!--7B7B64414A4C4F20AC1CDBE2DB398EBD-->  <HELP><![CDATA[Defines the output format type from the available list.]]></HELP>
<!--7B7B64414A4C4F20AC1CDBE2DB398EBD-->  <AD_PROCESS_ID><![CDATA[303A9E52AE9046EDAAC23DD6D91828B8]]></AD_PROCESS_ID>
<!--7B7B64414A4C4F20AC1CDBE2DB398EBD-->  <SEQNO><![CDATA[50]]></SEQNO>
<!--7B7B64414A4C4F20AC1CDBE2DB398EBD-->  <AD_REFERENCE_ID><![CDATA[17]]></AD_REFERENCE_ID>
<!--7B7B64414A4C4F20AC1CDBE2DB398EBD-->  <AD_REFERENCE_VALUE_ID><![CDATA[800104]]></AD_REFERENCE_VALUE_ID>
<!--7B7B64414A4C4F20AC1CDBE2DB398EBD-->  <COLUMNNAME><![CDATA[outputType]]></COLUMNNAME>
<!--7B7B64414A4C4F20AC1CDBE2DB398EBD-->  <ISCENTRALLYMAINTAINED><![CDATA[Y]]></ISCENTRALLYMAINTAINED>
<!--7B7B64414A4C4F20AC1CDBE2DB398EBD-->  <FIELDLENGTH><![CDATA[32]]></FIELDLENGTH>
<!--7B7B64414A4C4F20AC1CDBE2DB398EBD-->  <ISMANDATORY><![CDATA[Y]]></ISMANDATORY>
<!--7B7B64414A4C4F20AC1CDBE2DB398EBD-->  <ISRANGE><![CDATA[N]]></ISRANGE>
<!--7B7B64414A4C4F20AC1CDBE2DB398EBD-->  <DEFAULTVALUE><![CDATA[pdf]]></DEFAULTVALUE>
<!--7B7B64414A4C4F20AC1CDBE2DB398EBD-->  <AD_ELEMENT_ID><![CDATA[800812]]></AD_ELEMENT_ID>
<!--7B7B64414A4C4F20AC1CDBE2DB398EBD--></AD_PROCESS_PARA>

<!--91987E21C71642E2BEACE165E46D412E--><AD_PROCESS_PARA>
<!--91987E21C71642E2BEACE165E46D412E-->  <AD_PROCESS_PARA_ID><![CDATA[91987E21C71642E2BEACE165E46D412E]]></AD_PROCESS_PARA_ID>
<!--91987E21C71642E2BEACE165E46D412E-->  <AD_CLIENT_ID><![CDATA[0]]></AD_CLIENT_ID>
<!--91987E21C71642E2BEACE165E46D412E-->  <AD_ORG_ID><![CDATA[0]]></AD_ORG_ID>
<!--91987E21C71642E2BEACE165E46D412E-->  <ISACTIVE><![CDATA[Y]]></ISACTIVE>
<!--91987E21C71642E2BEACE165E46D412E-->  <NAME><![CDATA[Client]]></NAME>
<!--91987E21C71642E2BEACE165E46D412E-->  <DESCRIPTION><![CDATA[Client for this installation.]]></DESCRIPTION>
<!--91987E21C71642E2BEACE165E46D412E-->  <HELP><![CDATA[A Client is a company or a legal entity. You cannot share data between Clients.]]></HELP>
<!--91987E21C71642E2BEACE165E46D412E-->  <AD_PROCESS_ID><![CDATA[4A81E29CC06E4D169A2E37F9053250F3]]></AD_PROCESS_ID>
<!--91987E21C71642E2BEACE165E46D412E-->  <SEQNO><![CDATA[10]]></SEQNO>
<!--91987E21C71642E2BEACE165E46D412E-->  <AD_REFERENCE_ID><![CDATA[19]]></AD_REFERENCE_ID>
<!--91987E21C71642E2BEACE165E46D412E-->  <AD_VAL_RULE_ID><![CDATA[116]]></AD_VAL_RULE_ID>
<!--91987E21C71642E2BEACE165E46D412E-->  <COLUMNNAME><![CDATA[AD_CLIENT_ID]]></COLUMNNAME>
<!--91987E21C71642E2BEACE165E46D412E-->  <ISCENTRALLYMAINTAINED><![CDATA[Y]]></ISCENTRALLYMAINTAINED>
<!--91987E21C71642E2BEACE165E46D412E-->  <FIELDLENGTH><![CDATA[32]]></FIELDLENGTH>
<!--91987E21C71642E2BEACE165E46D412E-->  <ISMANDATORY><![CDATA[Y]]></ISMANDATORY>
<!--91987E21C71642E2BEACE165E46D412E-->  <ISRANGE><![CDATA[N]]></ISRANGE>
<!--91987E21C71642E2BEACE165E46D412E-->  <AD_ELEMENT_ID><![CDATA[102]]></AD_ELEMENT_ID>
<!--91987E21C71642E2BEACE165E46D412E--></AD_PROCESS_PARA>

<!--979E5FFB9A8146CF849E7174B60F8923--><AD_PROCESS_PARA>
<!--979E5FFB9A8146CF849E7174B60F8923-->  <AD_PROCESS_PARA_ID><![CDATA[979E5FFB9A8146CF849E7174B60F8923]]></AD_PROCESS_PARA_ID>
<!--979E5FFB9A8146CF849E7174B60F8923-->  <AD_CLIENT_ID><![CDATA[0]]></AD_CLIENT_ID>
<!--979E5FFB9A8146CF849E7174B60F8923-->  <AD_ORG_ID><![CDATA[0]]></AD_ORG_ID>
<!--979E5FFB9A8146CF849E7174B60F8923-->  <ISACTIVE><![CDATA[Y]]></ISACTIVE>
<!--979E5FFB9A8146CF849E7174B60F8923-->  <NAME><![CDATA[Ending Date]]></NAME>
<!--979E5FFB9A8146CF849E7174B60F8923-->  <DESCRIPTION><![CDATA[A parameter stating when a specified request will end.]]></DESCRIPTION>
<!--979E5FFB9A8146CF849E7174B60F8923-->  <HELP><![CDATA[The End Date indicates the last date in this range.]]></HELP>
<!--979E5FFB9A8146CF849E7174B60F8923-->  <AD_PROCESS_ID><![CDATA[6445135367544A329CFEC7506B7475FD]]></AD_PROCESS_ID>
<!--979E5FFB9A8146CF849E7174B60F8923-->  <SEQNO><![CDATA[20]]></SEQNO>
<!--979E5FFB9A8146CF849E7174B60F8923-->  <AD_REFERENCE_ID><![CDATA[15]]></AD_REFERENCE_ID>
<!--979E5FFB9A8146CF849E7174B60F8923-->  <COLUMNNAME><![CDATA[EndDate]]></COLUMNNAME>
<!--979E5FFB9A8146CF849E7174B60F8923-->  <ISCENTRALLYMAINTAINED><![CDATA[Y]]></ISCENTRALLYMAINTAINED>
<!--979E5FFB9A8146CF849E7174B60F8923-->  <FIELDLENGTH><![CDATA[32]]></FIELDLENGTH>
<!--979E5FFB9A8146CF849E7174B60F8923-->  <ISMANDATORY><![CDATA[N]]></ISMANDATORY>
<!--979E5FFB9A8146CF849E7174B60F8923-->  <ISRANGE><![CDATA[N]]></ISRANGE>
<!--979E5FFB9A8146CF849E7174B60F8923-->  <AD_ELEMENT_ID><![CDATA[294]]></AD_ELEMENT_ID>
<!--979E5FFB9A8146CF849E7174B60F8923--></AD_PROCESS_PARA>

<!--99C65CC24BEE49679905688AFA163DF8--><AD_PROCESS_PARA>
<!--99C65CC24BEE49679905688AFA163DF8-->  <AD_PROCESS_PARA_ID><![CDATA[99C65CC24BEE49679905688AFA163DF8]]></AD_PROCESS_PARA_ID>
<!--99C65CC24BEE49679905688AFA163DF8-->  <AD_CLIENT_ID><![CDATA[0]]></AD_CLIENT_ID>
<!--99C65CC24BEE49679905688AFA163DF8-->  <AD_ORG_ID><![CDATA[0]]></AD_ORG_ID>
<!--99C65CC24BEE49679905688AFA163DF8-->  <ISACTIVE><![CDATA[Y]]></ISACTIVE>
<!--99C65CC24BEE49679905688AFA163DF8-->  <NAME><![CDATA[Output type]]></NAME>
<!--99C65CC24BEE49679905688AFA163DF8-->  <HELP><![CDATA[Defines the output format type from the available list.]]></HELP>
<!--99C65CC24BEE49679905688AFA163DF8-->  <AD_PROCESS_ID><![CDATA[8722C6EB947C4597AE913430DD84C9C3]]></AD_PROCESS_ID>
<!--99C65CC24BEE49679905688AFA163DF8-->  <SEQNO><![CDATA[50]]></SEQNO>
<!--99C65CC24BEE49679905688AFA163DF8-->  <AD_REFERENCE_ID><![CDATA[17]]></AD_REFERENCE_ID>
<!--99C65CC24BEE49679905688AFA163DF8-->  <AD_REFERENCE_VALUE_ID><![CDATA[800104]]></AD_REFERENCE_VALUE_ID>
<!--99C65CC24BEE49679905688AFA163DF8-->  <COLUMNNAME><![CDATA[outputType]]></COLUMNNAME>
<!--99C65CC24BEE49679905688AFA163DF8-->  <ISCENTRALLYMAINTAINED><![CDATA[Y]]></ISCENTRALLYMAINTAINED>
<!--99C65CC24BEE49679905688AFA163DF8-->  <FIELDLENGTH><![CDATA[32]]></FIELDLENGTH>
<!--99C65CC24BEE49679905688AFA163DF8-->  <ISMANDATORY><![CDATA[Y]]></ISMANDATORY>
<!--99C65CC24BEE49679905688AFA163DF8-->  <ISRANGE><![CDATA[N]]></ISRANGE>
<!--99C65CC24BEE49679905688AFA163DF8-->  <DEFAULTVALUE><![CDATA[pdf]]></DEFAULTVALUE>
<!--99C65CC24BEE49679905688AFA163DF8-->  <AD_ELEMENT_ID><![CDATA[800812]]></AD_ELEMENT_ID>
<!--99C65CC24BEE49679905688AFA163DF8--></AD_PROCESS_PARA>

<!--9B1451BEA282422BAC4788B6035AACE6--><AD_PROCESS_PARA>
<!--9B1451BEA282422BAC4788B6035AACE6-->  <AD_PROCESS_PARA_ID><![CDATA[9B1451BEA282422BAC4788B6035AACE6]]></AD_PROCESS_PARA_ID>
<!--9B1451BEA282422BAC4788B6035AACE6-->  <AD_CLIENT_ID><![CDATA[0]]></AD_CLIENT_ID>
<!--9B1451BEA282422BAC4788B6035AACE6-->  <AD_ORG_ID><![CDATA[0]]></AD_ORG_ID>
<!--9B1451BEA282422BAC4788B6035AACE6-->  <ISACTIVE><![CDATA[Y]]></ISACTIVE>
<!--9B1451BEA282422BAC4788B6035AACE6-->  <NAME><![CDATA[Output type]]></NAME>
<!--9B1451BEA282422BAC4788B6035AACE6-->  <HELP><![CDATA[Defines the output format type from the available list.]]></HELP>
<!--9B1451BEA282422BAC4788B6035AACE6-->  <AD_PROCESS_ID><![CDATA[4A81E29CC06E4D169A2E37F9053250F3]]></AD_PROCESS_ID>
<!--9B1451BEA282422BAC4788B6035AACE6-->  <SEQNO><![CDATA[50]]></SEQNO>
<!--9B1451BEA282422BAC4788B6035AACE6-->  <AD_REFERENCE_ID><![CDATA[17]]></AD_REFERENCE_ID>
<!--9B1451BEA282422BAC4788B6035AACE6-->  <AD_REFERENCE_VALUE_ID><![CDATA[800104]]></AD_REFERENCE_VALUE_ID>
<!--9B1451BEA282422BAC4788B6035AACE6-->  <COLUMNNAME><![CDATA[outputType]]></COLUMNNAME>
<!--9B1451BEA282422BAC4788B6035AACE6-->  <ISCENTRALLYMAINTAINED><![CDATA[Y]]></ISCENTRALLYMAINTAINED>
<!--9B1451BEA282422BAC4788B6035AACE6-->  <FIELDLENGTH><![CDATA[32]]></FIELDLENGTH>
<!--9B1451BEA282422BAC4788B6035AACE6-->  <ISMANDATORY><![CDATA[Y]]></ISMANDATORY>
<!--9B1451BEA282422BAC4788B6035AACE6-->  <ISRANGE><![CDATA[N]]></ISRANGE>
<!--9B1451BEA282422BAC4788B6035AACE6-->  <DEFAULTVALUE><![CDATA[pdf]]></DEFAULTVALUE>
<!--9B1451BEA282422BAC4788B6035AACE6-->  <AD_ELEMENT_ID><![CDATA[800812]]></AD_ELEMENT_ID>
<!--9B1451BEA282422BAC4788B6035AACE6--></AD_PROCESS_PARA>

<!--9D81988782ED40CE880B2BA885C6C65B--><AD_PROCESS_PARA>
<!--9D81988782ED40CE880B2BA885C6C65B-->  <AD_PROCESS_PARA_ID><![CDATA[9D81988782ED40CE880B2BA885C6C65B]]></AD_PROCESS_PARA_ID>
<!--9D81988782ED40CE880B2BA885C6C65B-->  <AD_CLIENT_ID><![CDATA[0]]></AD_CLIENT_ID>
<!--9D81988782ED40CE880B2BA885C6C65B-->  <AD_ORG_ID><![CDATA[0]]></AD_ORG_ID>
<!--9D81988782ED40CE880B2BA885C6C65B-->  <ISACTIVE><![CDATA[Y]]></ISACTIVE>
<!--9D81988782ED40CE880B2BA885C6C65B-->  <NAME><![CDATA[Check In Status]]></NAME>
<!--9D81988782ED40CE880B2BA885C6C65B-->  <AD_PROCESS_ID><![CDATA[6445135367544A329CFEC7506B7475FD]]></AD_PROCESS_ID>
<!--9D81988782ED40CE880B2BA885C6C65B-->  <SEQNO><![CDATA[40]]></SEQNO>
<!--9D81988782ED40CE880B2BA885C6C65B-->  <AD_REFERENCE_ID><![CDATA[17]]></AD_REFERENCE_ID>
<!--9D81988782ED40CE880B2BA885C6C65B-->  <AD_REFERENCE_VALUE_ID><![CDATA[30A96D1AC9014C66B5F73B1C2A7D7437]]></AD_REFERENCE_VALUE_ID>
<!--9D81988782ED40CE880B2BA885C6C65B-->  <COLUMNNAME><![CDATA[checkin_status]]></COLUMNNAME>
<!--9D81988782ED40CE880B2BA885C6C65B-->  <ISCENTRALLYMAINTAINED><![CDATA[Y]]></ISCENTRALLYMAINTAINED>
<!--9D81988782ED40CE880B2BA885C6C65B-->  <FIELDLENGTH><![CDATA[32]]></FIELDLENGTH>
<!--9D81988782ED40CE880B2BA885C6C65B-->  <ISMANDATORY><![CDATA[N]]></ISMANDATORY>
<!--9D81988782ED40CE880B2BA885C6C65B-->  <ISRANGE><![CDATA[N]]></ISRANGE>
<!--9D81988782ED40CE880B2BA885C6C65B-->  <AD_ELEMENT_ID><![CDATA[E722E60F7255427F99B9EB3FA7BB93A6]]></AD_ELEMENT_ID>
<!--9D81988782ED40CE880B2BA885C6C65B--></AD_PROCESS_PARA>

<!--B19C46B0EBFA4C66A81DCEF9977A6A28--><AD_PROCESS_PARA>
<!--B19C46B0EBFA4C66A81DCEF9977A6A28-->  <AD_PROCESS_PARA_ID><![CDATA[B19C46B0EBFA4C66A81DCEF9977A6A28]]></AD_PROCESS_PARA_ID>
<!--B19C46B0EBFA4C66A81DCEF9977A6A28-->  <AD_CLIENT_ID><![CDATA[0]]></AD_CLIENT_ID>
<!--B19C46B0EBFA4C66A81DCEF9977A6A28-->  <AD_ORG_ID><![CDATA[0]]></AD_ORG_ID>
<!--B19C46B0EBFA4C66A81DCEF9977A6A28-->  <ISACTIVE><![CDATA[Y]]></ISACTIVE>
<!--B19C46B0EBFA4C66A81DCEF9977A6A28-->  <NAME><![CDATA[Starting Date]]></NAME>
<!--B19C46B0EBFA4C66A81DCEF9977A6A28-->  <DESCRIPTION><![CDATA[A parameter stating when a specified request will begin.]]></DESCRIPTION>
<!--B19C46B0EBFA4C66A81DCEF9977A6A28-->  <HELP><![CDATA[A parameter stating when a specified request will begin.]]></HELP>
<!--B19C46B0EBFA4C66A81DCEF9977A6A28-->  <AD_PROCESS_ID><![CDATA[4A81E29CC06E4D169A2E37F9053250F3]]></AD_PROCESS_ID>
<!--B19C46B0EBFA4C66A81DCEF9977A6A28-->  <SEQNO><![CDATA[20]]></SEQNO>
<!--B19C46B0EBFA4C66A81DCEF9977A6A28-->  <AD_REFERENCE_ID><![CDATA[15]]></AD_REFERENCE_ID>
<!--B19C46B0EBFA4C66A81DCEF9977A6A28-->  <COLUMNNAME><![CDATA[STARTDATE]]></COLUMNNAME>
<!--B19C46B0EBFA4C66A81DCEF9977A6A28-->  <ISCENTRALLYMAINTAINED><![CDATA[Y]]></ISCENTRALLYMAINTAINED>
<!--B19C46B0EBFA4C66A81DCEF9977A6A28-->  <FIELDLENGTH><![CDATA[32]]></FIELDLENGTH>
<!--B19C46B0EBFA4C66A81DCEF9977A6A28-->  <ISMANDATORY><![CDATA[N]]></ISMANDATORY>
<!--B19C46B0EBFA4C66A81DCEF9977A6A28-->  <ISRANGE><![CDATA[N]]></ISRANGE>
<!--B19C46B0EBFA4C66A81DCEF9977A6A28-->  <AD_ELEMENT_ID><![CDATA[574]]></AD_ELEMENT_ID>
<!--B19C46B0EBFA4C66A81DCEF9977A6A28--></AD_PROCESS_PARA>

<!--BB6FC05A2A014B58B214F8A0D757754A--><AD_PROCESS_PARA>
<!--BB6FC05A2A014B58B214F8A0D757754A-->  <AD_PROCESS_PARA_ID><![CDATA[BB6FC05A2A014B58B214F8A0D757754A]]></AD_PROCESS_PARA_ID>
<!--BB6FC05A2A014B58B214F8A0D757754A-->  <AD_CLIENT_ID><![CDATA[0]]></AD_CLIENT_ID>
<!--BB6FC05A2A014B58B214F8A0D757754A-->  <AD_ORG_ID><![CDATA[0]]></AD_ORG_ID>
<!--BB6FC05A2A014B58B214F8A0D757754A-->  <ISACTIVE><![CDATA[Y]]></ISACTIVE>
<!--BB6FC05A2A014B58B214F8A0D757754A-->  <NAME><![CDATA[Department]]></NAME>
<!--BB6FC05A2A014B58B214F8A0D757754A-->  <AD_PROCESS_ID><![CDATA[303A9E52AE9046EDAAC23DD6D91828B8]]></AD_PROCESS_ID>
<!--BB6FC05A2A014B58B214F8A0D757754A-->  <SEQNO><![CDATA[40]]></SEQNO>
<!--BB6FC05A2A014B58B214F8A0D757754A-->  <AD_REFERENCE_ID><![CDATA[18]]></AD_REFERENCE_ID>
<!--BB6FC05A2A014B58B214F8A0D757754A-->  <AD_REFERENCE_VALUE_ID><![CDATA[7454C1A032C5402FA3D3A0ABA71E1786]]></AD_REFERENCE_VALUE_ID>
<!--BB6FC05A2A014B58B214F8A0D757754A-->  <COLUMNNAME><![CDATA[EM_HRIS_C_BP_DEPARTMENT_ID]]></COLUMNNAME>
<!--BB6FC05A2A014B58B214F8A0D757754A-->  <ISCENTRALLYMAINTAINED><![CDATA[Y]]></ISCENTRALLYMAINTAINED>
<!--BB6FC05A2A014B58B214F8A0D757754A-->  <FIELDLENGTH><![CDATA[32]]></FIELDLENGTH>
<!--BB6FC05A2A014B58B214F8A0D757754A-->  <ISMANDATORY><![CDATA[N]]></ISMANDATORY>
<!--BB6FC05A2A014B58B214F8A0D757754A-->  <ISRANGE><![CDATA[N]]></ISRANGE>
<!--BB6FC05A2A014B58B214F8A0D757754A-->  <AD_ELEMENT_ID><![CDATA[7AC059A1473145ABA2DDFDCAEA08D90F]]></AD_ELEMENT_ID>
<!--BB6FC05A2A014B58B214F8A0D757754A--></AD_PROCESS_PARA>

<!--C1936ECA1E7E464A8284C80C6493E30B--><AD_PROCESS_PARA>
<!--C1936ECA1E7E464A8284C80C6493E30B-->  <AD_PROCESS_PARA_ID><![CDATA[C1936ECA1E7E464A8284C80C6493E30B]]></AD_PROCESS_PARA_ID>
<!--C1936ECA1E7E464A8284C80C6493E30B-->  <AD_CLIENT_ID><![CDATA[0]]></AD_CLIENT_ID>
<!--C1936ECA1E7E464A8284C80C6493E30B-->  <AD_ORG_ID><![CDATA[0]]></AD_ORG_ID>
<!--C1936ECA1E7E464A8284C80C6493E30B-->  <ISACTIVE><![CDATA[Y]]></ISACTIVE>
<!--C1936ECA1E7E464A8284C80C6493E30B-->  <NAME><![CDATA[Department]]></NAME>
<!--C1936ECA1E7E464A8284C80C6493E30B-->  <AD_PROCESS_ID><![CDATA[4A81E29CC06E4D169A2E37F9053250F3]]></AD_PROCESS_ID>
<!--C1936ECA1E7E464A8284C80C6493E30B-->  <SEQNO><![CDATA[40]]></SEQNO>
<!--C1936ECA1E7E464A8284C80C6493E30B-->  <AD_REFERENCE_ID><![CDATA[18]]></AD_REFERENCE_ID>
<!--C1936ECA1E7E464A8284C80C6493E30B-->  <AD_REFERENCE_VALUE_ID><![CDATA[7454C1A032C5402FA3D3A0ABA71E1786]]></AD_REFERENCE_VALUE_ID>
<!--C1936ECA1E7E464A8284C80C6493E30B-->  <COLUMNNAME><![CDATA[EM_HRIS_C_BP_DEPARTMENT_ID]]></COLUMNNAME>
<!--C1936ECA1E7E464A8284C80C6493E30B-->  <ISCENTRALLYMAINTAINED><![CDATA[Y]]></ISCENTRALLYMAINTAINED>
<!--C1936ECA1E7E464A8284C80C6493E30B-->  <FIELDLENGTH><![CDATA[32]]></FIELDLENGTH>
<!--C1936ECA1E7E464A8284C80C6493E30B-->  <ISMANDATORY><![CDATA[N]]></ISMANDATORY>
<!--C1936ECA1E7E464A8284C80C6493E30B-->  <ISRANGE><![CDATA[N]]></ISRANGE>
<!--C1936ECA1E7E464A8284C80C6493E30B-->  <AD_ELEMENT_ID><![CDATA[7AC059A1473145ABA2DDFDCAEA08D90F]]></AD_ELEMENT_ID>
<!--C1936ECA1E7E464A8284C80C6493E30B--></AD_PROCESS_PARA>

<!--C9C7902F49BE4BF086AD48C9078A0C78--><AD_PROCESS_PARA>
<!--C9C7902F49BE4BF086AD48C9078A0C78-->  <AD_PROCESS_PARA_ID><![CDATA[C9C7902F49BE4BF086AD48C9078A0C78]]></AD_PROCESS_PARA_ID>
<!--C9C7902F49BE4BF086AD48C9078A0C78-->  <AD_CLIENT_ID><![CDATA[0]]></AD_CLIENT_ID>
<!--C9C7902F49BE4BF086AD48C9078A0C78-->  <AD_ORG_ID><![CDATA[0]]></AD_ORG_ID>
<!--C9C7902F49BE4BF086AD48C9078A0C78-->  <ISACTIVE><![CDATA[Y]]></ISACTIVE>
<!--C9C7902F49BE4BF086AD48C9078A0C78-->  <NAME><![CDATA[Client]]></NAME>
<!--C9C7902F49BE4BF086AD48C9078A0C78-->  <DESCRIPTION><![CDATA[Client for this installation.]]></DESCRIPTION>
<!--C9C7902F49BE4BF086AD48C9078A0C78-->  <HELP><![CDATA[A Client is a company or a legal entity. You cannot share data between Clients.]]></HELP>
<!--C9C7902F49BE4BF086AD48C9078A0C78-->  <AD_PROCESS_ID><![CDATA[8722C6EB947C4597AE913430DD84C9C3]]></AD_PROCESS_ID>
<!--C9C7902F49BE4BF086AD48C9078A0C78-->  <SEQNO><![CDATA[10]]></SEQNO>
<!--C9C7902F49BE4BF086AD48C9078A0C78-->  <AD_REFERENCE_ID><![CDATA[19]]></AD_REFERENCE_ID>
<!--C9C7902F49BE4BF086AD48C9078A0C78-->  <COLUMNNAME><![CDATA[ad_client_id]]></COLUMNNAME>
<!--C9C7902F49BE4BF086AD48C9078A0C78-->  <ISCENTRALLYMAINTAINED><![CDATA[Y]]></ISCENTRALLYMAINTAINED>
<!--C9C7902F49BE4BF086AD48C9078A0C78-->  <FIELDLENGTH><![CDATA[32]]></FIELDLENGTH>
<!--C9C7902F49BE4BF086AD48C9078A0C78-->  <ISMANDATORY><![CDATA[Y]]></ISMANDATORY>
<!--C9C7902F49BE4BF086AD48C9078A0C78-->  <ISRANGE><![CDATA[N]]></ISRANGE>
<!--C9C7902F49BE4BF086AD48C9078A0C78-->  <AD_ELEMENT_ID><![CDATA[102]]></AD_ELEMENT_ID>
<!--C9C7902F49BE4BF086AD48C9078A0C78--></AD_PROCESS_PARA>

<!--D0DA723ABB744F3A81E60E1A1E98688D--><AD_PROCESS_PARA>
<!--D0DA723ABB744F3A81E60E1A1E98688D-->  <AD_PROCESS_PARA_ID><![CDATA[D0DA723ABB744F3A81E60E1A1E98688D]]></AD_PROCESS_PARA_ID>
<!--D0DA723ABB744F3A81E60E1A1E98688D-->  <AD_CLIENT_ID><![CDATA[0]]></AD_CLIENT_ID>
<!--D0DA723ABB744F3A81E60E1A1E98688D-->  <AD_ORG_ID><![CDATA[0]]></AD_ORG_ID>
<!--D0DA723ABB744F3A81E60E1A1E98688D-->  <ISACTIVE><![CDATA[Y]]></ISACTIVE>
<!--D0DA723ABB744F3A81E60E1A1E98688D-->  <NAME><![CDATA[Employee]]></NAME>
<!--D0DA723ABB744F3A81E60E1A1E98688D-->  <DESCRIPTION><![CDATA[Employee who work for this company]]></DESCRIPTION>
<!--D0DA723ABB744F3A81E60E1A1E98688D-->  <HELP><![CDATA[Employee who work for this company]]></HELP>
<!--D0DA723ABB744F3A81E60E1A1E98688D-->  <AD_PROCESS_ID><![CDATA[6445135367544A329CFEC7506B7475FD]]></AD_PROCESS_ID>
<!--D0DA723ABB744F3A81E60E1A1E98688D-->  <SEQNO><![CDATA[30]]></SEQNO>
<!--D0DA723ABB744F3A81E60E1A1E98688D-->  <AD_REFERENCE_ID><![CDATA[30]]></AD_REFERENCE_ID>
<!--D0DA723ABB744F3A81E60E1A1E98688D-->  <AD_REFERENCE_VALUE_ID><![CDATA[800057]]></AD_REFERENCE_VALUE_ID>
<!--D0DA723ABB744F3A81E60E1A1E98688D-->  <COLUMNNAME><![CDATA[c_bpartner_id]]></COLUMNNAME>
<!--D0DA723ABB744F3A81E60E1A1E98688D-->  <ISCENTRALLYMAINTAINED><![CDATA[Y]]></ISCENTRALLYMAINTAINED>
<!--D0DA723ABB744F3A81E60E1A1E98688D-->  <FIELDLENGTH><![CDATA[32]]></FIELDLENGTH>
<!--D0DA723ABB744F3A81E60E1A1E98688D-->  <ISMANDATORY><![CDATA[Y]]></ISMANDATORY>
<!--D0DA723ABB744F3A81E60E1A1E98688D-->  <ISRANGE><![CDATA[N]]></ISRANGE>
<!--D0DA723ABB744F3A81E60E1A1E98688D-->  <AD_ELEMENT_ID><![CDATA[0C1AF7CC23474A3E8C2C553BD1CEE47D]]></AD_ELEMENT_ID>
<!--D0DA723ABB744F3A81E60E1A1E98688D--></AD_PROCESS_PARA>

<!--E94C7D78E11C4D4B92AE397EBE38EC92--><AD_PROCESS_PARA>
<!--E94C7D78E11C4D4B92AE397EBE38EC92-->  <AD_PROCESS_PARA_ID><![CDATA[E94C7D78E11C4D4B92AE397EBE38EC92]]></AD_PROCESS_PARA_ID>
<!--E94C7D78E11C4D4B92AE397EBE38EC92-->  <AD_CLIENT_ID><![CDATA[0]]></AD_CLIENT_ID>
<!--E94C7D78E11C4D4B92AE397EBE38EC92-->  <AD_ORG_ID><![CDATA[0]]></AD_ORG_ID>
<!--E94C7D78E11C4D4B92AE397EBE38EC92-->  <ISACTIVE><![CDATA[Y]]></ISACTIVE>
<!--E94C7D78E11C4D4B92AE397EBE38EC92-->  <NAME><![CDATA[Job Title]]></NAME>
<!--E94C7D78E11C4D4B92AE397EBE38EC92-->  <AD_PROCESS_ID><![CDATA[8722C6EB947C4597AE913430DD84C9C3]]></AD_PROCESS_ID>
<!--E94C7D78E11C4D4B92AE397EBE38EC92-->  <SEQNO><![CDATA[25]]></SEQNO>
<!--E94C7D78E11C4D4B92AE397EBE38EC92-->  <AD_REFERENCE_ID><![CDATA[19]]></AD_REFERENCE_ID>
<!--E94C7D78E11C4D4B92AE397EBE38EC92-->  <COLUMNNAME><![CDATA[hris_jobtitle_id]]></COLUMNNAME>
<!--E94C7D78E11C4D4B92AE397EBE38EC92-->  <ISCENTRALLYMAINTAINED><![CDATA[Y]]></ISCENTRALLYMAINTAINED>
<!--E94C7D78E11C4D4B92AE397EBE38EC92-->  <FIELDLENGTH><![CDATA[32]]></FIELDLENGTH>
<!--E94C7D78E11C4D4B92AE397EBE38EC92-->  <ISMANDATORY><![CDATA[N]]></ISMANDATORY>
<!--E94C7D78E11C4D4B92AE397EBE38EC92-->  <ISRANGE><![CDATA[N]]></ISRANGE>
<!--E94C7D78E11C4D4B92AE397EBE38EC92-->  <AD_ELEMENT_ID><![CDATA[43C598B9B50D445E995AFB4D8CCA1F0D]]></AD_ELEMENT_ID>
<!--E94C7D78E11C4D4B92AE397EBE38EC92--></AD_PROCESS_PARA>

<!--F6CA459A6776421FB4B20171ED6C5AFC--><AD_PROCESS_PARA>
<!--F6CA459A6776421FB4B20171ED6C5AFC-->  <AD_PROCESS_PARA_ID><![CDATA[F6CA459A6776421FB4B20171ED6C5AFC]]></AD_PROCESS_PARA_ID>
<!--F6CA459A6776421FB4B20171ED6C5AFC-->  <AD_CLIENT_ID><![CDATA[0]]></AD_CLIENT_ID>
<!--F6CA459A6776421FB4B20171ED6C5AFC-->  <AD_ORG_ID><![CDATA[0]]></AD_ORG_ID>
<!--F6CA459A6776421FB4B20171ED6C5AFC-->  <ISACTIVE><![CDATA[Y]]></ISACTIVE>
<!--F6CA459A6776421FB4B20171ED6C5AFC-->  <NAME><![CDATA[Check Out Status]]></NAME>
<!--F6CA459A6776421FB4B20171ED6C5AFC-->  <AD_PROCESS_ID><![CDATA[6445135367544A329CFEC7506B7475FD]]></AD_PROCESS_ID>
<!--F6CA459A6776421FB4B20171ED6C5AFC-->  <SEQNO><![CDATA[50]]></SEQNO>
<!--F6CA459A6776421FB4B20171ED6C5AFC-->  <AD_REFERENCE_ID><![CDATA[17]]></AD_REFERENCE_ID>
<!--F6CA459A6776421FB4B20171ED6C5AFC-->  <AD_REFERENCE_VALUE_ID><![CDATA[30A96D1AC9014C66B5F73B1C2A7D7437]]></AD_REFERENCE_VALUE_ID>
<!--F6CA459A6776421FB4B20171ED6C5AFC-->  <COLUMNNAME><![CDATA[checkout_status]]></COLUMNNAME>
<!--F6CA459A6776421FB4B20171ED6C5AFC-->  <ISCENTRALLYMAINTAINED><![CDATA[Y]]></ISCENTRALLYMAINTAINED>
<!--F6CA459A6776421FB4B20171ED6C5AFC-->  <FIELDLENGTH><![CDATA[32]]></FIELDLENGTH>
<!--F6CA459A6776421FB4B20171ED6C5AFC-->  <ISMANDATORY><![CDATA[N]]></ISMANDATORY>
<!--F6CA459A6776421FB4B20171ED6C5AFC-->  <ISRANGE><![CDATA[N]]></ISRANGE>
<!--F6CA459A6776421FB4B20171ED6C5AFC-->  <AD_ELEMENT_ID><![CDATA[E848F9F2FD0C40B18706B06CE622AAD0]]></AD_ELEMENT_ID>
<!--F6CA459A6776421FB4B20171ED6C5AFC--></AD_PROCESS_PARA>

<!--FBC5BB25C6F34BC3A6551F99DD228F51--><AD_PROCESS_PARA>
<!--FBC5BB25C6F34BC3A6551F99DD228F51-->  <AD_PROCESS_PARA_ID><![CDATA[FBC5BB25C6F34BC3A6551F99DD228F51]]></AD_PROCESS_PARA_ID>
<!--FBC5BB25C6F34BC3A6551F99DD228F51-->  <AD_CLIENT_ID><![CDATA[0]]></AD_CLIENT_ID>
<!--FBC5BB25C6F34BC3A6551F99DD228F51-->  <AD_ORG_ID><![CDATA[0]]></AD_ORG_ID>
<!--FBC5BB25C6F34BC3A6551F99DD228F51-->  <ISACTIVE><![CDATA[Y]]></ISACTIVE>
<!--FBC5BB25C6F34BC3A6551F99DD228F51-->  <NAME><![CDATA[Ending Date]]></NAME>
<!--FBC5BB25C6F34BC3A6551F99DD228F51-->  <DESCRIPTION><![CDATA[A parameter stating when a specified request will end.]]></DESCRIPTION>
<!--FBC5BB25C6F34BC3A6551F99DD228F51-->  <HELP><![CDATA[The End Date indicates the last date in this range.]]></HELP>
<!--FBC5BB25C6F34BC3A6551F99DD228F51-->  <AD_PROCESS_ID><![CDATA[8722C6EB947C4597AE913430DD84C9C3]]></AD_PROCESS_ID>
<!--FBC5BB25C6F34BC3A6551F99DD228F51-->  <SEQNO><![CDATA[40]]></SEQNO>
<!--FBC5BB25C6F34BC3A6551F99DD228F51-->  <AD_REFERENCE_ID><![CDATA[15]]></AD_REFERENCE_ID>
<!--FBC5BB25C6F34BC3A6551F99DD228F51-->  <COLUMNNAME><![CDATA[enddate]]></COLUMNNAME>
<!--FBC5BB25C6F34BC3A6551F99DD228F51-->  <ISCENTRALLYMAINTAINED><![CDATA[Y]]></ISCENTRALLYMAINTAINED>
<!--FBC5BB25C6F34BC3A6551F99DD228F51-->  <FIELDLENGTH><![CDATA[32]]></FIELDLENGTH>
<!--FBC5BB25C6F34BC3A6551F99DD228F51-->  <ISMANDATORY><![CDATA[N]]></ISMANDATORY>
<!--FBC5BB25C6F34BC3A6551F99DD228F51-->  <ISRANGE><![CDATA[N]]></ISRANGE>
<!--FBC5BB25C6F34BC3A6551F99DD228F51-->  <AD_ELEMENT_ID><![CDATA[294]]></AD_ELEMENT_ID>
<!--FBC5BB25C6F34BC3A6551F99DD228F51--></AD_PROCESS_PARA>

</data>
