<?xml version="1.0" encoding="UTF-8"?>
<data>
<!--1388C5A42B77411AB1576479818964BC--><AD_PROCESS>
<!--1388C5A42B77411AB1576479818964BC-->  <AD_PROCESS_ID><![CDATA[1388C5A42B77411AB1576479818964BC]]></AD_PROCESS_ID>
<!--1388C5A42B77411AB1576479818964BC-->  <AD_CLIENT_ID><![CDATA[0]]></AD_CLIENT_ID>
<!--1388C5A42B77411AB1576479818964BC-->  <AD_ORG_ID><![CDATA[0]]></AD_ORG_ID>
<!--1388C5A42B77411AB1576479818964BC-->  <ISACTIVE><![CDATA[Y]]></ISACTIVE>
<!--1388C5A42B77411AB1576479818964BC-->  <VALUE><![CDATA[ta_report_pot_cuti]]></VALUE>
<!--1388C5A42B77411AB1576479818964BC-->  <NAME><![CDATA[Report Potong Cuti]]></NAME>
<!--1388C5A42B77411AB1576479818964BC-->  <DESCRIPTION><![CDATA[Report Potong Cuti]]></DESCRIPTION>
<!--1388C5A42B77411AB1576479818964BC-->  <ACCESSLEVEL><![CDATA[3]]></ACCESSLEVEL>
<!--1388C5A42B77411AB1576479818964BC-->  <ISUSERSTARTABLE><![CDATA[N]]></ISUSERSTARTABLE>
<!--1388C5A42B77411AB1576479818964BC-->  <ISREPORT><![CDATA[Y]]></ISREPORT>
<!--1388C5A42B77411AB1576479818964BC-->  <ISDIRECTPRINT><![CDATA[N]]></ISDIRECTPRINT>
<!--1388C5A42B77411AB1576479818964BC-->  <ISBACKGROUND><![CDATA[N]]></ISBACKGROUND>
<!--1388C5A42B77411AB1576479818964BC-->  <ISJASPER><![CDATA[N]]></ISJASPER>
<!--1388C5A42B77411AB1576479818964BC-->  <ISEXTERNALSERVICE><![CDATA[N]]></ISEXTERNALSERVICE>
<!--1388C5A42B77411AB1576479818964BC-->  <AD_MODULE_ID><![CDATA[13F494C4C03141258F1193B673570F63]]></AD_MODULE_ID>
<!--1388C5A42B77411AB1576479818964BC-->  <UIPATTERN><![CDATA[M]]></UIPATTERN>
<!--1388C5A42B77411AB1576479818964BC-->  <ISADVANCEDFEATURE><![CDATA[N]]></ISADVANCEDFEATURE>
<!--1388C5A42B77411AB1576479818964BC-->  <PREVENTCONCURRENT><![CDATA[N]]></PREVENTCONCURRENT>
<!--1388C5A42B77411AB1576479818964BC-->  <IS_EXPLICIT_ACCESS><![CDATA[N]]></IS_EXPLICIT_ACCESS>
<!--1388C5A42B77411AB1576479818964BC-->  <ISKILLABLE><![CDATA[N]]></ISKILLABLE>
<!--1388C5A42B77411AB1576479818964BC--></AD_PROCESS>

<!--1AFD4E178B5F46508D625C1B4BD6168C--><AD_PROCESS>
<!--1AFD4E178B5F46508D625C1B4BD6168C-->  <AD_PROCESS_ID><![CDATA[1AFD4E178B5F46508D625C1B4BD6168C]]></AD_PROCESS_ID>
<!--1AFD4E178B5F46508D625C1B4BD6168C-->  <AD_CLIENT_ID><![CDATA[0]]></AD_CLIENT_ID>
<!--1AFD4E178B5F46508D625C1B4BD6168C-->  <AD_ORG_ID><![CDATA[0]]></AD_ORG_ID>
<!--1AFD4E178B5F46508D625C1B4BD6168C-->  <ISACTIVE><![CDATA[Y]]></ISACTIVE>
<!--1AFD4E178B5F46508D625C1B4BD6168C-->  <VALUE><![CDATA[ta_process_pot_gaji]]></VALUE>
<!--1AFD4E178B5F46508D625C1B4BD6168C-->  <NAME><![CDATA[Process For Window Akumulasi Potong Gaji]]></NAME>
<!--1AFD4E178B5F46508D625C1B4BD6168C-->  <DESCRIPTION><![CDATA[Process For Window Akumulasi Potong Gaji]]></DESCRIPTION>
<!--1AFD4E178B5F46508D625C1B4BD6168C-->  <ACCESSLEVEL><![CDATA[1]]></ACCESSLEVEL>
<!--1AFD4E178B5F46508D625C1B4BD6168C-->  <ISUSERSTARTABLE><![CDATA[N]]></ISUSERSTARTABLE>
<!--1AFD4E178B5F46508D625C1B4BD6168C-->  <PROCEDURENAME><![CDATA[ta_process_akumulasi_pot_gaji]]></PROCEDURENAME>
<!--1AFD4E178B5F46508D625C1B4BD6168C-->  <ISREPORT><![CDATA[N]]></ISREPORT>
<!--1AFD4E178B5F46508D625C1B4BD6168C-->  <ISDIRECTPRINT><![CDATA[N]]></ISDIRECTPRINT>
<!--1AFD4E178B5F46508D625C1B4BD6168C-->  <ISBACKGROUND><![CDATA[N]]></ISBACKGROUND>
<!--1AFD4E178B5F46508D625C1B4BD6168C-->  <ISJASPER><![CDATA[N]]></ISJASPER>
<!--1AFD4E178B5F46508D625C1B4BD6168C-->  <ISEXTERNALSERVICE><![CDATA[N]]></ISEXTERNALSERVICE>
<!--1AFD4E178B5F46508D625C1B4BD6168C-->  <AD_MODULE_ID><![CDATA[13F494C4C03141258F1193B673570F63]]></AD_MODULE_ID>
<!--1AFD4E178B5F46508D625C1B4BD6168C-->  <UIPATTERN><![CDATA[S]]></UIPATTERN>
<!--1AFD4E178B5F46508D625C1B4BD6168C-->  <ISADVANCEDFEATURE><![CDATA[N]]></ISADVANCEDFEATURE>
<!--1AFD4E178B5F46508D625C1B4BD6168C-->  <PREVENTCONCURRENT><![CDATA[N]]></PREVENTCONCURRENT>
<!--1AFD4E178B5F46508D625C1B4BD6168C-->  <IS_EXPLICIT_ACCESS><![CDATA[N]]></IS_EXPLICIT_ACCESS>
<!--1AFD4E178B5F46508D625C1B4BD6168C-->  <ISKILLABLE><![CDATA[N]]></ISKILLABLE>
<!--1AFD4E178B5F46508D625C1B4BD6168C--></AD_PROCESS>

<!--23421D87CC8D4574A8735D67EFBD8C45--><AD_PROCESS>
<!--23421D87CC8D4574A8735D67EFBD8C45-->  <AD_PROCESS_ID><![CDATA[23421D87CC8D4574A8735D67EFBD8C45]]></AD_PROCESS_ID>
<!--23421D87CC8D4574A8735D67EFBD8C45-->  <AD_CLIENT_ID><![CDATA[0]]></AD_CLIENT_ID>
<!--23421D87CC8D4574A8735D67EFBD8C45-->  <AD_ORG_ID><![CDATA[0]]></AD_ORG_ID>
<!--23421D87CC8D4574A8735D67EFBD8C45-->  <ISACTIVE><![CDATA[Y]]></ISACTIVE>
<!--23421D87CC8D4574A8735D67EFBD8C45-->  <VALUE><![CDATA[ImportShiftLine]]></VALUE>
<!--23421D87CC8D4574A8735D67EFBD8C45-->  <NAME><![CDATA[Import Shift Line]]></NAME>
<!--23421D87CC8D4574A8735D67EFBD8C45-->  <ACCESSLEVEL><![CDATA[3]]></ACCESSLEVEL>
<!--23421D87CC8D4574A8735D67EFBD8C45-->  <ISUSERSTARTABLE><![CDATA[N]]></ISUSERSTARTABLE>
<!--23421D87CC8D4574A8735D67EFBD8C45-->  <ISREPORT><![CDATA[N]]></ISREPORT>
<!--23421D87CC8D4574A8735D67EFBD8C45-->  <ISDIRECTPRINT><![CDATA[N]]></ISDIRECTPRINT>
<!--23421D87CC8D4574A8735D67EFBD8C45-->  <ISBACKGROUND><![CDATA[N]]></ISBACKGROUND>
<!--23421D87CC8D4574A8735D67EFBD8C45-->  <ISJASPER><![CDATA[N]]></ISJASPER>
<!--23421D87CC8D4574A8735D67EFBD8C45-->  <ISEXTERNALSERVICE><![CDATA[N]]></ISEXTERNALSERVICE>
<!--23421D87CC8D4574A8735D67EFBD8C45-->  <AD_MODULE_ID><![CDATA[13F494C4C03141258F1193B673570F63]]></AD_MODULE_ID>
<!--23421D87CC8D4574A8735D67EFBD8C45-->  <UIPATTERN><![CDATA[S]]></UIPATTERN>
<!--23421D87CC8D4574A8735D67EFBD8C45-->  <ISADVANCEDFEATURE><![CDATA[N]]></ISADVANCEDFEATURE>
<!--23421D87CC8D4574A8735D67EFBD8C45-->  <PREVENTCONCURRENT><![CDATA[N]]></PREVENTCONCURRENT>
<!--23421D87CC8D4574A8735D67EFBD8C45-->  <IS_EXPLICIT_ACCESS><![CDATA[N]]></IS_EXPLICIT_ACCESS>
<!--23421D87CC8D4574A8735D67EFBD8C45-->  <ISKILLABLE><![CDATA[N]]></ISKILLABLE>
<!--23421D87CC8D4574A8735D67EFBD8C45--></AD_PROCESS>

<!--273FE57D0E3F4A2492CD8D4309F90DEA--><AD_PROCESS>
<!--273FE57D0E3F4A2492CD8D4309F90DEA-->  <AD_PROCESS_ID><![CDATA[273FE57D0E3F4A2492CD8D4309F90DEA]]></AD_PROCESS_ID>
<!--273FE57D0E3F4A2492CD8D4309F90DEA-->  <AD_CLIENT_ID><![CDATA[0]]></AD_CLIENT_ID>
<!--273FE57D0E3F4A2492CD8D4309F90DEA-->  <AD_ORG_ID><![CDATA[0]]></AD_ORG_ID>
<!--273FE57D0E3F4A2492CD8D4309F90DEA-->  <ISACTIVE><![CDATA[Y]]></ISACTIVE>
<!--273FE57D0E3F4A2492CD8D4309F90DEA-->  <VALUE><![CDATA[ImportAttendance]]></VALUE>
<!--273FE57D0E3F4A2492CD8D4309F90DEA-->  <NAME><![CDATA[Import Attendance]]></NAME>
<!--273FE57D0E3F4A2492CD8D4309F90DEA-->  <ACCESSLEVEL><![CDATA[3]]></ACCESSLEVEL>
<!--273FE57D0E3F4A2492CD8D4309F90DEA-->  <ISUSERSTARTABLE><![CDATA[N]]></ISUSERSTARTABLE>
<!--273FE57D0E3F4A2492CD8D4309F90DEA-->  <ISREPORT><![CDATA[N]]></ISREPORT>
<!--273FE57D0E3F4A2492CD8D4309F90DEA-->  <ISDIRECTPRINT><![CDATA[N]]></ISDIRECTPRINT>
<!--273FE57D0E3F4A2492CD8D4309F90DEA-->  <ISBACKGROUND><![CDATA[N]]></ISBACKGROUND>
<!--273FE57D0E3F4A2492CD8D4309F90DEA-->  <ISJASPER><![CDATA[N]]></ISJASPER>
<!--273FE57D0E3F4A2492CD8D4309F90DEA-->  <ISEXTERNALSERVICE><![CDATA[N]]></ISEXTERNALSERVICE>
<!--273FE57D0E3F4A2492CD8D4309F90DEA-->  <AD_MODULE_ID><![CDATA[13F494C4C03141258F1193B673570F63]]></AD_MODULE_ID>
<!--273FE57D0E3F4A2492CD8D4309F90DEA-->  <UIPATTERN><![CDATA[S]]></UIPATTERN>
<!--273FE57D0E3F4A2492CD8D4309F90DEA-->  <ISADVANCEDFEATURE><![CDATA[N]]></ISADVANCEDFEATURE>
<!--273FE57D0E3F4A2492CD8D4309F90DEA-->  <PREVENTCONCURRENT><![CDATA[N]]></PREVENTCONCURRENT>
<!--273FE57D0E3F4A2492CD8D4309F90DEA-->  <IS_EXPLICIT_ACCESS><![CDATA[N]]></IS_EXPLICIT_ACCESS>
<!--273FE57D0E3F4A2492CD8D4309F90DEA-->  <ISKILLABLE><![CDATA[N]]></ISKILLABLE>
<!--273FE57D0E3F4A2492CD8D4309F90DEA--></AD_PROCESS>

<!--303A9E52AE9046EDAAC23DD6D91828B8--><AD_PROCESS>
<!--303A9E52AE9046EDAAC23DD6D91828B8-->  <AD_PROCESS_ID><![CDATA[303A9E52AE9046EDAAC23DD6D91828B8]]></AD_PROCESS_ID>
<!--303A9E52AE9046EDAAC23DD6D91828B8-->  <AD_CLIENT_ID><![CDATA[0]]></AD_CLIENT_ID>
<!--303A9E52AE9046EDAAC23DD6D91828B8-->  <AD_ORG_ID><![CDATA[0]]></AD_ORG_ID>
<!--303A9E52AE9046EDAAC23DD6D91828B8-->  <ISACTIVE><![CDATA[Y]]></ISACTIVE>
<!--303A9E52AE9046EDAAC23DD6D91828B8-->  <VALUE><![CDATA[TA_AttendancePerformanceReport]]></VALUE>
<!--303A9E52AE9046EDAAC23DD6D91828B8-->  <NAME><![CDATA[Attendance Performance Report]]></NAME>
<!--303A9E52AE9046EDAAC23DD6D91828B8-->  <ACCESSLEVEL><![CDATA[3]]></ACCESSLEVEL>
<!--303A9E52AE9046EDAAC23DD6D91828B8-->  <ISUSERSTARTABLE><![CDATA[N]]></ISUSERSTARTABLE>
<!--303A9E52AE9046EDAAC23DD6D91828B8-->  <ISREPORT><![CDATA[N]]></ISREPORT>
<!--303A9E52AE9046EDAAC23DD6D91828B8-->  <ISDIRECTPRINT><![CDATA[N]]></ISDIRECTPRINT>
<!--303A9E52AE9046EDAAC23DD6D91828B8-->  <ISBACKGROUND><![CDATA[N]]></ISBACKGROUND>
<!--303A9E52AE9046EDAAC23DD6D91828B8-->  <ISJASPER><![CDATA[Y]]></ISJASPER>
<!--303A9E52AE9046EDAAC23DD6D91828B8-->  <JRNAME><![CDATA[@basedesign@/org/wirabumi/hris/timeandattendance/erpCommon/ad_reports/AttendancePerformanceReport.jrxml]]></JRNAME>
<!--303A9E52AE9046EDAAC23DD6D91828B8-->  <ISEXTERNALSERVICE><![CDATA[N]]></ISEXTERNALSERVICE>
<!--303A9E52AE9046EDAAC23DD6D91828B8-->  <AD_MODULE_ID><![CDATA[13F494C4C03141258F1193B673570F63]]></AD_MODULE_ID>
<!--303A9E52AE9046EDAAC23DD6D91828B8-->  <UIPATTERN><![CDATA[S]]></UIPATTERN>
<!--303A9E52AE9046EDAAC23DD6D91828B8-->  <ISADVANCEDFEATURE><![CDATA[N]]></ISADVANCEDFEATURE>
<!--303A9E52AE9046EDAAC23DD6D91828B8-->  <PREVENTCONCURRENT><![CDATA[N]]></PREVENTCONCURRENT>
<!--303A9E52AE9046EDAAC23DD6D91828B8-->  <IS_EXPLICIT_ACCESS><![CDATA[N]]></IS_EXPLICIT_ACCESS>
<!--303A9E52AE9046EDAAC23DD6D91828B8-->  <ISKILLABLE><![CDATA[N]]></ISKILLABLE>
<!--303A9E52AE9046EDAAC23DD6D91828B8--></AD_PROCESS>

<!--45636537F202449A9714BBAACFD7B028--><AD_PROCESS>
<!--45636537F202449A9714BBAACFD7B028-->  <AD_PROCESS_ID><![CDATA[45636537F202449A9714BBAACFD7B028]]></AD_PROCESS_ID>
<!--45636537F202449A9714BBAACFD7B028-->  <AD_CLIENT_ID><![CDATA[0]]></AD_CLIENT_ID>
<!--45636537F202449A9714BBAACFD7B028-->  <AD_ORG_ID><![CDATA[0]]></AD_ORG_ID>
<!--45636537F202449A9714BBAACFD7B028-->  <ISACTIVE><![CDATA[Y]]></ISACTIVE>
<!--45636537F202449A9714BBAACFD7B028-->  <VALUE><![CDATA[ta_calc_pot_cuti]]></VALUE>
<!--45636537F202449A9714BBAACFD7B028-->  <NAME><![CDATA[Background Process untuk Window Akumulasi Potong Cuti]]></NAME>
<!--45636537F202449A9714BBAACFD7B028-->  <DESCRIPTION><![CDATA[Background Process untuk Window Akumulasi Potong Cuti]]></DESCRIPTION>
<!--45636537F202449A9714BBAACFD7B028-->  <ACCESSLEVEL><![CDATA[3]]></ACCESSLEVEL>
<!--45636537F202449A9714BBAACFD7B028-->  <ISUSERSTARTABLE><![CDATA[N]]></ISUSERSTARTABLE>
<!--45636537F202449A9714BBAACFD7B028-->  <ISREPORT><![CDATA[N]]></ISREPORT>
<!--45636537F202449A9714BBAACFD7B028-->  <ISDIRECTPRINT><![CDATA[N]]></ISDIRECTPRINT>
<!--45636537F202449A9714BBAACFD7B028-->  <CLASSNAME><![CDATA[org.wirabumi.hris.timeandattendance.erpCommon.ad_process.DocAkumulasiPCuti]]></CLASSNAME>
<!--45636537F202449A9714BBAACFD7B028-->  <ISBACKGROUND><![CDATA[Y]]></ISBACKGROUND>
<!--45636537F202449A9714BBAACFD7B028-->  <ISJASPER><![CDATA[N]]></ISJASPER>
<!--45636537F202449A9714BBAACFD7B028-->  <ISEXTERNALSERVICE><![CDATA[N]]></ISEXTERNALSERVICE>
<!--45636537F202449A9714BBAACFD7B028-->  <AD_MODULE_ID><![CDATA[13F494C4C03141258F1193B673570F63]]></AD_MODULE_ID>
<!--45636537F202449A9714BBAACFD7B028-->  <UIPATTERN><![CDATA[M]]></UIPATTERN>
<!--45636537F202449A9714BBAACFD7B028-->  <ISADVANCEDFEATURE><![CDATA[N]]></ISADVANCEDFEATURE>
<!--45636537F202449A9714BBAACFD7B028-->  <PREVENTCONCURRENT><![CDATA[N]]></PREVENTCONCURRENT>
<!--45636537F202449A9714BBAACFD7B028-->  <IS_EXPLICIT_ACCESS><![CDATA[N]]></IS_EXPLICIT_ACCESS>
<!--45636537F202449A9714BBAACFD7B028-->  <ISKILLABLE><![CDATA[N]]></ISKILLABLE>
<!--45636537F202449A9714BBAACFD7B028--></AD_PROCESS>

<!--47766E4D9BA74C3B8C12F19A9AFF3EC3--><AD_PROCESS>
<!--47766E4D9BA74C3B8C12F19A9AFF3EC3-->  <AD_PROCESS_ID><![CDATA[47766E4D9BA74C3B8C12F19A9AFF3EC3]]></AD_PROCESS_ID>
<!--47766E4D9BA74C3B8C12F19A9AFF3EC3-->  <AD_CLIENT_ID><![CDATA[0]]></AD_CLIENT_ID>
<!--47766E4D9BA74C3B8C12F19A9AFF3EC3-->  <AD_ORG_ID><![CDATA[0]]></AD_ORG_ID>
<!--47766E4D9BA74C3B8C12F19A9AFF3EC3-->  <ISACTIVE><![CDATA[Y]]></ISACTIVE>
<!--47766E4D9BA74C3B8C12F19A9AFF3EC3-->  <VALUE><![CDATA[ta_calc_pot_gaji]]></VALUE>
<!--47766E4D9BA74C3B8C12F19A9AFF3EC3-->  <NAME><![CDATA[Background Process untuk Window Akumulasi Potong Gaji]]></NAME>
<!--47766E4D9BA74C3B8C12F19A9AFF3EC3-->  <DESCRIPTION><![CDATA[Background Process untuk Window Akumulasi Potong Gaji]]></DESCRIPTION>
<!--47766E4D9BA74C3B8C12F19A9AFF3EC3-->  <ACCESSLEVEL><![CDATA[3]]></ACCESSLEVEL>
<!--47766E4D9BA74C3B8C12F19A9AFF3EC3-->  <ISUSERSTARTABLE><![CDATA[N]]></ISUSERSTARTABLE>
<!--47766E4D9BA74C3B8C12F19A9AFF3EC3-->  <ISREPORT><![CDATA[N]]></ISREPORT>
<!--47766E4D9BA74C3B8C12F19A9AFF3EC3-->  <ISDIRECTPRINT><![CDATA[N]]></ISDIRECTPRINT>
<!--47766E4D9BA74C3B8C12F19A9AFF3EC3-->  <CLASSNAME><![CDATA[org.wirabumi.hris.timeandattendance.erpCommon.ad_process.DocAkumulasiPGaji]]></CLASSNAME>
<!--47766E4D9BA74C3B8C12F19A9AFF3EC3-->  <ISBACKGROUND><![CDATA[Y]]></ISBACKGROUND>
<!--47766E4D9BA74C3B8C12F19A9AFF3EC3-->  <ISJASPER><![CDATA[N]]></ISJASPER>
<!--47766E4D9BA74C3B8C12F19A9AFF3EC3-->  <ISEXTERNALSERVICE><![CDATA[N]]></ISEXTERNALSERVICE>
<!--47766E4D9BA74C3B8C12F19A9AFF3EC3-->  <AD_MODULE_ID><![CDATA[13F494C4C03141258F1193B673570F63]]></AD_MODULE_ID>
<!--47766E4D9BA74C3B8C12F19A9AFF3EC3-->  <UIPATTERN><![CDATA[M]]></UIPATTERN>
<!--47766E4D9BA74C3B8C12F19A9AFF3EC3-->  <ISADVANCEDFEATURE><![CDATA[N]]></ISADVANCEDFEATURE>
<!--47766E4D9BA74C3B8C12F19A9AFF3EC3-->  <PREVENTCONCURRENT><![CDATA[N]]></PREVENTCONCURRENT>
<!--47766E4D9BA74C3B8C12F19A9AFF3EC3-->  <IS_EXPLICIT_ACCESS><![CDATA[N]]></IS_EXPLICIT_ACCESS>
<!--47766E4D9BA74C3B8C12F19A9AFF3EC3-->  <ISKILLABLE><![CDATA[N]]></ISKILLABLE>
<!--47766E4D9BA74C3B8C12F19A9AFF3EC3--></AD_PROCESS>

<!--4A6B6F8C719049AEAA7E266B6417E0E8--><AD_PROCESS>
<!--4A6B6F8C719049AEAA7E266B6417E0E8-->  <AD_PROCESS_ID><![CDATA[4A6B6F8C719049AEAA7E266B6417E0E8]]></AD_PROCESS_ID>
<!--4A6B6F8C719049AEAA7E266B6417E0E8-->  <AD_CLIENT_ID><![CDATA[0]]></AD_CLIENT_ID>
<!--4A6B6F8C719049AEAA7E266B6417E0E8-->  <AD_ORG_ID><![CDATA[0]]></AD_ORG_ID>
<!--4A6B6F8C719049AEAA7E266B6417E0E8-->  <ISACTIVE><![CDATA[Y]]></ISACTIVE>
<!--4A6B6F8C719049AEAA7E266B6417E0E8-->  <VALUE><![CDATA[ImportEmployeeShift]]></VALUE>
<!--4A6B6F8C719049AEAA7E266B6417E0E8-->  <NAME><![CDATA[Import Employee Shift]]></NAME>
<!--4A6B6F8C719049AEAA7E266B6417E0E8-->  <ACCESSLEVEL><![CDATA[3]]></ACCESSLEVEL>
<!--4A6B6F8C719049AEAA7E266B6417E0E8-->  <ISUSERSTARTABLE><![CDATA[N]]></ISUSERSTARTABLE>
<!--4A6B6F8C719049AEAA7E266B6417E0E8-->  <ISREPORT><![CDATA[N]]></ISREPORT>
<!--4A6B6F8C719049AEAA7E266B6417E0E8-->  <ISDIRECTPRINT><![CDATA[N]]></ISDIRECTPRINT>
<!--4A6B6F8C719049AEAA7E266B6417E0E8-->  <ISBACKGROUND><![CDATA[N]]></ISBACKGROUND>
<!--4A6B6F8C719049AEAA7E266B6417E0E8-->  <ISJASPER><![CDATA[N]]></ISJASPER>
<!--4A6B6F8C719049AEAA7E266B6417E0E8-->  <ISEXTERNALSERVICE><![CDATA[N]]></ISEXTERNALSERVICE>
<!--4A6B6F8C719049AEAA7E266B6417E0E8-->  <AD_MODULE_ID><![CDATA[13F494C4C03141258F1193B673570F63]]></AD_MODULE_ID>
<!--4A6B6F8C719049AEAA7E266B6417E0E8-->  <UIPATTERN><![CDATA[S]]></UIPATTERN>
<!--4A6B6F8C719049AEAA7E266B6417E0E8-->  <ISADVANCEDFEATURE><![CDATA[N]]></ISADVANCEDFEATURE>
<!--4A6B6F8C719049AEAA7E266B6417E0E8-->  <PREVENTCONCURRENT><![CDATA[N]]></PREVENTCONCURRENT>
<!--4A6B6F8C719049AEAA7E266B6417E0E8-->  <IS_EXPLICIT_ACCESS><![CDATA[N]]></IS_EXPLICIT_ACCESS>
<!--4A6B6F8C719049AEAA7E266B6417E0E8-->  <ISKILLABLE><![CDATA[N]]></ISKILLABLE>
<!--4A6B6F8C719049AEAA7E266B6417E0E8--></AD_PROCESS>

<!--4A81E29CC06E4D169A2E37F9053250F3--><AD_PROCESS>
<!--4A81E29CC06E4D169A2E37F9053250F3-->  <AD_PROCESS_ID><![CDATA[4A81E29CC06E4D169A2E37F9053250F3]]></AD_PROCESS_ID>
<!--4A81E29CC06E4D169A2E37F9053250F3-->  <AD_CLIENT_ID><![CDATA[0]]></AD_CLIENT_ID>
<!--4A81E29CC06E4D169A2E37F9053250F3-->  <AD_ORG_ID><![CDATA[0]]></AD_ORG_ID>
<!--4A81E29CC06E4D169A2E37F9053250F3-->  <ISACTIVE><![CDATA[Y]]></ISACTIVE>
<!--4A81E29CC06E4D169A2E37F9053250F3-->  <VALUE><![CDATA[TA_AttendanceSummaryReport]]></VALUE>
<!--4A81E29CC06E4D169A2E37F9053250F3-->  <NAME><![CDATA[Attendance Summary Report]]></NAME>
<!--4A81E29CC06E4D169A2E37F9053250F3-->  <ACCESSLEVEL><![CDATA[3]]></ACCESSLEVEL>
<!--4A81E29CC06E4D169A2E37F9053250F3-->  <ISUSERSTARTABLE><![CDATA[N]]></ISUSERSTARTABLE>
<!--4A81E29CC06E4D169A2E37F9053250F3-->  <ISREPORT><![CDATA[N]]></ISREPORT>
<!--4A81E29CC06E4D169A2E37F9053250F3-->  <ISDIRECTPRINT><![CDATA[N]]></ISDIRECTPRINT>
<!--4A81E29CC06E4D169A2E37F9053250F3-->  <ISBACKGROUND><![CDATA[N]]></ISBACKGROUND>
<!--4A81E29CC06E4D169A2E37F9053250F3-->  <ISJASPER><![CDATA[Y]]></ISJASPER>
<!--4A81E29CC06E4D169A2E37F9053250F3-->  <JRNAME><![CDATA[@basedesign@/org/wirabumi/hris/timeandattendance/erpCommon/ad_reports/AttendanceSummaryReport.jrxml]]></JRNAME>
<!--4A81E29CC06E4D169A2E37F9053250F3-->  <ISEXTERNALSERVICE><![CDATA[N]]></ISEXTERNALSERVICE>
<!--4A81E29CC06E4D169A2E37F9053250F3-->  <AD_MODULE_ID><![CDATA[13F494C4C03141258F1193B673570F63]]></AD_MODULE_ID>
<!--4A81E29CC06E4D169A2E37F9053250F3-->  <UIPATTERN><![CDATA[S]]></UIPATTERN>
<!--4A81E29CC06E4D169A2E37F9053250F3-->  <ISADVANCEDFEATURE><![CDATA[N]]></ISADVANCEDFEATURE>
<!--4A81E29CC06E4D169A2E37F9053250F3-->  <PREVENTCONCURRENT><![CDATA[N]]></PREVENTCONCURRENT>
<!--4A81E29CC06E4D169A2E37F9053250F3-->  <IS_EXPLICIT_ACCESS><![CDATA[N]]></IS_EXPLICIT_ACCESS>
<!--4A81E29CC06E4D169A2E37F9053250F3-->  <ISKILLABLE><![CDATA[N]]></ISKILLABLE>
<!--4A81E29CC06E4D169A2E37F9053250F3--></AD_PROCESS>

<!--5FECC86201AA4D5197A719945980B2EF--><AD_PROCESS>
<!--5FECC86201AA4D5197A719945980B2EF-->  <AD_PROCESS_ID><![CDATA[5FECC86201AA4D5197A719945980B2EF]]></AD_PROCESS_ID>
<!--5FECC86201AA4D5197A719945980B2EF-->  <AD_CLIENT_ID><![CDATA[0]]></AD_CLIENT_ID>
<!--5FECC86201AA4D5197A719945980B2EF-->  <AD_ORG_ID><![CDATA[0]]></AD_ORG_ID>
<!--5FECC86201AA4D5197A719945980B2EF-->  <ISACTIVE><![CDATA[Y]]></ISACTIVE>
<!--5FECC86201AA4D5197A719945980B2EF-->  <VALUE><![CDATA[ta_akumulasitelat_post]]></VALUE>
<!--5FECC86201AA4D5197A719945980B2EF-->  <NAME><![CDATA[Potongan Cuti]]></NAME>
<!--5FECC86201AA4D5197A719945980B2EF-->  <ACCESSLEVEL><![CDATA[1]]></ACCESSLEVEL>
<!--5FECC86201AA4D5197A719945980B2EF-->  <ISUSERSTARTABLE><![CDATA[N]]></ISUSERSTARTABLE>
<!--5FECC86201AA4D5197A719945980B2EF-->  <PROCEDURENAME><![CDATA[ta_process_akumulasi_pot_cuti]]></PROCEDURENAME>
<!--5FECC86201AA4D5197A719945980B2EF-->  <ISREPORT><![CDATA[N]]></ISREPORT>
<!--5FECC86201AA4D5197A719945980B2EF-->  <ISDIRECTPRINT><![CDATA[N]]></ISDIRECTPRINT>
<!--5FECC86201AA4D5197A719945980B2EF-->  <ISBACKGROUND><![CDATA[N]]></ISBACKGROUND>
<!--5FECC86201AA4D5197A719945980B2EF-->  <ISJASPER><![CDATA[N]]></ISJASPER>
<!--5FECC86201AA4D5197A719945980B2EF-->  <ISEXTERNALSERVICE><![CDATA[N]]></ISEXTERNALSERVICE>
<!--5FECC86201AA4D5197A719945980B2EF-->  <AD_MODULE_ID><![CDATA[13F494C4C03141258F1193B673570F63]]></AD_MODULE_ID>
<!--5FECC86201AA4D5197A719945980B2EF-->  <UIPATTERN><![CDATA[S]]></UIPATTERN>
<!--5FECC86201AA4D5197A719945980B2EF-->  <ISADVANCEDFEATURE><![CDATA[N]]></ISADVANCEDFEATURE>
<!--5FECC86201AA4D5197A719945980B2EF-->  <PREVENTCONCURRENT><![CDATA[N]]></PREVENTCONCURRENT>
<!--5FECC86201AA4D5197A719945980B2EF-->  <IS_EXPLICIT_ACCESS><![CDATA[N]]></IS_EXPLICIT_ACCESS>
<!--5FECC86201AA4D5197A719945980B2EF-->  <ISKILLABLE><![CDATA[N]]></ISKILLABLE>
<!--5FECC86201AA4D5197A719945980B2EF--></AD_PROCESS>

<!--6445135367544A329CFEC7506B7475FD--><AD_PROCESS>
<!--6445135367544A329CFEC7506B7475FD-->  <AD_PROCESS_ID><![CDATA[6445135367544A329CFEC7506B7475FD]]></AD_PROCESS_ID>
<!--6445135367544A329CFEC7506B7475FD-->  <AD_CLIENT_ID><![CDATA[0]]></AD_CLIENT_ID>
<!--6445135367544A329CFEC7506B7475FD-->  <AD_ORG_ID><![CDATA[0]]></AD_ORG_ID>
<!--6445135367544A329CFEC7506B7475FD-->  <ISACTIVE><![CDATA[Y]]></ISACTIVE>
<!--6445135367544A329CFEC7506B7475FD-->  <VALUE><![CDATA[TA_IndividualAttendancePerformance]]></VALUE>
<!--6445135367544A329CFEC7506B7475FD-->  <NAME><![CDATA[Individual Attendance Performance]]></NAME>
<!--6445135367544A329CFEC7506B7475FD-->  <ACCESSLEVEL><![CDATA[3]]></ACCESSLEVEL>
<!--6445135367544A329CFEC7506B7475FD-->  <ISUSERSTARTABLE><![CDATA[N]]></ISUSERSTARTABLE>
<!--6445135367544A329CFEC7506B7475FD-->  <ISREPORT><![CDATA[N]]></ISREPORT>
<!--6445135367544A329CFEC7506B7475FD-->  <ISDIRECTPRINT><![CDATA[N]]></ISDIRECTPRINT>
<!--6445135367544A329CFEC7506B7475FD-->  <ISBACKGROUND><![CDATA[N]]></ISBACKGROUND>
<!--6445135367544A329CFEC7506B7475FD-->  <ISJASPER><![CDATA[Y]]></ISJASPER>
<!--6445135367544A329CFEC7506B7475FD-->  <JRNAME><![CDATA[@basedesign@/org/wirabumi/hris/timeandattendance/erpCommon/ad_reports/IndividualAttendancePerformanceReport.jrxml]]></JRNAME>
<!--6445135367544A329CFEC7506B7475FD-->  <ISEXTERNALSERVICE><![CDATA[N]]></ISEXTERNALSERVICE>
<!--6445135367544A329CFEC7506B7475FD-->  <AD_MODULE_ID><![CDATA[13F494C4C03141258F1193B673570F63]]></AD_MODULE_ID>
<!--6445135367544A329CFEC7506B7475FD-->  <UIPATTERN><![CDATA[S]]></UIPATTERN>
<!--6445135367544A329CFEC7506B7475FD-->  <ISADVANCEDFEATURE><![CDATA[N]]></ISADVANCEDFEATURE>
<!--6445135367544A329CFEC7506B7475FD-->  <PREVENTCONCURRENT><![CDATA[N]]></PREVENTCONCURRENT>
<!--6445135367544A329CFEC7506B7475FD-->  <IS_EXPLICIT_ACCESS><![CDATA[N]]></IS_EXPLICIT_ACCESS>
<!--6445135367544A329CFEC7506B7475FD-->  <ISKILLABLE><![CDATA[N]]></ISKILLABLE>
<!--6445135367544A329CFEC7506B7475FD--></AD_PROCESS>

<!--7D720CA873304EB7A827BAB41105843C--><AD_PROCESS>
<!--7D720CA873304EB7A827BAB41105843C-->  <AD_PROCESS_ID><![CDATA[7D720CA873304EB7A827BAB41105843C]]></AD_PROCESS_ID>
<!--7D720CA873304EB7A827BAB41105843C-->  <AD_CLIENT_ID><![CDATA[0]]></AD_CLIENT_ID>
<!--7D720CA873304EB7A827BAB41105843C-->  <AD_ORG_ID><![CDATA[0]]></AD_ORG_ID>
<!--7D720CA873304EB7A827BAB41105843C-->  <ISACTIVE><![CDATA[Y]]></ISACTIVE>
<!--7D720CA873304EB7A827BAB41105843C-->  <VALUE><![CDATA[ta_report_pot_gaji]]></VALUE>
<!--7D720CA873304EB7A827BAB41105843C-->  <NAME><![CDATA[Report Potong Gaji]]></NAME>
<!--7D720CA873304EB7A827BAB41105843C-->  <DESCRIPTION><![CDATA[Report Potong Gaji]]></DESCRIPTION>
<!--7D720CA873304EB7A827BAB41105843C-->  <ACCESSLEVEL><![CDATA[3]]></ACCESSLEVEL>
<!--7D720CA873304EB7A827BAB41105843C-->  <ISUSERSTARTABLE><![CDATA[N]]></ISUSERSTARTABLE>
<!--7D720CA873304EB7A827BAB41105843C-->  <ISREPORT><![CDATA[Y]]></ISREPORT>
<!--7D720CA873304EB7A827BAB41105843C-->  <ISDIRECTPRINT><![CDATA[N]]></ISDIRECTPRINT>
<!--7D720CA873304EB7A827BAB41105843C-->  <ISBACKGROUND><![CDATA[N]]></ISBACKGROUND>
<!--7D720CA873304EB7A827BAB41105843C-->  <ISJASPER><![CDATA[N]]></ISJASPER>
<!--7D720CA873304EB7A827BAB41105843C-->  <ISEXTERNALSERVICE><![CDATA[N]]></ISEXTERNALSERVICE>
<!--7D720CA873304EB7A827BAB41105843C-->  <AD_MODULE_ID><![CDATA[13F494C4C03141258F1193B673570F63]]></AD_MODULE_ID>
<!--7D720CA873304EB7A827BAB41105843C-->  <UIPATTERN><![CDATA[M]]></UIPATTERN>
<!--7D720CA873304EB7A827BAB41105843C-->  <ISADVANCEDFEATURE><![CDATA[N]]></ISADVANCEDFEATURE>
<!--7D720CA873304EB7A827BAB41105843C-->  <PREVENTCONCURRENT><![CDATA[N]]></PREVENTCONCURRENT>
<!--7D720CA873304EB7A827BAB41105843C-->  <IS_EXPLICIT_ACCESS><![CDATA[N]]></IS_EXPLICIT_ACCESS>
<!--7D720CA873304EB7A827BAB41105843C-->  <ISKILLABLE><![CDATA[N]]></ISKILLABLE>
<!--7D720CA873304EB7A827BAB41105843C--></AD_PROCESS>

<!--842FA8ADED064D488A07B61676768466--><AD_PROCESS>
<!--842FA8ADED064D488A07B61676768466-->  <AD_PROCESS_ID><![CDATA[842FA8ADED064D488A07B61676768466]]></AD_PROCESS_ID>
<!--842FA8ADED064D488A07B61676768466-->  <AD_CLIENT_ID><![CDATA[0]]></AD_CLIENT_ID>
<!--842FA8ADED064D488A07B61676768466-->  <AD_ORG_ID><![CDATA[0]]></AD_ORG_ID>
<!--842FA8ADED064D488A07B61676768466-->  <ISACTIVE><![CDATA[Y]]></ISACTIVE>
<!--842FA8ADED064D488A07B61676768466-->  <VALUE><![CDATA[ta_pot_gaji]]></VALUE>
<!--842FA8ADED064D488A07B61676768466-->  <NAME><![CDATA[Update Data Potongan Gaji Pada window Salary Payment]]></NAME>
<!--842FA8ADED064D488A07B61676768466-->  <DESCRIPTION><![CDATA[Update Data Potongan Gaji Pada window Salary Payment]]></DESCRIPTION>
<!--842FA8ADED064D488A07B61676768466-->  <ACCESSLEVEL><![CDATA[3]]></ACCESSLEVEL>
<!--842FA8ADED064D488A07B61676768466-->  <ISUSERSTARTABLE><![CDATA[N]]></ISUSERSTARTABLE>
<!--842FA8ADED064D488A07B61676768466-->  <ISREPORT><![CDATA[N]]></ISREPORT>
<!--842FA8ADED064D488A07B61676768466-->  <ISDIRECTPRINT><![CDATA[N]]></ISDIRECTPRINT>
<!--842FA8ADED064D488A07B61676768466-->  <CLASSNAME><![CDATA[org.wirabumi.hris.timeandattendance.erpCommon.ad_process.DocPotongGaji]]></CLASSNAME>
<!--842FA8ADED064D488A07B61676768466-->  <ISBACKGROUND><![CDATA[Y]]></ISBACKGROUND>
<!--842FA8ADED064D488A07B61676768466-->  <ISJASPER><![CDATA[N]]></ISJASPER>
<!--842FA8ADED064D488A07B61676768466-->  <ISEXTERNALSERVICE><![CDATA[N]]></ISEXTERNALSERVICE>
<!--842FA8ADED064D488A07B61676768466-->  <AD_MODULE_ID><![CDATA[13F494C4C03141258F1193B673570F63]]></AD_MODULE_ID>
<!--842FA8ADED064D488A07B61676768466-->  <UIPATTERN><![CDATA[M]]></UIPATTERN>
<!--842FA8ADED064D488A07B61676768466-->  <ISADVANCEDFEATURE><![CDATA[N]]></ISADVANCEDFEATURE>
<!--842FA8ADED064D488A07B61676768466-->  <PREVENTCONCURRENT><![CDATA[N]]></PREVENTCONCURRENT>
<!--842FA8ADED064D488A07B61676768466-->  <IS_EXPLICIT_ACCESS><![CDATA[N]]></IS_EXPLICIT_ACCESS>
<!--842FA8ADED064D488A07B61676768466-->  <ISKILLABLE><![CDATA[N]]></ISKILLABLE>
<!--842FA8ADED064D488A07B61676768466--></AD_PROCESS>

<!--8722C6EB947C4597AE913430DD84C9C3--><AD_PROCESS>
<!--8722C6EB947C4597AE913430DD84C9C3-->  <AD_PROCESS_ID><![CDATA[8722C6EB947C4597AE913430DD84C9C3]]></AD_PROCESS_ID>
<!--8722C6EB947C4597AE913430DD84C9C3-->  <AD_CLIENT_ID><![CDATA[0]]></AD_CLIENT_ID>
<!--8722C6EB947C4597AE913430DD84C9C3-->  <AD_ORG_ID><![CDATA[0]]></AD_ORG_ID>
<!--8722C6EB947C4597AE913430DD84C9C3-->  <ISACTIVE><![CDATA[Y]]></ISACTIVE>
<!--8722C6EB947C4597AE913430DD84C9C3-->  <VALUE><![CDATA[TA_ReportShift]]></VALUE>
<!--8722C6EB947C4597AE913430DD84C9C3-->  <NAME><![CDATA[Shift Report]]></NAME>
<!--8722C6EB947C4597AE913430DD84C9C3-->  <DESCRIPTION><![CDATA[Shift Report]]></DESCRIPTION>
<!--8722C6EB947C4597AE913430DD84C9C3-->  <ACCESSLEVEL><![CDATA[3]]></ACCESSLEVEL>
<!--8722C6EB947C4597AE913430DD84C9C3-->  <ISUSERSTARTABLE><![CDATA[N]]></ISUSERSTARTABLE>
<!--8722C6EB947C4597AE913430DD84C9C3-->  <ISREPORT><![CDATA[N]]></ISREPORT>
<!--8722C6EB947C4597AE913430DD84C9C3-->  <ISDIRECTPRINT><![CDATA[N]]></ISDIRECTPRINT>
<!--8722C6EB947C4597AE913430DD84C9C3-->  <ISBACKGROUND><![CDATA[N]]></ISBACKGROUND>
<!--8722C6EB947C4597AE913430DD84C9C3-->  <ISJASPER><![CDATA[Y]]></ISJASPER>
<!--8722C6EB947C4597AE913430DD84C9C3-->  <JRNAME><![CDATA[@basedesign@/org/wirabumi/hris/timeandattendance/erpCommon/ad_reports/ReportShift.jrxml]]></JRNAME>
<!--8722C6EB947C4597AE913430DD84C9C3-->  <ISEXTERNALSERVICE><![CDATA[N]]></ISEXTERNALSERVICE>
<!--8722C6EB947C4597AE913430DD84C9C3-->  <AD_MODULE_ID><![CDATA[13F494C4C03141258F1193B673570F63]]></AD_MODULE_ID>
<!--8722C6EB947C4597AE913430DD84C9C3-->  <UIPATTERN><![CDATA[S]]></UIPATTERN>
<!--8722C6EB947C4597AE913430DD84C9C3-->  <ISADVANCEDFEATURE><![CDATA[N]]></ISADVANCEDFEATURE>
<!--8722C6EB947C4597AE913430DD84C9C3-->  <PREVENTCONCURRENT><![CDATA[N]]></PREVENTCONCURRENT>
<!--8722C6EB947C4597AE913430DD84C9C3-->  <IS_EXPLICIT_ACCESS><![CDATA[N]]></IS_EXPLICIT_ACCESS>
<!--8722C6EB947C4597AE913430DD84C9C3-->  <ISKILLABLE><![CDATA[N]]></ISKILLABLE>
<!--8722C6EB947C4597AE913430DD84C9C3--></AD_PROCESS>

<!--9459F204EC91466F9B6E3972488CF40C--><AD_PROCESS>
<!--9459F204EC91466F9B6E3972488CF40C-->  <AD_PROCESS_ID><![CDATA[9459F204EC91466F9B6E3972488CF40C]]></AD_PROCESS_ID>
<!--9459F204EC91466F9B6E3972488CF40C-->  <AD_CLIENT_ID><![CDATA[0]]></AD_CLIENT_ID>
<!--9459F204EC91466F9B6E3972488CF40C-->  <AD_ORG_ID><![CDATA[0]]></AD_ORG_ID>
<!--9459F204EC91466F9B6E3972488CF40C-->  <ISACTIVE><![CDATA[Y]]></ISACTIVE>
<!--9459F204EC91466F9B6E3972488CF40C-->  <VALUE><![CDATA[ImportShiftRule]]></VALUE>
<!--9459F204EC91466F9B6E3972488CF40C-->  <NAME><![CDATA[Import Shift Rule]]></NAME>
<!--9459F204EC91466F9B6E3972488CF40C-->  <ACCESSLEVEL><![CDATA[3]]></ACCESSLEVEL>
<!--9459F204EC91466F9B6E3972488CF40C-->  <ISUSERSTARTABLE><![CDATA[N]]></ISUSERSTARTABLE>
<!--9459F204EC91466F9B6E3972488CF40C-->  <ISREPORT><![CDATA[N]]></ISREPORT>
<!--9459F204EC91466F9B6E3972488CF40C-->  <ISDIRECTPRINT><![CDATA[N]]></ISDIRECTPRINT>
<!--9459F204EC91466F9B6E3972488CF40C-->  <ISBACKGROUND><![CDATA[N]]></ISBACKGROUND>
<!--9459F204EC91466F9B6E3972488CF40C-->  <ISJASPER><![CDATA[N]]></ISJASPER>
<!--9459F204EC91466F9B6E3972488CF40C-->  <ISEXTERNALSERVICE><![CDATA[N]]></ISEXTERNALSERVICE>
<!--9459F204EC91466F9B6E3972488CF40C-->  <AD_MODULE_ID><![CDATA[13F494C4C03141258F1193B673570F63]]></AD_MODULE_ID>
<!--9459F204EC91466F9B6E3972488CF40C-->  <UIPATTERN><![CDATA[S]]></UIPATTERN>
<!--9459F204EC91466F9B6E3972488CF40C-->  <ISADVANCEDFEATURE><![CDATA[N]]></ISADVANCEDFEATURE>
<!--9459F204EC91466F9B6E3972488CF40C-->  <PREVENTCONCURRENT><![CDATA[N]]></PREVENTCONCURRENT>
<!--9459F204EC91466F9B6E3972488CF40C-->  <IS_EXPLICIT_ACCESS><![CDATA[N]]></IS_EXPLICIT_ACCESS>
<!--9459F204EC91466F9B6E3972488CF40C-->  <ISKILLABLE><![CDATA[N]]></ISKILLABLE>
<!--9459F204EC91466F9B6E3972488CF40C--></AD_PROCESS>

<!--A70A8A5AEF284DEB89F36BAEB7CE077A--><AD_PROCESS>
<!--A70A8A5AEF284DEB89F36BAEB7CE077A-->  <AD_PROCESS_ID><![CDATA[A70A8A5AEF284DEB89F36BAEB7CE077A]]></AD_PROCESS_ID>
<!--A70A8A5AEF284DEB89F36BAEB7CE077A-->  <AD_CLIENT_ID><![CDATA[0]]></AD_CLIENT_ID>
<!--A70A8A5AEF284DEB89F36BAEB7CE077A-->  <AD_ORG_ID><![CDATA[0]]></AD_ORG_ID>
<!--A70A8A5AEF284DEB89F36BAEB7CE077A-->  <ISACTIVE><![CDATA[Y]]></ISACTIVE>
<!--A70A8A5AEF284DEB89F36BAEB7CE077A-->  <VALUE><![CDATA[ta_process_tukar_shift]]></VALUE>
<!--A70A8A5AEF284DEB89F36BAEB7CE077A-->  <NAME><![CDATA[Process Untuk Window Tukar Shift]]></NAME>
<!--A70A8A5AEF284DEB89F36BAEB7CE077A-->  <ACCESSLEVEL><![CDATA[1]]></ACCESSLEVEL>
<!--A70A8A5AEF284DEB89F36BAEB7CE077A-->  <ISUSERSTARTABLE><![CDATA[N]]></ISUSERSTARTABLE>
<!--A70A8A5AEF284DEB89F36BAEB7CE077A-->  <PROCEDURENAME><![CDATA[ta_process_tukar_shift]]></PROCEDURENAME>
<!--A70A8A5AEF284DEB89F36BAEB7CE077A-->  <ISREPORT><![CDATA[N]]></ISREPORT>
<!--A70A8A5AEF284DEB89F36BAEB7CE077A-->  <ISDIRECTPRINT><![CDATA[N]]></ISDIRECTPRINT>
<!--A70A8A5AEF284DEB89F36BAEB7CE077A-->  <ISBACKGROUND><![CDATA[N]]></ISBACKGROUND>
<!--A70A8A5AEF284DEB89F36BAEB7CE077A-->  <ISJASPER><![CDATA[N]]></ISJASPER>
<!--A70A8A5AEF284DEB89F36BAEB7CE077A-->  <ISEXTERNALSERVICE><![CDATA[N]]></ISEXTERNALSERVICE>
<!--A70A8A5AEF284DEB89F36BAEB7CE077A-->  <AD_MODULE_ID><![CDATA[13F494C4C03141258F1193B673570F63]]></AD_MODULE_ID>
<!--A70A8A5AEF284DEB89F36BAEB7CE077A-->  <UIPATTERN><![CDATA[S]]></UIPATTERN>
<!--A70A8A5AEF284DEB89F36BAEB7CE077A-->  <ISADVANCEDFEATURE><![CDATA[N]]></ISADVANCEDFEATURE>
<!--A70A8A5AEF284DEB89F36BAEB7CE077A-->  <PREVENTCONCURRENT><![CDATA[N]]></PREVENTCONCURRENT>
<!--A70A8A5AEF284DEB89F36BAEB7CE077A-->  <IS_EXPLICIT_ACCESS><![CDATA[N]]></IS_EXPLICIT_ACCESS>
<!--A70A8A5AEF284DEB89F36BAEB7CE077A-->  <ISKILLABLE><![CDATA[N]]></ISKILLABLE>
<!--A70A8A5AEF284DEB89F36BAEB7CE077A--></AD_PROCESS>

<!--E31AE2EA06364D918674A3BF38A2760F--><AD_PROCESS>
<!--E31AE2EA06364D918674A3BF38A2760F-->  <AD_PROCESS_ID><![CDATA[E31AE2EA06364D918674A3BF38A2760F]]></AD_PROCESS_ID>
<!--E31AE2EA06364D918674A3BF38A2760F-->  <AD_CLIENT_ID><![CDATA[0]]></AD_CLIENT_ID>
<!--E31AE2EA06364D918674A3BF38A2760F-->  <AD_ORG_ID><![CDATA[0]]></AD_ORG_ID>
<!--E31AE2EA06364D918674A3BF38A2760F-->  <ISACTIVE><![CDATA[Y]]></ISACTIVE>
<!--E31AE2EA06364D918674A3BF38A2760F-->  <VALUE><![CDATA[ImportAttendance2]]></VALUE>
<!--E31AE2EA06364D918674A3BF38A2760F-->  <NAME><![CDATA[Import Attendance 2]]></NAME>
<!--E31AE2EA06364D918674A3BF38A2760F-->  <ACCESSLEVEL><![CDATA[3]]></ACCESSLEVEL>
<!--E31AE2EA06364D918674A3BF38A2760F-->  <ISUSERSTARTABLE><![CDATA[N]]></ISUSERSTARTABLE>
<!--E31AE2EA06364D918674A3BF38A2760F-->  <ISREPORT><![CDATA[N]]></ISREPORT>
<!--E31AE2EA06364D918674A3BF38A2760F-->  <ISDIRECTPRINT><![CDATA[N]]></ISDIRECTPRINT>
<!--E31AE2EA06364D918674A3BF38A2760F-->  <ISBACKGROUND><![CDATA[N]]></ISBACKGROUND>
<!--E31AE2EA06364D918674A3BF38A2760F-->  <ISJASPER><![CDATA[N]]></ISJASPER>
<!--E31AE2EA06364D918674A3BF38A2760F-->  <ISEXTERNALSERVICE><![CDATA[N]]></ISEXTERNALSERVICE>
<!--E31AE2EA06364D918674A3BF38A2760F-->  <AD_MODULE_ID><![CDATA[13F494C4C03141258F1193B673570F63]]></AD_MODULE_ID>
<!--E31AE2EA06364D918674A3BF38A2760F-->  <UIPATTERN><![CDATA[S]]></UIPATTERN>
<!--E31AE2EA06364D918674A3BF38A2760F-->  <ISADVANCEDFEATURE><![CDATA[N]]></ISADVANCEDFEATURE>
<!--E31AE2EA06364D918674A3BF38A2760F-->  <PREVENTCONCURRENT><![CDATA[N]]></PREVENTCONCURRENT>
<!--E31AE2EA06364D918674A3BF38A2760F-->  <IS_EXPLICIT_ACCESS><![CDATA[N]]></IS_EXPLICIT_ACCESS>
<!--E31AE2EA06364D918674A3BF38A2760F-->  <ISKILLABLE><![CDATA[N]]></ISKILLABLE>
<!--E31AE2EA06364D918674A3BF38A2760F--></AD_PROCESS>

<!--FF147BD64A17441AADD20C93975DB932--><AD_PROCESS>
<!--FF147BD64A17441AADD20C93975DB932-->  <AD_PROCESS_ID><![CDATA[FF147BD64A17441AADD20C93975DB932]]></AD_PROCESS_ID>
<!--FF147BD64A17441AADD20C93975DB932-->  <AD_CLIENT_ID><![CDATA[0]]></AD_CLIENT_ID>
<!--FF147BD64A17441AADD20C93975DB932-->  <AD_ORG_ID><![CDATA[0]]></AD_ORG_ID>
<!--FF147BD64A17441AADD20C93975DB932-->  <ISACTIVE><![CDATA[Y]]></ISACTIVE>
<!--FF147BD64A17441AADD20C93975DB932-->  <VALUE><![CDATA[ta_calculate_latebg]]></VALUE>
<!--FF147BD64A17441AADD20C93975DB932-->  <NAME><![CDATA[Kalkulasi Telat Pada Attendance]]></NAME>
<!--FF147BD64A17441AADD20C93975DB932-->  <DESCRIPTION><![CDATA[Kalkulasi Telat Pada Attendance]]></DESCRIPTION>
<!--FF147BD64A17441AADD20C93975DB932-->  <ACCESSLEVEL><![CDATA[3]]></ACCESSLEVEL>
<!--FF147BD64A17441AADD20C93975DB932-->  <ISUSERSTARTABLE><![CDATA[N]]></ISUSERSTARTABLE>
<!--FF147BD64A17441AADD20C93975DB932-->  <ISREPORT><![CDATA[N]]></ISREPORT>
<!--FF147BD64A17441AADD20C93975DB932-->  <ISDIRECTPRINT><![CDATA[N]]></ISDIRECTPRINT>
<!--FF147BD64A17441AADD20C93975DB932-->  <CLASSNAME><![CDATA[org.wirabumi.hris.timeandattendance.erpCommon.ad_process.DocCalculateLate]]></CLASSNAME>
<!--FF147BD64A17441AADD20C93975DB932-->  <ISBACKGROUND><![CDATA[Y]]></ISBACKGROUND>
<!--FF147BD64A17441AADD20C93975DB932-->  <ISJASPER><![CDATA[N]]></ISJASPER>
<!--FF147BD64A17441AADD20C93975DB932-->  <ISEXTERNALSERVICE><![CDATA[N]]></ISEXTERNALSERVICE>
<!--FF147BD64A17441AADD20C93975DB932-->  <AD_MODULE_ID><![CDATA[13F494C4C03141258F1193B673570F63]]></AD_MODULE_ID>
<!--FF147BD64A17441AADD20C93975DB932-->  <UIPATTERN><![CDATA[M]]></UIPATTERN>
<!--FF147BD64A17441AADD20C93975DB932-->  <ISADVANCEDFEATURE><![CDATA[N]]></ISADVANCEDFEATURE>
<!--FF147BD64A17441AADD20C93975DB932-->  <PREVENTCONCURRENT><![CDATA[N]]></PREVENTCONCURRENT>
<!--FF147BD64A17441AADD20C93975DB932-->  <IS_EXPLICIT_ACCESS><![CDATA[N]]></IS_EXPLICIT_ACCESS>
<!--FF147BD64A17441AADD20C93975DB932-->  <ISKILLABLE><![CDATA[N]]></ISKILLABLE>
<!--FF147BD64A17441AADD20C93975DB932--></AD_PROCESS>

</data>
