<?xml version="1.0" encoding="UTF-8"?>
<data>
<!--0A131A9F659B455D856C9AA0033F239C--><AD_PREFERENCE>
<!--0A131A9F659B455D856C9AA0033F239C-->  <AD_PREFERENCE_ID><![CDATA[0A131A9F659B455D856C9AA0033F239C]]></AD_PREFERENCE_ID>
<!--0A131A9F659B455D856C9AA0033F239C-->  <AD_CLIENT_ID><![CDATA[0]]></AD_CLIENT_ID>
<!--0A131A9F659B455D856C9AA0033F239C-->  <AD_ORG_ID><![CDATA[0]]></AD_ORG_ID>
<!--0A131A9F659B455D856C9AA0033F239C-->  <ISACTIVE><![CDATA[Y]]></ISACTIVE>
<!--0A131A9F659B455D856C9AA0033F239C-->  <AD_WINDOW_ID><![CDATA[7051879C1DDD4B3791400C899F5ABEEC]]></AD_WINDOW_ID>
<!--0A131A9F659B455D856C9AA0033F239C-->  <ATTRIBUTE><![CDATA[ForcedLinkWindowC_BPartner]]></ATTRIBUTE>
<!--0A131A9F659B455D856C9AA0033F239C-->  <VALUE><![CDATA[F6C2A66D5D7D42EAA324E2105C24BCEC]]></VALUE>
<!--0A131A9F659B455D856C9AA0033F239C-->  <ISPROPERTYLIST><![CDATA[N]]></ISPROPERTYLIST>
<!--0A131A9F659B455D856C9AA0033F239C-->  <AD_MODULE_ID><![CDATA[13F494C4C03141258F1193B673570F63]]></AD_MODULE_ID>
<!--0A131A9F659B455D856C9AA0033F239C--></AD_PREFERENCE>

<!--1FED8012968743D1A31411484E11D03C--><AD_PREFERENCE>
<!--1FED8012968743D1A31411484E11D03C-->  <AD_PREFERENCE_ID><![CDATA[1FED8012968743D1A31411484E11D03C]]></AD_PREFERENCE_ID>
<!--1FED8012968743D1A31411484E11D03C-->  <AD_CLIENT_ID><![CDATA[0]]></AD_CLIENT_ID>
<!--1FED8012968743D1A31411484E11D03C-->  <AD_ORG_ID><![CDATA[0]]></AD_ORG_ID>
<!--1FED8012968743D1A31411484E11D03C-->  <ISACTIVE><![CDATA[Y]]></ISACTIVE>
<!--1FED8012968743D1A31411484E11D03C-->  <AD_WINDOW_ID><![CDATA[F02ECFA96C8C48E1AECD1A6E4264EFF4]]></AD_WINDOW_ID>
<!--1FED8012968743D1A31411484E11D03C-->  <ATTRIBUTE><![CDATA[ForcedLinkWindowC_BPartner]]></ATTRIBUTE>
<!--1FED8012968743D1A31411484E11D03C-->  <VALUE><![CDATA[F6C2A66D5D7D42EAA324E2105C24BCEC]]></VALUE>
<!--1FED8012968743D1A31411484E11D03C-->  <ISPROPERTYLIST><![CDATA[N]]></ISPROPERTYLIST>
<!--1FED8012968743D1A31411484E11D03C-->  <AD_MODULE_ID><![CDATA[13F494C4C03141258F1193B673570F63]]></AD_MODULE_ID>
<!--1FED8012968743D1A31411484E11D03C--></AD_PREFERENCE>

<!--889ABBB049494E81B4F37364E71735CB--><AD_PREFERENCE>
<!--889ABBB049494E81B4F37364E71735CB-->  <AD_PREFERENCE_ID><![CDATA[889ABBB049494E81B4F37364E71735CB]]></AD_PREFERENCE_ID>
<!--889ABBB049494E81B4F37364E71735CB-->  <AD_CLIENT_ID><![CDATA[0]]></AD_CLIENT_ID>
<!--889ABBB049494E81B4F37364E71735CB-->  <AD_ORG_ID><![CDATA[0]]></AD_ORG_ID>
<!--889ABBB049494E81B4F37364E71735CB-->  <ISACTIVE><![CDATA[Y]]></ISACTIVE>
<!--889ABBB049494E81B4F37364E71735CB-->  <AD_WINDOW_ID><![CDATA[FFA4E1934BE94BCEA91C460BF7FF4237]]></AD_WINDOW_ID>
<!--889ABBB049494E81B4F37364E71735CB-->  <ATTRIBUTE><![CDATA[ForcedLinkWindowC_BPartner]]></ATTRIBUTE>
<!--889ABBB049494E81B4F37364E71735CB-->  <VALUE><![CDATA[F6C2A66D5D7D42EAA324E2105C24BCEC]]></VALUE>
<!--889ABBB049494E81B4F37364E71735CB-->  <ISPROPERTYLIST><![CDATA[N]]></ISPROPERTYLIST>
<!--889ABBB049494E81B4F37364E71735CB-->  <AD_MODULE_ID><![CDATA[13F494C4C03141258F1193B673570F63]]></AD_MODULE_ID>
<!--889ABBB049494E81B4F37364E71735CB--></AD_PREFERENCE>

<!--94E70BDCE38E49B09D5E8AF15FFAEA00--><AD_PREFERENCE>
<!--94E70BDCE38E49B09D5E8AF15FFAEA00-->  <AD_PREFERENCE_ID><![CDATA[94E70BDCE38E49B09D5E8AF15FFAEA00]]></AD_PREFERENCE_ID>
<!--94E70BDCE38E49B09D5E8AF15FFAEA00-->  <AD_CLIENT_ID><![CDATA[0]]></AD_CLIENT_ID>
<!--94E70BDCE38E49B09D5E8AF15FFAEA00-->  <AD_ORG_ID><![CDATA[0]]></AD_ORG_ID>
<!--94E70BDCE38E49B09D5E8AF15FFAEA00-->  <ISACTIVE><![CDATA[Y]]></ISACTIVE>
<!--94E70BDCE38E49B09D5E8AF15FFAEA00-->  <AD_WINDOW_ID><![CDATA[7C2A70A67C6D44FA9FBB01255B272A1C]]></AD_WINDOW_ID>
<!--94E70BDCE38E49B09D5E8AF15FFAEA00-->  <ATTRIBUTE><![CDATA[ForcedLinkWindowC_BPartner]]></ATTRIBUTE>
<!--94E70BDCE38E49B09D5E8AF15FFAEA00-->  <VALUE><![CDATA[F6C2A66D5D7D42EAA324E2105C24BCEC]]></VALUE>
<!--94E70BDCE38E49B09D5E8AF15FFAEA00-->  <ISPROPERTYLIST><![CDATA[N]]></ISPROPERTYLIST>
<!--94E70BDCE38E49B09D5E8AF15FFAEA00-->  <AD_MODULE_ID><![CDATA[13F494C4C03141258F1193B673570F63]]></AD_MODULE_ID>
<!--94E70BDCE38E49B09D5E8AF15FFAEA00--></AD_PREFERENCE>

<!--F526DF36E811482AB9A6B9DCF8E5BE8D--><AD_PREFERENCE>
<!--F526DF36E811482AB9A6B9DCF8E5BE8D-->  <AD_PREFERENCE_ID><![CDATA[F526DF36E811482AB9A6B9DCF8E5BE8D]]></AD_PREFERENCE_ID>
<!--F526DF36E811482AB9A6B9DCF8E5BE8D-->  <AD_CLIENT_ID><![CDATA[0]]></AD_CLIENT_ID>
<!--F526DF36E811482AB9A6B9DCF8E5BE8D-->  <AD_ORG_ID><![CDATA[0]]></AD_ORG_ID>
<!--F526DF36E811482AB9A6B9DCF8E5BE8D-->  <ISACTIVE><![CDATA[Y]]></ISACTIVE>
<!--F526DF36E811482AB9A6B9DCF8E5BE8D-->  <AD_WINDOW_ID><![CDATA[37FD441DF73045FC9F4B884D85DEEB6B]]></AD_WINDOW_ID>
<!--F526DF36E811482AB9A6B9DCF8E5BE8D-->  <ATTRIBUTE><![CDATA[ForcedLinkWindowC_BPartner]]></ATTRIBUTE>
<!--F526DF36E811482AB9A6B9DCF8E5BE8D-->  <VALUE><![CDATA[F6C2A66D5D7D42EAA324E2105C24BCEC]]></VALUE>
<!--F526DF36E811482AB9A6B9DCF8E5BE8D-->  <ISPROPERTYLIST><![CDATA[N]]></ISPROPERTYLIST>
<!--F526DF36E811482AB9A6B9DCF8E5BE8D-->  <AD_MODULE_ID><![CDATA[13F494C4C03141258F1193B673570F63]]></AD_MODULE_ID>
<!--F526DF36E811482AB9A6B9DCF8E5BE8D--></AD_PREFERENCE>

</data>
