<?xml version="1.0" encoding="UTF-8"?>
<data>
<!--A61304DEF5B44DD8AF0E97D49D447907--><AD_PACKAGE>
<!--A61304DEF5B44DD8AF0E97D49D447907-->  <AD_PACKAGE_ID><![CDATA[A61304DEF5B44DD8AF0E97D49D447907]]></AD_PACKAGE_ID>
<!--A61304DEF5B44DD8AF0E97D49D447907-->  <AD_CLIENT_ID><![CDATA[0]]></AD_CLIENT_ID>
<!--A61304DEF5B44DD8AF0E97D49D447907-->  <AD_ORG_ID><![CDATA[0]]></AD_ORG_ID>
<!--A61304DEF5B44DD8AF0E97D49D447907-->  <NAME><![CDATA[org.wirabumi.hris.timeandattendance]]></NAME>
<!--A61304DEF5B44DD8AF0E97D49D447907-->  <JAVAPACKAGE><![CDATA[org.wirabumi.hris.timeandattendance]]></JAVAPACKAGE>
<!--A61304DEF5B44DD8AF0E97D49D447907-->  <AD_MODULE_ID><![CDATA[13F494C4C03141258F1193B673570F63]]></AD_MODULE_ID>
<!--A61304DEF5B44DD8AF0E97D49D447907-->  <ISACTIVE><![CDATA[Y]]></ISACTIVE>
<!--A61304DEF5B44DD8AF0E97D49D447907--></AD_PACKAGE>

</data>
