<?xml version="1.0" encoding="UTF-8"?>
<data>
<!--370392F29BD949EB929184EB3C0D9C05--><AD_REF_TABLE>
<!--370392F29BD949EB929184EB3C0D9C05-->  <AD_REFERENCE_ID><![CDATA[370392F29BD949EB929184EB3C0D9C05]]></AD_REFERENCE_ID>
<!--370392F29BD949EB929184EB3C0D9C05-->  <AD_CLIENT_ID><![CDATA[0]]></AD_CLIENT_ID>
<!--370392F29BD949EB929184EB3C0D9C05-->  <AD_ORG_ID><![CDATA[0]]></AD_ORG_ID>
<!--370392F29BD949EB929184EB3C0D9C05-->  <ISACTIVE><![CDATA[Y]]></ISACTIVE>
<!--370392F29BD949EB929184EB3C0D9C05-->  <AD_TABLE_ID><![CDATA[AC8171965664460C9446E6AEB76B9C76]]></AD_TABLE_ID>
<!--370392F29BD949EB929184EB3C0D9C05-->  <AD_KEY><![CDATA[3012BCD44208411685A17EC6A1B1F464]]></AD_KEY>
<!--370392F29BD949EB929184EB3C0D9C05-->  <AD_DISPLAY><![CDATA[6A78A112BDC54DCEB397579243D2900A]]></AD_DISPLAY>
<!--370392F29BD949EB929184EB3C0D9C05-->  <ISVALUEDISPLAYED><![CDATA[N]]></ISVALUEDISPLAYED>
<!--370392F29BD949EB929184EB3C0D9C05--></AD_REF_TABLE>

<!--7454C1A032C5402FA3D3A0ABA71E1786--><AD_REF_TABLE>
<!--7454C1A032C5402FA3D3A0ABA71E1786-->  <AD_REFERENCE_ID><![CDATA[7454C1A032C5402FA3D3A0ABA71E1786]]></AD_REFERENCE_ID>
<!--7454C1A032C5402FA3D3A0ABA71E1786-->  <AD_CLIENT_ID><![CDATA[0]]></AD_CLIENT_ID>
<!--7454C1A032C5402FA3D3A0ABA71E1786-->  <AD_ORG_ID><![CDATA[0]]></AD_ORG_ID>
<!--7454C1A032C5402FA3D3A0ABA71E1786-->  <ISACTIVE><![CDATA[Y]]></ISACTIVE>
<!--7454C1A032C5402FA3D3A0ABA71E1786-->  <AD_TABLE_ID><![CDATA[1EE2707CC3D24DFF94D258D7E11673AD]]></AD_TABLE_ID>
<!--7454C1A032C5402FA3D3A0ABA71E1786-->  <AD_KEY><![CDATA[2BACA62C2D564FBAB21E7024110938E4]]></AD_KEY>
<!--7454C1A032C5402FA3D3A0ABA71E1786-->  <AD_DISPLAY><![CDATA[E946E45ED41E4E15B9D458C505C8BE30]]></AD_DISPLAY>
<!--7454C1A032C5402FA3D3A0ABA71E1786-->  <ISVALUEDISPLAYED><![CDATA[N]]></ISVALUEDISPLAYED>
<!--7454C1A032C5402FA3D3A0ABA71E1786--></AD_REF_TABLE>

<!--7EB743AA6E0F4A93B3C7712CE44FF16A--><AD_REF_TABLE>
<!--7EB743AA6E0F4A93B3C7712CE44FF16A-->  <AD_REFERENCE_ID><![CDATA[7EB743AA6E0F4A93B3C7712CE44FF16A]]></AD_REFERENCE_ID>
<!--7EB743AA6E0F4A93B3C7712CE44FF16A-->  <AD_CLIENT_ID><![CDATA[0]]></AD_CLIENT_ID>
<!--7EB743AA6E0F4A93B3C7712CE44FF16A-->  <AD_ORG_ID><![CDATA[0]]></AD_ORG_ID>
<!--7EB743AA6E0F4A93B3C7712CE44FF16A-->  <ISACTIVE><![CDATA[Y]]></ISACTIVE>
<!--7EB743AA6E0F4A93B3C7712CE44FF16A-->  <AD_TABLE_ID><![CDATA[E308436CAE5244E4A567B89A8A0442AA]]></AD_TABLE_ID>
<!--7EB743AA6E0F4A93B3C7712CE44FF16A-->  <AD_KEY><![CDATA[1EF8C19552314095B71812C98C5FC6D4]]></AD_KEY>
<!--7EB743AA6E0F4A93B3C7712CE44FF16A-->  <AD_DISPLAY><![CDATA[74435E364462454CBAA6F91A6A628881]]></AD_DISPLAY>
<!--7EB743AA6E0F4A93B3C7712CE44FF16A-->  <ISVALUEDISPLAYED><![CDATA[N]]></ISVALUEDISPLAYED>
<!--7EB743AA6E0F4A93B3C7712CE44FF16A--></AD_REF_TABLE>

<!--967502DC588447B88ACC1E1A53AAC318--><AD_REF_TABLE>
<!--967502DC588447B88ACC1E1A53AAC318-->  <AD_REFERENCE_ID><![CDATA[967502DC588447B88ACC1E1A53AAC318]]></AD_REFERENCE_ID>
<!--967502DC588447B88ACC1E1A53AAC318-->  <AD_CLIENT_ID><![CDATA[0]]></AD_CLIENT_ID>
<!--967502DC588447B88ACC1E1A53AAC318-->  <AD_ORG_ID><![CDATA[0]]></AD_ORG_ID>
<!--967502DC588447B88ACC1E1A53AAC318-->  <ISACTIVE><![CDATA[Y]]></ISACTIVE>
<!--967502DC588447B88ACC1E1A53AAC318-->  <AD_TABLE_ID><![CDATA[D26AC7E0E5CB4A01867C0036A818CD95]]></AD_TABLE_ID>
<!--967502DC588447B88ACC1E1A53AAC318-->  <AD_KEY><![CDATA[67771FA5AE00420B8BC8E6E7F5A137E1]]></AD_KEY>
<!--967502DC588447B88ACC1E1A53AAC318-->  <AD_DISPLAY><![CDATA[D0995E72B47F401B9E85EFD713FD379D]]></AD_DISPLAY>
<!--967502DC588447B88ACC1E1A53AAC318-->  <ISVALUEDISPLAYED><![CDATA[N]]></ISVALUEDISPLAYED>
<!--967502DC588447B88ACC1E1A53AAC318--></AD_REF_TABLE>

</data>
