<?xml version="1.0" encoding="UTF-8"?>
<data>
<!--147F6F278EE849FE9753C338C3FF6DCC--><AD_REF_LIST>
<!--147F6F278EE849FE9753C338C3FF6DCC-->  <AD_REF_LIST_ID><![CDATA[147F6F278EE849FE9753C338C3FF6DCC]]></AD_REF_LIST_ID>
<!--147F6F278EE849FE9753C338C3FF6DCC-->  <AD_CLIENT_ID><![CDATA[0]]></AD_CLIENT_ID>
<!--147F6F278EE849FE9753C338C3FF6DCC-->  <AD_ORG_ID><![CDATA[0]]></AD_ORG_ID>
<!--147F6F278EE849FE9753C338C3FF6DCC-->  <ISACTIVE><![CDATA[Y]]></ISACTIVE>
<!--147F6F278EE849FE9753C338C3FF6DCC-->  <VALUE><![CDATA[OFF]]></VALUE>
<!--147F6F278EE849FE9753C338C3FF6DCC-->  <NAME><![CDATA[Off Day]]></NAME>
<!--147F6F278EE849FE9753C338C3FF6DCC-->  <AD_REFERENCE_ID><![CDATA[87E29E82E89F4C66A7A6B4421359F362]]></AD_REFERENCE_ID>
<!--147F6F278EE849FE9753C338C3FF6DCC-->  <AD_MODULE_ID><![CDATA[13F494C4C03141258F1193B673570F63]]></AD_MODULE_ID>
<!--147F6F278EE849FE9753C338C3FF6DCC-->  <SEQNO><![CDATA[50]]></SEQNO>
<!--147F6F278EE849FE9753C338C3FF6DCC--></AD_REF_LIST>

<!--17065B98B08848658FE76A44EB7A35A7--><AD_REF_LIST>
<!--17065B98B08848658FE76A44EB7A35A7-->  <AD_REF_LIST_ID><![CDATA[17065B98B08848658FE76A44EB7A35A7]]></AD_REF_LIST_ID>
<!--17065B98B08848658FE76A44EB7A35A7-->  <AD_CLIENT_ID><![CDATA[0]]></AD_CLIENT_ID>
<!--17065B98B08848658FE76A44EB7A35A7-->  <AD_ORG_ID><![CDATA[0]]></AD_ORG_ID>
<!--17065B98B08848658FE76A44EB7A35A7-->  <ISACTIVE><![CDATA[Y]]></ISACTIVE>
<!--17065B98B08848658FE76A44EB7A35A7-->  <VALUE><![CDATA[Masuk Telat]]></VALUE>
<!--17065B98B08848658FE76A44EB7A35A7-->  <NAME><![CDATA[Masuk Telat]]></NAME>
<!--17065B98B08848658FE76A44EB7A35A7-->  <AD_REFERENCE_ID><![CDATA[FD81A2157A724AFFA99525D7065BCCC5]]></AD_REFERENCE_ID>
<!--17065B98B08848658FE76A44EB7A35A7-->  <AD_MODULE_ID><![CDATA[13F494C4C03141258F1193B673570F63]]></AD_MODULE_ID>
<!--17065B98B08848658FE76A44EB7A35A7--></AD_REF_LIST>

<!--1B78E27352674EC1860F88D725CF5BE5--><AD_REF_LIST>
<!--1B78E27352674EC1860F88D725CF5BE5-->  <AD_REF_LIST_ID><![CDATA[1B78E27352674EC1860F88D725CF5BE5]]></AD_REF_LIST_ID>
<!--1B78E27352674EC1860F88D725CF5BE5-->  <AD_CLIENT_ID><![CDATA[0]]></AD_CLIENT_ID>
<!--1B78E27352674EC1860F88D725CF5BE5-->  <AD_ORG_ID><![CDATA[0]]></AD_ORG_ID>
<!--1B78E27352674EC1860F88D725CF5BE5-->  <ISACTIVE><![CDATA[Y]]></ISACTIVE>
<!--1B78E27352674EC1860F88D725CF5BE5-->  <VALUE><![CDATA[FORGET]]></VALUE>
<!--1B78E27352674EC1860F88D725CF5BE5-->  <NAME><![CDATA[Forget Check Out]]></NAME>
<!--1B78E27352674EC1860F88D725CF5BE5-->  <AD_REFERENCE_ID><![CDATA[87E29E82E89F4C66A7A6B4421359F362]]></AD_REFERENCE_ID>
<!--1B78E27352674EC1860F88D725CF5BE5-->  <AD_MODULE_ID><![CDATA[13F494C4C03141258F1193B673570F63]]></AD_MODULE_ID>
<!--1B78E27352674EC1860F88D725CF5BE5-->  <SEQNO><![CDATA[30]]></SEQNO>
<!--1B78E27352674EC1860F88D725CF5BE5--></AD_REF_LIST>

<!--43257FE00E7B42F689AF681C63ABBC78--><AD_REF_LIST>
<!--43257FE00E7B42F689AF681C63ABBC78-->  <AD_REF_LIST_ID><![CDATA[43257FE00E7B42F689AF681C63ABBC78]]></AD_REF_LIST_ID>
<!--43257FE00E7B42F689AF681C63ABBC78-->  <AD_CLIENT_ID><![CDATA[0]]></AD_CLIENT_ID>
<!--43257FE00E7B42F689AF681C63ABBC78-->  <AD_ORG_ID><![CDATA[0]]></AD_ORG_ID>
<!--43257FE00E7B42F689AF681C63ABBC78-->  <ISACTIVE><![CDATA[Y]]></ISACTIVE>
<!--43257FE00E7B42F689AF681C63ABBC78-->  <VALUE><![CDATA[OFF]]></VALUE>
<!--43257FE00E7B42F689AF681C63ABBC78-->  <NAME><![CDATA[Off Day]]></NAME>
<!--43257FE00E7B42F689AF681C63ABBC78-->  <AD_REFERENCE_ID><![CDATA[30A96D1AC9014C66B5F73B1C2A7D7437]]></AD_REFERENCE_ID>
<!--43257FE00E7B42F689AF681C63ABBC78-->  <AD_MODULE_ID><![CDATA[13F494C4C03141258F1193B673570F63]]></AD_MODULE_ID>
<!--43257FE00E7B42F689AF681C63ABBC78-->  <SEQNO><![CDATA[50]]></SEQNO>
<!--43257FE00E7B42F689AF681C63ABBC78--></AD_REF_LIST>

<!--475EE50F9C5147E1BFA45897D2B72DD9--><AD_REF_LIST>
<!--475EE50F9C5147E1BFA45897D2B72DD9-->  <AD_REF_LIST_ID><![CDATA[475EE50F9C5147E1BFA45897D2B72DD9]]></AD_REF_LIST_ID>
<!--475EE50F9C5147E1BFA45897D2B72DD9-->  <AD_CLIENT_ID><![CDATA[0]]></AD_CLIENT_ID>
<!--475EE50F9C5147E1BFA45897D2B72DD9-->  <AD_ORG_ID><![CDATA[0]]></AD_ORG_ID>
<!--475EE50F9C5147E1BFA45897D2B72DD9-->  <ISACTIVE><![CDATA[Y]]></ISACTIVE>
<!--475EE50F9C5147E1BFA45897D2B72DD9-->  <VALUE><![CDATA[LEAVE]]></VALUE>
<!--475EE50F9C5147E1BFA45897D2B72DD9-->  <NAME><![CDATA[Leave]]></NAME>
<!--475EE50F9C5147E1BFA45897D2B72DD9-->  <AD_REFERENCE_ID><![CDATA[87E29E82E89F4C66A7A6B4421359F362]]></AD_REFERENCE_ID>
<!--475EE50F9C5147E1BFA45897D2B72DD9-->  <AD_MODULE_ID><![CDATA[13F494C4C03141258F1193B673570F63]]></AD_MODULE_ID>
<!--475EE50F9C5147E1BFA45897D2B72DD9-->  <SEQNO><![CDATA[40]]></SEQNO>
<!--475EE50F9C5147E1BFA45897D2B72DD9--></AD_REF_LIST>

<!--4DB192710D5C43DBAF51F2BBA6FBC86A--><AD_REF_LIST>
<!--4DB192710D5C43DBAF51F2BBA6FBC86A-->  <AD_REF_LIST_ID><![CDATA[4DB192710D5C43DBAF51F2BBA6FBC86A]]></AD_REF_LIST_ID>
<!--4DB192710D5C43DBAF51F2BBA6FBC86A-->  <AD_CLIENT_ID><![CDATA[0]]></AD_CLIENT_ID>
<!--4DB192710D5C43DBAF51F2BBA6FBC86A-->  <AD_ORG_ID><![CDATA[0]]></AD_ORG_ID>
<!--4DB192710D5C43DBAF51F2BBA6FBC86A-->  <ISACTIVE><![CDATA[Y]]></ISACTIVE>
<!--4DB192710D5C43DBAF51F2BBA6FBC86A-->  <VALUE><![CDATA[Pulang Awal]]></VALUE>
<!--4DB192710D5C43DBAF51F2BBA6FBC86A-->  <NAME><![CDATA[Pulang Awal]]></NAME>
<!--4DB192710D5C43DBAF51F2BBA6FBC86A-->  <AD_REFERENCE_ID><![CDATA[FD81A2157A724AFFA99525D7065BCCC5]]></AD_REFERENCE_ID>
<!--4DB192710D5C43DBAF51F2BBA6FBC86A-->  <AD_MODULE_ID><![CDATA[13F494C4C03141258F1193B673570F63]]></AD_MODULE_ID>
<!--4DB192710D5C43DBAF51F2BBA6FBC86A--></AD_REF_LIST>

<!--732EEEAFCDE34F7081B923DB7329F671--><AD_REF_LIST>
<!--732EEEAFCDE34F7081B923DB7329F671-->  <AD_REF_LIST_ID><![CDATA[732EEEAFCDE34F7081B923DB7329F671]]></AD_REF_LIST_ID>
<!--732EEEAFCDE34F7081B923DB7329F671-->  <AD_CLIENT_ID><![CDATA[0]]></AD_CLIENT_ID>
<!--732EEEAFCDE34F7081B923DB7329F671-->  <AD_ORG_ID><![CDATA[0]]></AD_ORG_ID>
<!--732EEEAFCDE34F7081B923DB7329F671-->  <ISACTIVE><![CDATA[Y]]></ISACTIVE>
<!--732EEEAFCDE34F7081B923DB7329F671-->  <VALUE><![CDATA[FORGET]]></VALUE>
<!--732EEEAFCDE34F7081B923DB7329F671-->  <NAME><![CDATA[Forget Check In]]></NAME>
<!--732EEEAFCDE34F7081B923DB7329F671-->  <AD_REFERENCE_ID><![CDATA[30A96D1AC9014C66B5F73B1C2A7D7437]]></AD_REFERENCE_ID>
<!--732EEEAFCDE34F7081B923DB7329F671-->  <AD_MODULE_ID><![CDATA[13F494C4C03141258F1193B673570F63]]></AD_MODULE_ID>
<!--732EEEAFCDE34F7081B923DB7329F671-->  <SEQNO><![CDATA[30]]></SEQNO>
<!--732EEEAFCDE34F7081B923DB7329F671--></AD_REF_LIST>

<!--AA6C54AA71EA4ED5B49BA6D38ECA2507--><AD_REF_LIST>
<!--AA6C54AA71EA4ED5B49BA6D38ECA2507-->  <AD_REF_LIST_ID><![CDATA[AA6C54AA71EA4ED5B49BA6D38ECA2507]]></AD_REF_LIST_ID>
<!--AA6C54AA71EA4ED5B49BA6D38ECA2507-->  <AD_CLIENT_ID><![CDATA[0]]></AD_CLIENT_ID>
<!--AA6C54AA71EA4ED5B49BA6D38ECA2507-->  <AD_ORG_ID><![CDATA[0]]></AD_ORG_ID>
<!--AA6C54AA71EA4ED5B49BA6D38ECA2507-->  <ISACTIVE><![CDATA[Y]]></ISACTIVE>
<!--AA6C54AA71EA4ED5B49BA6D38ECA2507-->  <VALUE><![CDATA[OK]]></VALUE>
<!--AA6C54AA71EA4ED5B49BA6D38ECA2507-->  <NAME><![CDATA[On Time]]></NAME>
<!--AA6C54AA71EA4ED5B49BA6D38ECA2507-->  <AD_REFERENCE_ID><![CDATA[87E29E82E89F4C66A7A6B4421359F362]]></AD_REFERENCE_ID>
<!--AA6C54AA71EA4ED5B49BA6D38ECA2507-->  <AD_MODULE_ID><![CDATA[13F494C4C03141258F1193B673570F63]]></AD_MODULE_ID>
<!--AA6C54AA71EA4ED5B49BA6D38ECA2507-->  <SEQNO><![CDATA[10]]></SEQNO>
<!--AA6C54AA71EA4ED5B49BA6D38ECA2507--></AD_REF_LIST>

<!--B7791C4AAC2D42EA994AC96AD0FD4403--><AD_REF_LIST>
<!--B7791C4AAC2D42EA994AC96AD0FD4403-->  <AD_REF_LIST_ID><![CDATA[B7791C4AAC2D42EA994AC96AD0FD4403]]></AD_REF_LIST_ID>
<!--B7791C4AAC2D42EA994AC96AD0FD4403-->  <AD_CLIENT_ID><![CDATA[0]]></AD_CLIENT_ID>
<!--B7791C4AAC2D42EA994AC96AD0FD4403-->  <AD_ORG_ID><![CDATA[0]]></AD_ORG_ID>
<!--B7791C4AAC2D42EA994AC96AD0FD4403-->  <ISACTIVE><![CDATA[Y]]></ISACTIVE>
<!--B7791C4AAC2D42EA994AC96AD0FD4403-->  <VALUE><![CDATA[EARLY]]></VALUE>
<!--B7791C4AAC2D42EA994AC96AD0FD4403-->  <NAME><![CDATA[Back Home Early]]></NAME>
<!--B7791C4AAC2D42EA994AC96AD0FD4403-->  <AD_REFERENCE_ID><![CDATA[87E29E82E89F4C66A7A6B4421359F362]]></AD_REFERENCE_ID>
<!--B7791C4AAC2D42EA994AC96AD0FD4403-->  <AD_MODULE_ID><![CDATA[13F494C4C03141258F1193B673570F63]]></AD_MODULE_ID>
<!--B7791C4AAC2D42EA994AC96AD0FD4403-->  <SEQNO><![CDATA[20]]></SEQNO>
<!--B7791C4AAC2D42EA994AC96AD0FD4403--></AD_REF_LIST>

<!--BDC19BC1AAE34F00B0CF524E84105664--><AD_REF_LIST>
<!--BDC19BC1AAE34F00B0CF524E84105664-->  <AD_REF_LIST_ID><![CDATA[BDC19BC1AAE34F00B0CF524E84105664]]></AD_REF_LIST_ID>
<!--BDC19BC1AAE34F00B0CF524E84105664-->  <AD_CLIENT_ID><![CDATA[0]]></AD_CLIENT_ID>
<!--BDC19BC1AAE34F00B0CF524E84105664-->  <AD_ORG_ID><![CDATA[0]]></AD_ORG_ID>
<!--BDC19BC1AAE34F00B0CF524E84105664-->  <ISACTIVE><![CDATA[Y]]></ISACTIVE>
<!--BDC19BC1AAE34F00B0CF524E84105664-->  <VALUE><![CDATA[OK]]></VALUE>
<!--BDC19BC1AAE34F00B0CF524E84105664-->  <NAME><![CDATA[On Time]]></NAME>
<!--BDC19BC1AAE34F00B0CF524E84105664-->  <AD_REFERENCE_ID><![CDATA[30A96D1AC9014C66B5F73B1C2A7D7437]]></AD_REFERENCE_ID>
<!--BDC19BC1AAE34F00B0CF524E84105664-->  <AD_MODULE_ID><![CDATA[13F494C4C03141258F1193B673570F63]]></AD_MODULE_ID>
<!--BDC19BC1AAE34F00B0CF524E84105664-->  <SEQNO><![CDATA[10]]></SEQNO>
<!--BDC19BC1AAE34F00B0CF524E84105664--></AD_REF_LIST>

<!--C207D9AE5E0E47099C7C5BBAC1BF92A7--><AD_REF_LIST>
<!--C207D9AE5E0E47099C7C5BBAC1BF92A7-->  <AD_REF_LIST_ID><![CDATA[C207D9AE5E0E47099C7C5BBAC1BF92A7]]></AD_REF_LIST_ID>
<!--C207D9AE5E0E47099C7C5BBAC1BF92A7-->  <AD_CLIENT_ID><![CDATA[0]]></AD_CLIENT_ID>
<!--C207D9AE5E0E47099C7C5BBAC1BF92A7-->  <AD_ORG_ID><![CDATA[0]]></AD_ORG_ID>
<!--C207D9AE5E0E47099C7C5BBAC1BF92A7-->  <ISACTIVE><![CDATA[Y]]></ISACTIVE>
<!--C207D9AE5E0E47099C7C5BBAC1BF92A7-->  <VALUE><![CDATA[Pulang Tepat Waktu]]></VALUE>
<!--C207D9AE5E0E47099C7C5BBAC1BF92A7-->  <NAME><![CDATA[Pulang Tepat Waktu]]></NAME>
<!--C207D9AE5E0E47099C7C5BBAC1BF92A7-->  <AD_REFERENCE_ID><![CDATA[FD81A2157A724AFFA99525D7065BCCC5]]></AD_REFERENCE_ID>
<!--C207D9AE5E0E47099C7C5BBAC1BF92A7-->  <AD_MODULE_ID><![CDATA[13F494C4C03141258F1193B673570F63]]></AD_MODULE_ID>
<!--C207D9AE5E0E47099C7C5BBAC1BF92A7--></AD_REF_LIST>

<!--DF30B499A5154D87BFB3E498D21C44DD--><AD_REF_LIST>
<!--DF30B499A5154D87BFB3E498D21C44DD-->  <AD_REF_LIST_ID><![CDATA[DF30B499A5154D87BFB3E498D21C44DD]]></AD_REF_LIST_ID>
<!--DF30B499A5154D87BFB3E498D21C44DD-->  <AD_CLIENT_ID><![CDATA[0]]></AD_CLIENT_ID>
<!--DF30B499A5154D87BFB3E498D21C44DD-->  <AD_ORG_ID><![CDATA[0]]></AD_ORG_ID>
<!--DF30B499A5154D87BFB3E498D21C44DD-->  <ISACTIVE><![CDATA[Y]]></ISACTIVE>
<!--DF30B499A5154D87BFB3E498D21C44DD-->  <VALUE><![CDATA[LEAVE]]></VALUE>
<!--DF30B499A5154D87BFB3E498D21C44DD-->  <NAME><![CDATA[Leave]]></NAME>
<!--DF30B499A5154D87BFB3E498D21C44DD-->  <AD_REFERENCE_ID><![CDATA[30A96D1AC9014C66B5F73B1C2A7D7437]]></AD_REFERENCE_ID>
<!--DF30B499A5154D87BFB3E498D21C44DD-->  <AD_MODULE_ID><![CDATA[13F494C4C03141258F1193B673570F63]]></AD_MODULE_ID>
<!--DF30B499A5154D87BFB3E498D21C44DD-->  <SEQNO><![CDATA[40]]></SEQNO>
<!--DF30B499A5154D87BFB3E498D21C44DD--></AD_REF_LIST>

<!--F1741FD9863A47E5B83BFE7326764776--><AD_REF_LIST>
<!--F1741FD9863A47E5B83BFE7326764776-->  <AD_REF_LIST_ID><![CDATA[F1741FD9863A47E5B83BFE7326764776]]></AD_REF_LIST_ID>
<!--F1741FD9863A47E5B83BFE7326764776-->  <AD_CLIENT_ID><![CDATA[0]]></AD_CLIENT_ID>
<!--F1741FD9863A47E5B83BFE7326764776-->  <AD_ORG_ID><![CDATA[0]]></AD_ORG_ID>
<!--F1741FD9863A47E5B83BFE7326764776-->  <ISACTIVE><![CDATA[Y]]></ISACTIVE>
<!--F1741FD9863A47E5B83BFE7326764776-->  <VALUE><![CDATA[Masuk Tepat Waktu]]></VALUE>
<!--F1741FD9863A47E5B83BFE7326764776-->  <NAME><![CDATA[Masuk Tepat Waktu]]></NAME>
<!--F1741FD9863A47E5B83BFE7326764776-->  <AD_REFERENCE_ID><![CDATA[FD81A2157A724AFFA99525D7065BCCC5]]></AD_REFERENCE_ID>
<!--F1741FD9863A47E5B83BFE7326764776-->  <AD_MODULE_ID><![CDATA[13F494C4C03141258F1193B673570F63]]></AD_MODULE_ID>
<!--F1741FD9863A47E5B83BFE7326764776--></AD_REF_LIST>

<!--F5664A7F280E41C9A807EE8D3A9C186B--><AD_REF_LIST>
<!--F5664A7F280E41C9A807EE8D3A9C186B-->  <AD_REF_LIST_ID><![CDATA[F5664A7F280E41C9A807EE8D3A9C186B]]></AD_REF_LIST_ID>
<!--F5664A7F280E41C9A807EE8D3A9C186B-->  <AD_CLIENT_ID><![CDATA[0]]></AD_CLIENT_ID>
<!--F5664A7F280E41C9A807EE8D3A9C186B-->  <AD_ORG_ID><![CDATA[0]]></AD_ORG_ID>
<!--F5664A7F280E41C9A807EE8D3A9C186B-->  <ISACTIVE><![CDATA[Y]]></ISACTIVE>
<!--F5664A7F280E41C9A807EE8D3A9C186B-->  <VALUE><![CDATA[LATE]]></VALUE>
<!--F5664A7F280E41C9A807EE8D3A9C186B-->  <NAME><![CDATA[Come Too Late]]></NAME>
<!--F5664A7F280E41C9A807EE8D3A9C186B-->  <AD_REFERENCE_ID><![CDATA[30A96D1AC9014C66B5F73B1C2A7D7437]]></AD_REFERENCE_ID>
<!--F5664A7F280E41C9A807EE8D3A9C186B-->  <AD_MODULE_ID><![CDATA[13F494C4C03141258F1193B673570F63]]></AD_MODULE_ID>
<!--F5664A7F280E41C9A807EE8D3A9C186B-->  <SEQNO><![CDATA[20]]></SEQNO>
<!--F5664A7F280E41C9A807EE8D3A9C186B--></AD_REF_LIST>

</data>
