<?xml version="1.0" encoding="UTF-8"?>
<data>
<!--0A9B37CA4E2D4334B536913154E4F80D--><AD_REFERENCE>
<!--0A9B37CA4E2D4334B536913154E4F80D-->  <AD_REFERENCE_ID><![CDATA[0A9B37CA4E2D4334B536913154E4F80D]]></AD_REFERENCE_ID>
<!--0A9B37CA4E2D4334B536913154E4F80D-->  <AD_CLIENT_ID><![CDATA[0]]></AD_CLIENT_ID>
<!--0A9B37CA4E2D4334B536913154E4F80D-->  <AD_ORG_ID><![CDATA[0]]></AD_ORG_ID>
<!--0A9B37CA4E2D4334B536913154E4F80D-->  <ISACTIVE><![CDATA[Y]]></ISACTIVE>
<!--0A9B37CA4E2D4334B536913154E4F80D-->  <NAME><![CDATA[Akumulasi Potongan Cuti]]></NAME>
<!--0A9B37CA4E2D4334B536913154E4F80D-->  <AD_MODULE_ID><![CDATA[13F494C4C03141258F1193B673570F63]]></AD_MODULE_ID>
<!--0A9B37CA4E2D4334B536913154E4F80D-->  <ISBASEREFERENCE><![CDATA[N]]></ISBASEREFERENCE>
<!--0A9B37CA4E2D4334B536913154E4F80D-->  <PARENTREFERENCE_ID><![CDATA[95E2A8B50A254B2AAE6774B8C2F28120]]></PARENTREFERENCE_ID>
<!--0A9B37CA4E2D4334B536913154E4F80D-->  <ISVALUEDISPLAYED><![CDATA[N]]></ISVALUEDISPLAYED>
<!--0A9B37CA4E2D4334B536913154E4F80D--></AD_REFERENCE>

<!--30A96D1AC9014C66B5F73B1C2A7D7437--><AD_REFERENCE>
<!--30A96D1AC9014C66B5F73B1C2A7D7437-->  <AD_REFERENCE_ID><![CDATA[30A96D1AC9014C66B5F73B1C2A7D7437]]></AD_REFERENCE_ID>
<!--30A96D1AC9014C66B5F73B1C2A7D7437-->  <AD_CLIENT_ID><![CDATA[0]]></AD_CLIENT_ID>
<!--30A96D1AC9014C66B5F73B1C2A7D7437-->  <AD_ORG_ID><![CDATA[0]]></AD_ORG_ID>
<!--30A96D1AC9014C66B5F73B1C2A7D7437-->  <ISACTIVE><![CDATA[Y]]></ISACTIVE>
<!--30A96D1AC9014C66B5F73B1C2A7D7437-->  <NAME><![CDATA[TA_CheckIn_Status]]></NAME>
<!--30A96D1AC9014C66B5F73B1C2A7D7437-->  <AD_MODULE_ID><![CDATA[13F494C4C03141258F1193B673570F63]]></AD_MODULE_ID>
<!--30A96D1AC9014C66B5F73B1C2A7D7437-->  <ISBASEREFERENCE><![CDATA[N]]></ISBASEREFERENCE>
<!--30A96D1AC9014C66B5F73B1C2A7D7437-->  <PARENTREFERENCE_ID><![CDATA[17]]></PARENTREFERENCE_ID>
<!--30A96D1AC9014C66B5F73B1C2A7D7437-->  <ISVALUEDISPLAYED><![CDATA[N]]></ISVALUEDISPLAYED>
<!--30A96D1AC9014C66B5F73B1C2A7D7437--></AD_REFERENCE>

<!--370392F29BD949EB929184EB3C0D9C05--><AD_REFERENCE>
<!--370392F29BD949EB929184EB3C0D9C05-->  <AD_REFERENCE_ID><![CDATA[370392F29BD949EB929184EB3C0D9C05]]></AD_REFERENCE_ID>
<!--370392F29BD949EB929184EB3C0D9C05-->  <AD_CLIENT_ID><![CDATA[0]]></AD_CLIENT_ID>
<!--370392F29BD949EB929184EB3C0D9C05-->  <AD_ORG_ID><![CDATA[0]]></AD_ORG_ID>
<!--370392F29BD949EB929184EB3C0D9C05-->  <ISACTIVE><![CDATA[Y]]></ISACTIVE>
<!--370392F29BD949EB929184EB3C0D9C05-->  <NAME><![CDATA[Attandance Table]]></NAME>
<!--370392F29BD949EB929184EB3C0D9C05-->  <AD_MODULE_ID><![CDATA[13F494C4C03141258F1193B673570F63]]></AD_MODULE_ID>
<!--370392F29BD949EB929184EB3C0D9C05-->  <ISBASEREFERENCE><![CDATA[N]]></ISBASEREFERENCE>
<!--370392F29BD949EB929184EB3C0D9C05-->  <PARENTREFERENCE_ID><![CDATA[18]]></PARENTREFERENCE_ID>
<!--370392F29BD949EB929184EB3C0D9C05-->  <ISVALUEDISPLAYED><![CDATA[N]]></ISVALUEDISPLAYED>
<!--370392F29BD949EB929184EB3C0D9C05--></AD_REFERENCE>

<!--6325B87D668643C2A82AAF20138D26EE--><AD_REFERENCE>
<!--6325B87D668643C2A82AAF20138D26EE-->  <AD_REFERENCE_ID><![CDATA[6325B87D668643C2A82AAF20138D26EE]]></AD_REFERENCE_ID>
<!--6325B87D668643C2A82AAF20138D26EE-->  <AD_CLIENT_ID><![CDATA[0]]></AD_CLIENT_ID>
<!--6325B87D668643C2A82AAF20138D26EE-->  <AD_ORG_ID><![CDATA[0]]></AD_ORG_ID>
<!--6325B87D668643C2A82AAF20138D26EE-->  <ISACTIVE><![CDATA[Y]]></ISACTIVE>
<!--6325B87D668643C2A82AAF20138D26EE-->  <NAME><![CDATA[Attendance Selector]]></NAME>
<!--6325B87D668643C2A82AAF20138D26EE-->  <DESCRIPTION><![CDATA[Attendance Selector]]></DESCRIPTION>
<!--6325B87D668643C2A82AAF20138D26EE-->  <AD_MODULE_ID><![CDATA[13F494C4C03141258F1193B673570F63]]></AD_MODULE_ID>
<!--6325B87D668643C2A82AAF20138D26EE-->  <ISBASEREFERENCE><![CDATA[N]]></ISBASEREFERENCE>
<!--6325B87D668643C2A82AAF20138D26EE-->  <PARENTREFERENCE_ID><![CDATA[95E2A8B50A254B2AAE6774B8C2F28120]]></PARENTREFERENCE_ID>
<!--6325B87D668643C2A82AAF20138D26EE-->  <ISVALUEDISPLAYED><![CDATA[N]]></ISVALUEDISPLAYED>
<!--6325B87D668643C2A82AAF20138D26EE--></AD_REFERENCE>

<!--7454C1A032C5402FA3D3A0ABA71E1786--><AD_REFERENCE>
<!--7454C1A032C5402FA3D3A0ABA71E1786-->  <AD_REFERENCE_ID><![CDATA[7454C1A032C5402FA3D3A0ABA71E1786]]></AD_REFERENCE_ID>
<!--7454C1A032C5402FA3D3A0ABA71E1786-->  <AD_CLIENT_ID><![CDATA[0]]></AD_CLIENT_ID>
<!--7454C1A032C5402FA3D3A0ABA71E1786-->  <AD_ORG_ID><![CDATA[0]]></AD_ORG_ID>
<!--7454C1A032C5402FA3D3A0ABA71E1786-->  <ISACTIVE><![CDATA[Y]]></ISACTIVE>
<!--7454C1A032C5402FA3D3A0ABA71E1786-->  <NAME><![CDATA[HRIS_Department]]></NAME>
<!--7454C1A032C5402FA3D3A0ABA71E1786-->  <AD_MODULE_ID><![CDATA[13F494C4C03141258F1193B673570F63]]></AD_MODULE_ID>
<!--7454C1A032C5402FA3D3A0ABA71E1786-->  <ISBASEREFERENCE><![CDATA[N]]></ISBASEREFERENCE>
<!--7454C1A032C5402FA3D3A0ABA71E1786-->  <PARENTREFERENCE_ID><![CDATA[18]]></PARENTREFERENCE_ID>
<!--7454C1A032C5402FA3D3A0ABA71E1786-->  <ISVALUEDISPLAYED><![CDATA[N]]></ISVALUEDISPLAYED>
<!--7454C1A032C5402FA3D3A0ABA71E1786--></AD_REFERENCE>

<!--7EB743AA6E0F4A93B3C7712CE44FF16A--><AD_REFERENCE>
<!--7EB743AA6E0F4A93B3C7712CE44FF16A-->  <AD_REFERENCE_ID><![CDATA[7EB743AA6E0F4A93B3C7712CE44FF16A]]></AD_REFERENCE_ID>
<!--7EB743AA6E0F4A93B3C7712CE44FF16A-->  <AD_CLIENT_ID><![CDATA[0]]></AD_CLIENT_ID>
<!--7EB743AA6E0F4A93B3C7712CE44FF16A-->  <AD_ORG_ID><![CDATA[0]]></AD_ORG_ID>
<!--7EB743AA6E0F4A93B3C7712CE44FF16A-->  <ISACTIVE><![CDATA[Y]]></ISACTIVE>
<!--7EB743AA6E0F4A93B3C7712CE44FF16A-->  <NAME><![CDATA[TA_Shift_Ref]]></NAME>
<!--7EB743AA6E0F4A93B3C7712CE44FF16A-->  <AD_MODULE_ID><![CDATA[13F494C4C03141258F1193B673570F63]]></AD_MODULE_ID>
<!--7EB743AA6E0F4A93B3C7712CE44FF16A-->  <ISBASEREFERENCE><![CDATA[N]]></ISBASEREFERENCE>
<!--7EB743AA6E0F4A93B3C7712CE44FF16A-->  <PARENTREFERENCE_ID><![CDATA[18]]></PARENTREFERENCE_ID>
<!--7EB743AA6E0F4A93B3C7712CE44FF16A-->  <ISVALUEDISPLAYED><![CDATA[N]]></ISVALUEDISPLAYED>
<!--7EB743AA6E0F4A93B3C7712CE44FF16A--></AD_REFERENCE>

<!--87E29E82E89F4C66A7A6B4421359F362--><AD_REFERENCE>
<!--87E29E82E89F4C66A7A6B4421359F362-->  <AD_REFERENCE_ID><![CDATA[87E29E82E89F4C66A7A6B4421359F362]]></AD_REFERENCE_ID>
<!--87E29E82E89F4C66A7A6B4421359F362-->  <AD_CLIENT_ID><![CDATA[0]]></AD_CLIENT_ID>
<!--87E29E82E89F4C66A7A6B4421359F362-->  <AD_ORG_ID><![CDATA[0]]></AD_ORG_ID>
<!--87E29E82E89F4C66A7A6B4421359F362-->  <ISACTIVE><![CDATA[Y]]></ISACTIVE>
<!--87E29E82E89F4C66A7A6B4421359F362-->  <NAME><![CDATA[TA_CheckOut_Status]]></NAME>
<!--87E29E82E89F4C66A7A6B4421359F362-->  <AD_MODULE_ID><![CDATA[13F494C4C03141258F1193B673570F63]]></AD_MODULE_ID>
<!--87E29E82E89F4C66A7A6B4421359F362-->  <ISBASEREFERENCE><![CDATA[N]]></ISBASEREFERENCE>
<!--87E29E82E89F4C66A7A6B4421359F362-->  <PARENTREFERENCE_ID><![CDATA[17]]></PARENTREFERENCE_ID>
<!--87E29E82E89F4C66A7A6B4421359F362-->  <ISVALUEDISPLAYED><![CDATA[N]]></ISVALUEDISPLAYED>
<!--87E29E82E89F4C66A7A6B4421359F362--></AD_REFERENCE>

<!--967502DC588447B88ACC1E1A53AAC318--><AD_REFERENCE>
<!--967502DC588447B88ACC1E1A53AAC318-->  <AD_REFERENCE_ID><![CDATA[967502DC588447B88ACC1E1A53AAC318]]></AD_REFERENCE_ID>
<!--967502DC588447B88ACC1E1A53AAC318-->  <AD_CLIENT_ID><![CDATA[0]]></AD_CLIENT_ID>
<!--967502DC588447B88ACC1E1A53AAC318-->  <AD_ORG_ID><![CDATA[0]]></AD_ORG_ID>
<!--967502DC588447B88ACC1E1A53AAC318-->  <ISACTIVE><![CDATA[Y]]></ISACTIVE>
<!--967502DC588447B88ACC1E1A53AAC318-->  <NAME><![CDATA[Akumulasi Potongan Gaji]]></NAME>
<!--967502DC588447B88ACC1E1A53AAC318-->  <AD_MODULE_ID><![CDATA[13F494C4C03141258F1193B673570F63]]></AD_MODULE_ID>
<!--967502DC588447B88ACC1E1A53AAC318-->  <ISBASEREFERENCE><![CDATA[N]]></ISBASEREFERENCE>
<!--967502DC588447B88ACC1E1A53AAC318-->  <PARENTREFERENCE_ID><![CDATA[18]]></PARENTREFERENCE_ID>
<!--967502DC588447B88ACC1E1A53AAC318-->  <ISVALUEDISPLAYED><![CDATA[N]]></ISVALUEDISPLAYED>
<!--967502DC588447B88ACC1E1A53AAC318--></AD_REFERENCE>

<!--FD81A2157A724AFFA99525D7065BCCC5--><AD_REFERENCE>
<!--FD81A2157A724AFFA99525D7065BCCC5-->  <AD_REFERENCE_ID><![CDATA[FD81A2157A724AFFA99525D7065BCCC5]]></AD_REFERENCE_ID>
<!--FD81A2157A724AFFA99525D7065BCCC5-->  <AD_CLIENT_ID><![CDATA[0]]></AD_CLIENT_ID>
<!--FD81A2157A724AFFA99525D7065BCCC5-->  <AD_ORG_ID><![CDATA[0]]></AD_ORG_ID>
<!--FD81A2157A724AFFA99525D7065BCCC5-->  <ISACTIVE><![CDATA[Y]]></ISACTIVE>
<!--FD81A2157A724AFFA99525D7065BCCC5-->  <NAME><![CDATA[HRIS_Remark]]></NAME>
<!--FD81A2157A724AFFA99525D7065BCCC5-->  <AD_MODULE_ID><![CDATA[13F494C4C03141258F1193B673570F63]]></AD_MODULE_ID>
<!--FD81A2157A724AFFA99525D7065BCCC5-->  <ISBASEREFERENCE><![CDATA[N]]></ISBASEREFERENCE>
<!--FD81A2157A724AFFA99525D7065BCCC5-->  <PARENTREFERENCE_ID><![CDATA[17]]></PARENTREFERENCE_ID>
<!--FD81A2157A724AFFA99525D7065BCCC5-->  <ISVALUEDISPLAYED><![CDATA[N]]></ISVALUEDISPLAYED>
<!--FD81A2157A724AFFA99525D7065BCCC5--></AD_REFERENCE>

</data>
