<?xml version="1.0" encoding="UTF-8"?>
<data>
<!--2DE0CB2E028D4DE5A9BB5715F4F279FC--><AD_TAB>
<!--2DE0CB2E028D4DE5A9BB5715F4F279FC-->  <AD_TAB_ID><![CDATA[2DE0CB2E028D4DE5A9BB5715F4F279FC]]></AD_TAB_ID>
<!--2DE0CB2E028D4DE5A9BB5715F4F279FC-->  <AD_CLIENT_ID><![CDATA[0]]></AD_CLIENT_ID>
<!--2DE0CB2E028D4DE5A9BB5715F4F279FC-->  <AD_ORG_ID><![CDATA[0]]></AD_ORG_ID>
<!--2DE0CB2E028D4DE5A9BB5715F4F279FC-->  <ISACTIVE><![CDATA[Y]]></ISACTIVE>
<!--2DE0CB2E028D4DE5A9BB5715F4F279FC-->  <NAME><![CDATA[Attendance]]></NAME>
<!--2DE0CB2E028D4DE5A9BB5715F4F279FC-->  <AD_TABLE_ID><![CDATA[AC8171965664460C9446E6AEB76B9C76]]></AD_TABLE_ID>
<!--2DE0CB2E028D4DE5A9BB5715F4F279FC-->  <AD_WINDOW_ID><![CDATA[F02ECFA96C8C48E1AECD1A6E4264EFF4]]></AD_WINDOW_ID>
<!--2DE0CB2E028D4DE5A9BB5715F4F279FC-->  <SEQNO><![CDATA[10]]></SEQNO>
<!--2DE0CB2E028D4DE5A9BB5715F4F279FC-->  <TABLEVEL><![CDATA[0]]></TABLEVEL>
<!--2DE0CB2E028D4DE5A9BB5715F4F279FC-->  <ISSINGLEROW><![CDATA[N]]></ISSINGLEROW>
<!--2DE0CB2E028D4DE5A9BB5715F4F279FC-->  <ISINFOTAB><![CDATA[N]]></ISINFOTAB>
<!--2DE0CB2E028D4DE5A9BB5715F4F279FC-->  <ISTRANSLATIONTAB><![CDATA[N]]></ISTRANSLATIONTAB>
<!--2DE0CB2E028D4DE5A9BB5715F4F279FC-->  <ISREADONLY><![CDATA[N]]></ISREADONLY>
<!--2DE0CB2E028D4DE5A9BB5715F4F279FC-->  <HASTREE><![CDATA[N]]></HASTREE>
<!--2DE0CB2E028D4DE5A9BB5715F4F279FC-->  <PROCESSING><![CDATA[N]]></PROCESSING>
<!--2DE0CB2E028D4DE5A9BB5715F4F279FC-->  <IMPORTFIELDS><![CDATA[N]]></IMPORTFIELDS>
<!--2DE0CB2E028D4DE5A9BB5715F4F279FC-->  <ISSORTTAB><![CDATA[N]]></ISSORTTAB>
<!--2DE0CB2E028D4DE5A9BB5715F4F279FC-->  <AD_MODULE_ID><![CDATA[13F494C4C03141258F1193B673570F63]]></AD_MODULE_ID>
<!--2DE0CB2E028D4DE5A9BB5715F4F279FC-->  <UIPATTERN><![CDATA[STD]]></UIPATTERN>
<!--2DE0CB2E028D4DE5A9BB5715F4F279FC-->  <SHOWPARENTBUTTONS><![CDATA[Y]]></SHOWPARENTBUTTONS>
<!--2DE0CB2E028D4DE5A9BB5715F4F279FC-->  <DISABLE_PARENT_KEY_PROPERTY><![CDATA[N]]></DISABLE_PARENT_KEY_PROPERTY>
<!--2DE0CB2E028D4DE5A9BB5715F4F279FC-->  <ISREADONLYTREE><![CDATA[N]]></ISREADONLYTREE>
<!--2DE0CB2E028D4DE5A9BB5715F4F279FC-->  <ISSHOWTREENODEICONS><![CDATA[Y]]></ISSHOWTREENODEICONS>
<!--2DE0CB2E028D4DE5A9BB5715F4F279FC-->  <EM_OBUIAPP_CAN_ADD><![CDATA[N]]></EM_OBUIAPP_CAN_ADD>
<!--2DE0CB2E028D4DE5A9BB5715F4F279FC-->  <EM_OBUIAPP_CAN_DELETE><![CDATA[N]]></EM_OBUIAPP_CAN_DELETE>
<!--2DE0CB2E028D4DE5A9BB5715F4F279FC-->  <EM_OBUIAPP_SHOW_SELECT><![CDATA[Y]]></EM_OBUIAPP_SHOW_SELECT>
<!--2DE0CB2E028D4DE5A9BB5715F4F279FC--></AD_TAB>

<!--45AABF472AA44F8CB0E35F66F61D7014--><AD_TAB>
<!--45AABF472AA44F8CB0E35F66F61D7014-->  <AD_TAB_ID><![CDATA[45AABF472AA44F8CB0E35F66F61D7014]]></AD_TAB_ID>
<!--45AABF472AA44F8CB0E35F66F61D7014-->  <AD_CLIENT_ID><![CDATA[0]]></AD_CLIENT_ID>
<!--45AABF472AA44F8CB0E35F66F61D7014-->  <AD_ORG_ID><![CDATA[0]]></AD_ORG_ID>
<!--45AABF472AA44F8CB0E35F66F61D7014-->  <ISACTIVE><![CDATA[Y]]></ISACTIVE>
<!--45AABF472AA44F8CB0E35F66F61D7014-->  <NAME><![CDATA[Akumulasi Potong Gaji]]></NAME>
<!--45AABF472AA44F8CB0E35F66F61D7014-->  <AD_TABLE_ID><![CDATA[D26AC7E0E5CB4A01867C0036A818CD95]]></AD_TABLE_ID>
<!--45AABF472AA44F8CB0E35F66F61D7014-->  <AD_WINDOW_ID><![CDATA[FFA4E1934BE94BCEA91C460BF7FF4237]]></AD_WINDOW_ID>
<!--45AABF472AA44F8CB0E35F66F61D7014-->  <SEQNO><![CDATA[10]]></SEQNO>
<!--45AABF472AA44F8CB0E35F66F61D7014-->  <TABLEVEL><![CDATA[0]]></TABLEVEL>
<!--45AABF472AA44F8CB0E35F66F61D7014-->  <ISSINGLEROW><![CDATA[N]]></ISSINGLEROW>
<!--45AABF472AA44F8CB0E35F66F61D7014-->  <ISINFOTAB><![CDATA[N]]></ISINFOTAB>
<!--45AABF472AA44F8CB0E35F66F61D7014-->  <ISTRANSLATIONTAB><![CDATA[N]]></ISTRANSLATIONTAB>
<!--45AABF472AA44F8CB0E35F66F61D7014-->  <ISREADONLY><![CDATA[N]]></ISREADONLY>
<!--45AABF472AA44F8CB0E35F66F61D7014-->  <HASTREE><![CDATA[N]]></HASTREE>
<!--45AABF472AA44F8CB0E35F66F61D7014-->  <AD_PROCESS_ID><![CDATA[7D720CA873304EB7A827BAB41105843C]]></AD_PROCESS_ID>
<!--45AABF472AA44F8CB0E35F66F61D7014-->  <PROCESSING><![CDATA[N]]></PROCESSING>
<!--45AABF472AA44F8CB0E35F66F61D7014-->  <IMPORTFIELDS><![CDATA[N]]></IMPORTFIELDS>
<!--45AABF472AA44F8CB0E35F66F61D7014-->  <ISSORTTAB><![CDATA[N]]></ISSORTTAB>
<!--45AABF472AA44F8CB0E35F66F61D7014-->  <AD_MODULE_ID><![CDATA[13F494C4C03141258F1193B673570F63]]></AD_MODULE_ID>
<!--45AABF472AA44F8CB0E35F66F61D7014-->  <UIPATTERN><![CDATA[STD]]></UIPATTERN>
<!--45AABF472AA44F8CB0E35F66F61D7014-->  <SHOWPARENTBUTTONS><![CDATA[Y]]></SHOWPARENTBUTTONS>
<!--45AABF472AA44F8CB0E35F66F61D7014-->  <DISABLE_PARENT_KEY_PROPERTY><![CDATA[N]]></DISABLE_PARENT_KEY_PROPERTY>
<!--45AABF472AA44F8CB0E35F66F61D7014-->  <ISREADONLYTREE><![CDATA[N]]></ISREADONLYTREE>
<!--45AABF472AA44F8CB0E35F66F61D7014-->  <ISSHOWTREENODEICONS><![CDATA[Y]]></ISSHOWTREENODEICONS>
<!--45AABF472AA44F8CB0E35F66F61D7014-->  <EM_OBUIAPP_CAN_ADD><![CDATA[N]]></EM_OBUIAPP_CAN_ADD>
<!--45AABF472AA44F8CB0E35F66F61D7014-->  <EM_OBUIAPP_CAN_DELETE><![CDATA[N]]></EM_OBUIAPP_CAN_DELETE>
<!--45AABF472AA44F8CB0E35F66F61D7014-->  <EM_OBUIAPP_SHOW_SELECT><![CDATA[Y]]></EM_OBUIAPP_SHOW_SELECT>
<!--45AABF472AA44F8CB0E35F66F61D7014--></AD_TAB>

<!--52BF04F6B74C4F528EB3E0E0A914CCC6--><AD_TAB>
<!--52BF04F6B74C4F528EB3E0E0A914CCC6-->  <AD_TAB_ID><![CDATA[52BF04F6B74C4F528EB3E0E0A914CCC6]]></AD_TAB_ID>
<!--52BF04F6B74C4F528EB3E0E0A914CCC6-->  <AD_CLIENT_ID><![CDATA[0]]></AD_CLIENT_ID>
<!--52BF04F6B74C4F528EB3E0E0A914CCC6-->  <AD_ORG_ID><![CDATA[0]]></AD_ORG_ID>
<!--52BF04F6B74C4F528EB3E0E0A914CCC6-->  <ISACTIVE><![CDATA[Y]]></ISACTIVE>
<!--52BF04F6B74C4F528EB3E0E0A914CCC6-->  <NAME><![CDATA[Line]]></NAME>
<!--52BF04F6B74C4F528EB3E0E0A914CCC6-->  <AD_TABLE_ID><![CDATA[AF9FCE5CAAFA410E99F5C7542FE25CD4]]></AD_TABLE_ID>
<!--52BF04F6B74C4F528EB3E0E0A914CCC6-->  <AD_WINDOW_ID><![CDATA[7051879C1DDD4B3791400C899F5ABEEC]]></AD_WINDOW_ID>
<!--52BF04F6B74C4F528EB3E0E0A914CCC6-->  <SEQNO><![CDATA[20]]></SEQNO>
<!--52BF04F6B74C4F528EB3E0E0A914CCC6-->  <TABLEVEL><![CDATA[1]]></TABLEVEL>
<!--52BF04F6B74C4F528EB3E0E0A914CCC6-->  <ISSINGLEROW><![CDATA[N]]></ISSINGLEROW>
<!--52BF04F6B74C4F528EB3E0E0A914CCC6-->  <ISINFOTAB><![CDATA[N]]></ISINFOTAB>
<!--52BF04F6B74C4F528EB3E0E0A914CCC6-->  <ISTRANSLATIONTAB><![CDATA[N]]></ISTRANSLATIONTAB>
<!--52BF04F6B74C4F528EB3E0E0A914CCC6-->  <ISREADONLY><![CDATA[N]]></ISREADONLY>
<!--52BF04F6B74C4F528EB3E0E0A914CCC6-->  <HASTREE><![CDATA[N]]></HASTREE>
<!--52BF04F6B74C4F528EB3E0E0A914CCC6-->  <PROCESSING><![CDATA[N]]></PROCESSING>
<!--52BF04F6B74C4F528EB3E0E0A914CCC6-->  <IMPORTFIELDS><![CDATA[N]]></IMPORTFIELDS>
<!--52BF04F6B74C4F528EB3E0E0A914CCC6-->  <ISSORTTAB><![CDATA[N]]></ISSORTTAB>
<!--52BF04F6B74C4F528EB3E0E0A914CCC6-->  <AD_MODULE_ID><![CDATA[13F494C4C03141258F1193B673570F63]]></AD_MODULE_ID>
<!--52BF04F6B74C4F528EB3E0E0A914CCC6-->  <UIPATTERN><![CDATA[STD]]></UIPATTERN>
<!--52BF04F6B74C4F528EB3E0E0A914CCC6-->  <SHOWPARENTBUTTONS><![CDATA[Y]]></SHOWPARENTBUTTONS>
<!--52BF04F6B74C4F528EB3E0E0A914CCC6-->  <DISABLE_PARENT_KEY_PROPERTY><![CDATA[N]]></DISABLE_PARENT_KEY_PROPERTY>
<!--52BF04F6B74C4F528EB3E0E0A914CCC6-->  <ISREADONLYTREE><![CDATA[N]]></ISREADONLYTREE>
<!--52BF04F6B74C4F528EB3E0E0A914CCC6-->  <ISSHOWTREENODEICONS><![CDATA[Y]]></ISSHOWTREENODEICONS>
<!--52BF04F6B74C4F528EB3E0E0A914CCC6-->  <EM_OBUIAPP_CAN_ADD><![CDATA[N]]></EM_OBUIAPP_CAN_ADD>
<!--52BF04F6B74C4F528EB3E0E0A914CCC6-->  <EM_OBUIAPP_CAN_DELETE><![CDATA[N]]></EM_OBUIAPP_CAN_DELETE>
<!--52BF04F6B74C4F528EB3E0E0A914CCC6-->  <EM_OBUIAPP_SHOW_SELECT><![CDATA[Y]]></EM_OBUIAPP_SHOW_SELECT>
<!--52BF04F6B74C4F528EB3E0E0A914CCC6--></AD_TAB>

<!--60233EDD8C0A4E41B7B25B0C6F7D6FCF--><AD_TAB>
<!--60233EDD8C0A4E41B7B25B0C6F7D6FCF-->  <AD_TAB_ID><![CDATA[60233EDD8C0A4E41B7B25B0C6F7D6FCF]]></AD_TAB_ID>
<!--60233EDD8C0A4E41B7B25B0C6F7D6FCF-->  <AD_CLIENT_ID><![CDATA[0]]></AD_CLIENT_ID>
<!--60233EDD8C0A4E41B7B25B0C6F7D6FCF-->  <AD_ORG_ID><![CDATA[0]]></AD_ORG_ID>
<!--60233EDD8C0A4E41B7B25B0C6F7D6FCF-->  <ISACTIVE><![CDATA[Y]]></ISACTIVE>
<!--60233EDD8C0A4E41B7B25B0C6F7D6FCF-->  <NAME><![CDATA[Shift]]></NAME>
<!--60233EDD8C0A4E41B7B25B0C6F7D6FCF-->  <AD_TABLE_ID><![CDATA[A5E82DDC19864D93802D70A58A3919BE]]></AD_TABLE_ID>
<!--60233EDD8C0A4E41B7B25B0C6F7D6FCF-->  <AD_WINDOW_ID><![CDATA[37FD441DF73045FC9F4B884D85DEEB6B]]></AD_WINDOW_ID>
<!--60233EDD8C0A4E41B7B25B0C6F7D6FCF-->  <SEQNO><![CDATA[10]]></SEQNO>
<!--60233EDD8C0A4E41B7B25B0C6F7D6FCF-->  <TABLEVEL><![CDATA[0]]></TABLEVEL>
<!--60233EDD8C0A4E41B7B25B0C6F7D6FCF-->  <ISSINGLEROW><![CDATA[N]]></ISSINGLEROW>
<!--60233EDD8C0A4E41B7B25B0C6F7D6FCF-->  <ISINFOTAB><![CDATA[N]]></ISINFOTAB>
<!--60233EDD8C0A4E41B7B25B0C6F7D6FCF-->  <ISTRANSLATIONTAB><![CDATA[N]]></ISTRANSLATIONTAB>
<!--60233EDD8C0A4E41B7B25B0C6F7D6FCF-->  <ISREADONLY><![CDATA[N]]></ISREADONLY>
<!--60233EDD8C0A4E41B7B25B0C6F7D6FCF-->  <HASTREE><![CDATA[N]]></HASTREE>
<!--60233EDD8C0A4E41B7B25B0C6F7D6FCF-->  <PROCESSING><![CDATA[N]]></PROCESSING>
<!--60233EDD8C0A4E41B7B25B0C6F7D6FCF-->  <ISSORTTAB><![CDATA[N]]></ISSORTTAB>
<!--60233EDD8C0A4E41B7B25B0C6F7D6FCF-->  <AD_MODULE_ID><![CDATA[13F494C4C03141258F1193B673570F63]]></AD_MODULE_ID>
<!--60233EDD8C0A4E41B7B25B0C6F7D6FCF-->  <UIPATTERN><![CDATA[STD]]></UIPATTERN>
<!--60233EDD8C0A4E41B7B25B0C6F7D6FCF-->  <SHOWPARENTBUTTONS><![CDATA[Y]]></SHOWPARENTBUTTONS>
<!--60233EDD8C0A4E41B7B25B0C6F7D6FCF-->  <DISABLE_PARENT_KEY_PROPERTY><![CDATA[N]]></DISABLE_PARENT_KEY_PROPERTY>
<!--60233EDD8C0A4E41B7B25B0C6F7D6FCF-->  <ISREADONLYTREE><![CDATA[N]]></ISREADONLYTREE>
<!--60233EDD8C0A4E41B7B25B0C6F7D6FCF-->  <ISSHOWTREENODEICONS><![CDATA[Y]]></ISSHOWTREENODEICONS>
<!--60233EDD8C0A4E41B7B25B0C6F7D6FCF-->  <EM_OBUIAPP_CAN_ADD><![CDATA[N]]></EM_OBUIAPP_CAN_ADD>
<!--60233EDD8C0A4E41B7B25B0C6F7D6FCF-->  <EM_OBUIAPP_CAN_DELETE><![CDATA[N]]></EM_OBUIAPP_CAN_DELETE>
<!--60233EDD8C0A4E41B7B25B0C6F7D6FCF-->  <EM_OBUIAPP_SHOW_SELECT><![CDATA[Y]]></EM_OBUIAPP_SHOW_SELECT>
<!--60233EDD8C0A4E41B7B25B0C6F7D6FCF--></AD_TAB>

<!--67E505CDCE2549E690E7E677DA3E16D3--><AD_TAB>
<!--67E505CDCE2549E690E7E677DA3E16D3-->  <AD_TAB_ID><![CDATA[67E505CDCE2549E690E7E677DA3E16D3]]></AD_TAB_ID>
<!--67E505CDCE2549E690E7E677DA3E16D3-->  <AD_CLIENT_ID><![CDATA[0]]></AD_CLIENT_ID>
<!--67E505CDCE2549E690E7E677DA3E16D3-->  <AD_ORG_ID><![CDATA[0]]></AD_ORG_ID>
<!--67E505CDCE2549E690E7E677DA3E16D3-->  <ISACTIVE><![CDATA[Y]]></ISACTIVE>
<!--67E505CDCE2549E690E7E677DA3E16D3-->  <NAME><![CDATA[Shift]]></NAME>
<!--67E505CDCE2549E690E7E677DA3E16D3-->  <AD_TABLE_ID><![CDATA[E308436CAE5244E4A567B89A8A0442AA]]></AD_TABLE_ID>
<!--67E505CDCE2549E690E7E677DA3E16D3-->  <AD_WINDOW_ID><![CDATA[7051879C1DDD4B3791400C899F5ABEEC]]></AD_WINDOW_ID>
<!--67E505CDCE2549E690E7E677DA3E16D3-->  <SEQNO><![CDATA[10]]></SEQNO>
<!--67E505CDCE2549E690E7E677DA3E16D3-->  <TABLEVEL><![CDATA[0]]></TABLEVEL>
<!--67E505CDCE2549E690E7E677DA3E16D3-->  <ISSINGLEROW><![CDATA[N]]></ISSINGLEROW>
<!--67E505CDCE2549E690E7E677DA3E16D3-->  <ISINFOTAB><![CDATA[N]]></ISINFOTAB>
<!--67E505CDCE2549E690E7E677DA3E16D3-->  <ISTRANSLATIONTAB><![CDATA[N]]></ISTRANSLATIONTAB>
<!--67E505CDCE2549E690E7E677DA3E16D3-->  <ISREADONLY><![CDATA[N]]></ISREADONLY>
<!--67E505CDCE2549E690E7E677DA3E16D3-->  <HASTREE><![CDATA[N]]></HASTREE>
<!--67E505CDCE2549E690E7E677DA3E16D3-->  <PROCESSING><![CDATA[N]]></PROCESSING>
<!--67E505CDCE2549E690E7E677DA3E16D3-->  <IMPORTFIELDS><![CDATA[N]]></IMPORTFIELDS>
<!--67E505CDCE2549E690E7E677DA3E16D3-->  <ISSORTTAB><![CDATA[N]]></ISSORTTAB>
<!--67E505CDCE2549E690E7E677DA3E16D3-->  <AD_MODULE_ID><![CDATA[13F494C4C03141258F1193B673570F63]]></AD_MODULE_ID>
<!--67E505CDCE2549E690E7E677DA3E16D3-->  <UIPATTERN><![CDATA[STD]]></UIPATTERN>
<!--67E505CDCE2549E690E7E677DA3E16D3-->  <SHOWPARENTBUTTONS><![CDATA[Y]]></SHOWPARENTBUTTONS>
<!--67E505CDCE2549E690E7E677DA3E16D3-->  <DISABLE_PARENT_KEY_PROPERTY><![CDATA[N]]></DISABLE_PARENT_KEY_PROPERTY>
<!--67E505CDCE2549E690E7E677DA3E16D3-->  <ISREADONLYTREE><![CDATA[N]]></ISREADONLYTREE>
<!--67E505CDCE2549E690E7E677DA3E16D3-->  <ISSHOWTREENODEICONS><![CDATA[Y]]></ISSHOWTREENODEICONS>
<!--67E505CDCE2549E690E7E677DA3E16D3-->  <EM_OBUIAPP_CAN_ADD><![CDATA[N]]></EM_OBUIAPP_CAN_ADD>
<!--67E505CDCE2549E690E7E677DA3E16D3-->  <EM_OBUIAPP_CAN_DELETE><![CDATA[N]]></EM_OBUIAPP_CAN_DELETE>
<!--67E505CDCE2549E690E7E677DA3E16D3-->  <EM_OBUIAPP_SHOW_SELECT><![CDATA[Y]]></EM_OBUIAPP_SHOW_SELECT>
<!--67E505CDCE2549E690E7E677DA3E16D3--></AD_TAB>

<!--A5C5928FC60B4F7594EE14157C682A08--><AD_TAB>
<!--A5C5928FC60B4F7594EE14157C682A08-->  <AD_TAB_ID><![CDATA[A5C5928FC60B4F7594EE14157C682A08]]></AD_TAB_ID>
<!--A5C5928FC60B4F7594EE14157C682A08-->  <AD_CLIENT_ID><![CDATA[0]]></AD_CLIENT_ID>
<!--A5C5928FC60B4F7594EE14157C682A08-->  <AD_ORG_ID><![CDATA[0]]></AD_ORG_ID>
<!--A5C5928FC60B4F7594EE14157C682A08-->  <ISACTIVE><![CDATA[Y]]></ISACTIVE>
<!--A5C5928FC60B4F7594EE14157C682A08-->  <NAME><![CDATA[Header]]></NAME>
<!--A5C5928FC60B4F7594EE14157C682A08-->  <AD_TABLE_ID><![CDATA[F91BC8AA687D47C0B215F0916C7AE8AB]]></AD_TABLE_ID>
<!--A5C5928FC60B4F7594EE14157C682A08-->  <AD_WINDOW_ID><![CDATA[994EC5B1F0034A7E9D471364F77DE19F]]></AD_WINDOW_ID>
<!--A5C5928FC60B4F7594EE14157C682A08-->  <SEQNO><![CDATA[10]]></SEQNO>
<!--A5C5928FC60B4F7594EE14157C682A08-->  <TABLEVEL><![CDATA[0]]></TABLEVEL>
<!--A5C5928FC60B4F7594EE14157C682A08-->  <ISSINGLEROW><![CDATA[N]]></ISSINGLEROW>
<!--A5C5928FC60B4F7594EE14157C682A08-->  <ISINFOTAB><![CDATA[N]]></ISINFOTAB>
<!--A5C5928FC60B4F7594EE14157C682A08-->  <ISTRANSLATIONTAB><![CDATA[N]]></ISTRANSLATIONTAB>
<!--A5C5928FC60B4F7594EE14157C682A08-->  <ISREADONLY><![CDATA[N]]></ISREADONLY>
<!--A5C5928FC60B4F7594EE14157C682A08-->  <HASTREE><![CDATA[N]]></HASTREE>
<!--A5C5928FC60B4F7594EE14157C682A08-->  <PROCESSING><![CDATA[N]]></PROCESSING>
<!--A5C5928FC60B4F7594EE14157C682A08-->  <IMPORTFIELDS><![CDATA[N]]></IMPORTFIELDS>
<!--A5C5928FC60B4F7594EE14157C682A08-->  <ISSORTTAB><![CDATA[N]]></ISSORTTAB>
<!--A5C5928FC60B4F7594EE14157C682A08-->  <AD_MODULE_ID><![CDATA[13F494C4C03141258F1193B673570F63]]></AD_MODULE_ID>
<!--A5C5928FC60B4F7594EE14157C682A08-->  <UIPATTERN><![CDATA[STD]]></UIPATTERN>
<!--A5C5928FC60B4F7594EE14157C682A08-->  <SHOWPARENTBUTTONS><![CDATA[Y]]></SHOWPARENTBUTTONS>
<!--A5C5928FC60B4F7594EE14157C682A08-->  <DISABLE_PARENT_KEY_PROPERTY><![CDATA[N]]></DISABLE_PARENT_KEY_PROPERTY>
<!--A5C5928FC60B4F7594EE14157C682A08-->  <ISREADONLYTREE><![CDATA[N]]></ISREADONLYTREE>
<!--A5C5928FC60B4F7594EE14157C682A08-->  <ISSHOWTREENODEICONS><![CDATA[Y]]></ISSHOWTREENODEICONS>
<!--A5C5928FC60B4F7594EE14157C682A08-->  <EM_OBUIAPP_CAN_ADD><![CDATA[N]]></EM_OBUIAPP_CAN_ADD>
<!--A5C5928FC60B4F7594EE14157C682A08-->  <EM_OBUIAPP_CAN_DELETE><![CDATA[N]]></EM_OBUIAPP_CAN_DELETE>
<!--A5C5928FC60B4F7594EE14157C682A08-->  <EM_OBUIAPP_SHOW_SELECT><![CDATA[Y]]></EM_OBUIAPP_SHOW_SELECT>
<!--A5C5928FC60B4F7594EE14157C682A08--></AD_TAB>

<!--AD293A02867442D39D0A115ADFC4DD79--><AD_TAB>
<!--AD293A02867442D39D0A115ADFC4DD79-->  <AD_TAB_ID><![CDATA[AD293A02867442D39D0A115ADFC4DD79]]></AD_TAB_ID>
<!--AD293A02867442D39D0A115ADFC4DD79-->  <AD_CLIENT_ID><![CDATA[0]]></AD_CLIENT_ID>
<!--AD293A02867442D39D0A115ADFC4DD79-->  <AD_ORG_ID><![CDATA[0]]></AD_ORG_ID>
<!--AD293A02867442D39D0A115ADFC4DD79-->  <ISACTIVE><![CDATA[Y]]></ISACTIVE>
<!--AD293A02867442D39D0A115ADFC4DD79-->  <NAME><![CDATA[Lines]]></NAME>
<!--AD293A02867442D39D0A115ADFC4DD79-->  <AD_TABLE_ID><![CDATA[B6967CF9A6E64448875CCF3680B1596D]]></AD_TABLE_ID>
<!--AD293A02867442D39D0A115ADFC4DD79-->  <AD_WINDOW_ID><![CDATA[8CDF1B5FFEE842D697C3CFE0DAEE357A]]></AD_WINDOW_ID>
<!--AD293A02867442D39D0A115ADFC4DD79-->  <SEQNO><![CDATA[20]]></SEQNO>
<!--AD293A02867442D39D0A115ADFC4DD79-->  <TABLEVEL><![CDATA[1]]></TABLEVEL>
<!--AD293A02867442D39D0A115ADFC4DD79-->  <ISSINGLEROW><![CDATA[N]]></ISSINGLEROW>
<!--AD293A02867442D39D0A115ADFC4DD79-->  <ISINFOTAB><![CDATA[N]]></ISINFOTAB>
<!--AD293A02867442D39D0A115ADFC4DD79-->  <ISTRANSLATIONTAB><![CDATA[N]]></ISTRANSLATIONTAB>
<!--AD293A02867442D39D0A115ADFC4DD79-->  <ISREADONLY><![CDATA[N]]></ISREADONLY>
<!--AD293A02867442D39D0A115ADFC4DD79-->  <HASTREE><![CDATA[N]]></HASTREE>
<!--AD293A02867442D39D0A115ADFC4DD79-->  <PROCESSING><![CDATA[N]]></PROCESSING>
<!--AD293A02867442D39D0A115ADFC4DD79-->  <IMPORTFIELDS><![CDATA[N]]></IMPORTFIELDS>
<!--AD293A02867442D39D0A115ADFC4DD79-->  <ISSORTTAB><![CDATA[N]]></ISSORTTAB>
<!--AD293A02867442D39D0A115ADFC4DD79-->  <AD_MODULE_ID><![CDATA[13F494C4C03141258F1193B673570F63]]></AD_MODULE_ID>
<!--AD293A02867442D39D0A115ADFC4DD79-->  <UIPATTERN><![CDATA[STD]]></UIPATTERN>
<!--AD293A02867442D39D0A115ADFC4DD79-->  <SHOWPARENTBUTTONS><![CDATA[Y]]></SHOWPARENTBUTTONS>
<!--AD293A02867442D39D0A115ADFC4DD79-->  <DISABLE_PARENT_KEY_PROPERTY><![CDATA[N]]></DISABLE_PARENT_KEY_PROPERTY>
<!--AD293A02867442D39D0A115ADFC4DD79-->  <ISREADONLYTREE><![CDATA[N]]></ISREADONLYTREE>
<!--AD293A02867442D39D0A115ADFC4DD79-->  <ISSHOWTREENODEICONS><![CDATA[Y]]></ISSHOWTREENODEICONS>
<!--AD293A02867442D39D0A115ADFC4DD79-->  <EM_OBUIAPP_CAN_ADD><![CDATA[N]]></EM_OBUIAPP_CAN_ADD>
<!--AD293A02867442D39D0A115ADFC4DD79-->  <EM_OBUIAPP_CAN_DELETE><![CDATA[N]]></EM_OBUIAPP_CAN_DELETE>
<!--AD293A02867442D39D0A115ADFC4DD79-->  <EM_OBUIAPP_SHOW_SELECT><![CDATA[Y]]></EM_OBUIAPP_SHOW_SELECT>
<!--AD293A02867442D39D0A115ADFC4DD79--></AD_TAB>

<!--CBE76151738346B49FB9DBC4F71230AE--><AD_TAB>
<!--CBE76151738346B49FB9DBC4F71230AE-->  <AD_TAB_ID><![CDATA[CBE76151738346B49FB9DBC4F71230AE]]></AD_TAB_ID>
<!--CBE76151738346B49FB9DBC4F71230AE-->  <AD_CLIENT_ID><![CDATA[0]]></AD_CLIENT_ID>
<!--CBE76151738346B49FB9DBC4F71230AE-->  <AD_ORG_ID><![CDATA[0]]></AD_ORG_ID>
<!--CBE76151738346B49FB9DBC4F71230AE-->  <ISACTIVE><![CDATA[Y]]></ISACTIVE>
<!--CBE76151738346B49FB9DBC4F71230AE-->  <NAME><![CDATA[Labour Time Master]]></NAME>
<!--CBE76151738346B49FB9DBC4F71230AE-->  <AD_TABLE_ID><![CDATA[58B0B9240BAA4822BD1082058696FF79]]></AD_TABLE_ID>
<!--CBE76151738346B49FB9DBC4F71230AE-->  <AD_WINDOW_ID><![CDATA[A30E1B2354D14497AEE0B38BA4F6A03E]]></AD_WINDOW_ID>
<!--CBE76151738346B49FB9DBC4F71230AE-->  <SEQNO><![CDATA[10]]></SEQNO>
<!--CBE76151738346B49FB9DBC4F71230AE-->  <TABLEVEL><![CDATA[0]]></TABLEVEL>
<!--CBE76151738346B49FB9DBC4F71230AE-->  <ISSINGLEROW><![CDATA[N]]></ISSINGLEROW>
<!--CBE76151738346B49FB9DBC4F71230AE-->  <ISINFOTAB><![CDATA[N]]></ISINFOTAB>
<!--CBE76151738346B49FB9DBC4F71230AE-->  <ISTRANSLATIONTAB><![CDATA[N]]></ISTRANSLATIONTAB>
<!--CBE76151738346B49FB9DBC4F71230AE-->  <ISREADONLY><![CDATA[N]]></ISREADONLY>
<!--CBE76151738346B49FB9DBC4F71230AE-->  <HASTREE><![CDATA[N]]></HASTREE>
<!--CBE76151738346B49FB9DBC4F71230AE-->  <PROCESSING><![CDATA[N]]></PROCESSING>
<!--CBE76151738346B49FB9DBC4F71230AE-->  <IMPORTFIELDS><![CDATA[N]]></IMPORTFIELDS>
<!--CBE76151738346B49FB9DBC4F71230AE-->  <ISSORTTAB><![CDATA[N]]></ISSORTTAB>
<!--CBE76151738346B49FB9DBC4F71230AE-->  <AD_MODULE_ID><![CDATA[13F494C4C03141258F1193B673570F63]]></AD_MODULE_ID>
<!--CBE76151738346B49FB9DBC4F71230AE-->  <UIPATTERN><![CDATA[STD]]></UIPATTERN>
<!--CBE76151738346B49FB9DBC4F71230AE-->  <SHOWPARENTBUTTONS><![CDATA[Y]]></SHOWPARENTBUTTONS>
<!--CBE76151738346B49FB9DBC4F71230AE-->  <DISABLE_PARENT_KEY_PROPERTY><![CDATA[N]]></DISABLE_PARENT_KEY_PROPERTY>
<!--CBE76151738346B49FB9DBC4F71230AE-->  <ISREADONLYTREE><![CDATA[N]]></ISREADONLYTREE>
<!--CBE76151738346B49FB9DBC4F71230AE-->  <ISSHOWTREENODEICONS><![CDATA[Y]]></ISSHOWTREENODEICONS>
<!--CBE76151738346B49FB9DBC4F71230AE-->  <EM_OBUIAPP_CAN_ADD><![CDATA[N]]></EM_OBUIAPP_CAN_ADD>
<!--CBE76151738346B49FB9DBC4F71230AE-->  <EM_OBUIAPP_CAN_DELETE><![CDATA[N]]></EM_OBUIAPP_CAN_DELETE>
<!--CBE76151738346B49FB9DBC4F71230AE-->  <EM_OBUIAPP_SHOW_SELECT><![CDATA[Y]]></EM_OBUIAPP_SHOW_SELECT>
<!--CBE76151738346B49FB9DBC4F71230AE--></AD_TAB>

<!--D20095F1275B4B03B13EC2A242F3DD0E--><AD_TAB>
<!--D20095F1275B4B03B13EC2A242F3DD0E-->  <AD_TAB_ID><![CDATA[D20095F1275B4B03B13EC2A242F3DD0E]]></AD_TAB_ID>
<!--D20095F1275B4B03B13EC2A242F3DD0E-->  <AD_CLIENT_ID><![CDATA[0]]></AD_CLIENT_ID>
<!--D20095F1275B4B03B13EC2A242F3DD0E-->  <AD_ORG_ID><![CDATA[0]]></AD_ORG_ID>
<!--D20095F1275B4B03B13EC2A242F3DD0E-->  <ISACTIVE><![CDATA[Y]]></ISACTIVE>
<!--D20095F1275B4B03B13EC2A242F3DD0E-->  <NAME><![CDATA[Akumulasi Potong Cuti]]></NAME>
<!--D20095F1275B4B03B13EC2A242F3DD0E-->  <AD_TABLE_ID><![CDATA[595380A2D3D84B0EAEFC01540694BEC8]]></AD_TABLE_ID>
<!--D20095F1275B4B03B13EC2A242F3DD0E-->  <AD_WINDOW_ID><![CDATA[8CDF1B5FFEE842D697C3CFE0DAEE357A]]></AD_WINDOW_ID>
<!--D20095F1275B4B03B13EC2A242F3DD0E-->  <SEQNO><![CDATA[10]]></SEQNO>
<!--D20095F1275B4B03B13EC2A242F3DD0E-->  <TABLEVEL><![CDATA[0]]></TABLEVEL>
<!--D20095F1275B4B03B13EC2A242F3DD0E-->  <ISSINGLEROW><![CDATA[N]]></ISSINGLEROW>
<!--D20095F1275B4B03B13EC2A242F3DD0E-->  <ISINFOTAB><![CDATA[N]]></ISINFOTAB>
<!--D20095F1275B4B03B13EC2A242F3DD0E-->  <ISTRANSLATIONTAB><![CDATA[N]]></ISTRANSLATIONTAB>
<!--D20095F1275B4B03B13EC2A242F3DD0E-->  <ISREADONLY><![CDATA[N]]></ISREADONLY>
<!--D20095F1275B4B03B13EC2A242F3DD0E-->  <HASTREE><![CDATA[N]]></HASTREE>
<!--D20095F1275B4B03B13EC2A242F3DD0E-->  <AD_PROCESS_ID><![CDATA[1388C5A42B77411AB1576479818964BC]]></AD_PROCESS_ID>
<!--D20095F1275B4B03B13EC2A242F3DD0E-->  <PROCESSING><![CDATA[N]]></PROCESSING>
<!--D20095F1275B4B03B13EC2A242F3DD0E-->  <IMPORTFIELDS><![CDATA[N]]></IMPORTFIELDS>
<!--D20095F1275B4B03B13EC2A242F3DD0E-->  <ISSORTTAB><![CDATA[N]]></ISSORTTAB>
<!--D20095F1275B4B03B13EC2A242F3DD0E-->  <AD_MODULE_ID><![CDATA[13F494C4C03141258F1193B673570F63]]></AD_MODULE_ID>
<!--D20095F1275B4B03B13EC2A242F3DD0E-->  <UIPATTERN><![CDATA[STD]]></UIPATTERN>
<!--D20095F1275B4B03B13EC2A242F3DD0E-->  <SHOWPARENTBUTTONS><![CDATA[Y]]></SHOWPARENTBUTTONS>
<!--D20095F1275B4B03B13EC2A242F3DD0E-->  <DISABLE_PARENT_KEY_PROPERTY><![CDATA[N]]></DISABLE_PARENT_KEY_PROPERTY>
<!--D20095F1275B4B03B13EC2A242F3DD0E-->  <ISREADONLYTREE><![CDATA[N]]></ISREADONLYTREE>
<!--D20095F1275B4B03B13EC2A242F3DD0E-->  <ISSHOWTREENODEICONS><![CDATA[Y]]></ISSHOWTREENODEICONS>
<!--D20095F1275B4B03B13EC2A242F3DD0E-->  <EM_OBUIAPP_CAN_ADD><![CDATA[N]]></EM_OBUIAPP_CAN_ADD>
<!--D20095F1275B4B03B13EC2A242F3DD0E-->  <EM_OBUIAPP_CAN_DELETE><![CDATA[N]]></EM_OBUIAPP_CAN_DELETE>
<!--D20095F1275B4B03B13EC2A242F3DD0E-->  <EM_OBUIAPP_SHOW_SELECT><![CDATA[Y]]></EM_OBUIAPP_SHOW_SELECT>
<!--D20095F1275B4B03B13EC2A242F3DD0E--></AD_TAB>

<!--D220ADD1B4F64CE69BEC9791C21ECC1C--><AD_TAB>
<!--D220ADD1B4F64CE69BEC9791C21ECC1C-->  <AD_TAB_ID><![CDATA[D220ADD1B4F64CE69BEC9791C21ECC1C]]></AD_TAB_ID>
<!--D220ADD1B4F64CE69BEC9791C21ECC1C-->  <AD_CLIENT_ID><![CDATA[0]]></AD_CLIENT_ID>
<!--D220ADD1B4F64CE69BEC9791C21ECC1C-->  <AD_ORG_ID><![CDATA[0]]></AD_ORG_ID>
<!--D220ADD1B4F64CE69BEC9791C21ECC1C-->  <ISACTIVE><![CDATA[Y]]></ISACTIVE>
<!--D220ADD1B4F64CE69BEC9791C21ECC1C-->  <NAME><![CDATA[Lines]]></NAME>
<!--D220ADD1B4F64CE69BEC9791C21ECC1C-->  <AD_TABLE_ID><![CDATA[A73AFF6948B54FC6AAF41E725AA83B6B]]></AD_TABLE_ID>
<!--D220ADD1B4F64CE69BEC9791C21ECC1C-->  <AD_WINDOW_ID><![CDATA[FFA4E1934BE94BCEA91C460BF7FF4237]]></AD_WINDOW_ID>
<!--D220ADD1B4F64CE69BEC9791C21ECC1C-->  <SEQNO><![CDATA[20]]></SEQNO>
<!--D220ADD1B4F64CE69BEC9791C21ECC1C-->  <TABLEVEL><![CDATA[0]]></TABLEVEL>
<!--D220ADD1B4F64CE69BEC9791C21ECC1C-->  <ISSINGLEROW><![CDATA[N]]></ISSINGLEROW>
<!--D220ADD1B4F64CE69BEC9791C21ECC1C-->  <ISINFOTAB><![CDATA[N]]></ISINFOTAB>
<!--D220ADD1B4F64CE69BEC9791C21ECC1C-->  <ISTRANSLATIONTAB><![CDATA[N]]></ISTRANSLATIONTAB>
<!--D220ADD1B4F64CE69BEC9791C21ECC1C-->  <ISREADONLY><![CDATA[N]]></ISREADONLY>
<!--D220ADD1B4F64CE69BEC9791C21ECC1C-->  <HASTREE><![CDATA[N]]></HASTREE>
<!--D220ADD1B4F64CE69BEC9791C21ECC1C-->  <PROCESSING><![CDATA[N]]></PROCESSING>
<!--D220ADD1B4F64CE69BEC9791C21ECC1C-->  <IMPORTFIELDS><![CDATA[N]]></IMPORTFIELDS>
<!--D220ADD1B4F64CE69BEC9791C21ECC1C-->  <ISSORTTAB><![CDATA[N]]></ISSORTTAB>
<!--D220ADD1B4F64CE69BEC9791C21ECC1C-->  <AD_MODULE_ID><![CDATA[13F494C4C03141258F1193B673570F63]]></AD_MODULE_ID>
<!--D220ADD1B4F64CE69BEC9791C21ECC1C-->  <UIPATTERN><![CDATA[STD]]></UIPATTERN>
<!--D220ADD1B4F64CE69BEC9791C21ECC1C-->  <SHOWPARENTBUTTONS><![CDATA[Y]]></SHOWPARENTBUTTONS>
<!--D220ADD1B4F64CE69BEC9791C21ECC1C-->  <DISABLE_PARENT_KEY_PROPERTY><![CDATA[N]]></DISABLE_PARENT_KEY_PROPERTY>
<!--D220ADD1B4F64CE69BEC9791C21ECC1C-->  <ISREADONLYTREE><![CDATA[N]]></ISREADONLYTREE>
<!--D220ADD1B4F64CE69BEC9791C21ECC1C-->  <ISSHOWTREENODEICONS><![CDATA[Y]]></ISSHOWTREENODEICONS>
<!--D220ADD1B4F64CE69BEC9791C21ECC1C-->  <EM_OBUIAPP_CAN_ADD><![CDATA[N]]></EM_OBUIAPP_CAN_ADD>
<!--D220ADD1B4F64CE69BEC9791C21ECC1C-->  <EM_OBUIAPP_CAN_DELETE><![CDATA[N]]></EM_OBUIAPP_CAN_DELETE>
<!--D220ADD1B4F64CE69BEC9791C21ECC1C-->  <EM_OBUIAPP_SHOW_SELECT><![CDATA[Y]]></EM_OBUIAPP_SHOW_SELECT>
<!--D220ADD1B4F64CE69BEC9791C21ECC1C--></AD_TAB>

<!--D4A01B99A91E464DA3D5880868F83E5C--><AD_TAB>
<!--D4A01B99A91E464DA3D5880868F83E5C-->  <AD_TAB_ID><![CDATA[D4A01B99A91E464DA3D5880868F83E5C]]></AD_TAB_ID>
<!--D4A01B99A91E464DA3D5880868F83E5C-->  <AD_CLIENT_ID><![CDATA[0]]></AD_CLIENT_ID>
<!--D4A01B99A91E464DA3D5880868F83E5C-->  <AD_ORG_ID><![CDATA[0]]></AD_ORG_ID>
<!--D4A01B99A91E464DA3D5880868F83E5C-->  <ISACTIVE><![CDATA[Y]]></ISACTIVE>
<!--D4A01B99A91E464DA3D5880868F83E5C-->  <NAME><![CDATA[Employee]]></NAME>
<!--D4A01B99A91E464DA3D5880868F83E5C-->  <AD_TABLE_ID><![CDATA[A5E82DDC19864D93802D70A58A3919BE]]></AD_TABLE_ID>
<!--D4A01B99A91E464DA3D5880868F83E5C-->  <AD_WINDOW_ID><![CDATA[7051879C1DDD4B3791400C899F5ABEEC]]></AD_WINDOW_ID>
<!--D4A01B99A91E464DA3D5880868F83E5C-->  <SEQNO><![CDATA[30]]></SEQNO>
<!--D4A01B99A91E464DA3D5880868F83E5C-->  <TABLEVEL><![CDATA[1]]></TABLEVEL>
<!--D4A01B99A91E464DA3D5880868F83E5C-->  <ISSINGLEROW><![CDATA[N]]></ISSINGLEROW>
<!--D4A01B99A91E464DA3D5880868F83E5C-->  <ISINFOTAB><![CDATA[N]]></ISINFOTAB>
<!--D4A01B99A91E464DA3D5880868F83E5C-->  <ISTRANSLATIONTAB><![CDATA[N]]></ISTRANSLATIONTAB>
<!--D4A01B99A91E464DA3D5880868F83E5C-->  <ISREADONLY><![CDATA[N]]></ISREADONLY>
<!--D4A01B99A91E464DA3D5880868F83E5C-->  <HASTREE><![CDATA[N]]></HASTREE>
<!--D4A01B99A91E464DA3D5880868F83E5C-->  <PROCESSING><![CDATA[N]]></PROCESSING>
<!--D4A01B99A91E464DA3D5880868F83E5C-->  <IMPORTFIELDS><![CDATA[N]]></IMPORTFIELDS>
<!--D4A01B99A91E464DA3D5880868F83E5C-->  <ISSORTTAB><![CDATA[N]]></ISSORTTAB>
<!--D4A01B99A91E464DA3D5880868F83E5C-->  <AD_MODULE_ID><![CDATA[13F494C4C03141258F1193B673570F63]]></AD_MODULE_ID>
<!--D4A01B99A91E464DA3D5880868F83E5C-->  <UIPATTERN><![CDATA[STD]]></UIPATTERN>
<!--D4A01B99A91E464DA3D5880868F83E5C-->  <SHOWPARENTBUTTONS><![CDATA[Y]]></SHOWPARENTBUTTONS>
<!--D4A01B99A91E464DA3D5880868F83E5C-->  <DISABLE_PARENT_KEY_PROPERTY><![CDATA[N]]></DISABLE_PARENT_KEY_PROPERTY>
<!--D4A01B99A91E464DA3D5880868F83E5C-->  <ISREADONLYTREE><![CDATA[N]]></ISREADONLYTREE>
<!--D4A01B99A91E464DA3D5880868F83E5C-->  <ISSHOWTREENODEICONS><![CDATA[Y]]></ISSHOWTREENODEICONS>
<!--D4A01B99A91E464DA3D5880868F83E5C-->  <EM_OBUIAPP_CAN_ADD><![CDATA[N]]></EM_OBUIAPP_CAN_ADD>
<!--D4A01B99A91E464DA3D5880868F83E5C-->  <EM_OBUIAPP_CAN_DELETE><![CDATA[N]]></EM_OBUIAPP_CAN_DELETE>
<!--D4A01B99A91E464DA3D5880868F83E5C-->  <EM_OBUIAPP_SHOW_SELECT><![CDATA[Y]]></EM_OBUIAPP_SHOW_SELECT>
<!--D4A01B99A91E464DA3D5880868F83E5C--></AD_TAB>

<!--F2C43D8BBB1244618A3B50CE13F98CCD--><AD_TAB>
<!--F2C43D8BBB1244618A3B50CE13F98CCD-->  <AD_TAB_ID><![CDATA[F2C43D8BBB1244618A3B50CE13F98CCD]]></AD_TAB_ID>
<!--F2C43D8BBB1244618A3B50CE13F98CCD-->  <AD_CLIENT_ID><![CDATA[0]]></AD_CLIENT_ID>
<!--F2C43D8BBB1244618A3B50CE13F98CCD-->  <AD_ORG_ID><![CDATA[0]]></AD_ORG_ID>
<!--F2C43D8BBB1244618A3B50CE13F98CCD-->  <ISACTIVE><![CDATA[Y]]></ISACTIVE>
<!--F2C43D8BBB1244618A3B50CE13F98CCD-->  <NAME><![CDATA[Tukar Shift]]></NAME>
<!--F2C43D8BBB1244618A3B50CE13F98CCD-->  <AD_TABLE_ID><![CDATA[4AA8D908587C495DBB232C9BE9B6E78D]]></AD_TABLE_ID>
<!--F2C43D8BBB1244618A3B50CE13F98CCD-->  <AD_WINDOW_ID><![CDATA[7C2A70A67C6D44FA9FBB01255B272A1C]]></AD_WINDOW_ID>
<!--F2C43D8BBB1244618A3B50CE13F98CCD-->  <SEQNO><![CDATA[10]]></SEQNO>
<!--F2C43D8BBB1244618A3B50CE13F98CCD-->  <TABLEVEL><![CDATA[0]]></TABLEVEL>
<!--F2C43D8BBB1244618A3B50CE13F98CCD-->  <ISSINGLEROW><![CDATA[N]]></ISSINGLEROW>
<!--F2C43D8BBB1244618A3B50CE13F98CCD-->  <ISINFOTAB><![CDATA[N]]></ISINFOTAB>
<!--F2C43D8BBB1244618A3B50CE13F98CCD-->  <ISTRANSLATIONTAB><![CDATA[N]]></ISTRANSLATIONTAB>
<!--F2C43D8BBB1244618A3B50CE13F98CCD-->  <ISREADONLY><![CDATA[N]]></ISREADONLY>
<!--F2C43D8BBB1244618A3B50CE13F98CCD-->  <HASTREE><![CDATA[N]]></HASTREE>
<!--F2C43D8BBB1244618A3B50CE13F98CCD-->  <PROCESSING><![CDATA[N]]></PROCESSING>
<!--F2C43D8BBB1244618A3B50CE13F98CCD-->  <IMPORTFIELDS><![CDATA[N]]></IMPORTFIELDS>
<!--F2C43D8BBB1244618A3B50CE13F98CCD-->  <ISSORTTAB><![CDATA[N]]></ISSORTTAB>
<!--F2C43D8BBB1244618A3B50CE13F98CCD-->  <AD_MODULE_ID><![CDATA[13F494C4C03141258F1193B673570F63]]></AD_MODULE_ID>
<!--F2C43D8BBB1244618A3B50CE13F98CCD-->  <UIPATTERN><![CDATA[STD]]></UIPATTERN>
<!--F2C43D8BBB1244618A3B50CE13F98CCD-->  <SHOWPARENTBUTTONS><![CDATA[Y]]></SHOWPARENTBUTTONS>
<!--F2C43D8BBB1244618A3B50CE13F98CCD-->  <DISABLE_PARENT_KEY_PROPERTY><![CDATA[N]]></DISABLE_PARENT_KEY_PROPERTY>
<!--F2C43D8BBB1244618A3B50CE13F98CCD-->  <ISREADONLYTREE><![CDATA[N]]></ISREADONLYTREE>
<!--F2C43D8BBB1244618A3B50CE13F98CCD-->  <ISSHOWTREENODEICONS><![CDATA[Y]]></ISSHOWTREENODEICONS>
<!--F2C43D8BBB1244618A3B50CE13F98CCD-->  <EM_OBUIAPP_CAN_ADD><![CDATA[N]]></EM_OBUIAPP_CAN_ADD>
<!--F2C43D8BBB1244618A3B50CE13F98CCD-->  <EM_OBUIAPP_CAN_DELETE><![CDATA[N]]></EM_OBUIAPP_CAN_DELETE>
<!--F2C43D8BBB1244618A3B50CE13F98CCD-->  <EM_OBUIAPP_SHOW_SELECT><![CDATA[Y]]></EM_OBUIAPP_SHOW_SELECT>
<!--F2C43D8BBB1244618A3B50CE13F98CCD--></AD_TAB>

</data>
