<?xml version="1.0" encoding="UTF-8"?>
<data>
<!--0771A57EB37140A0B03D6DE937131037--><AD_TEXTINTERFACES>
<!--0771A57EB37140A0B03D6DE937131037-->  <AD_TEXTINTERFACES_ID><![CDATA[0771A57EB37140A0B03D6DE937131037]]></AD_TEXTINTERFACES_ID>
<!--0771A57EB37140A0B03D6DE937131037-->  <AD_CLIENT_ID><![CDATA[0]]></AD_CLIENT_ID>
<!--0771A57EB37140A0B03D6DE937131037-->  <AD_ORG_ID><![CDATA[0]]></AD_ORG_ID>
<!--0771A57EB37140A0B03D6DE937131037-->  <ISACTIVE><![CDATA[Y]]></ISACTIVE>
<!--0771A57EB37140A0B03D6DE937131037-->  <TEXT><![CDATA[TOTAL TELAT]]></TEXT>
<!--0771A57EB37140A0B03D6DE937131037-->  <FILENAME><![CDATA[/org/wirabumi/hris/timeandattendance/erpCommon/ad_reports/ReportPotongGaji.jrxml]]></FILENAME>
<!--0771A57EB37140A0B03D6DE937131037-->  <ISUSED><![CDATA[Y]]></ISUSED>
<!--0771A57EB37140A0B03D6DE937131037-->  <AD_MODULE_ID><![CDATA[13F494C4C03141258F1193B673570F63]]></AD_MODULE_ID>
<!--0771A57EB37140A0B03D6DE937131037--></AD_TEXTINTERFACES>

<!--0BAD2E664E7E4B438B8E2C87B408BC5E--><AD_TEXTINTERFACES>
<!--0BAD2E664E7E4B438B8E2C87B408BC5E-->  <AD_TEXTINTERFACES_ID><![CDATA[0BAD2E664E7E4B438B8E2C87B408BC5E]]></AD_TEXTINTERFACES_ID>
<!--0BAD2E664E7E4B438B8E2C87B408BC5E-->  <AD_CLIENT_ID><![CDATA[0]]></AD_CLIENT_ID>
<!--0BAD2E664E7E4B438B8E2C87B408BC5E-->  <AD_ORG_ID><![CDATA[0]]></AD_ORG_ID>
<!--0BAD2E664E7E4B438B8E2C87B408BC5E-->  <ISACTIVE><![CDATA[Y]]></ISACTIVE>
<!--0BAD2E664E7E4B438B8E2C87B408BC5E-->  <TEXT><![CDATA[SAMPAI]]></TEXT>
<!--0BAD2E664E7E4B438B8E2C87B408BC5E-->  <FILENAME><![CDATA[/org/wirabumi/hris/timeandattendance/erpCommon/ad_reports/ReportPotongGaji.jrxml]]></FILENAME>
<!--0BAD2E664E7E4B438B8E2C87B408BC5E-->  <ISUSED><![CDATA[Y]]></ISUSED>
<!--0BAD2E664E7E4B438B8E2C87B408BC5E-->  <AD_MODULE_ID><![CDATA[13F494C4C03141258F1193B673570F63]]></AD_MODULE_ID>
<!--0BAD2E664E7E4B438B8E2C87B408BC5E--></AD_TEXTINTERFACES>

<!--113BEF8E1249405D8C7F8F3A95BDC1F2--><AD_TEXTINTERFACES>
<!--113BEF8E1249405D8C7F8F3A95BDC1F2-->  <AD_TEXTINTERFACES_ID><![CDATA[113BEF8E1249405D8C7F8F3A95BDC1F2]]></AD_TEXTINTERFACES_ID>
<!--113BEF8E1249405D8C7F8F3A95BDC1F2-->  <AD_CLIENT_ID><![CDATA[0]]></AD_CLIENT_ID>
<!--113BEF8E1249405D8C7F8F3A95BDC1F2-->  <AD_ORG_ID><![CDATA[0]]></AD_ORG_ID>
<!--113BEF8E1249405D8C7F8F3A95BDC1F2-->  <ISACTIVE><![CDATA[Y]]></ISACTIVE>
<!--113BEF8E1249405D8C7F8F3A95BDC1F2-->  <TEXT><![CDATA[Tanggal]]></TEXT>
<!--113BEF8E1249405D8C7F8F3A95BDC1F2-->  <FILENAME><![CDATA[/org/wirabumi/hris/timeandattendance/erpCommon/ad_reports/ReportPotongCuti_subreport1.jrxml]]></FILENAME>
<!--113BEF8E1249405D8C7F8F3A95BDC1F2-->  <ISUSED><![CDATA[Y]]></ISUSED>
<!--113BEF8E1249405D8C7F8F3A95BDC1F2-->  <AD_MODULE_ID><![CDATA[13F494C4C03141258F1193B673570F63]]></AD_MODULE_ID>
<!--113BEF8E1249405D8C7F8F3A95BDC1F2--></AD_TEXTINTERFACES>

<!--195372D7EFEA40A081860D5D67B223BC--><AD_TEXTINTERFACES>
<!--195372D7EFEA40A081860D5D67B223BC-->  <AD_TEXTINTERFACES_ID><![CDATA[195372D7EFEA40A081860D5D67B223BC]]></AD_TEXTINTERFACES_ID>
<!--195372D7EFEA40A081860D5D67B223BC-->  <AD_CLIENT_ID><![CDATA[0]]></AD_CLIENT_ID>
<!--195372D7EFEA40A081860D5D67B223BC-->  <AD_ORG_ID><![CDATA[0]]></AD_ORG_ID>
<!--195372D7EFEA40A081860D5D67B223BC-->  <ISACTIVE><![CDATA[Y]]></ISACTIVE>
<!--195372D7EFEA40A081860D5D67B223BC-->  <TEXT><![CDATA[Masuk Tepat Waktu]]></TEXT>
<!--195372D7EFEA40A081860D5D67B223BC-->  <FILENAME><![CDATA[/org/wirabumi/hris/timeandattendance/erpCommon/ad_reports/AttendancePerformanceReport.jrxml]]></FILENAME>
<!--195372D7EFEA40A081860D5D67B223BC-->  <ISUSED><![CDATA[Y]]></ISUSED>
<!--195372D7EFEA40A081860D5D67B223BC-->  <AD_MODULE_ID><![CDATA[13F494C4C03141258F1193B673570F63]]></AD_MODULE_ID>
<!--195372D7EFEA40A081860D5D67B223BC--></AD_TEXTINTERFACES>

<!--1A429A3C412A4D4F81A7A74B1BD40526--><AD_TEXTINTERFACES>
<!--1A429A3C412A4D4F81A7A74B1BD40526-->  <AD_TEXTINTERFACES_ID><![CDATA[1A429A3C412A4D4F81A7A74B1BD40526]]></AD_TEXTINTERFACES_ID>
<!--1A429A3C412A4D4F81A7A74B1BD40526-->  <AD_CLIENT_ID><![CDATA[0]]></AD_CLIENT_ID>
<!--1A429A3C412A4D4F81A7A74B1BD40526-->  <AD_ORG_ID><![CDATA[0]]></AD_ORG_ID>
<!--1A429A3C412A4D4F81A7A74B1BD40526-->  <ISACTIVE><![CDATA[Y]]></ISACTIVE>
<!--1A429A3C412A4D4F81A7A74B1BD40526-->  <TEXT><![CDATA[MULAI]]></TEXT>
<!--1A429A3C412A4D4F81A7A74B1BD40526-->  <FILENAME><![CDATA[/org/wirabumi/hris/timeandattendance/erpCommon/ad_reports/ReportPotongGaji.jrxml]]></FILENAME>
<!--1A429A3C412A4D4F81A7A74B1BD40526-->  <ISUSED><![CDATA[Y]]></ISUSED>
<!--1A429A3C412A4D4F81A7A74B1BD40526-->  <AD_MODULE_ID><![CDATA[13F494C4C03141258F1193B673570F63]]></AD_MODULE_ID>
<!--1A429A3C412A4D4F81A7A74B1BD40526--></AD_TEXTINTERFACES>

<!--1B8198ABDD274B0BB25C5D3CAE4973FD--><AD_TEXTINTERFACES>
<!--1B8198ABDD274B0BB25C5D3CAE4973FD-->  <AD_TEXTINTERFACES_ID><![CDATA[1B8198ABDD274B0BB25C5D3CAE4973FD]]></AD_TEXTINTERFACES_ID>
<!--1B8198ABDD274B0BB25C5D3CAE4973FD-->  <AD_CLIENT_ID><![CDATA[0]]></AD_CLIENT_ID>
<!--1B8198ABDD274B0BB25C5D3CAE4973FD-->  <AD_ORG_ID><![CDATA[0]]></AD_ORG_ID>
<!--1B8198ABDD274B0BB25C5D3CAE4973FD-->  <ISACTIVE><![CDATA[Y]]></ISACTIVE>
<!--1B8198ABDD274B0BB25C5D3CAE4973FD-->  <TEXT><![CDATA[Telat]]></TEXT>
<!--1B8198ABDD274B0BB25C5D3CAE4973FD-->  <FILENAME><![CDATA[/org/wirabumi/hris/timeandattendance/erpCommon/ad_reports/ReportPotongGaji_subreport1.jrxml]]></FILENAME>
<!--1B8198ABDD274B0BB25C5D3CAE4973FD-->  <ISUSED><![CDATA[Y]]></ISUSED>
<!--1B8198ABDD274B0BB25C5D3CAE4973FD-->  <AD_MODULE_ID><![CDATA[13F494C4C03141258F1193B673570F63]]></AD_MODULE_ID>
<!--1B8198ABDD274B0BB25C5D3CAE4973FD--></AD_TEXTINTERFACES>

<!--1CE1C8E4665044F3BF844255194C1AAA--><AD_TEXTINTERFACES>
<!--1CE1C8E4665044F3BF844255194C1AAA-->  <AD_TEXTINTERFACES_ID><![CDATA[1CE1C8E4665044F3BF844255194C1AAA]]></AD_TEXTINTERFACES_ID>
<!--1CE1C8E4665044F3BF844255194C1AAA-->  <AD_CLIENT_ID><![CDATA[0]]></AD_CLIENT_ID>
<!--1CE1C8E4665044F3BF844255194C1AAA-->  <AD_ORG_ID><![CDATA[0]]></AD_ORG_ID>
<!--1CE1C8E4665044F3BF844255194C1AAA-->  <ISACTIVE><![CDATA[Y]]></ISACTIVE>
<!--1CE1C8E4665044F3BF844255194C1AAA-->  <TEXT><![CDATA[Start Date]]></TEXT>
<!--1CE1C8E4665044F3BF844255194C1AAA-->  <FILENAME><![CDATA[/org/wirabumi/hris/timeandattendance/erpCommon/ad_reports/AttendancePerformanceReport.jrxml]]></FILENAME>
<!--1CE1C8E4665044F3BF844255194C1AAA-->  <ISUSED><![CDATA[Y]]></ISUSED>
<!--1CE1C8E4665044F3BF844255194C1AAA-->  <AD_MODULE_ID><![CDATA[13F494C4C03141258F1193B673570F63]]></AD_MODULE_ID>
<!--1CE1C8E4665044F3BF844255194C1AAA--></AD_TEXTINTERFACES>

<!--257AA6A134BD47ABBD81FE52CABC59AA--><AD_TEXTINTERFACES>
<!--257AA6A134BD47ABBD81FE52CABC59AA-->  <AD_TEXTINTERFACES_ID><![CDATA[257AA6A134BD47ABBD81FE52CABC59AA]]></AD_TEXTINTERFACES_ID>
<!--257AA6A134BD47ABBD81FE52CABC59AA-->  <AD_CLIENT_ID><![CDATA[0]]></AD_CLIENT_ID>
<!--257AA6A134BD47ABBD81FE52CABC59AA-->  <AD_ORG_ID><![CDATA[0]]></AD_ORG_ID>
<!--257AA6A134BD47ABBD81FE52CABC59AA-->  <ISACTIVE><![CDATA[Y]]></ISACTIVE>
<!--257AA6A134BD47ABBD81FE52CABC59AA-->  <TEXT><![CDATA[NAMA PETUGAS]]></TEXT>
<!--257AA6A134BD47ABBD81FE52CABC59AA-->  <FILENAME><![CDATA[/org/wirabumi/hris/timeandattendance/erpCommon/ad_reports/ReportShift.jrxml]]></FILENAME>
<!--257AA6A134BD47ABBD81FE52CABC59AA-->  <ISUSED><![CDATA[Y]]></ISUSED>
<!--257AA6A134BD47ABBD81FE52CABC59AA-->  <AD_MODULE_ID><![CDATA[13F494C4C03141258F1193B673570F63]]></AD_MODULE_ID>
<!--257AA6A134BD47ABBD81FE52CABC59AA--></AD_TEXTINTERFACES>

<!--25E2ED2042624DA2929BEBEC5C5D45D1--><AD_TEXTINTERFACES>
<!--25E2ED2042624DA2929BEBEC5C5D45D1-->  <AD_TEXTINTERFACES_ID><![CDATA[25E2ED2042624DA2929BEBEC5C5D45D1]]></AD_TEXTINTERFACES_ID>
<!--25E2ED2042624DA2929BEBEC5C5D45D1-->  <AD_CLIENT_ID><![CDATA[0]]></AD_CLIENT_ID>
<!--25E2ED2042624DA2929BEBEC5C5D45D1-->  <AD_ORG_ID><![CDATA[0]]></AD_ORG_ID>
<!--25E2ED2042624DA2929BEBEC5C5D45D1-->  <ISACTIVE><![CDATA[Y]]></ISACTIVE>
<!--25E2ED2042624DA2929BEBEC5C5D45D1-->  <TEXT><![CDATA[Pulang Tepat Waktu]]></TEXT>
<!--25E2ED2042624DA2929BEBEC5C5D45D1-->  <FILENAME><![CDATA[/org/wirabumi/hris/timeandattendance/erpCommon/ad_reports/AttendancePerformanceReport.jrxml]]></FILENAME>
<!--25E2ED2042624DA2929BEBEC5C5D45D1-->  <ISUSED><![CDATA[Y]]></ISUSED>
<!--25E2ED2042624DA2929BEBEC5C5D45D1-->  <AD_MODULE_ID><![CDATA[13F494C4C03141258F1193B673570F63]]></AD_MODULE_ID>
<!--25E2ED2042624DA2929BEBEC5C5D45D1--></AD_TEXTINTERFACES>

<!--284F4C4DCFDE461AA7195E17E95B1582--><AD_TEXTINTERFACES>
<!--284F4C4DCFDE461AA7195E17E95B1582-->  <AD_TEXTINTERFACES_ID><![CDATA[284F4C4DCFDE461AA7195E17E95B1582]]></AD_TEXTINTERFACES_ID>
<!--284F4C4DCFDE461AA7195E17E95B1582-->  <AD_CLIENT_ID><![CDATA[0]]></AD_CLIENT_ID>
<!--284F4C4DCFDE461AA7195E17E95B1582-->  <AD_ORG_ID><![CDATA[0]]></AD_ORG_ID>
<!--284F4C4DCFDE461AA7195E17E95B1582-->  <ISACTIVE><![CDATA[Y]]></ISACTIVE>
<!--284F4C4DCFDE461AA7195E17E95B1582-->  <TEXT><![CDATA[Menit]]></TEXT>
<!--284F4C4DCFDE461AA7195E17E95B1582-->  <FILENAME><![CDATA[/org/wirabumi/hris/timeandattendance/erpCommon/ad_reports/ReportPotongGaji_subreport1.jrxml]]></FILENAME>
<!--284F4C4DCFDE461AA7195E17E95B1582-->  <ISUSED><![CDATA[Y]]></ISUSED>
<!--284F4C4DCFDE461AA7195E17E95B1582-->  <AD_MODULE_ID><![CDATA[13F494C4C03141258F1193B673570F63]]></AD_MODULE_ID>
<!--284F4C4DCFDE461AA7195E17E95B1582--></AD_TEXTINTERFACES>

<!--2E91CFF7E2C44A6E9DC6CB8D7B6D3F91--><AD_TEXTINTERFACES>
<!--2E91CFF7E2C44A6E9DC6CB8D7B6D3F91-->  <AD_TEXTINTERFACES_ID><![CDATA[2E91CFF7E2C44A6E9DC6CB8D7B6D3F91]]></AD_TEXTINTERFACES_ID>
<!--2E91CFF7E2C44A6E9DC6CB8D7B6D3F91-->  <AD_CLIENT_ID><![CDATA[0]]></AD_CLIENT_ID>
<!--2E91CFF7E2C44A6E9DC6CB8D7B6D3F91-->  <AD_ORG_ID><![CDATA[0]]></AD_ORG_ID>
<!--2E91CFF7E2C44A6E9DC6CB8D7B6D3F91-->  <ISACTIVE><![CDATA[Y]]></ISACTIVE>
<!--2E91CFF7E2C44A6E9DC6CB8D7B6D3F91-->  <TEXT><![CDATA[Department]]></TEXT>
<!--2E91CFF7E2C44A6E9DC6CB8D7B6D3F91-->  <FILENAME><![CDATA[/org/wirabumi/hris/timeandattendance/erpCommon/ad_reports/AttendancePerformanceReport.jrxml]]></FILENAME>
<!--2E91CFF7E2C44A6E9DC6CB8D7B6D3F91-->  <ISUSED><![CDATA[Y]]></ISUSED>
<!--2E91CFF7E2C44A6E9DC6CB8D7B6D3F91-->  <AD_MODULE_ID><![CDATA[13F494C4C03141258F1193B673570F63]]></AD_MODULE_ID>
<!--2E91CFF7E2C44A6E9DC6CB8D7B6D3F91--></AD_TEXTINTERFACES>

<!--2FD2AFCEAB9D4079AB12E8977C8EC717--><AD_TEXTINTERFACES>
<!--2FD2AFCEAB9D4079AB12E8977C8EC717-->  <AD_TEXTINTERFACES_ID><![CDATA[2FD2AFCEAB9D4079AB12E8977C8EC717]]></AD_TEXTINTERFACES_ID>
<!--2FD2AFCEAB9D4079AB12E8977C8EC717-->  <AD_CLIENT_ID><![CDATA[0]]></AD_CLIENT_ID>
<!--2FD2AFCEAB9D4079AB12E8977C8EC717-->  <AD_ORG_ID><![CDATA[0]]></AD_ORG_ID>
<!--2FD2AFCEAB9D4079AB12E8977C8EC717-->  <ISACTIVE><![CDATA[Y]]></ISACTIVE>
<!--2FD2AFCEAB9D4079AB12E8977C8EC717-->  <TEXT><![CDATA[JADWAL SHIFT]]></TEXT>
<!--2FD2AFCEAB9D4079AB12E8977C8EC717-->  <FILENAME><![CDATA[/org/wirabumi/hris/timeandattendance/erpCommon/ad_reports/ReportShift.jrxml]]></FILENAME>
<!--2FD2AFCEAB9D4079AB12E8977C8EC717-->  <ISUSED><![CDATA[Y]]></ISUSED>
<!--2FD2AFCEAB9D4079AB12E8977C8EC717-->  <AD_MODULE_ID><![CDATA[13F494C4C03141258F1193B673570F63]]></AD_MODULE_ID>
<!--2FD2AFCEAB9D4079AB12E8977C8EC717--></AD_TEXTINTERFACES>

<!--544FA0B0CFA14C85B801C731AE72BD53--><AD_TEXTINTERFACES>
<!--544FA0B0CFA14C85B801C731AE72BD53-->  <AD_TEXTINTERFACES_ID><![CDATA[544FA0B0CFA14C85B801C731AE72BD53]]></AD_TEXTINTERFACES_ID>
<!--544FA0B0CFA14C85B801C731AE72BD53-->  <AD_CLIENT_ID><![CDATA[0]]></AD_CLIENT_ID>
<!--544FA0B0CFA14C85B801C731AE72BD53-->  <AD_ORG_ID><![CDATA[0]]></AD_ORG_ID>
<!--544FA0B0CFA14C85B801C731AE72BD53-->  <ISACTIVE><![CDATA[Y]]></ISACTIVE>
<!--544FA0B0CFA14C85B801C731AE72BD53-->  <TEXT><![CDATA[keterangan]]></TEXT>
<!--544FA0B0CFA14C85B801C731AE72BD53-->  <FILENAME><![CDATA[/org/wirabumi/hris/timeandattendance/erpCommon/ad_reports/AttendanceSummaryReport.jrxml]]></FILENAME>
<!--544FA0B0CFA14C85B801C731AE72BD53-->  <ISUSED><![CDATA[Y]]></ISUSED>
<!--544FA0B0CFA14C85B801C731AE72BD53-->  <AD_MODULE_ID><![CDATA[13F494C4C03141258F1193B673570F63]]></AD_MODULE_ID>
<!--544FA0B0CFA14C85B801C731AE72BD53--></AD_TEXTINTERFACES>

<!--54DACF95A3AB437299F0235903CFFD83--><AD_TEXTINTERFACES>
<!--54DACF95A3AB437299F0235903CFFD83-->  <AD_TEXTINTERFACES_ID><![CDATA[54DACF95A3AB437299F0235903CFFD83]]></AD_TEXTINTERFACES_ID>
<!--54DACF95A3AB437299F0235903CFFD83-->  <AD_CLIENT_ID><![CDATA[0]]></AD_CLIENT_ID>
<!--54DACF95A3AB437299F0235903CFFD83-->  <AD_ORG_ID><![CDATA[0]]></AD_ORG_ID>
<!--54DACF95A3AB437299F0235903CFFD83-->  <ISACTIVE><![CDATA[Y]]></ISACTIVE>
<!--54DACF95A3AB437299F0235903CFFD83-->  <TEXT><![CDATA[Attendance Performance Report]]></TEXT>
<!--54DACF95A3AB437299F0235903CFFD83-->  <FILENAME><![CDATA[/org/wirabumi/hris/timeandattendance/erpCommon/ad_reports/AttendancePerformanceReport.jrxml]]></FILENAME>
<!--54DACF95A3AB437299F0235903CFFD83-->  <ISUSED><![CDATA[Y]]></ISUSED>
<!--54DACF95A3AB437299F0235903CFFD83-->  <AD_MODULE_ID><![CDATA[13F494C4C03141258F1193B673570F63]]></AD_MODULE_ID>
<!--54DACF95A3AB437299F0235903CFFD83--></AD_TEXTINTERFACES>

<!--56B2DE41BD9C4B6590564CC19443648D--><AD_TEXTINTERFACES>
<!--56B2DE41BD9C4B6590564CC19443648D-->  <AD_TEXTINTERFACES_ID><![CDATA[56B2DE41BD9C4B6590564CC19443648D]]></AD_TEXTINTERFACES_ID>
<!--56B2DE41BD9C4B6590564CC19443648D-->  <AD_CLIENT_ID><![CDATA[0]]></AD_CLIENT_ID>
<!--56B2DE41BD9C4B6590564CC19443648D-->  <AD_ORG_ID><![CDATA[0]]></AD_ORG_ID>
<!--56B2DE41BD9C4B6590564CC19443648D-->  <ISACTIVE><![CDATA[Y]]></ISACTIVE>
<!--56B2DE41BD9C4B6590564CC19443648D-->  <TEXT><![CDATA[MULAI]]></TEXT>
<!--56B2DE41BD9C4B6590564CC19443648D-->  <FILENAME><![CDATA[/org/wirabumi/hris/timeandattendance/erpCommon/ad_reports/ReportPotongCuti.jrxml]]></FILENAME>
<!--56B2DE41BD9C4B6590564CC19443648D-->  <ISUSED><![CDATA[Y]]></ISUSED>
<!--56B2DE41BD9C4B6590564CC19443648D-->  <AD_MODULE_ID><![CDATA[13F494C4C03141258F1193B673570F63]]></AD_MODULE_ID>
<!--56B2DE41BD9C4B6590564CC19443648D--></AD_TEXTINTERFACES>

<!--56C3E4B6F35F4562AE5B579A2906E5E9--><AD_TEXTINTERFACES>
<!--56C3E4B6F35F4562AE5B579A2906E5E9-->  <AD_TEXTINTERFACES_ID><![CDATA[56C3E4B6F35F4562AE5B579A2906E5E9]]></AD_TEXTINTERFACES_ID>
<!--56C3E4B6F35F4562AE5B579A2906E5E9-->  <AD_CLIENT_ID><![CDATA[0]]></AD_CLIENT_ID>
<!--56C3E4B6F35F4562AE5B579A2906E5E9-->  <AD_ORG_ID><![CDATA[0]]></AD_ORG_ID>
<!--56C3E4B6F35F4562AE5B579A2906E5E9-->  <ISACTIVE><![CDATA[Y]]></ISACTIVE>
<!--56C3E4B6F35F4562AE5B579A2906E5E9-->  <TEXT><![CDATA[RINCIAN POTONG CUTI]]></TEXT>
<!--56C3E4B6F35F4562AE5B579A2906E5E9-->  <FILENAME><![CDATA[/org/wirabumi/hris/timeandattendance/erpCommon/ad_reports/ReportPotongCuti.jrxml]]></FILENAME>
<!--56C3E4B6F35F4562AE5B579A2906E5E9-->  <ISUSED><![CDATA[Y]]></ISUSED>
<!--56C3E4B6F35F4562AE5B579A2906E5E9-->  <AD_MODULE_ID><![CDATA[13F494C4C03141258F1193B673570F63]]></AD_MODULE_ID>
<!--56C3E4B6F35F4562AE5B579A2906E5E9--></AD_TEXTINTERFACES>

<!--60258BFDD56D4F0381F70E37428377F0--><AD_TEXTINTERFACES>
<!--60258BFDD56D4F0381F70E37428377F0-->  <AD_TEXTINTERFACES_ID><![CDATA[60258BFDD56D4F0381F70E37428377F0]]></AD_TEXTINTERFACES_ID>
<!--60258BFDD56D4F0381F70E37428377F0-->  <AD_CLIENT_ID><![CDATA[0]]></AD_CLIENT_ID>
<!--60258BFDD56D4F0381F70E37428377F0-->  <AD_ORG_ID><![CDATA[0]]></AD_ORG_ID>
<!--60258BFDD56D4F0381F70E37428377F0-->  <ISACTIVE><![CDATA[Y]]></ISACTIVE>
<!--60258BFDD56D4F0381F70E37428377F0-->  <TEXT><![CDATA[Tanggal]]></TEXT>
<!--60258BFDD56D4F0381F70E37428377F0-->  <FILENAME><![CDATA[/org/wirabumi/hris/timeandattendance/erpCommon/ad_reports/ReportPotongGaji_subreport1.jrxml]]></FILENAME>
<!--60258BFDD56D4F0381F70E37428377F0-->  <ISUSED><![CDATA[Y]]></ISUSED>
<!--60258BFDD56D4F0381F70E37428377F0-->  <AD_MODULE_ID><![CDATA[13F494C4C03141258F1193B673570F63]]></AD_MODULE_ID>
<!--60258BFDD56D4F0381F70E37428377F0--></AD_TEXTINTERFACES>

<!--625C4094BE9B4799BD32AF00744A90E1--><AD_TEXTINTERFACES>
<!--625C4094BE9B4799BD32AF00744A90E1-->  <AD_TEXTINTERFACES_ID><![CDATA[625C4094BE9B4799BD32AF00744A90E1]]></AD_TEXTINTERFACES_ID>
<!--625C4094BE9B4799BD32AF00744A90E1-->  <AD_CLIENT_ID><![CDATA[0]]></AD_CLIENT_ID>
<!--625C4094BE9B4799BD32AF00744A90E1-->  <AD_ORG_ID><![CDATA[0]]></AD_ORG_ID>
<!--625C4094BE9B4799BD32AF00744A90E1-->  <ISACTIVE><![CDATA[Y]]></ISACTIVE>
<!--625C4094BE9B4799BD32AF00744A90E1-->  <TEXT><![CDATA[Ending Date]]></TEXT>
<!--625C4094BE9B4799BD32AF00744A90E1-->  <FILENAME><![CDATA[/org/wirabumi/hris/timeandattendance/erpCommon/ad_reports/IndividualAttendancePerformanceReport.jrxml]]></FILENAME>
<!--625C4094BE9B4799BD32AF00744A90E1-->  <ISUSED><![CDATA[Y]]></ISUSED>
<!--625C4094BE9B4799BD32AF00744A90E1-->  <AD_MODULE_ID><![CDATA[13F494C4C03141258F1193B673570F63]]></AD_MODULE_ID>
<!--625C4094BE9B4799BD32AF00744A90E1--></AD_TEXTINTERFACES>

<!--69D1D0DDCD924F03A5B41F24EDBC3219--><AD_TEXTINTERFACES>
<!--69D1D0DDCD924F03A5B41F24EDBC3219-->  <AD_TEXTINTERFACES_ID><![CDATA[69D1D0DDCD924F03A5B41F24EDBC3219]]></AD_TEXTINTERFACES_ID>
<!--69D1D0DDCD924F03A5B41F24EDBC3219-->  <AD_CLIENT_ID><![CDATA[0]]></AD_CLIENT_ID>
<!--69D1D0DDCD924F03A5B41F24EDBC3219-->  <AD_ORG_ID><![CDATA[0]]></AD_ORG_ID>
<!--69D1D0DDCD924F03A5B41F24EDBC3219-->  <ISACTIVE><![CDATA[Y]]></ISACTIVE>
<!--69D1D0DDCD924F03A5B41F24EDBC3219-->  <TEXT><![CDATA[SAMPAI]]></TEXT>
<!--69D1D0DDCD924F03A5B41F24EDBC3219-->  <FILENAME><![CDATA[/org/wirabumi/hris/timeandattendance/erpCommon/ad_reports/ReportPotongCuti.jrxml]]></FILENAME>
<!--69D1D0DDCD924F03A5B41F24EDBC3219-->  <ISUSED><![CDATA[Y]]></ISUSED>
<!--69D1D0DDCD924F03A5B41F24EDBC3219-->  <AD_MODULE_ID><![CDATA[13F494C4C03141258F1193B673570F63]]></AD_MODULE_ID>
<!--69D1D0DDCD924F03A5B41F24EDBC3219--></AD_TEXTINTERFACES>

<!--714A1B6F1994477C82B072FF86A07B5C--><AD_TEXTINTERFACES>
<!--714A1B6F1994477C82B072FF86A07B5C-->  <AD_TEXTINTERFACES_ID><![CDATA[714A1B6F1994477C82B072FF86A07B5C]]></AD_TEXTINTERFACES_ID>
<!--714A1B6F1994477C82B072FF86A07B5C-->  <AD_CLIENT_ID><![CDATA[0]]></AD_CLIENT_ID>
<!--714A1B6F1994477C82B072FF86A07B5C-->  <AD_ORG_ID><![CDATA[0]]></AD_ORG_ID>
<!--714A1B6F1994477C82B072FF86A07B5C-->  <ISACTIVE><![CDATA[Y]]></ISACTIVE>
<!--714A1B6F1994477C82B072FF86A07B5C-->  <TEXT><![CDATA[Attendance Summary Report]]></TEXT>
<!--714A1B6F1994477C82B072FF86A07B5C-->  <FILENAME><![CDATA[/org/wirabumi/hris/timeandattendance/erpCommon/ad_reports/AttendanceSummaryReport.jrxml]]></FILENAME>
<!--714A1B6F1994477C82B072FF86A07B5C-->  <ISUSED><![CDATA[Y]]></ISUSED>
<!--714A1B6F1994477C82B072FF86A07B5C-->  <AD_MODULE_ID><![CDATA[13F494C4C03141258F1193B673570F63]]></AD_MODULE_ID>
<!--714A1B6F1994477C82B072FF86A07B5C--></AD_TEXTINTERFACES>

<!--72440C7B93C642E785010E9C769D6329--><AD_TEXTINTERFACES>
<!--72440C7B93C642E785010E9C769D6329-->  <AD_TEXTINTERFACES_ID><![CDATA[72440C7B93C642E785010E9C769D6329]]></AD_TEXTINTERFACES_ID>
<!--72440C7B93C642E785010E9C769D6329-->  <AD_CLIENT_ID><![CDATA[0]]></AD_CLIENT_ID>
<!--72440C7B93C642E785010E9C769D6329-->  <AD_ORG_ID><![CDATA[0]]></AD_ORG_ID>
<!--72440C7B93C642E785010E9C769D6329-->  <ISACTIVE><![CDATA[Y]]></ISACTIVE>
<!--72440C7B93C642E785010E9C769D6329-->  <TEXT><![CDATA[Keterangan]]></TEXT>
<!--72440C7B93C642E785010E9C769D6329-->  <FILENAME><![CDATA[/org/wirabumi/hris/timeandattendance/erpCommon/ad_reports/AttendancePerformanceReport.jrxml]]></FILENAME>
<!--72440C7B93C642E785010E9C769D6329-->  <ISUSED><![CDATA[Y]]></ISUSED>
<!--72440C7B93C642E785010E9C769D6329-->  <AD_MODULE_ID><![CDATA[13F494C4C03141258F1193B673570F63]]></AD_MODULE_ID>
<!--72440C7B93C642E785010E9C769D6329--></AD_TEXTINTERFACES>

<!--7A20124444E74AED9382342E7CCC5CD9--><AD_TEXTINTERFACES>
<!--7A20124444E74AED9382342E7CCC5CD9-->  <AD_TEXTINTERFACES_ID><![CDATA[7A20124444E74AED9382342E7CCC5CD9]]></AD_TEXTINTERFACES_ID>
<!--7A20124444E74AED9382342E7CCC5CD9-->  <AD_CLIENT_ID><![CDATA[0]]></AD_CLIENT_ID>
<!--7A20124444E74AED9382342E7CCC5CD9-->  <AD_ORG_ID><![CDATA[0]]></AD_ORG_ID>
<!--7A20124444E74AED9382342E7CCC5CD9-->  <ISACTIVE><![CDATA[Y]]></ISACTIVE>
<!--7A20124444E74AED9382342E7CCC5CD9-->  <TEXT><![CDATA[NAMA]]></TEXT>
<!--7A20124444E74AED9382342E7CCC5CD9-->  <FILENAME><![CDATA[/org/wirabumi/hris/timeandattendance/erpCommon/ad_reports/ReportPotongCuti.jrxml]]></FILENAME>
<!--7A20124444E74AED9382342E7CCC5CD9-->  <ISUSED><![CDATA[Y]]></ISUSED>
<!--7A20124444E74AED9382342E7CCC5CD9-->  <AD_MODULE_ID><![CDATA[13F494C4C03141258F1193B673570F63]]></AD_MODULE_ID>
<!--7A20124444E74AED9382342E7CCC5CD9--></AD_TEXTINTERFACES>

<!--7B494460BFC74A198BFBED31B17E0851--><AD_TEXTINTERFACES>
<!--7B494460BFC74A198BFBED31B17E0851-->  <AD_TEXTINTERFACES_ID><![CDATA[7B494460BFC74A198BFBED31B17E0851]]></AD_TEXTINTERFACES_ID>
<!--7B494460BFC74A198BFBED31B17E0851-->  <AD_CLIENT_ID><![CDATA[0]]></AD_CLIENT_ID>
<!--7B494460BFC74A198BFBED31B17E0851-->  <AD_ORG_ID><![CDATA[0]]></AD_ORG_ID>
<!--7B494460BFC74A198BFBED31B17E0851-->  <ISACTIVE><![CDATA[Y]]></ISACTIVE>
<!--7B494460BFC74A198BFBED31B17E0851-->  <TEXT><![CDATA[End Date]]></TEXT>
<!--7B494460BFC74A198BFBED31B17E0851-->  <FILENAME><![CDATA[/org/wirabumi/hris/timeandattendance/erpCommon/ad_reports/AttendancePerformanceReport.jrxml]]></FILENAME>
<!--7B494460BFC74A198BFBED31B17E0851-->  <ISUSED><![CDATA[Y]]></ISUSED>
<!--7B494460BFC74A198BFBED31B17E0851-->  <AD_MODULE_ID><![CDATA[13F494C4C03141258F1193B673570F63]]></AD_MODULE_ID>
<!--7B494460BFC74A198BFBED31B17E0851--></AD_TEXTINTERFACES>

<!--7C96E1C9AD694D03AF389FC96DF43469--><AD_TEXTINTERFACES>
<!--7C96E1C9AD694D03AF389FC96DF43469-->  <AD_TEXTINTERFACES_ID><![CDATA[7C96E1C9AD694D03AF389FC96DF43469]]></AD_TEXTINTERFACES_ID>
<!--7C96E1C9AD694D03AF389FC96DF43469-->  <AD_CLIENT_ID><![CDATA[0]]></AD_CLIENT_ID>
<!--7C96E1C9AD694D03AF389FC96DF43469-->  <AD_ORG_ID><![CDATA[0]]></AD_ORG_ID>
<!--7C96E1C9AD694D03AF389FC96DF43469-->  <ISACTIVE><![CDATA[Y]]></ISACTIVE>
<!--7C96E1C9AD694D03AF389FC96DF43469-->  <TEXT><![CDATA[Keterangan]]></TEXT>
<!--7C96E1C9AD694D03AF389FC96DF43469-->  <FILENAME><![CDATA[/org/wirabumi/hris/timeandattendance/erpCommon/ad_reports/ReportPotongGaji_subreport1.jrxml]]></FILENAME>
<!--7C96E1C9AD694D03AF389FC96DF43469-->  <ISUSED><![CDATA[Y]]></ISUSED>
<!--7C96E1C9AD694D03AF389FC96DF43469-->  <AD_MODULE_ID><![CDATA[13F494C4C03141258F1193B673570F63]]></AD_MODULE_ID>
<!--7C96E1C9AD694D03AF389FC96DF43469--></AD_TEXTINTERFACES>

<!--7DE4D2B287284686B31EB36750C2DD74--><AD_TEXTINTERFACES>
<!--7DE4D2B287284686B31EB36750C2DD74-->  <AD_TEXTINTERFACES_ID><![CDATA[7DE4D2B287284686B31EB36750C2DD74]]></AD_TEXTINTERFACES_ID>
<!--7DE4D2B287284686B31EB36750C2DD74-->  <AD_CLIENT_ID><![CDATA[0]]></AD_CLIENT_ID>
<!--7DE4D2B287284686B31EB36750C2DD74-->  <AD_ORG_ID><![CDATA[0]]></AD_ORG_ID>
<!--7DE4D2B287284686B31EB36750C2DD74-->  <ISACTIVE><![CDATA[Y]]></ISACTIVE>
<!--7DE4D2B287284686B31EB36750C2DD74-->  <TEXT><![CDATA[NAMA]]></TEXT>
<!--7DE4D2B287284686B31EB36750C2DD74-->  <FILENAME><![CDATA[/org/wirabumi/hris/timeandattendance/erpCommon/ad_reports/ReportPotongGaji.jrxml]]></FILENAME>
<!--7DE4D2B287284686B31EB36750C2DD74-->  <ISUSED><![CDATA[Y]]></ISUSED>
<!--7DE4D2B287284686B31EB36750C2DD74-->  <AD_MODULE_ID><![CDATA[13F494C4C03141258F1193B673570F63]]></AD_MODULE_ID>
<!--7DE4D2B287284686B31EB36750C2DD74--></AD_TEXTINTERFACES>

<!--8893D11BB05446999AD35C0430DBD8C4--><AD_TEXTINTERFACES>
<!--8893D11BB05446999AD35C0430DBD8C4-->  <AD_TEXTINTERFACES_ID><![CDATA[8893D11BB05446999AD35C0430DBD8C4]]></AD_TEXTINTERFACES_ID>
<!--8893D11BB05446999AD35C0430DBD8C4-->  <AD_CLIENT_ID><![CDATA[0]]></AD_CLIENT_ID>
<!--8893D11BB05446999AD35C0430DBD8C4-->  <AD_ORG_ID><![CDATA[0]]></AD_ORG_ID>
<!--8893D11BB05446999AD35C0430DBD8C4-->  <ISACTIVE><![CDATA[Y]]></ISACTIVE>
<!--8893D11BB05446999AD35C0430DBD8C4-->  <TEXT><![CDATA[Jumlah Hari Kerja]]></TEXT>
<!--8893D11BB05446999AD35C0430DBD8C4-->  <FILENAME><![CDATA[/org/wirabumi/hris/timeandattendance/erpCommon/ad_reports/AttendancePerformanceReport.jrxml]]></FILENAME>
<!--8893D11BB05446999AD35C0430DBD8C4-->  <ISUSED><![CDATA[Y]]></ISUSED>
<!--8893D11BB05446999AD35C0430DBD8C4-->  <AD_MODULE_ID><![CDATA[13F494C4C03141258F1193B673570F63]]></AD_MODULE_ID>
<!--8893D11BB05446999AD35C0430DBD8C4--></AD_TEXTINTERFACES>

<!--8C125477F55A42AEA59DE9C0D148A9DE--><AD_TEXTINTERFACES>
<!--8C125477F55A42AEA59DE9C0D148A9DE-->  <AD_TEXTINTERFACES_ID><![CDATA[8C125477F55A42AEA59DE9C0D148A9DE]]></AD_TEXTINTERFACES_ID>
<!--8C125477F55A42AEA59DE9C0D148A9DE-->  <AD_CLIENT_ID><![CDATA[0]]></AD_CLIENT_ID>
<!--8C125477F55A42AEA59DE9C0D148A9DE-->  <AD_ORG_ID><![CDATA[0]]></AD_ORG_ID>
<!--8C125477F55A42AEA59DE9C0D148A9DE-->  <ISACTIVE><![CDATA[Y]]></ISACTIVE>
<!--8C125477F55A42AEA59DE9C0D148A9DE-->  <TEXT><![CDATA[Menit]]></TEXT>
<!--8C125477F55A42AEA59DE9C0D148A9DE-->  <FILENAME><![CDATA[/org/wirabumi/hris/timeandattendance/erpCommon/ad_reports/ReportPotongCuti_subreport1.jrxml]]></FILENAME>
<!--8C125477F55A42AEA59DE9C0D148A9DE-->  <ISUSED><![CDATA[Y]]></ISUSED>
<!--8C125477F55A42AEA59DE9C0D148A9DE-->  <AD_MODULE_ID><![CDATA[13F494C4C03141258F1193B673570F63]]></AD_MODULE_ID>
<!--8C125477F55A42AEA59DE9C0D148A9DE--></AD_TEXTINTERFACES>

<!--961910EAB2D14529A8C34EB45B9B1876--><AD_TEXTINTERFACES>
<!--961910EAB2D14529A8C34EB45B9B1876-->  <AD_TEXTINTERFACES_ID><![CDATA[961910EAB2D14529A8C34EB45B9B1876]]></AD_TEXTINTERFACES_ID>
<!--961910EAB2D14529A8C34EB45B9B1876-->  <AD_CLIENT_ID><![CDATA[0]]></AD_CLIENT_ID>
<!--961910EAB2D14529A8C34EB45B9B1876-->  <AD_ORG_ID><![CDATA[0]]></AD_ORG_ID>
<!--961910EAB2D14529A8C34EB45B9B1876-->  <ISACTIVE><![CDATA[Y]]></ISACTIVE>
<!--961910EAB2D14529A8C34EB45B9B1876-->  <TEXT><![CDATA[DEPARTEMEN]]></TEXT>
<!--961910EAB2D14529A8C34EB45B9B1876-->  <FILENAME><![CDATA[/org/wirabumi/hris/timeandattendance/erpCommon/ad_reports/ReportPotongCuti.jrxml]]></FILENAME>
<!--961910EAB2D14529A8C34EB45B9B1876-->  <ISUSED><![CDATA[Y]]></ISUSED>
<!--961910EAB2D14529A8C34EB45B9B1876-->  <AD_MODULE_ID><![CDATA[13F494C4C03141258F1193B673570F63]]></AD_MODULE_ID>
<!--961910EAB2D14529A8C34EB45B9B1876--></AD_TEXTINTERFACES>

<!--9BF81C7538E642588F5B463731B97EF7--><AD_TEXTINTERFACES>
<!--9BF81C7538E642588F5B463731B97EF7-->  <AD_TEXTINTERFACES_ID><![CDATA[9BF81C7538E642588F5B463731B97EF7]]></AD_TEXTINTERFACES_ID>
<!--9BF81C7538E642588F5B463731B97EF7-->  <AD_CLIENT_ID><![CDATA[0]]></AD_CLIENT_ID>
<!--9BF81C7538E642588F5B463731B97EF7-->  <AD_ORG_ID><![CDATA[0]]></AD_ORG_ID>
<!--9BF81C7538E642588F5B463731B97EF7-->  <ISACTIVE><![CDATA[Y]]></ISACTIVE>
<!--9BF81C7538E642588F5B463731B97EF7-->  <TEXT><![CDATA[Pulang Awal]]></TEXT>
<!--9BF81C7538E642588F5B463731B97EF7-->  <FILENAME><![CDATA[/org/wirabumi/hris/timeandattendance/erpCommon/ad_reports/AttendancePerformanceReport.jrxml]]></FILENAME>
<!--9BF81C7538E642588F5B463731B97EF7-->  <ISUSED><![CDATA[Y]]></ISUSED>
<!--9BF81C7538E642588F5B463731B97EF7-->  <AD_MODULE_ID><![CDATA[13F494C4C03141258F1193B673570F63]]></AD_MODULE_ID>
<!--9BF81C7538E642588F5B463731B97EF7--></AD_TEXTINTERFACES>

<!--9E9439FE9393472480349C9DC719953B--><AD_TEXTINTERFACES>
<!--9E9439FE9393472480349C9DC719953B-->  <AD_TEXTINTERFACES_ID><![CDATA[9E9439FE9393472480349C9DC719953B]]></AD_TEXTINTERFACES_ID>
<!--9E9439FE9393472480349C9DC719953B-->  <AD_CLIENT_ID><![CDATA[0]]></AD_CLIENT_ID>
<!--9E9439FE9393472480349C9DC719953B-->  <AD_ORG_ID><![CDATA[0]]></AD_ORG_ID>
<!--9E9439FE9393472480349C9DC719953B-->  <ISACTIVE><![CDATA[Y]]></ISACTIVE>
<!--9E9439FE9393472480349C9DC719953B-->  <TEXT><![CDATA[Keterangan]]></TEXT>
<!--9E9439FE9393472480349C9DC719953B-->  <FILENAME><![CDATA[/org/wirabumi/hris/timeandattendance/erpCommon/ad_reports/IndividualAttendancePerformanceReport_subreport2.jrxml]]></FILENAME>
<!--9E9439FE9393472480349C9DC719953B-->  <ISUSED><![CDATA[Y]]></ISUSED>
<!--9E9439FE9393472480349C9DC719953B-->  <AD_MODULE_ID><![CDATA[13F494C4C03141258F1193B673570F63]]></AD_MODULE_ID>
<!--9E9439FE9393472480349C9DC719953B--></AD_TEXTINTERFACES>

<!--A2CF60CF72084A49964A0D9DF191F491--><AD_TEXTINTERFACES>
<!--A2CF60CF72084A49964A0D9DF191F491-->  <AD_TEXTINTERFACES_ID><![CDATA[A2CF60CF72084A49964A0D9DF191F491]]></AD_TEXTINTERFACES_ID>
<!--A2CF60CF72084A49964A0D9DF191F491-->  <AD_CLIENT_ID><![CDATA[0]]></AD_CLIENT_ID>
<!--A2CF60CF72084A49964A0D9DF191F491-->  <AD_ORG_ID><![CDATA[0]]></AD_ORG_ID>
<!--A2CF60CF72084A49964A0D9DF191F491-->  <ISACTIVE><![CDATA[Y]]></ISACTIVE>
<!--A2CF60CF72084A49964A0D9DF191F491-->  <TEXT><![CDATA[KETERANGAN]]></TEXT>
<!--A2CF60CF72084A49964A0D9DF191F491-->  <FILENAME><![CDATA[/org/wirabumi/hris/timeandattendance/erpCommon/ad_reports/ReportPotongGaji.jrxml]]></FILENAME>
<!--A2CF60CF72084A49964A0D9DF191F491-->  <ISUSED><![CDATA[Y]]></ISUSED>
<!--A2CF60CF72084A49964A0D9DF191F491-->  <AD_MODULE_ID><![CDATA[13F494C4C03141258F1193B673570F63]]></AD_MODULE_ID>
<!--A2CF60CF72084A49964A0D9DF191F491--></AD_TEXTINTERFACES>

<!--A67E36B6B26E4D1D8F7672B6E4A6E217--><AD_TEXTINTERFACES>
<!--A67E36B6B26E4D1D8F7672B6E4A6E217-->  <AD_TEXTINTERFACES_ID><![CDATA[A67E36B6B26E4D1D8F7672B6E4A6E217]]></AD_TEXTINTERFACES_ID>
<!--A67E36B6B26E4D1D8F7672B6E4A6E217-->  <AD_CLIENT_ID><![CDATA[0]]></AD_CLIENT_ID>
<!--A67E36B6B26E4D1D8F7672B6E4A6E217-->  <AD_ORG_ID><![CDATA[0]]></AD_ORG_ID>
<!--A67E36B6B26E4D1D8F7672B6E4A6E217-->  <ISACTIVE><![CDATA[Y]]></ISACTIVE>
<!--A67E36B6B26E4D1D8F7672B6E4A6E217-->  <TEXT><![CDATA[Check In Actual]]></TEXT>
<!--A67E36B6B26E4D1D8F7672B6E4A6E217-->  <FILENAME><![CDATA[/org/wirabumi/hris/timeandattendance/erpCommon/ad_reports/IndividualAttendancePerformanceReport_subreport2.jrxml]]></FILENAME>
<!--A67E36B6B26E4D1D8F7672B6E4A6E217-->  <ISUSED><![CDATA[Y]]></ISUSED>
<!--A67E36B6B26E4D1D8F7672B6E4A6E217-->  <AD_MODULE_ID><![CDATA[13F494C4C03141258F1193B673570F63]]></AD_MODULE_ID>
<!--A67E36B6B26E4D1D8F7672B6E4A6E217--></AD_TEXTINTERFACES>

<!--B7ED53ADD4324DC49E96AC838113EE76--><AD_TEXTINTERFACES>
<!--B7ED53ADD4324DC49E96AC838113EE76-->  <AD_TEXTINTERFACES_ID><![CDATA[B7ED53ADD4324DC49E96AC838113EE76]]></AD_TEXTINTERFACES_ID>
<!--B7ED53ADD4324DC49E96AC838113EE76-->  <AD_CLIENT_ID><![CDATA[0]]></AD_CLIENT_ID>
<!--B7ED53ADD4324DC49E96AC838113EE76-->  <AD_ORG_ID><![CDATA[0]]></AD_ORG_ID>
<!--B7ED53ADD4324DC49E96AC838113EE76-->  <ISACTIVE><![CDATA[Y]]></ISACTIVE>
<!--B7ED53ADD4324DC49E96AC838113EE76-->  <TEXT><![CDATA[Masuk Telat]]></TEXT>
<!--B7ED53ADD4324DC49E96AC838113EE76-->  <FILENAME><![CDATA[/org/wirabumi/hris/timeandattendance/erpCommon/ad_reports/AttendancePerformanceReport.jrxml]]></FILENAME>
<!--B7ED53ADD4324DC49E96AC838113EE76-->  <ISUSED><![CDATA[Y]]></ISUSED>
<!--B7ED53ADD4324DC49E96AC838113EE76-->  <AD_MODULE_ID><![CDATA[13F494C4C03141258F1193B673570F63]]></AD_MODULE_ID>
<!--B7ED53ADD4324DC49E96AC838113EE76--></AD_TEXTINTERFACES>

<!--BA594FC5108B4AFD97EAF34D32D1E11D--><AD_TEXTINTERFACES>
<!--BA594FC5108B4AFD97EAF34D32D1E11D-->  <AD_TEXTINTERFACES_ID><![CDATA[BA594FC5108B4AFD97EAF34D32D1E11D]]></AD_TEXTINTERFACES_ID>
<!--BA594FC5108B4AFD97EAF34D32D1E11D-->  <AD_CLIENT_ID><![CDATA[0]]></AD_CLIENT_ID>
<!--BA594FC5108B4AFD97EAF34D32D1E11D-->  <AD_ORG_ID><![CDATA[0]]></AD_ORG_ID>
<!--BA594FC5108B4AFD97EAF34D32D1E11D-->  <ISACTIVE><![CDATA[Y]]></ISACTIVE>
<!--BA594FC5108B4AFD97EAF34D32D1E11D-->  <TEXT><![CDATA[Keterangan]]></TEXT>
<!--BA594FC5108B4AFD97EAF34D32D1E11D-->  <FILENAME><![CDATA[/org/wirabumi/hris/timeandattendance/erpCommon/ad_reports/IndividualAttendancePerformanceReport_subreport0.jrxml]]></FILENAME>
<!--BA594FC5108B4AFD97EAF34D32D1E11D-->  <ISUSED><![CDATA[Y]]></ISUSED>
<!--BA594FC5108B4AFD97EAF34D32D1E11D-->  <AD_MODULE_ID><![CDATA[13F494C4C03141258F1193B673570F63]]></AD_MODULE_ID>
<!--BA594FC5108B4AFD97EAF34D32D1E11D--></AD_TEXTINTERFACES>

<!--BC5B3C7637914E86BBDE2B9F04BAEAE1--><AD_TEXTINTERFACES>
<!--BC5B3C7637914E86BBDE2B9F04BAEAE1-->  <AD_TEXTINTERFACES_ID><![CDATA[BC5B3C7637914E86BBDE2B9F04BAEAE1]]></AD_TEXTINTERFACES_ID>
<!--BC5B3C7637914E86BBDE2B9F04BAEAE1-->  <AD_CLIENT_ID><![CDATA[0]]></AD_CLIENT_ID>
<!--BC5B3C7637914E86BBDE2B9F04BAEAE1-->  <AD_ORG_ID><![CDATA[0]]></AD_ORG_ID>
<!--BC5B3C7637914E86BBDE2B9F04BAEAE1-->  <ISACTIVE><![CDATA[Y]]></ISACTIVE>
<!--BC5B3C7637914E86BBDE2B9F04BAEAE1-->  <TEXT><![CDATA[DEPARTEMEN]]></TEXT>
<!--BC5B3C7637914E86BBDE2B9F04BAEAE1-->  <FILENAME><![CDATA[/org/wirabumi/hris/timeandattendance/erpCommon/ad_reports/ReportPotongGaji.jrxml]]></FILENAME>
<!--BC5B3C7637914E86BBDE2B9F04BAEAE1-->  <ISUSED><![CDATA[Y]]></ISUSED>
<!--BC5B3C7637914E86BBDE2B9F04BAEAE1-->  <AD_MODULE_ID><![CDATA[13F494C4C03141258F1193B673570F63]]></AD_MODULE_ID>
<!--BC5B3C7637914E86BBDE2B9F04BAEAE1--></AD_TEXTINTERFACES>

<!--BE0910DD3A304CC1BB065F5EEE3AA1AF--><AD_TEXTINTERFACES>
<!--BE0910DD3A304CC1BB065F5EEE3AA1AF-->  <AD_TEXTINTERFACES_ID><![CDATA[BE0910DD3A304CC1BB065F5EEE3AA1AF]]></AD_TEXTINTERFACES_ID>
<!--BE0910DD3A304CC1BB065F5EEE3AA1AF-->  <AD_CLIENT_ID><![CDATA[0]]></AD_CLIENT_ID>
<!--BE0910DD3A304CC1BB065F5EEE3AA1AF-->  <AD_ORG_ID><![CDATA[0]]></AD_ORG_ID>
<!--BE0910DD3A304CC1BB065F5EEE3AA1AF-->  <ISACTIVE><![CDATA[Y]]></ISACTIVE>
<!--BE0910DD3A304CC1BB065F5EEE3AA1AF-->  <TEXT><![CDATA[Keterangan]]></TEXT>
<!--BE0910DD3A304CC1BB065F5EEE3AA1AF-->  <FILENAME><![CDATA[/org/wirabumi/hris/timeandattendance/erpCommon/ad_reports/ReportPotongCuti_subreport1.jrxml]]></FILENAME>
<!--BE0910DD3A304CC1BB065F5EEE3AA1AF-->  <ISUSED><![CDATA[Y]]></ISUSED>
<!--BE0910DD3A304CC1BB065F5EEE3AA1AF-->  <AD_MODULE_ID><![CDATA[13F494C4C03141258F1193B673570F63]]></AD_MODULE_ID>
<!--BE0910DD3A304CC1BB065F5EEE3AA1AF--></AD_TEXTINTERFACES>

<!--D62FD4F5FCB449EC993A487A31B79178--><AD_TEXTINTERFACES>
<!--D62FD4F5FCB449EC993A487A31B79178-->  <AD_TEXTINTERFACES_ID><![CDATA[D62FD4F5FCB449EC993A487A31B79178]]></AD_TEXTINTERFACES_ID>
<!--D62FD4F5FCB449EC993A487A31B79178-->  <AD_CLIENT_ID><![CDATA[0]]></AD_CLIENT_ID>
<!--D62FD4F5FCB449EC993A487A31B79178-->  <AD_ORG_ID><![CDATA[0]]></AD_ORG_ID>
<!--D62FD4F5FCB449EC993A487A31B79178-->  <ISACTIVE><![CDATA[Y]]></ISACTIVE>
<!--D62FD4F5FCB449EC993A487A31B79178-->  <TEXT><![CDATA[TYPE CUTI]]></TEXT>
<!--D62FD4F5FCB449EC993A487A31B79178-->  <FILENAME><![CDATA[/org/wirabumi/hris/timeandattendance/erpCommon/ad_reports/ReportPotongCuti.jrxml]]></FILENAME>
<!--D62FD4F5FCB449EC993A487A31B79178-->  <ISUSED><![CDATA[Y]]></ISUSED>
<!--D62FD4F5FCB449EC993A487A31B79178-->  <AD_MODULE_ID><![CDATA[13F494C4C03141258F1193B673570F63]]></AD_MODULE_ID>
<!--D62FD4F5FCB449EC993A487A31B79178--></AD_TEXTINTERFACES>

<!--D66F316BB5B144B78DE69E813DEDEFBB--><AD_TEXTINTERFACES>
<!--D66F316BB5B144B78DE69E813DEDEFBB-->  <AD_TEXTINTERFACES_ID><![CDATA[D66F316BB5B144B78DE69E813DEDEFBB]]></AD_TEXTINTERFACES_ID>
<!--D66F316BB5B144B78DE69E813DEDEFBB-->  <AD_CLIENT_ID><![CDATA[0]]></AD_CLIENT_ID>
<!--D66F316BB5B144B78DE69E813DEDEFBB-->  <AD_ORG_ID><![CDATA[0]]></AD_ORG_ID>
<!--D66F316BB5B144B78DE69E813DEDEFBB-->  <ISACTIVE><![CDATA[Y]]></ISACTIVE>
<!--D66F316BB5B144B78DE69E813DEDEFBB-->  <TEXT><![CDATA[NO. PEG]]></TEXT>
<!--D66F316BB5B144B78DE69E813DEDEFBB-->  <FILENAME><![CDATA[/org/wirabumi/hris/timeandattendance/erpCommon/ad_reports/ReportPotongGaji.jrxml]]></FILENAME>
<!--D66F316BB5B144B78DE69E813DEDEFBB-->  <ISUSED><![CDATA[Y]]></ISUSED>
<!--D66F316BB5B144B78DE69E813DEDEFBB-->  <AD_MODULE_ID><![CDATA[13F494C4C03141258F1193B673570F63]]></AD_MODULE_ID>
<!--D66F316BB5B144B78DE69E813DEDEFBB--></AD_TEXTINTERFACES>

<!--D70AD6A4D78B4187AF062AE569B00A20--><AD_TEXTINTERFACES>
<!--D70AD6A4D78B4187AF062AE569B00A20-->  <AD_TEXTINTERFACES_ID><![CDATA[D70AD6A4D78B4187AF062AE569B00A20]]></AD_TEXTINTERFACES_ID>
<!--D70AD6A4D78B4187AF062AE569B00A20-->  <AD_CLIENT_ID><![CDATA[0]]></AD_CLIENT_ID>
<!--D70AD6A4D78B4187AF062AE569B00A20-->  <AD_ORG_ID><![CDATA[0]]></AD_ORG_ID>
<!--D70AD6A4D78B4187AF062AE569B00A20-->  <ISACTIVE><![CDATA[Y]]></ISACTIVE>
<!--D70AD6A4D78B4187AF062AE569B00A20-->  <TEXT><![CDATA[Telat]]></TEXT>
<!--D70AD6A4D78B4187AF062AE569B00A20-->  <FILENAME><![CDATA[/org/wirabumi/hris/timeandattendance/erpCommon/ad_reports/ReportPotongCuti_subreport1.jrxml]]></FILENAME>
<!--D70AD6A4D78B4187AF062AE569B00A20-->  <ISUSED><![CDATA[Y]]></ISUSED>
<!--D70AD6A4D78B4187AF062AE569B00A20-->  <AD_MODULE_ID><![CDATA[13F494C4C03141258F1193B673570F63]]></AD_MODULE_ID>
<!--D70AD6A4D78B4187AF062AE569B00A20--></AD_TEXTINTERFACES>

<!--D719609F0798499BA18E1964E8E32A9E--><AD_TEXTINTERFACES>
<!--D719609F0798499BA18E1964E8E32A9E-->  <AD_TEXTINTERFACES_ID><![CDATA[D719609F0798499BA18E1964E8E32A9E]]></AD_TEXTINTERFACES_ID>
<!--D719609F0798499BA18E1964E8E32A9E-->  <AD_CLIENT_ID><![CDATA[0]]></AD_CLIENT_ID>
<!--D719609F0798499BA18E1964E8E32A9E-->  <AD_ORG_ID><![CDATA[0]]></AD_ORG_ID>
<!--D719609F0798499BA18E1964E8E32A9E-->  <ISACTIVE><![CDATA[Y]]></ISACTIVE>
<!--D719609F0798499BA18E1964E8E32A9E-->  <TEXT><![CDATA[Duration]]></TEXT>
<!--D719609F0798499BA18E1964E8E32A9E-->  <FILENAME><![CDATA[/org/wirabumi/hris/timeandattendance/erpCommon/ad_reports/IndividualAttendancePerformanceReport_subreport2.jrxml]]></FILENAME>
<!--D719609F0798499BA18E1964E8E32A9E-->  <ISUSED><![CDATA[Y]]></ISUSED>
<!--D719609F0798499BA18E1964E8E32A9E-->  <AD_MODULE_ID><![CDATA[13F494C4C03141258F1193B673570F63]]></AD_MODULE_ID>
<!--D719609F0798499BA18E1964E8E32A9E--></AD_TEXTINTERFACES>

<!--D74C92A3F8244424B04921816DA4F16E--><AD_TEXTINTERFACES>
<!--D74C92A3F8244424B04921816DA4F16E-->  <AD_TEXTINTERFACES_ID><![CDATA[D74C92A3F8244424B04921816DA4F16E]]></AD_TEXTINTERFACES_ID>
<!--D74C92A3F8244424B04921816DA4F16E-->  <AD_CLIENT_ID><![CDATA[0]]></AD_CLIENT_ID>
<!--D74C92A3F8244424B04921816DA4F16E-->  <AD_ORG_ID><![CDATA[0]]></AD_ORG_ID>
<!--D74C92A3F8244424B04921816DA4F16E-->  <ISACTIVE><![CDATA[Y]]></ISACTIVE>
<!--D74C92A3F8244424B04921816DA4F16E-->  <TEXT><![CDATA[Jumlah]]></TEXT>
<!--D74C92A3F8244424B04921816DA4F16E-->  <FILENAME><![CDATA[/org/wirabumi/hris/timeandattendance/erpCommon/ad_reports/IndividualAttendancePerformanceReport_subreport0.jrxml]]></FILENAME>
<!--D74C92A3F8244424B04921816DA4F16E-->  <ISUSED><![CDATA[Y]]></ISUSED>
<!--D74C92A3F8244424B04921816DA4F16E-->  <AD_MODULE_ID><![CDATA[13F494C4C03141258F1193B673570F63]]></AD_MODULE_ID>
<!--D74C92A3F8244424B04921816DA4F16E--></AD_TEXTINTERFACES>

<!--D9973D8EFDD24CCCA856F3F93CC713BC--><AD_TEXTINTERFACES>
<!--D9973D8EFDD24CCCA856F3F93CC713BC-->  <AD_TEXTINTERFACES_ID><![CDATA[D9973D8EFDD24CCCA856F3F93CC713BC]]></AD_TEXTINTERFACES_ID>
<!--D9973D8EFDD24CCCA856F3F93CC713BC-->  <AD_CLIENT_ID><![CDATA[0]]></AD_CLIENT_ID>
<!--D9973D8EFDD24CCCA856F3F93CC713BC-->  <AD_ORG_ID><![CDATA[0]]></AD_ORG_ID>
<!--D9973D8EFDD24CCCA856F3F93CC713BC-->  <ISACTIVE><![CDATA[Y]]></ISACTIVE>
<!--D9973D8EFDD24CCCA856F3F93CC713BC-->  <TEXT><![CDATA[KETERANGAN]]></TEXT>
<!--D9973D8EFDD24CCCA856F3F93CC713BC-->  <FILENAME><![CDATA[/org/wirabumi/hris/timeandattendance/erpCommon/ad_reports/ReportPotongCuti.jrxml]]></FILENAME>
<!--D9973D8EFDD24CCCA856F3F93CC713BC-->  <ISUSED><![CDATA[Y]]></ISUSED>
<!--D9973D8EFDD24CCCA856F3F93CC713BC-->  <AD_MODULE_ID><![CDATA[13F494C4C03141258F1193B673570F63]]></AD_MODULE_ID>
<!--D9973D8EFDD24CCCA856F3F93CC713BC--></AD_TEXTINTERFACES>

<!--D9A30F9E513B4BDBA216961F3ED95FED--><AD_TEXTINTERFACES>
<!--D9A30F9E513B4BDBA216961F3ED95FED-->  <AD_TEXTINTERFACES_ID><![CDATA[D9A30F9E513B4BDBA216961F3ED95FED]]></AD_TEXTINTERFACES_ID>
<!--D9A30F9E513B4BDBA216961F3ED95FED-->  <AD_CLIENT_ID><![CDATA[0]]></AD_CLIENT_ID>
<!--D9A30F9E513B4BDBA216961F3ED95FED-->  <AD_ORG_ID><![CDATA[0]]></AD_ORG_ID>
<!--D9A30F9E513B4BDBA216961F3ED95FED-->  <ISACTIVE><![CDATA[Y]]></ISACTIVE>
<!--D9A30F9E513B4BDBA216961F3ED95FED-->  <TEXT><![CDATA[JABATAN]]></TEXT>
<!--D9A30F9E513B4BDBA216961F3ED95FED-->  <FILENAME><![CDATA[/org/wirabumi/hris/timeandattendance/erpCommon/ad_reports/ReportPotongGaji.jrxml]]></FILENAME>
<!--D9A30F9E513B4BDBA216961F3ED95FED-->  <ISUSED><![CDATA[Y]]></ISUSED>
<!--D9A30F9E513B4BDBA216961F3ED95FED-->  <AD_MODULE_ID><![CDATA[13F494C4C03141258F1193B673570F63]]></AD_MODULE_ID>
<!--D9A30F9E513B4BDBA216961F3ED95FED--></AD_TEXTINTERFACES>

<!--DB42BA8AC8C342AA96CF4C5F17D71A3D--><AD_TEXTINTERFACES>
<!--DB42BA8AC8C342AA96CF4C5F17D71A3D-->  <AD_TEXTINTERFACES_ID><![CDATA[DB42BA8AC8C342AA96CF4C5F17D71A3D]]></AD_TEXTINTERFACES_ID>
<!--DB42BA8AC8C342AA96CF4C5F17D71A3D-->  <AD_CLIENT_ID><![CDATA[0]]></AD_CLIENT_ID>
<!--DB42BA8AC8C342AA96CF4C5F17D71A3D-->  <AD_ORG_ID><![CDATA[0]]></AD_ORG_ID>
<!--DB42BA8AC8C342AA96CF4C5F17D71A3D-->  <ISACTIVE><![CDATA[Y]]></ISACTIVE>
<!--DB42BA8AC8C342AA96CF4C5F17D71A3D-->  <TEXT><![CDATA[NO. PEG]]></TEXT>
<!--DB42BA8AC8C342AA96CF4C5F17D71A3D-->  <FILENAME><![CDATA[/org/wirabumi/hris/timeandattendance/erpCommon/ad_reports/ReportPotongCuti.jrxml]]></FILENAME>
<!--DB42BA8AC8C342AA96CF4C5F17D71A3D-->  <ISUSED><![CDATA[Y]]></ISUSED>
<!--DB42BA8AC8C342AA96CF4C5F17D71A3D-->  <AD_MODULE_ID><![CDATA[13F494C4C03141258F1193B673570F63]]></AD_MODULE_ID>
<!--DB42BA8AC8C342AA96CF4C5F17D71A3D--></AD_TEXTINTERFACES>

<!--E143C66467114F49BF784C072FA073D3--><AD_TEXTINTERFACES>
<!--E143C66467114F49BF784C072FA073D3-->  <AD_TEXTINTERFACES_ID><![CDATA[E143C66467114F49BF784C072FA073D3]]></AD_TEXTINTERFACES_ID>
<!--E143C66467114F49BF784C072FA073D3-->  <AD_CLIENT_ID><![CDATA[0]]></AD_CLIENT_ID>
<!--E143C66467114F49BF784C072FA073D3-->  <AD_ORG_ID><![CDATA[0]]></AD_ORG_ID>
<!--E143C66467114F49BF784C072FA073D3-->  <ISACTIVE><![CDATA[Y]]></ISACTIVE>
<!--E143C66467114F49BF784C072FA073D3-->  <TEXT><![CDATA[Individual Attendance Performance Report]]></TEXT>
<!--E143C66467114F49BF784C072FA073D3-->  <FILENAME><![CDATA[/org/wirabumi/hris/timeandattendance/erpCommon/ad_reports/IndividualAttendancePerformanceReport.jrxml]]></FILENAME>
<!--E143C66467114F49BF784C072FA073D3-->  <ISUSED><![CDATA[Y]]></ISUSED>
<!--E143C66467114F49BF784C072FA073D3-->  <AD_MODULE_ID><![CDATA[13F494C4C03141258F1193B673570F63]]></AD_MODULE_ID>
<!--E143C66467114F49BF784C072FA073D3--></AD_TEXTINTERFACES>

<!--E430853B0EB5486B9A95ECC4810DC1FA--><AD_TEXTINTERFACES>
<!--E430853B0EB5486B9A95ECC4810DC1FA-->  <AD_TEXTINTERFACES_ID><![CDATA[E430853B0EB5486B9A95ECC4810DC1FA]]></AD_TEXTINTERFACES_ID>
<!--E430853B0EB5486B9A95ECC4810DC1FA-->  <AD_CLIENT_ID><![CDATA[0]]></AD_CLIENT_ID>
<!--E430853B0EB5486B9A95ECC4810DC1FA-->  <AD_ORG_ID><![CDATA[0]]></AD_ORG_ID>
<!--E430853B0EB5486B9A95ECC4810DC1FA-->  <ISACTIVE><![CDATA[Y]]></ISACTIVE>
<!--E430853B0EB5486B9A95ECC4810DC1FA-->  <TEXT><![CDATA[TOTAL TELAT]]></TEXT>
<!--E430853B0EB5486B9A95ECC4810DC1FA-->  <FILENAME><![CDATA[/org/wirabumi/hris/timeandattendance/erpCommon/ad_reports/ReportPotongCuti.jrxml]]></FILENAME>
<!--E430853B0EB5486B9A95ECC4810DC1FA-->  <ISUSED><![CDATA[Y]]></ISUSED>
<!--E430853B0EB5486B9A95ECC4810DC1FA-->  <AD_MODULE_ID><![CDATA[13F494C4C03141258F1193B673570F63]]></AD_MODULE_ID>
<!--E430853B0EB5486B9A95ECC4810DC1FA--></AD_TEXTINTERFACES>

<!--E9455FAC26614D26BE2AEC172A0F7D01--><AD_TEXTINTERFACES>
<!--E9455FAC26614D26BE2AEC172A0F7D01-->  <AD_TEXTINTERFACES_ID><![CDATA[E9455FAC26614D26BE2AEC172A0F7D01]]></AD_TEXTINTERFACES_ID>
<!--E9455FAC26614D26BE2AEC172A0F7D01-->  <AD_CLIENT_ID><![CDATA[0]]></AD_CLIENT_ID>
<!--E9455FAC26614D26BE2AEC172A0F7D01-->  <AD_ORG_ID><![CDATA[0]]></AD_ORG_ID>
<!--E9455FAC26614D26BE2AEC172A0F7D01-->  <ISACTIVE><![CDATA[Y]]></ISACTIVE>
<!--E9455FAC26614D26BE2AEC172A0F7D01-->  <TEXT><![CDATA[total]]></TEXT>
<!--E9455FAC26614D26BE2AEC172A0F7D01-->  <FILENAME><![CDATA[/org/wirabumi/hris/timeandattendance/erpCommon/ad_reports/AttendanceSummaryReport.jrxml]]></FILENAME>
<!--E9455FAC26614D26BE2AEC172A0F7D01-->  <ISUSED><![CDATA[Y]]></ISUSED>
<!--E9455FAC26614D26BE2AEC172A0F7D01-->  <AD_MODULE_ID><![CDATA[13F494C4C03141258F1193B673570F63]]></AD_MODULE_ID>
<!--E9455FAC26614D26BE2AEC172A0F7D01--></AD_TEXTINTERFACES>

<!--F124AD710FE54F099AFE93308E16D456--><AD_TEXTINTERFACES>
<!--F124AD710FE54F099AFE93308E16D456-->  <AD_TEXTINTERFACES_ID><![CDATA[F124AD710FE54F099AFE93308E16D456]]></AD_TEXTINTERFACES_ID>
<!--F124AD710FE54F099AFE93308E16D456-->  <AD_CLIENT_ID><![CDATA[0]]></AD_CLIENT_ID>
<!--F124AD710FE54F099AFE93308E16D456-->  <AD_ORG_ID><![CDATA[0]]></AD_ORG_ID>
<!--F124AD710FE54F099AFE93308E16D456-->  <ISACTIVE><![CDATA[Y]]></ISACTIVE>
<!--F124AD710FE54F099AFE93308E16D456-->  <TEXT><![CDATA[JAM]]></TEXT>
<!--F124AD710FE54F099AFE93308E16D456-->  <FILENAME><![CDATA[/org/wirabumi/hris/timeandattendance/erpCommon/ad_reports/ReportPotongGaji.jrxml]]></FILENAME>
<!--F124AD710FE54F099AFE93308E16D456-->  <ISUSED><![CDATA[Y]]></ISUSED>
<!--F124AD710FE54F099AFE93308E16D456-->  <AD_MODULE_ID><![CDATA[13F494C4C03141258F1193B673570F63]]></AD_MODULE_ID>
<!--F124AD710FE54F099AFE93308E16D456--></AD_TEXTINTERFACES>

<!--F554279562D8453FAEFA4D1135B6B10E--><AD_TEXTINTERFACES>
<!--F554279562D8453FAEFA4D1135B6B10E-->  <AD_TEXTINTERFACES_ID><![CDATA[F554279562D8453FAEFA4D1135B6B10E]]></AD_TEXTINTERFACES_ID>
<!--F554279562D8453FAEFA4D1135B6B10E-->  <AD_CLIENT_ID><![CDATA[0]]></AD_CLIENT_ID>
<!--F554279562D8453FAEFA4D1135B6B10E-->  <AD_ORG_ID><![CDATA[0]]></AD_ORG_ID>
<!--F554279562D8453FAEFA4D1135B6B10E-->  <ISACTIVE><![CDATA[Y]]></ISACTIVE>
<!--F554279562D8453FAEFA4D1135B6B10E-->  <TEXT><![CDATA[Tidak Masuk]]></TEXT>
<!--F554279562D8453FAEFA4D1135B6B10E-->  <FILENAME><![CDATA[/org/wirabumi/hris/timeandattendance/erpCommon/ad_reports/AttendancePerformanceReport.jrxml]]></FILENAME>
<!--F554279562D8453FAEFA4D1135B6B10E-->  <ISUSED><![CDATA[Y]]></ISUSED>
<!--F554279562D8453FAEFA4D1135B6B10E-->  <AD_MODULE_ID><![CDATA[13F494C4C03141258F1193B673570F63]]></AD_MODULE_ID>
<!--F554279562D8453FAEFA4D1135B6B10E--></AD_TEXTINTERFACES>

<!--F57B3A9EDE8946058C29491385DEF15F--><AD_TEXTINTERFACES>
<!--F57B3A9EDE8946058C29491385DEF15F-->  <AD_TEXTINTERFACES_ID><![CDATA[F57B3A9EDE8946058C29491385DEF15F]]></AD_TEXTINTERFACES_ID>
<!--F57B3A9EDE8946058C29491385DEF15F-->  <AD_CLIENT_ID><![CDATA[0]]></AD_CLIENT_ID>
<!--F57B3A9EDE8946058C29491385DEF15F-->  <AD_ORG_ID><![CDATA[0]]></AD_ORG_ID>
<!--F57B3A9EDE8946058C29491385DEF15F-->  <ISACTIVE><![CDATA[Y]]></ISACTIVE>
<!--F57B3A9EDE8946058C29491385DEF15F-->  <TEXT><![CDATA[Check Out Actual]]></TEXT>
<!--F57B3A9EDE8946058C29491385DEF15F-->  <FILENAME><![CDATA[/org/wirabumi/hris/timeandattendance/erpCommon/ad_reports/IndividualAttendancePerformanceReport_subreport2.jrxml]]></FILENAME>
<!--F57B3A9EDE8946058C29491385DEF15F-->  <ISUSED><![CDATA[Y]]></ISUSED>
<!--F57B3A9EDE8946058C29491385DEF15F-->  <AD_MODULE_ID><![CDATA[13F494C4C03141258F1193B673570F63]]></AD_MODULE_ID>
<!--F57B3A9EDE8946058C29491385DEF15F--></AD_TEXTINTERFACES>

<!--F5E9E9EFF26E488E8142996DA1D01F2B--><AD_TEXTINTERFACES>
<!--F5E9E9EFF26E488E8142996DA1D01F2B-->  <AD_TEXTINTERFACES_ID><![CDATA[F5E9E9EFF26E488E8142996DA1D01F2B]]></AD_TEXTINTERFACES_ID>
<!--F5E9E9EFF26E488E8142996DA1D01F2B-->  <AD_CLIENT_ID><![CDATA[0]]></AD_CLIENT_ID>
<!--F5E9E9EFF26E488E8142996DA1D01F2B-->  <AD_ORG_ID><![CDATA[0]]></AD_ORG_ID>
<!--F5E9E9EFF26E488E8142996DA1D01F2B-->  <ISACTIVE><![CDATA[Y]]></ISACTIVE>
<!--F5E9E9EFF26E488E8142996DA1D01F2B-->  <TEXT><![CDATA[RINCIAN POTONG GAJI]]></TEXT>
<!--F5E9E9EFF26E488E8142996DA1D01F2B-->  <FILENAME><![CDATA[/org/wirabumi/hris/timeandattendance/erpCommon/ad_reports/ReportPotongGaji.jrxml]]></FILENAME>
<!--F5E9E9EFF26E488E8142996DA1D01F2B-->  <ISUSED><![CDATA[Y]]></ISUSED>
<!--F5E9E9EFF26E488E8142996DA1D01F2B-->  <AD_MODULE_ID><![CDATA[13F494C4C03141258F1193B673570F63]]></AD_MODULE_ID>
<!--F5E9E9EFF26E488E8142996DA1D01F2B--></AD_TEXTINTERFACES>

<!--F5FC00E572494B7F8F43C17C5FCCB747--><AD_TEXTINTERFACES>
<!--F5FC00E572494B7F8F43C17C5FCCB747-->  <AD_TEXTINTERFACES_ID><![CDATA[F5FC00E572494B7F8F43C17C5FCCB747]]></AD_TEXTINTERFACES_ID>
<!--F5FC00E572494B7F8F43C17C5FCCB747-->  <AD_CLIENT_ID><![CDATA[0]]></AD_CLIENT_ID>
<!--F5FC00E572494B7F8F43C17C5FCCB747-->  <AD_ORG_ID><![CDATA[0]]></AD_ORG_ID>
<!--F5FC00E572494B7F8F43C17C5FCCB747-->  <ISACTIVE><![CDATA[Y]]></ISACTIVE>
<!--F5FC00E572494B7F8F43C17C5FCCB747-->  <TEXT><![CDATA[TOTAL POTONGAN]]></TEXT>
<!--F5FC00E572494B7F8F43C17C5FCCB747-->  <FILENAME><![CDATA[/org/wirabumi/hris/timeandattendance/erpCommon/ad_reports/ReportPotongGaji.jrxml]]></FILENAME>
<!--F5FC00E572494B7F8F43C17C5FCCB747-->  <ISUSED><![CDATA[Y]]></ISUSED>
<!--F5FC00E572494B7F8F43C17C5FCCB747-->  <AD_MODULE_ID><![CDATA[13F494C4C03141258F1193B673570F63]]></AD_MODULE_ID>
<!--F5FC00E572494B7F8F43C17C5FCCB747--></AD_TEXTINTERFACES>

<!--F8B5F82905DE432D85B6DEABD9AF2E12--><AD_TEXTINTERFACES>
<!--F8B5F82905DE432D85B6DEABD9AF2E12-->  <AD_TEXTINTERFACES_ID><![CDATA[F8B5F82905DE432D85B6DEABD9AF2E12]]></AD_TEXTINTERFACES_ID>
<!--F8B5F82905DE432D85B6DEABD9AF2E12-->  <AD_CLIENT_ID><![CDATA[0]]></AD_CLIENT_ID>
<!--F8B5F82905DE432D85B6DEABD9AF2E12-->  <AD_ORG_ID><![CDATA[0]]></AD_ORG_ID>
<!--F8B5F82905DE432D85B6DEABD9AF2E12-->  <ISACTIVE><![CDATA[Y]]></ISACTIVE>
<!--F8B5F82905DE432D85B6DEABD9AF2E12-->  <TEXT><![CDATA[JAM]]></TEXT>
<!--F8B5F82905DE432D85B6DEABD9AF2E12-->  <FILENAME><![CDATA[/org/wirabumi/hris/timeandattendance/erpCommon/ad_reports/ReportPotongCuti.jrxml]]></FILENAME>
<!--F8B5F82905DE432D85B6DEABD9AF2E12-->  <ISUSED><![CDATA[Y]]></ISUSED>
<!--F8B5F82905DE432D85B6DEABD9AF2E12-->  <AD_MODULE_ID><![CDATA[13F494C4C03141258F1193B673570F63]]></AD_MODULE_ID>
<!--F8B5F82905DE432D85B6DEABD9AF2E12--></AD_TEXTINTERFACES>

<!--FC14CDEE9A2044C79BF75FFC742260F6--><AD_TEXTINTERFACES>
<!--FC14CDEE9A2044C79BF75FFC742260F6-->  <AD_TEXTINTERFACES_ID><![CDATA[FC14CDEE9A2044C79BF75FFC742260F6]]></AD_TEXTINTERFACES_ID>
<!--FC14CDEE9A2044C79BF75FFC742260F6-->  <AD_CLIENT_ID><![CDATA[0]]></AD_CLIENT_ID>
<!--FC14CDEE9A2044C79BF75FFC742260F6-->  <AD_ORG_ID><![CDATA[0]]></AD_ORG_ID>
<!--FC14CDEE9A2044C79BF75FFC742260F6-->  <ISACTIVE><![CDATA[Y]]></ISACTIVE>
<!--FC14CDEE9A2044C79BF75FFC742260F6-->  <TEXT><![CDATA[JABATAN]]></TEXT>
<!--FC14CDEE9A2044C79BF75FFC742260F6-->  <FILENAME><![CDATA[/org/wirabumi/hris/timeandattendance/erpCommon/ad_reports/ReportPotongCuti.jrxml]]></FILENAME>
<!--FC14CDEE9A2044C79BF75FFC742260F6-->  <ISUSED><![CDATA[Y]]></ISUSED>
<!--FC14CDEE9A2044C79BF75FFC742260F6-->  <AD_MODULE_ID><![CDATA[13F494C4C03141258F1193B673570F63]]></AD_MODULE_ID>
<!--FC14CDEE9A2044C79BF75FFC742260F6--></AD_TEXTINTERFACES>

</data>
