<?xml version="1.0" encoding="UTF-8"?>
<data>
<!--1CCE4584ABA945C3BF07409C48124C0C--><AD_TREENODE>
<!--1CCE4584ABA945C3BF07409C48124C0C-->  <AD_TREENODE_ID><![CDATA[1CCE4584ABA945C3BF07409C48124C0C]]></AD_TREENODE_ID>
<!--1CCE4584ABA945C3BF07409C48124C0C-->  <AD_TREE_ID><![CDATA[10]]></AD_TREE_ID>
<!--1CCE4584ABA945C3BF07409C48124C0C-->  <NODE_ID><![CDATA[2338D5577F684C38A34A40A64CBDF9E3]]></NODE_ID>
<!--1CCE4584ABA945C3BF07409C48124C0C-->  <AD_CLIENT_ID><![CDATA[0]]></AD_CLIENT_ID>
<!--1CCE4584ABA945C3BF07409C48124C0C-->  <AD_ORG_ID><![CDATA[0]]></AD_ORG_ID>
<!--1CCE4584ABA945C3BF07409C48124C0C-->  <ISACTIVE><![CDATA[Y]]></ISACTIVE>
<!--1CCE4584ABA945C3BF07409C48124C0C-->  <PARENT_ID><![CDATA[29F74FE4633C4F199943B8A607FB944F]]></PARENT_ID>
<!--1CCE4584ABA945C3BF07409C48124C0C-->  <SEQNO><![CDATA[100]]></SEQNO>
<!--1CCE4584ABA945C3BF07409C48124C0C--></AD_TREENODE>

<!--1E2CBBF288164A33869BEA5766B05664--><AD_TREENODE>
<!--1E2CBBF288164A33869BEA5766B05664-->  <AD_TREENODE_ID><![CDATA[1E2CBBF288164A33869BEA5766B05664]]></AD_TREENODE_ID>
<!--1E2CBBF288164A33869BEA5766B05664-->  <AD_TREE_ID><![CDATA[10]]></AD_TREE_ID>
<!--1E2CBBF288164A33869BEA5766B05664-->  <NODE_ID><![CDATA[C8FDA7ABD13D49B79A8494094B3467F9]]></NODE_ID>
<!--1E2CBBF288164A33869BEA5766B05664-->  <AD_CLIENT_ID><![CDATA[0]]></AD_CLIENT_ID>
<!--1E2CBBF288164A33869BEA5766B05664-->  <AD_ORG_ID><![CDATA[0]]></AD_ORG_ID>
<!--1E2CBBF288164A33869BEA5766B05664-->  <ISACTIVE><![CDATA[Y]]></ISACTIVE>
<!--1E2CBBF288164A33869BEA5766B05664-->  <PARENT_ID><![CDATA[29F74FE4633C4F199943B8A607FB944F]]></PARENT_ID>
<!--1E2CBBF288164A33869BEA5766B05664-->  <SEQNO><![CDATA[80]]></SEQNO>
<!--1E2CBBF288164A33869BEA5766B05664--></AD_TREENODE>

<!--2A7DBCE87EFB4851834D3EA14FD9503C--><AD_TREENODE>
<!--2A7DBCE87EFB4851834D3EA14FD9503C-->  <AD_TREENODE_ID><![CDATA[2A7DBCE87EFB4851834D3EA14FD9503C]]></AD_TREENODE_ID>
<!--2A7DBCE87EFB4851834D3EA14FD9503C-->  <AD_TREE_ID><![CDATA[10]]></AD_TREE_ID>
<!--2A7DBCE87EFB4851834D3EA14FD9503C-->  <NODE_ID><![CDATA[781C22C7C2AF4431A4AA39D78966A98C]]></NODE_ID>
<!--2A7DBCE87EFB4851834D3EA14FD9503C-->  <AD_CLIENT_ID><![CDATA[0]]></AD_CLIENT_ID>
<!--2A7DBCE87EFB4851834D3EA14FD9503C-->  <AD_ORG_ID><![CDATA[0]]></AD_ORG_ID>
<!--2A7DBCE87EFB4851834D3EA14FD9503C-->  <ISACTIVE><![CDATA[Y]]></ISACTIVE>
<!--2A7DBCE87EFB4851834D3EA14FD9503C-->  <PARENT_ID><![CDATA[29F74FE4633C4F199943B8A607FB944F]]></PARENT_ID>
<!--2A7DBCE87EFB4851834D3EA14FD9503C-->  <SEQNO><![CDATA[30]]></SEQNO>
<!--2A7DBCE87EFB4851834D3EA14FD9503C--></AD_TREENODE>

<!--390B032C67D84A1CA7FC335F4D67EDE2--><AD_TREENODE>
<!--390B032C67D84A1CA7FC335F4D67EDE2-->  <AD_TREENODE_ID><![CDATA[390B032C67D84A1CA7FC335F4D67EDE2]]></AD_TREENODE_ID>
<!--390B032C67D84A1CA7FC335F4D67EDE2-->  <AD_TREE_ID><![CDATA[10]]></AD_TREE_ID>
<!--390B032C67D84A1CA7FC335F4D67EDE2-->  <NODE_ID><![CDATA[EB9576DBCF254555B169DB146BDACFB7]]></NODE_ID>
<!--390B032C67D84A1CA7FC335F4D67EDE2-->  <AD_CLIENT_ID><![CDATA[0]]></AD_CLIENT_ID>
<!--390B032C67D84A1CA7FC335F4D67EDE2-->  <AD_ORG_ID><![CDATA[0]]></AD_ORG_ID>
<!--390B032C67D84A1CA7FC335F4D67EDE2-->  <ISACTIVE><![CDATA[Y]]></ISACTIVE>
<!--390B032C67D84A1CA7FC335F4D67EDE2-->  <PARENT_ID><![CDATA[29F74FE4633C4F199943B8A607FB944F]]></PARENT_ID>
<!--390B032C67D84A1CA7FC335F4D67EDE2-->  <SEQNO><![CDATA[20]]></SEQNO>
<!--390B032C67D84A1CA7FC335F4D67EDE2--></AD_TREENODE>

<!--3B15FC9A218D4FFE8765DB8256AB32DF--><AD_TREENODE>
<!--3B15FC9A218D4FFE8765DB8256AB32DF-->  <AD_TREENODE_ID><![CDATA[3B15FC9A218D4FFE8765DB8256AB32DF]]></AD_TREENODE_ID>
<!--3B15FC9A218D4FFE8765DB8256AB32DF-->  <AD_TREE_ID><![CDATA[10]]></AD_TREE_ID>
<!--3B15FC9A218D4FFE8765DB8256AB32DF-->  <NODE_ID><![CDATA[ABF29968E729490FBF813103E768A293]]></NODE_ID>
<!--3B15FC9A218D4FFE8765DB8256AB32DF-->  <AD_CLIENT_ID><![CDATA[0]]></AD_CLIENT_ID>
<!--3B15FC9A218D4FFE8765DB8256AB32DF-->  <AD_ORG_ID><![CDATA[0]]></AD_ORG_ID>
<!--3B15FC9A218D4FFE8765DB8256AB32DF-->  <ISACTIVE><![CDATA[Y]]></ISACTIVE>
<!--3B15FC9A218D4FFE8765DB8256AB32DF-->  <PARENT_ID><![CDATA[29F74FE4633C4F199943B8A607FB944F]]></PARENT_ID>
<!--3B15FC9A218D4FFE8765DB8256AB32DF-->  <SEQNO><![CDATA[10]]></SEQNO>
<!--3B15FC9A218D4FFE8765DB8256AB32DF--></AD_TREENODE>

<!--5CFEDBC0E19344CF8D1AA23C2203F151--><AD_TREENODE>
<!--5CFEDBC0E19344CF8D1AA23C2203F151-->  <AD_TREENODE_ID><![CDATA[5CFEDBC0E19344CF8D1AA23C2203F151]]></AD_TREENODE_ID>
<!--5CFEDBC0E19344CF8D1AA23C2203F151-->  <AD_TREE_ID><![CDATA[10]]></AD_TREE_ID>
<!--5CFEDBC0E19344CF8D1AA23C2203F151-->  <NODE_ID><![CDATA[7E39E231DA294D0AAB82A676A7CB05B2]]></NODE_ID>
<!--5CFEDBC0E19344CF8D1AA23C2203F151-->  <AD_CLIENT_ID><![CDATA[0]]></AD_CLIENT_ID>
<!--5CFEDBC0E19344CF8D1AA23C2203F151-->  <AD_ORG_ID><![CDATA[0]]></AD_ORG_ID>
<!--5CFEDBC0E19344CF8D1AA23C2203F151-->  <ISACTIVE><![CDATA[Y]]></ISACTIVE>
<!--5CFEDBC0E19344CF8D1AA23C2203F151-->  <PARENT_ID><![CDATA[244770031CDA434C838EC2A9275CC9F8]]></PARENT_ID>
<!--5CFEDBC0E19344CF8D1AA23C2203F151-->  <SEQNO><![CDATA[40]]></SEQNO>
<!--5CFEDBC0E19344CF8D1AA23C2203F151--></AD_TREENODE>

<!--6F6E97ABDC2C44E084221480B26B936A--><AD_TREENODE>
<!--6F6E97ABDC2C44E084221480B26B936A-->  <AD_TREENODE_ID><![CDATA[6F6E97ABDC2C44E084221480B26B936A]]></AD_TREENODE_ID>
<!--6F6E97ABDC2C44E084221480B26B936A-->  <AD_TREE_ID><![CDATA[10]]></AD_TREE_ID>
<!--6F6E97ABDC2C44E084221480B26B936A-->  <NODE_ID><![CDATA[E0FFCBB2DF084D21818F499DC47AFBAF]]></NODE_ID>
<!--6F6E97ABDC2C44E084221480B26B936A-->  <AD_CLIENT_ID><![CDATA[0]]></AD_CLIENT_ID>
<!--6F6E97ABDC2C44E084221480B26B936A-->  <AD_ORG_ID><![CDATA[0]]></AD_ORG_ID>
<!--6F6E97ABDC2C44E084221480B26B936A-->  <ISACTIVE><![CDATA[Y]]></ISACTIVE>
<!--6F6E97ABDC2C44E084221480B26B936A-->  <PARENT_ID><![CDATA[244770031CDA434C838EC2A9275CC9F8]]></PARENT_ID>
<!--6F6E97ABDC2C44E084221480B26B936A-->  <SEQNO><![CDATA[20]]></SEQNO>
<!--6F6E97ABDC2C44E084221480B26B936A--></AD_TREENODE>

<!--AB6B49C2603B489587C678F382285BC8--><AD_TREENODE>
<!--AB6B49C2603B489587C678F382285BC8-->  <AD_TREENODE_ID><![CDATA[AB6B49C2603B489587C678F382285BC8]]></AD_TREENODE_ID>
<!--AB6B49C2603B489587C678F382285BC8-->  <AD_TREE_ID><![CDATA[10]]></AD_TREE_ID>
<!--AB6B49C2603B489587C678F382285BC8-->  <NODE_ID><![CDATA[244770031CDA434C838EC2A9275CC9F8]]></NODE_ID>
<!--AB6B49C2603B489587C678F382285BC8-->  <AD_CLIENT_ID><![CDATA[0]]></AD_CLIENT_ID>
<!--AB6B49C2603B489587C678F382285BC8-->  <AD_ORG_ID><![CDATA[0]]></AD_ORG_ID>
<!--AB6B49C2603B489587C678F382285BC8-->  <ISACTIVE><![CDATA[Y]]></ISACTIVE>
<!--AB6B49C2603B489587C678F382285BC8-->  <PARENT_ID><![CDATA[29F74FE4633C4F199943B8A607FB944F]]></PARENT_ID>
<!--AB6B49C2603B489587C678F382285BC8-->  <SEQNO><![CDATA[90]]></SEQNO>
<!--AB6B49C2603B489587C678F382285BC8--></AD_TREENODE>

<!--ADE617EB406F4A30993624C21968E49F--><AD_TREENODE>
<!--ADE617EB406F4A30993624C21968E49F-->  <AD_TREENODE_ID><![CDATA[ADE617EB406F4A30993624C21968E49F]]></AD_TREENODE_ID>
<!--ADE617EB406F4A30993624C21968E49F-->  <AD_TREE_ID><![CDATA[10]]></AD_TREE_ID>
<!--ADE617EB406F4A30993624C21968E49F-->  <NODE_ID><![CDATA[1CA57EBA28B14D4BA3B0C6627EDE47B3]]></NODE_ID>
<!--ADE617EB406F4A30993624C21968E49F-->  <AD_CLIENT_ID><![CDATA[0]]></AD_CLIENT_ID>
<!--ADE617EB406F4A30993624C21968E49F-->  <AD_ORG_ID><![CDATA[0]]></AD_ORG_ID>
<!--ADE617EB406F4A30993624C21968E49F-->  <ISACTIVE><![CDATA[Y]]></ISACTIVE>
<!--ADE617EB406F4A30993624C21968E49F-->  <PARENT_ID><![CDATA[244770031CDA434C838EC2A9275CC9F8]]></PARENT_ID>
<!--ADE617EB406F4A30993624C21968E49F-->  <SEQNO><![CDATA[10]]></SEQNO>
<!--ADE617EB406F4A30993624C21968E49F--></AD_TREENODE>

<!--BFD7716AA7CC404985ECE5B5963F4EA3--><AD_TREENODE>
<!--BFD7716AA7CC404985ECE5B5963F4EA3-->  <AD_TREENODE_ID><![CDATA[BFD7716AA7CC404985ECE5B5963F4EA3]]></AD_TREENODE_ID>
<!--BFD7716AA7CC404985ECE5B5963F4EA3-->  <AD_TREE_ID><![CDATA[10]]></AD_TREE_ID>
<!--BFD7716AA7CC404985ECE5B5963F4EA3-->  <NODE_ID><![CDATA[F0C31EFCC211462EA2A502C6B85A1BCA]]></NODE_ID>
<!--BFD7716AA7CC404985ECE5B5963F4EA3-->  <AD_CLIENT_ID><![CDATA[0]]></AD_CLIENT_ID>
<!--BFD7716AA7CC404985ECE5B5963F4EA3-->  <AD_ORG_ID><![CDATA[0]]></AD_ORG_ID>
<!--BFD7716AA7CC404985ECE5B5963F4EA3-->  <ISACTIVE><![CDATA[Y]]></ISACTIVE>
<!--BFD7716AA7CC404985ECE5B5963F4EA3-->  <PARENT_ID><![CDATA[2338D5577F684C38A34A40A64CBDF9E3]]></PARENT_ID>
<!--BFD7716AA7CC404985ECE5B5963F4EA3-->  <SEQNO><![CDATA[0]]></SEQNO>
<!--BFD7716AA7CC404985ECE5B5963F4EA3--></AD_TREENODE>

<!--CA1115F780034D4B8B09DF5F2758B0BE--><AD_TREENODE>
<!--CA1115F780034D4B8B09DF5F2758B0BE-->  <AD_TREENODE_ID><![CDATA[CA1115F780034D4B8B09DF5F2758B0BE]]></AD_TREENODE_ID>
<!--CA1115F780034D4B8B09DF5F2758B0BE-->  <AD_TREE_ID><![CDATA[10]]></AD_TREE_ID>
<!--CA1115F780034D4B8B09DF5F2758B0BE-->  <NODE_ID><![CDATA[4B7CBB2A1EE042A4A990B2ACE99FD8A7]]></NODE_ID>
<!--CA1115F780034D4B8B09DF5F2758B0BE-->  <AD_CLIENT_ID><![CDATA[0]]></AD_CLIENT_ID>
<!--CA1115F780034D4B8B09DF5F2758B0BE-->  <AD_ORG_ID><![CDATA[0]]></AD_ORG_ID>
<!--CA1115F780034D4B8B09DF5F2758B0BE-->  <ISACTIVE><![CDATA[Y]]></ISACTIVE>
<!--CA1115F780034D4B8B09DF5F2758B0BE-->  <PARENT_ID><![CDATA[244770031CDA434C838EC2A9275CC9F8]]></PARENT_ID>
<!--CA1115F780034D4B8B09DF5F2758B0BE-->  <SEQNO><![CDATA[30]]></SEQNO>
<!--CA1115F780034D4B8B09DF5F2758B0BE--></AD_TREENODE>

<!--D0D1D39929CB4805A68FEE2F95781A27--><AD_TREENODE>
<!--D0D1D39929CB4805A68FEE2F95781A27-->  <AD_TREENODE_ID><![CDATA[D0D1D39929CB4805A68FEE2F95781A27]]></AD_TREENODE_ID>
<!--D0D1D39929CB4805A68FEE2F95781A27-->  <AD_TREE_ID><![CDATA[10]]></AD_TREE_ID>
<!--D0D1D39929CB4805A68FEE2F95781A27-->  <NODE_ID><![CDATA[29F74FE4633C4F199943B8A607FB944F]]></NODE_ID>
<!--D0D1D39929CB4805A68FEE2F95781A27-->  <AD_CLIENT_ID><![CDATA[0]]></AD_CLIENT_ID>
<!--D0D1D39929CB4805A68FEE2F95781A27-->  <AD_ORG_ID><![CDATA[0]]></AD_ORG_ID>
<!--D0D1D39929CB4805A68FEE2F95781A27-->  <ISACTIVE><![CDATA[Y]]></ISACTIVE>
<!--D0D1D39929CB4805A68FEE2F95781A27-->  <PARENT_ID><![CDATA[F2399DA3A8634579AE749D3B9B70DCFD]]></PARENT_ID>
<!--D0D1D39929CB4805A68FEE2F95781A27-->  <SEQNO><![CDATA[250]]></SEQNO>
<!--D0D1D39929CB4805A68FEE2F95781A27--></AD_TREENODE>

<!--EE9AA14033AF477DA479CBFD6D308C02--><AD_TREENODE>
<!--EE9AA14033AF477DA479CBFD6D308C02-->  <AD_TREENODE_ID><![CDATA[EE9AA14033AF477DA479CBFD6D308C02]]></AD_TREENODE_ID>
<!--EE9AA14033AF477DA479CBFD6D308C02-->  <AD_TREE_ID><![CDATA[10]]></AD_TREE_ID>
<!--EE9AA14033AF477DA479CBFD6D308C02-->  <NODE_ID><![CDATA[B948542739AA43CD85A8DDD3483D9B19]]></NODE_ID>
<!--EE9AA14033AF477DA479CBFD6D308C02-->  <AD_CLIENT_ID><![CDATA[0]]></AD_CLIENT_ID>
<!--EE9AA14033AF477DA479CBFD6D308C02-->  <AD_ORG_ID><![CDATA[0]]></AD_ORG_ID>
<!--EE9AA14033AF477DA479CBFD6D308C02-->  <ISACTIVE><![CDATA[Y]]></ISACTIVE>
<!--EE9AA14033AF477DA479CBFD6D308C02-->  <PARENT_ID><![CDATA[29F74FE4633C4F199943B8A607FB944F]]></PARENT_ID>
<!--EE9AA14033AF477DA479CBFD6D308C02-->  <SEQNO><![CDATA[70]]></SEQNO>
<!--EE9AA14033AF477DA479CBFD6D308C02--></AD_TREENODE>

<!--F3A3B75B8C3144D9B6D2A0D921D7E465--><AD_TREENODE>
<!--F3A3B75B8C3144D9B6D2A0D921D7E465-->  <AD_TREENODE_ID><![CDATA[F3A3B75B8C3144D9B6D2A0D921D7E465]]></AD_TREENODE_ID>
<!--F3A3B75B8C3144D9B6D2A0D921D7E465-->  <AD_TREE_ID><![CDATA[10]]></AD_TREE_ID>
<!--F3A3B75B8C3144D9B6D2A0D921D7E465-->  <NODE_ID><![CDATA[D8D00402236F47BC934CB989BF7E703F]]></NODE_ID>
<!--F3A3B75B8C3144D9B6D2A0D921D7E465-->  <AD_CLIENT_ID><![CDATA[0]]></AD_CLIENT_ID>
<!--F3A3B75B8C3144D9B6D2A0D921D7E465-->  <AD_ORG_ID><![CDATA[0]]></AD_ORG_ID>
<!--F3A3B75B8C3144D9B6D2A0D921D7E465-->  <ISACTIVE><![CDATA[Y]]></ISACTIVE>
<!--F3A3B75B8C3144D9B6D2A0D921D7E465-->  <PARENT_ID><![CDATA[29F74FE4633C4F199943B8A607FB944F]]></PARENT_ID>
<!--F3A3B75B8C3144D9B6D2A0D921D7E465-->  <SEQNO><![CDATA[60]]></SEQNO>
<!--F3A3B75B8C3144D9B6D2A0D921D7E465--></AD_TREENODE>

</data>
