<?xml version="1.0" encoding="UTF-8"?>
<data>
<!--1F4A02073FA940BDBB35BA95E961DC4D--><AD_TABLE>
<!--1F4A02073FA940BDBB35BA95E961DC4D-->  <AD_TABLE_ID><![CDATA[1F4A02073FA940BDBB35BA95E961DC4D]]></AD_TABLE_ID>
<!--1F4A02073FA940BDBB35BA95E961DC4D-->  <AD_CLIENT_ID><![CDATA[0]]></AD_CLIENT_ID>
<!--1F4A02073FA940BDBB35BA95E961DC4D-->  <AD_ORG_ID><![CDATA[0]]></AD_ORG_ID>
<!--1F4A02073FA940BDBB35BA95E961DC4D-->  <ISACTIVE><![CDATA[Y]]></ISACTIVE>
<!--1F4A02073FA940BDBB35BA95E961DC4D-->  <NAME><![CDATA[ta_i_c_bp_shift]]></NAME>
<!--1F4A02073FA940BDBB35BA95E961DC4D-->  <DESCRIPTION><![CDATA[Importer ta_c_bp_shift]]></DESCRIPTION>
<!--1F4A02073FA940BDBB35BA95E961DC4D-->  <TABLENAME><![CDATA[ta_i_c_bp_shift]]></TABLENAME>
<!--1F4A02073FA940BDBB35BA95E961DC4D-->  <CLASSNAME><![CDATA[TA_ImportCBpShift]]></CLASSNAME>
<!--1F4A02073FA940BDBB35BA95E961DC4D-->  <ISVIEW><![CDATA[N]]></ISVIEW>
<!--1F4A02073FA940BDBB35BA95E961DC4D-->  <ACCESSLEVEL><![CDATA[3]]></ACCESSLEVEL>
<!--1F4A02073FA940BDBB35BA95E961DC4D-->  <ISSECURITYENABLED><![CDATA[N]]></ISSECURITYENABLED>
<!--1F4A02073FA940BDBB35BA95E961DC4D-->  <ISDELETEABLE><![CDATA[Y]]></ISDELETEABLE>
<!--1F4A02073FA940BDBB35BA95E961DC4D-->  <ISHIGHVOLUME><![CDATA[N]]></ISHIGHVOLUME>
<!--1F4A02073FA940BDBB35BA95E961DC4D-->  <IMPORTTABLE><![CDATA[N]]></IMPORTTABLE>
<!--1F4A02073FA940BDBB35BA95E961DC4D-->  <ISCHANGELOG><![CDATA[N]]></ISCHANGELOG>
<!--1F4A02073FA940BDBB35BA95E961DC4D-->  <ISDEFAULTACCT><![CDATA[N]]></ISDEFAULTACCT>
<!--1F4A02073FA940BDBB35BA95E961DC4D-->  <DEVELOPMENTSTATUS><![CDATA[RE]]></DEVELOPMENTSTATUS>
<!--1F4A02073FA940BDBB35BA95E961DC4D-->  <AD_PACKAGE_ID><![CDATA[A61304DEF5B44DD8AF0E97D49D447907]]></AD_PACKAGE_ID>
<!--1F4A02073FA940BDBB35BA95E961DC4D-->  <DATAORIGINTYPE><![CDATA[Table]]></DATAORIGINTYPE>
<!--1F4A02073FA940BDBB35BA95E961DC4D-->  <ISTREE><![CDATA[N]]></ISTREE>
<!--1F4A02073FA940BDBB35BA95E961DC4D-->  <EM_SR_ISINVENTORY><![CDATA[N]]></EM_SR_ISINVENTORY>
<!--1F4A02073FA940BDBB35BA95E961DC4D--></AD_TABLE>

<!--4AA8D908587C495DBB232C9BE9B6E78D--><AD_TABLE>
<!--4AA8D908587C495DBB232C9BE9B6E78D-->  <AD_TABLE_ID><![CDATA[4AA8D908587C495DBB232C9BE9B6E78D]]></AD_TABLE_ID>
<!--4AA8D908587C495DBB232C9BE9B6E78D-->  <AD_CLIENT_ID><![CDATA[0]]></AD_CLIENT_ID>
<!--4AA8D908587C495DBB232C9BE9B6E78D-->  <AD_ORG_ID><![CDATA[0]]></AD_ORG_ID>
<!--4AA8D908587C495DBB232C9BE9B6E78D-->  <ISACTIVE><![CDATA[Y]]></ISACTIVE>
<!--4AA8D908587C495DBB232C9BE9B6E78D-->  <NAME><![CDATA[ta_tukar_shift]]></NAME>
<!--4AA8D908587C495DBB232C9BE9B6E78D-->  <TABLENAME><![CDATA[ta_tukar_shift]]></TABLENAME>
<!--4AA8D908587C495DBB232C9BE9B6E78D-->  <CLASSNAME><![CDATA[ta_tukar_shift]]></CLASSNAME>
<!--4AA8D908587C495DBB232C9BE9B6E78D-->  <ISVIEW><![CDATA[N]]></ISVIEW>
<!--4AA8D908587C495DBB232C9BE9B6E78D-->  <ACCESSLEVEL><![CDATA[3]]></ACCESSLEVEL>
<!--4AA8D908587C495DBB232C9BE9B6E78D-->  <AD_WINDOW_ID><![CDATA[7C2A70A67C6D44FA9FBB01255B272A1C]]></AD_WINDOW_ID>
<!--4AA8D908587C495DBB232C9BE9B6E78D-->  <ISSECURITYENABLED><![CDATA[N]]></ISSECURITYENABLED>
<!--4AA8D908587C495DBB232C9BE9B6E78D-->  <ISDELETEABLE><![CDATA[Y]]></ISDELETEABLE>
<!--4AA8D908587C495DBB232C9BE9B6E78D-->  <ISHIGHVOLUME><![CDATA[N]]></ISHIGHVOLUME>
<!--4AA8D908587C495DBB232C9BE9B6E78D-->  <IMPORTTABLE><![CDATA[N]]></IMPORTTABLE>
<!--4AA8D908587C495DBB232C9BE9B6E78D-->  <ISCHANGELOG><![CDATA[N]]></ISCHANGELOG>
<!--4AA8D908587C495DBB232C9BE9B6E78D-->  <ISDEFAULTACCT><![CDATA[N]]></ISDEFAULTACCT>
<!--4AA8D908587C495DBB232C9BE9B6E78D-->  <DEVELOPMENTSTATUS><![CDATA[RE]]></DEVELOPMENTSTATUS>
<!--4AA8D908587C495DBB232C9BE9B6E78D-->  <AD_PACKAGE_ID><![CDATA[A61304DEF5B44DD8AF0E97D49D447907]]></AD_PACKAGE_ID>
<!--4AA8D908587C495DBB232C9BE9B6E78D-->  <DATAORIGINTYPE><![CDATA[Table]]></DATAORIGINTYPE>
<!--4AA8D908587C495DBB232C9BE9B6E78D-->  <ISTREE><![CDATA[N]]></ISTREE>
<!--4AA8D908587C495DBB232C9BE9B6E78D--></AD_TABLE>

<!--58B0B9240BAA4822BD1082058696FF79--><AD_TABLE>
<!--58B0B9240BAA4822BD1082058696FF79-->  <AD_TABLE_ID><![CDATA[58B0B9240BAA4822BD1082058696FF79]]></AD_TABLE_ID>
<!--58B0B9240BAA4822BD1082058696FF79-->  <AD_CLIENT_ID><![CDATA[0]]></AD_CLIENT_ID>
<!--58B0B9240BAA4822BD1082058696FF79-->  <AD_ORG_ID><![CDATA[0]]></AD_ORG_ID>
<!--58B0B9240BAA4822BD1082058696FF79-->  <ISACTIVE><![CDATA[Y]]></ISACTIVE>
<!--58B0B9240BAA4822BD1082058696FF79-->  <NAME><![CDATA[ta_timemaster]]></NAME>
<!--58B0B9240BAA4822BD1082058696FF79-->  <TABLENAME><![CDATA[ta_timemaster]]></TABLENAME>
<!--58B0B9240BAA4822BD1082058696FF79-->  <CLASSNAME><![CDATA[LabourTimeMaster]]></CLASSNAME>
<!--58B0B9240BAA4822BD1082058696FF79-->  <ISVIEW><![CDATA[N]]></ISVIEW>
<!--58B0B9240BAA4822BD1082058696FF79-->  <ACCESSLEVEL><![CDATA[3]]></ACCESSLEVEL>
<!--58B0B9240BAA4822BD1082058696FF79-->  <ISSECURITYENABLED><![CDATA[N]]></ISSECURITYENABLED>
<!--58B0B9240BAA4822BD1082058696FF79-->  <ISDELETEABLE><![CDATA[Y]]></ISDELETEABLE>
<!--58B0B9240BAA4822BD1082058696FF79-->  <ISHIGHVOLUME><![CDATA[N]]></ISHIGHVOLUME>
<!--58B0B9240BAA4822BD1082058696FF79-->  <IMPORTTABLE><![CDATA[N]]></IMPORTTABLE>
<!--58B0B9240BAA4822BD1082058696FF79-->  <ISCHANGELOG><![CDATA[N]]></ISCHANGELOG>
<!--58B0B9240BAA4822BD1082058696FF79-->  <ISDEFAULTACCT><![CDATA[N]]></ISDEFAULTACCT>
<!--58B0B9240BAA4822BD1082058696FF79-->  <DEVELOPMENTSTATUS><![CDATA[RE]]></DEVELOPMENTSTATUS>
<!--58B0B9240BAA4822BD1082058696FF79-->  <AD_PACKAGE_ID><![CDATA[A61304DEF5B44DD8AF0E97D49D447907]]></AD_PACKAGE_ID>
<!--58B0B9240BAA4822BD1082058696FF79-->  <DATAORIGINTYPE><![CDATA[Table]]></DATAORIGINTYPE>
<!--58B0B9240BAA4822BD1082058696FF79-->  <ISTREE><![CDATA[N]]></ISTREE>
<!--58B0B9240BAA4822BD1082058696FF79-->  <EM_SR_ISINVENTORY><![CDATA[N]]></EM_SR_ISINVENTORY>
<!--58B0B9240BAA4822BD1082058696FF79--></AD_TABLE>

<!--595380A2D3D84B0EAEFC01540694BEC8--><AD_TABLE>
<!--595380A2D3D84B0EAEFC01540694BEC8-->  <AD_TABLE_ID><![CDATA[595380A2D3D84B0EAEFC01540694BEC8]]></AD_TABLE_ID>
<!--595380A2D3D84B0EAEFC01540694BEC8-->  <AD_CLIENT_ID><![CDATA[0]]></AD_CLIENT_ID>
<!--595380A2D3D84B0EAEFC01540694BEC8-->  <AD_ORG_ID><![CDATA[0]]></AD_ORG_ID>
<!--595380A2D3D84B0EAEFC01540694BEC8-->  <ISACTIVE><![CDATA[Y]]></ISACTIVE>
<!--595380A2D3D84B0EAEFC01540694BEC8-->  <NAME><![CDATA[ta_akumulasi_pot_cuti]]></NAME>
<!--595380A2D3D84B0EAEFC01540694BEC8-->  <TABLENAME><![CDATA[ta_akumulasi_pot_cuti]]></TABLENAME>
<!--595380A2D3D84B0EAEFC01540694BEC8-->  <CLASSNAME><![CDATA[ta_akumulasi_pot_cuti]]></CLASSNAME>
<!--595380A2D3D84B0EAEFC01540694BEC8-->  <ISVIEW><![CDATA[N]]></ISVIEW>
<!--595380A2D3D84B0EAEFC01540694BEC8-->  <ACCESSLEVEL><![CDATA[3]]></ACCESSLEVEL>
<!--595380A2D3D84B0EAEFC01540694BEC8-->  <ISSECURITYENABLED><![CDATA[N]]></ISSECURITYENABLED>
<!--595380A2D3D84B0EAEFC01540694BEC8-->  <ISDELETEABLE><![CDATA[Y]]></ISDELETEABLE>
<!--595380A2D3D84B0EAEFC01540694BEC8-->  <ISHIGHVOLUME><![CDATA[N]]></ISHIGHVOLUME>
<!--595380A2D3D84B0EAEFC01540694BEC8-->  <IMPORTTABLE><![CDATA[N]]></IMPORTTABLE>
<!--595380A2D3D84B0EAEFC01540694BEC8-->  <ISCHANGELOG><![CDATA[N]]></ISCHANGELOG>
<!--595380A2D3D84B0EAEFC01540694BEC8-->  <ISDEFAULTACCT><![CDATA[N]]></ISDEFAULTACCT>
<!--595380A2D3D84B0EAEFC01540694BEC8-->  <DEVELOPMENTSTATUS><![CDATA[RE]]></DEVELOPMENTSTATUS>
<!--595380A2D3D84B0EAEFC01540694BEC8-->  <AD_PACKAGE_ID><![CDATA[A61304DEF5B44DD8AF0E97D49D447907]]></AD_PACKAGE_ID>
<!--595380A2D3D84B0EAEFC01540694BEC8-->  <DATAORIGINTYPE><![CDATA[Table]]></DATAORIGINTYPE>
<!--595380A2D3D84B0EAEFC01540694BEC8-->  <ISTREE><![CDATA[N]]></ISTREE>
<!--595380A2D3D84B0EAEFC01540694BEC8--></AD_TABLE>

<!--5E1F7A2920B5448797A4686C39E7A788--><AD_TABLE>
<!--5E1F7A2920B5448797A4686C39E7A788-->  <AD_TABLE_ID><![CDATA[5E1F7A2920B5448797A4686C39E7A788]]></AD_TABLE_ID>
<!--5E1F7A2920B5448797A4686C39E7A788-->  <AD_CLIENT_ID><![CDATA[0]]></AD_CLIENT_ID>
<!--5E1F7A2920B5448797A4686C39E7A788-->  <AD_ORG_ID><![CDATA[0]]></AD_ORG_ID>
<!--5E1F7A2920B5448797A4686C39E7A788-->  <ISACTIVE><![CDATA[Y]]></ISACTIVE>
<!--5E1F7A2920B5448797A4686C39E7A788-->  <NAME><![CDATA[ta_i_shift]]></NAME>
<!--5E1F7A2920B5448797A4686C39E7A788-->  <DESCRIPTION><![CDATA[Importer TA_Shift]]></DESCRIPTION>
<!--5E1F7A2920B5448797A4686C39E7A788-->  <TABLENAME><![CDATA[ta_i_shift]]></TABLENAME>
<!--5E1F7A2920B5448797A4686C39E7A788-->  <CLASSNAME><![CDATA[TA_ImportShift]]></CLASSNAME>
<!--5E1F7A2920B5448797A4686C39E7A788-->  <ISVIEW><![CDATA[N]]></ISVIEW>
<!--5E1F7A2920B5448797A4686C39E7A788-->  <ACCESSLEVEL><![CDATA[3]]></ACCESSLEVEL>
<!--5E1F7A2920B5448797A4686C39E7A788-->  <ISSECURITYENABLED><![CDATA[N]]></ISSECURITYENABLED>
<!--5E1F7A2920B5448797A4686C39E7A788-->  <ISDELETEABLE><![CDATA[Y]]></ISDELETEABLE>
<!--5E1F7A2920B5448797A4686C39E7A788-->  <ISHIGHVOLUME><![CDATA[N]]></ISHIGHVOLUME>
<!--5E1F7A2920B5448797A4686C39E7A788-->  <IMPORTTABLE><![CDATA[N]]></IMPORTTABLE>
<!--5E1F7A2920B5448797A4686C39E7A788-->  <ISCHANGELOG><![CDATA[N]]></ISCHANGELOG>
<!--5E1F7A2920B5448797A4686C39E7A788-->  <ISDEFAULTACCT><![CDATA[N]]></ISDEFAULTACCT>
<!--5E1F7A2920B5448797A4686C39E7A788-->  <DEVELOPMENTSTATUS><![CDATA[RE]]></DEVELOPMENTSTATUS>
<!--5E1F7A2920B5448797A4686C39E7A788-->  <AD_PACKAGE_ID><![CDATA[A61304DEF5B44DD8AF0E97D49D447907]]></AD_PACKAGE_ID>
<!--5E1F7A2920B5448797A4686C39E7A788-->  <DATAORIGINTYPE><![CDATA[Table]]></DATAORIGINTYPE>
<!--5E1F7A2920B5448797A4686C39E7A788-->  <ISTREE><![CDATA[N]]></ISTREE>
<!--5E1F7A2920B5448797A4686C39E7A788-->  <EM_SR_ISINVENTORY><![CDATA[N]]></EM_SR_ISINVENTORY>
<!--5E1F7A2920B5448797A4686C39E7A788--></AD_TABLE>

<!--881003ADE67647E2A98CE80C86524ED9--><AD_TABLE>
<!--881003ADE67647E2A98CE80C86524ED9-->  <AD_TABLE_ID><![CDATA[881003ADE67647E2A98CE80C86524ED9]]></AD_TABLE_ID>
<!--881003ADE67647E2A98CE80C86524ED9-->  <AD_CLIENT_ID><![CDATA[0]]></AD_CLIENT_ID>
<!--881003ADE67647E2A98CE80C86524ED9-->  <AD_ORG_ID><![CDATA[0]]></AD_ORG_ID>
<!--881003ADE67647E2A98CE80C86524ED9-->  <ISACTIVE><![CDATA[Y]]></ISACTIVE>
<!--881003ADE67647E2A98CE80C86524ED9-->  <NAME><![CDATA[ta_i_shiftline]]></NAME>
<!--881003ADE67647E2A98CE80C86524ED9-->  <DESCRIPTION><![CDATA[Importer ta_shiftline]]></DESCRIPTION>
<!--881003ADE67647E2A98CE80C86524ED9-->  <TABLENAME><![CDATA[ta_i_shiftline]]></TABLENAME>
<!--881003ADE67647E2A98CE80C86524ED9-->  <CLASSNAME><![CDATA[TA_ImportShiftLine]]></CLASSNAME>
<!--881003ADE67647E2A98CE80C86524ED9-->  <ISVIEW><![CDATA[N]]></ISVIEW>
<!--881003ADE67647E2A98CE80C86524ED9-->  <ACCESSLEVEL><![CDATA[3]]></ACCESSLEVEL>
<!--881003ADE67647E2A98CE80C86524ED9-->  <ISSECURITYENABLED><![CDATA[N]]></ISSECURITYENABLED>
<!--881003ADE67647E2A98CE80C86524ED9-->  <ISDELETEABLE><![CDATA[Y]]></ISDELETEABLE>
<!--881003ADE67647E2A98CE80C86524ED9-->  <ISHIGHVOLUME><![CDATA[N]]></ISHIGHVOLUME>
<!--881003ADE67647E2A98CE80C86524ED9-->  <IMPORTTABLE><![CDATA[N]]></IMPORTTABLE>
<!--881003ADE67647E2A98CE80C86524ED9-->  <ISCHANGELOG><![CDATA[N]]></ISCHANGELOG>
<!--881003ADE67647E2A98CE80C86524ED9-->  <ISDEFAULTACCT><![CDATA[N]]></ISDEFAULTACCT>
<!--881003ADE67647E2A98CE80C86524ED9-->  <DEVELOPMENTSTATUS><![CDATA[RE]]></DEVELOPMENTSTATUS>
<!--881003ADE67647E2A98CE80C86524ED9-->  <AD_PACKAGE_ID><![CDATA[A61304DEF5B44DD8AF0E97D49D447907]]></AD_PACKAGE_ID>
<!--881003ADE67647E2A98CE80C86524ED9-->  <DATAORIGINTYPE><![CDATA[Table]]></DATAORIGINTYPE>
<!--881003ADE67647E2A98CE80C86524ED9-->  <ISTREE><![CDATA[N]]></ISTREE>
<!--881003ADE67647E2A98CE80C86524ED9-->  <EM_SR_ISINVENTORY><![CDATA[N]]></EM_SR_ISINVENTORY>
<!--881003ADE67647E2A98CE80C86524ED9--></AD_TABLE>

<!--A5E82DDC19864D93802D70A58A3919BE--><AD_TABLE>
<!--A5E82DDC19864D93802D70A58A3919BE-->  <AD_TABLE_ID><![CDATA[A5E82DDC19864D93802D70A58A3919BE]]></AD_TABLE_ID>
<!--A5E82DDC19864D93802D70A58A3919BE-->  <AD_CLIENT_ID><![CDATA[0]]></AD_CLIENT_ID>
<!--A5E82DDC19864D93802D70A58A3919BE-->  <AD_ORG_ID><![CDATA[0]]></AD_ORG_ID>
<!--A5E82DDC19864D93802D70A58A3919BE-->  <ISACTIVE><![CDATA[Y]]></ISACTIVE>
<!--A5E82DDC19864D93802D70A58A3919BE-->  <NAME><![CDATA[ta_c_bp_shift]]></NAME>
<!--A5E82DDC19864D93802D70A58A3919BE-->  <TABLENAME><![CDATA[ta_c_bp_shift]]></TABLENAME>
<!--A5E82DDC19864D93802D70A58A3919BE-->  <CLASSNAME><![CDATA[ta_c_bp_shift]]></CLASSNAME>
<!--A5E82DDC19864D93802D70A58A3919BE-->  <ISVIEW><![CDATA[N]]></ISVIEW>
<!--A5E82DDC19864D93802D70A58A3919BE-->  <ACCESSLEVEL><![CDATA[3]]></ACCESSLEVEL>
<!--A5E82DDC19864D93802D70A58A3919BE-->  <ISSECURITYENABLED><![CDATA[N]]></ISSECURITYENABLED>
<!--A5E82DDC19864D93802D70A58A3919BE-->  <ISDELETEABLE><![CDATA[Y]]></ISDELETEABLE>
<!--A5E82DDC19864D93802D70A58A3919BE-->  <ISHIGHVOLUME><![CDATA[N]]></ISHIGHVOLUME>
<!--A5E82DDC19864D93802D70A58A3919BE-->  <IMPORTTABLE><![CDATA[N]]></IMPORTTABLE>
<!--A5E82DDC19864D93802D70A58A3919BE-->  <ISCHANGELOG><![CDATA[N]]></ISCHANGELOG>
<!--A5E82DDC19864D93802D70A58A3919BE-->  <ISDEFAULTACCT><![CDATA[N]]></ISDEFAULTACCT>
<!--A5E82DDC19864D93802D70A58A3919BE-->  <DEVELOPMENTSTATUS><![CDATA[RE]]></DEVELOPMENTSTATUS>
<!--A5E82DDC19864D93802D70A58A3919BE-->  <AD_PACKAGE_ID><![CDATA[A61304DEF5B44DD8AF0E97D49D447907]]></AD_PACKAGE_ID>
<!--A5E82DDC19864D93802D70A58A3919BE-->  <DATAORIGINTYPE><![CDATA[Table]]></DATAORIGINTYPE>
<!--A5E82DDC19864D93802D70A58A3919BE-->  <ISTREE><![CDATA[N]]></ISTREE>
<!--A5E82DDC19864D93802D70A58A3919BE--></AD_TABLE>

<!--A73AFF6948B54FC6AAF41E725AA83B6B--><AD_TABLE>
<!--A73AFF6948B54FC6AAF41E725AA83B6B-->  <AD_TABLE_ID><![CDATA[A73AFF6948B54FC6AAF41E725AA83B6B]]></AD_TABLE_ID>
<!--A73AFF6948B54FC6AAF41E725AA83B6B-->  <AD_CLIENT_ID><![CDATA[0]]></AD_CLIENT_ID>
<!--A73AFF6948B54FC6AAF41E725AA83B6B-->  <AD_ORG_ID><![CDATA[0]]></AD_ORG_ID>
<!--A73AFF6948B54FC6AAF41E725AA83B6B-->  <ISACTIVE><![CDATA[Y]]></ISACTIVE>
<!--A73AFF6948B54FC6AAF41E725AA83B6B-->  <NAME><![CDATA[ta_detail_pot_gaji]]></NAME>
<!--A73AFF6948B54FC6AAF41E725AA83B6B-->  <TABLENAME><![CDATA[ta_detail_pot_gaji]]></TABLENAME>
<!--A73AFF6948B54FC6AAF41E725AA83B6B-->  <CLASSNAME><![CDATA[ta_detail_pot_gaji]]></CLASSNAME>
<!--A73AFF6948B54FC6AAF41E725AA83B6B-->  <ISVIEW><![CDATA[N]]></ISVIEW>
<!--A73AFF6948B54FC6AAF41E725AA83B6B-->  <ACCESSLEVEL><![CDATA[3]]></ACCESSLEVEL>
<!--A73AFF6948B54FC6AAF41E725AA83B6B-->  <ISSECURITYENABLED><![CDATA[N]]></ISSECURITYENABLED>
<!--A73AFF6948B54FC6AAF41E725AA83B6B-->  <ISDELETEABLE><![CDATA[Y]]></ISDELETEABLE>
<!--A73AFF6948B54FC6AAF41E725AA83B6B-->  <ISHIGHVOLUME><![CDATA[N]]></ISHIGHVOLUME>
<!--A73AFF6948B54FC6AAF41E725AA83B6B-->  <IMPORTTABLE><![CDATA[N]]></IMPORTTABLE>
<!--A73AFF6948B54FC6AAF41E725AA83B6B-->  <ISCHANGELOG><![CDATA[N]]></ISCHANGELOG>
<!--A73AFF6948B54FC6AAF41E725AA83B6B-->  <ISDEFAULTACCT><![CDATA[N]]></ISDEFAULTACCT>
<!--A73AFF6948B54FC6AAF41E725AA83B6B-->  <DEVELOPMENTSTATUS><![CDATA[RE]]></DEVELOPMENTSTATUS>
<!--A73AFF6948B54FC6AAF41E725AA83B6B-->  <AD_PACKAGE_ID><![CDATA[A61304DEF5B44DD8AF0E97D49D447907]]></AD_PACKAGE_ID>
<!--A73AFF6948B54FC6AAF41E725AA83B6B-->  <DATAORIGINTYPE><![CDATA[Table]]></DATAORIGINTYPE>
<!--A73AFF6948B54FC6AAF41E725AA83B6B-->  <ISTREE><![CDATA[N]]></ISTREE>
<!--A73AFF6948B54FC6AAF41E725AA83B6B--></AD_TABLE>

<!--AC8171965664460C9446E6AEB76B9C76--><AD_TABLE>
<!--AC8171965664460C9446E6AEB76B9C76-->  <AD_TABLE_ID><![CDATA[AC8171965664460C9446E6AEB76B9C76]]></AD_TABLE_ID>
<!--AC8171965664460C9446E6AEB76B9C76-->  <AD_CLIENT_ID><![CDATA[0]]></AD_CLIENT_ID>
<!--AC8171965664460C9446E6AEB76B9C76-->  <AD_ORG_ID><![CDATA[0]]></AD_ORG_ID>
<!--AC8171965664460C9446E6AEB76B9C76-->  <ISACTIVE><![CDATA[Y]]></ISACTIVE>
<!--AC8171965664460C9446E6AEB76B9C76-->  <NAME><![CDATA[TA_Attendance]]></NAME>
<!--AC8171965664460C9446E6AEB76B9C76-->  <DESCRIPTION><![CDATA[TA_Attendance]]></DESCRIPTION>
<!--AC8171965664460C9446E6AEB76B9C76-->  <TABLENAME><![CDATA[TA_Attendance]]></TABLENAME>
<!--AC8171965664460C9446E6AEB76B9C76-->  <CLASSNAME><![CDATA[TAAttendance]]></CLASSNAME>
<!--AC8171965664460C9446E6AEB76B9C76-->  <ISVIEW><![CDATA[N]]></ISVIEW>
<!--AC8171965664460C9446E6AEB76B9C76-->  <ACCESSLEVEL><![CDATA[3]]></ACCESSLEVEL>
<!--AC8171965664460C9446E6AEB76B9C76-->  <AD_WINDOW_ID><![CDATA[F02ECFA96C8C48E1AECD1A6E4264EFF4]]></AD_WINDOW_ID>
<!--AC8171965664460C9446E6AEB76B9C76-->  <ISSECURITYENABLED><![CDATA[N]]></ISSECURITYENABLED>
<!--AC8171965664460C9446E6AEB76B9C76-->  <ISDELETEABLE><![CDATA[Y]]></ISDELETEABLE>
<!--AC8171965664460C9446E6AEB76B9C76-->  <ISHIGHVOLUME><![CDATA[N]]></ISHIGHVOLUME>
<!--AC8171965664460C9446E6AEB76B9C76-->  <IMPORTTABLE><![CDATA[N]]></IMPORTTABLE>
<!--AC8171965664460C9446E6AEB76B9C76-->  <ISCHANGELOG><![CDATA[N]]></ISCHANGELOG>
<!--AC8171965664460C9446E6AEB76B9C76-->  <ISDEFAULTACCT><![CDATA[N]]></ISDEFAULTACCT>
<!--AC8171965664460C9446E6AEB76B9C76-->  <DEVELOPMENTSTATUS><![CDATA[RE]]></DEVELOPMENTSTATUS>
<!--AC8171965664460C9446E6AEB76B9C76-->  <AD_PACKAGE_ID><![CDATA[A61304DEF5B44DD8AF0E97D49D447907]]></AD_PACKAGE_ID>
<!--AC8171965664460C9446E6AEB76B9C76-->  <DATAORIGINTYPE><![CDATA[Table]]></DATAORIGINTYPE>
<!--AC8171965664460C9446E6AEB76B9C76-->  <ISTREE><![CDATA[N]]></ISTREE>
<!--AC8171965664460C9446E6AEB76B9C76--></AD_TABLE>

<!--AF9FCE5CAAFA410E99F5C7542FE25CD4--><AD_TABLE>
<!--AF9FCE5CAAFA410E99F5C7542FE25CD4-->  <AD_TABLE_ID><![CDATA[AF9FCE5CAAFA410E99F5C7542FE25CD4]]></AD_TABLE_ID>
<!--AF9FCE5CAAFA410E99F5C7542FE25CD4-->  <AD_CLIENT_ID><![CDATA[0]]></AD_CLIENT_ID>
<!--AF9FCE5CAAFA410E99F5C7542FE25CD4-->  <AD_ORG_ID><![CDATA[0]]></AD_ORG_ID>
<!--AF9FCE5CAAFA410E99F5C7542FE25CD4-->  <ISACTIVE><![CDATA[Y]]></ISACTIVE>
<!--AF9FCE5CAAFA410E99F5C7542FE25CD4-->  <NAME><![CDATA[TA_ShiftLine]]></NAME>
<!--AF9FCE5CAAFA410E99F5C7542FE25CD4-->  <TABLENAME><![CDATA[TA_ShiftLine]]></TABLENAME>
<!--AF9FCE5CAAFA410E99F5C7542FE25CD4-->  <CLASSNAME><![CDATA[TA_ShiftLine]]></CLASSNAME>
<!--AF9FCE5CAAFA410E99F5C7542FE25CD4-->  <ISVIEW><![CDATA[N]]></ISVIEW>
<!--AF9FCE5CAAFA410E99F5C7542FE25CD4-->  <ACCESSLEVEL><![CDATA[3]]></ACCESSLEVEL>
<!--AF9FCE5CAAFA410E99F5C7542FE25CD4-->  <ISSECURITYENABLED><![CDATA[N]]></ISSECURITYENABLED>
<!--AF9FCE5CAAFA410E99F5C7542FE25CD4-->  <ISDELETEABLE><![CDATA[Y]]></ISDELETEABLE>
<!--AF9FCE5CAAFA410E99F5C7542FE25CD4-->  <ISHIGHVOLUME><![CDATA[N]]></ISHIGHVOLUME>
<!--AF9FCE5CAAFA410E99F5C7542FE25CD4-->  <IMPORTTABLE><![CDATA[N]]></IMPORTTABLE>
<!--AF9FCE5CAAFA410E99F5C7542FE25CD4-->  <ISCHANGELOG><![CDATA[N]]></ISCHANGELOG>
<!--AF9FCE5CAAFA410E99F5C7542FE25CD4-->  <ISDEFAULTACCT><![CDATA[N]]></ISDEFAULTACCT>
<!--AF9FCE5CAAFA410E99F5C7542FE25CD4-->  <DEVELOPMENTSTATUS><![CDATA[RE]]></DEVELOPMENTSTATUS>
<!--AF9FCE5CAAFA410E99F5C7542FE25CD4-->  <AD_PACKAGE_ID><![CDATA[A61304DEF5B44DD8AF0E97D49D447907]]></AD_PACKAGE_ID>
<!--AF9FCE5CAAFA410E99F5C7542FE25CD4-->  <DATAORIGINTYPE><![CDATA[Table]]></DATAORIGINTYPE>
<!--AF9FCE5CAAFA410E99F5C7542FE25CD4-->  <ISTREE><![CDATA[N]]></ISTREE>
<!--AF9FCE5CAAFA410E99F5C7542FE25CD4--></AD_TABLE>

<!--B6967CF9A6E64448875CCF3680B1596D--><AD_TABLE>
<!--B6967CF9A6E64448875CCF3680B1596D-->  <AD_TABLE_ID><![CDATA[B6967CF9A6E64448875CCF3680B1596D]]></AD_TABLE_ID>
<!--B6967CF9A6E64448875CCF3680B1596D-->  <AD_CLIENT_ID><![CDATA[0]]></AD_CLIENT_ID>
<!--B6967CF9A6E64448875CCF3680B1596D-->  <AD_ORG_ID><![CDATA[0]]></AD_ORG_ID>
<!--B6967CF9A6E64448875CCF3680B1596D-->  <ISACTIVE><![CDATA[Y]]></ISACTIVE>
<!--B6967CF9A6E64448875CCF3680B1596D-->  <NAME><![CDATA[ta_detail_pot_cuti]]></NAME>
<!--B6967CF9A6E64448875CCF3680B1596D-->  <TABLENAME><![CDATA[ta_detail_pot_cuti]]></TABLENAME>
<!--B6967CF9A6E64448875CCF3680B1596D-->  <CLASSNAME><![CDATA[ta_detail_pot_cuti]]></CLASSNAME>
<!--B6967CF9A6E64448875CCF3680B1596D-->  <ISVIEW><![CDATA[N]]></ISVIEW>
<!--B6967CF9A6E64448875CCF3680B1596D-->  <ACCESSLEVEL><![CDATA[3]]></ACCESSLEVEL>
<!--B6967CF9A6E64448875CCF3680B1596D-->  <ISSECURITYENABLED><![CDATA[N]]></ISSECURITYENABLED>
<!--B6967CF9A6E64448875CCF3680B1596D-->  <ISDELETEABLE><![CDATA[Y]]></ISDELETEABLE>
<!--B6967CF9A6E64448875CCF3680B1596D-->  <ISHIGHVOLUME><![CDATA[N]]></ISHIGHVOLUME>
<!--B6967CF9A6E64448875CCF3680B1596D-->  <IMPORTTABLE><![CDATA[N]]></IMPORTTABLE>
<!--B6967CF9A6E64448875CCF3680B1596D-->  <ISCHANGELOG><![CDATA[N]]></ISCHANGELOG>
<!--B6967CF9A6E64448875CCF3680B1596D-->  <ISDEFAULTACCT><![CDATA[N]]></ISDEFAULTACCT>
<!--B6967CF9A6E64448875CCF3680B1596D-->  <DEVELOPMENTSTATUS><![CDATA[RE]]></DEVELOPMENTSTATUS>
<!--B6967CF9A6E64448875CCF3680B1596D-->  <AD_PACKAGE_ID><![CDATA[A61304DEF5B44DD8AF0E97D49D447907]]></AD_PACKAGE_ID>
<!--B6967CF9A6E64448875CCF3680B1596D-->  <DATAORIGINTYPE><![CDATA[Table]]></DATAORIGINTYPE>
<!--B6967CF9A6E64448875CCF3680B1596D-->  <ISTREE><![CDATA[N]]></ISTREE>
<!--B6967CF9A6E64448875CCF3680B1596D--></AD_TABLE>

<!--D26AC7E0E5CB4A01867C0036A818CD95--><AD_TABLE>
<!--D26AC7E0E5CB4A01867C0036A818CD95-->  <AD_TABLE_ID><![CDATA[D26AC7E0E5CB4A01867C0036A818CD95]]></AD_TABLE_ID>
<!--D26AC7E0E5CB4A01867C0036A818CD95-->  <AD_CLIENT_ID><![CDATA[0]]></AD_CLIENT_ID>
<!--D26AC7E0E5CB4A01867C0036A818CD95-->  <AD_ORG_ID><![CDATA[0]]></AD_ORG_ID>
<!--D26AC7E0E5CB4A01867C0036A818CD95-->  <ISACTIVE><![CDATA[Y]]></ISACTIVE>
<!--D26AC7E0E5CB4A01867C0036A818CD95-->  <NAME><![CDATA[ta_akumulasi_pot_gaji]]></NAME>
<!--D26AC7E0E5CB4A01867C0036A818CD95-->  <TABLENAME><![CDATA[ta_akumulasi_pot_gaji]]></TABLENAME>
<!--D26AC7E0E5CB4A01867C0036A818CD95-->  <CLASSNAME><![CDATA[ta_akumulasi_pot_gaji]]></CLASSNAME>
<!--D26AC7E0E5CB4A01867C0036A818CD95-->  <ISVIEW><![CDATA[N]]></ISVIEW>
<!--D26AC7E0E5CB4A01867C0036A818CD95-->  <ACCESSLEVEL><![CDATA[3]]></ACCESSLEVEL>
<!--D26AC7E0E5CB4A01867C0036A818CD95-->  <ISSECURITYENABLED><![CDATA[N]]></ISSECURITYENABLED>
<!--D26AC7E0E5CB4A01867C0036A818CD95-->  <ISDELETEABLE><![CDATA[Y]]></ISDELETEABLE>
<!--D26AC7E0E5CB4A01867C0036A818CD95-->  <ISHIGHVOLUME><![CDATA[N]]></ISHIGHVOLUME>
<!--D26AC7E0E5CB4A01867C0036A818CD95-->  <IMPORTTABLE><![CDATA[N]]></IMPORTTABLE>
<!--D26AC7E0E5CB4A01867C0036A818CD95-->  <ISCHANGELOG><![CDATA[N]]></ISCHANGELOG>
<!--D26AC7E0E5CB4A01867C0036A818CD95-->  <ISDEFAULTACCT><![CDATA[N]]></ISDEFAULTACCT>
<!--D26AC7E0E5CB4A01867C0036A818CD95-->  <DEVELOPMENTSTATUS><![CDATA[RE]]></DEVELOPMENTSTATUS>
<!--D26AC7E0E5CB4A01867C0036A818CD95-->  <AD_PACKAGE_ID><![CDATA[A61304DEF5B44DD8AF0E97D49D447907]]></AD_PACKAGE_ID>
<!--D26AC7E0E5CB4A01867C0036A818CD95-->  <DATAORIGINTYPE><![CDATA[Table]]></DATAORIGINTYPE>
<!--D26AC7E0E5CB4A01867C0036A818CD95-->  <ISTREE><![CDATA[N]]></ISTREE>
<!--D26AC7E0E5CB4A01867C0036A818CD95--></AD_TABLE>

<!--E308436CAE5244E4A567B89A8A0442AA--><AD_TABLE>
<!--E308436CAE5244E4A567B89A8A0442AA-->  <AD_TABLE_ID><![CDATA[E308436CAE5244E4A567B89A8A0442AA]]></AD_TABLE_ID>
<!--E308436CAE5244E4A567B89A8A0442AA-->  <AD_CLIENT_ID><![CDATA[0]]></AD_CLIENT_ID>
<!--E308436CAE5244E4A567B89A8A0442AA-->  <AD_ORG_ID><![CDATA[0]]></AD_ORG_ID>
<!--E308436CAE5244E4A567B89A8A0442AA-->  <ISACTIVE><![CDATA[Y]]></ISACTIVE>
<!--E308436CAE5244E4A567B89A8A0442AA-->  <NAME><![CDATA[TA_Shift]]></NAME>
<!--E308436CAE5244E4A567B89A8A0442AA-->  <DESCRIPTION><![CDATA[TA_Shift]]></DESCRIPTION>
<!--E308436CAE5244E4A567B89A8A0442AA-->  <TABLENAME><![CDATA[TA_Shift]]></TABLENAME>
<!--E308436CAE5244E4A567B89A8A0442AA-->  <CLASSNAME><![CDATA[TAShift]]></CLASSNAME>
<!--E308436CAE5244E4A567B89A8A0442AA-->  <ISVIEW><![CDATA[N]]></ISVIEW>
<!--E308436CAE5244E4A567B89A8A0442AA-->  <ACCESSLEVEL><![CDATA[3]]></ACCESSLEVEL>
<!--E308436CAE5244E4A567B89A8A0442AA-->  <AD_WINDOW_ID><![CDATA[7051879C1DDD4B3791400C899F5ABEEC]]></AD_WINDOW_ID>
<!--E308436CAE5244E4A567B89A8A0442AA-->  <ISSECURITYENABLED><![CDATA[N]]></ISSECURITYENABLED>
<!--E308436CAE5244E4A567B89A8A0442AA-->  <ISDELETEABLE><![CDATA[Y]]></ISDELETEABLE>
<!--E308436CAE5244E4A567B89A8A0442AA-->  <ISHIGHVOLUME><![CDATA[N]]></ISHIGHVOLUME>
<!--E308436CAE5244E4A567B89A8A0442AA-->  <IMPORTTABLE><![CDATA[N]]></IMPORTTABLE>
<!--E308436CAE5244E4A567B89A8A0442AA-->  <ISCHANGELOG><![CDATA[N]]></ISCHANGELOG>
<!--E308436CAE5244E4A567B89A8A0442AA-->  <ISDEFAULTACCT><![CDATA[N]]></ISDEFAULTACCT>
<!--E308436CAE5244E4A567B89A8A0442AA-->  <DEVELOPMENTSTATUS><![CDATA[RE]]></DEVELOPMENTSTATUS>
<!--E308436CAE5244E4A567B89A8A0442AA-->  <AD_PACKAGE_ID><![CDATA[A61304DEF5B44DD8AF0E97D49D447907]]></AD_PACKAGE_ID>
<!--E308436CAE5244E4A567B89A8A0442AA-->  <DATAORIGINTYPE><![CDATA[Table]]></DATAORIGINTYPE>
<!--E308436CAE5244E4A567B89A8A0442AA-->  <ISTREE><![CDATA[N]]></ISTREE>
<!--E308436CAE5244E4A567B89A8A0442AA--></AD_TABLE>

<!--F91BC8AA687D47C0B215F0916C7AE8AB--><AD_TABLE>
<!--F91BC8AA687D47C0B215F0916C7AE8AB-->  <AD_TABLE_ID><![CDATA[F91BC8AA687D47C0B215F0916C7AE8AB]]></AD_TABLE_ID>
<!--F91BC8AA687D47C0B215F0916C7AE8AB-->  <AD_CLIENT_ID><![CDATA[0]]></AD_CLIENT_ID>
<!--F91BC8AA687D47C0B215F0916C7AE8AB-->  <AD_ORG_ID><![CDATA[0]]></AD_ORG_ID>
<!--F91BC8AA687D47C0B215F0916C7AE8AB-->  <ISACTIVE><![CDATA[Y]]></ISACTIVE>
<!--F91BC8AA687D47C0B215F0916C7AE8AB-->  <NAME><![CDATA[ta_i_attendance]]></NAME>
<!--F91BC8AA687D47C0B215F0916C7AE8AB-->  <DESCRIPTION><![CDATA[Import ta_attendance]]></DESCRIPTION>
<!--F91BC8AA687D47C0B215F0916C7AE8AB-->  <TABLENAME><![CDATA[ta_i_attendance]]></TABLENAME>
<!--F91BC8AA687D47C0B215F0916C7AE8AB-->  <CLASSNAME><![CDATA[TA_ImportAttendance]]></CLASSNAME>
<!--F91BC8AA687D47C0B215F0916C7AE8AB-->  <ISVIEW><![CDATA[N]]></ISVIEW>
<!--F91BC8AA687D47C0B215F0916C7AE8AB-->  <ACCESSLEVEL><![CDATA[3]]></ACCESSLEVEL>
<!--F91BC8AA687D47C0B215F0916C7AE8AB-->  <ISSECURITYENABLED><![CDATA[N]]></ISSECURITYENABLED>
<!--F91BC8AA687D47C0B215F0916C7AE8AB-->  <ISDELETEABLE><![CDATA[Y]]></ISDELETEABLE>
<!--F91BC8AA687D47C0B215F0916C7AE8AB-->  <ISHIGHVOLUME><![CDATA[N]]></ISHIGHVOLUME>
<!--F91BC8AA687D47C0B215F0916C7AE8AB-->  <IMPORTTABLE><![CDATA[N]]></IMPORTTABLE>
<!--F91BC8AA687D47C0B215F0916C7AE8AB-->  <ISCHANGELOG><![CDATA[N]]></ISCHANGELOG>
<!--F91BC8AA687D47C0B215F0916C7AE8AB-->  <ISDEFAULTACCT><![CDATA[N]]></ISDEFAULTACCT>
<!--F91BC8AA687D47C0B215F0916C7AE8AB-->  <DEVELOPMENTSTATUS><![CDATA[RE]]></DEVELOPMENTSTATUS>
<!--F91BC8AA687D47C0B215F0916C7AE8AB-->  <AD_PACKAGE_ID><![CDATA[A61304DEF5B44DD8AF0E97D49D447907]]></AD_PACKAGE_ID>
<!--F91BC8AA687D47C0B215F0916C7AE8AB-->  <DATAORIGINTYPE><![CDATA[Table]]></DATAORIGINTYPE>
<!--F91BC8AA687D47C0B215F0916C7AE8AB-->  <ISTREE><![CDATA[N]]></ISTREE>
<!--F91BC8AA687D47C0B215F0916C7AE8AB-->  <EM_SR_ISINVENTORY><![CDATA[N]]></EM_SR_ISINVENTORY>
<!--F91BC8AA687D47C0B215F0916C7AE8AB--></AD_TABLE>

</data>
