<?xml version="1.0" encoding="UTF-8"?>
<data>
<!--37FD441DF73045FC9F4B884D85DEEB6B--><AD_WINDOW>
<!--37FD441DF73045FC9F4B884D85DEEB6B-->  <AD_WINDOW_ID><![CDATA[37FD441DF73045FC9F4B884D85DEEB6B]]></AD_WINDOW_ID>
<!--37FD441DF73045FC9F4B884D85DEEB6B-->  <AD_CLIENT_ID><![CDATA[0]]></AD_CLIENT_ID>
<!--37FD441DF73045FC9F4B884D85DEEB6B-->  <AD_ORG_ID><![CDATA[0]]></AD_ORG_ID>
<!--37FD441DF73045FC9F4B884D85DEEB6B-->  <ISACTIVE><![CDATA[Y]]></ISACTIVE>
<!--37FD441DF73045FC9F4B884D85DEEB6B-->  <NAME><![CDATA[Employee Shift]]></NAME>
<!--37FD441DF73045FC9F4B884D85DEEB6B-->  <WINDOWTYPE><![CDATA[T]]></WINDOWTYPE>
<!--37FD441DF73045FC9F4B884D85DEEB6B-->  <ISSOTRX><![CDATA[Y]]></ISSOTRX>
<!--37FD441DF73045FC9F4B884D85DEEB6B-->  <PROCESSING><![CDATA[N]]></PROCESSING>
<!--37FD441DF73045FC9F4B884D85DEEB6B-->  <ISDEFAULT><![CDATA[N]]></ISDEFAULT>
<!--37FD441DF73045FC9F4B884D85DEEB6B-->  <AD_MODULE_ID><![CDATA[13F494C4C03141258F1193B673570F63]]></AD_MODULE_ID>
<!--37FD441DF73045FC9F4B884D85DEEB6B-->  <ISTHREADSAFE><![CDATA[N]]></ISTHREADSAFE>
<!--37FD441DF73045FC9F4B884D85DEEB6B-->  <ISADVANCEDFEATURE><![CDATA[N]]></ISADVANCEDFEATURE>
<!--37FD441DF73045FC9F4B884D85DEEB6B--></AD_WINDOW>

<!--7051879C1DDD4B3791400C899F5ABEEC--><AD_WINDOW>
<!--7051879C1DDD4B3791400C899F5ABEEC-->  <AD_WINDOW_ID><![CDATA[7051879C1DDD4B3791400C899F5ABEEC]]></AD_WINDOW_ID>
<!--7051879C1DDD4B3791400C899F5ABEEC-->  <AD_CLIENT_ID><![CDATA[0]]></AD_CLIENT_ID>
<!--7051879C1DDD4B3791400C899F5ABEEC-->  <AD_ORG_ID><![CDATA[0]]></AD_ORG_ID>
<!--7051879C1DDD4B3791400C899F5ABEEC-->  <ISACTIVE><![CDATA[Y]]></ISACTIVE>
<!--7051879C1DDD4B3791400C899F5ABEEC-->  <NAME><![CDATA[Shift Rule]]></NAME>
<!--7051879C1DDD4B3791400C899F5ABEEC-->  <WINDOWTYPE><![CDATA[M]]></WINDOWTYPE>
<!--7051879C1DDD4B3791400C899F5ABEEC-->  <ISSOTRX><![CDATA[N]]></ISSOTRX>
<!--7051879C1DDD4B3791400C899F5ABEEC-->  <PROCESSING><![CDATA[N]]></PROCESSING>
<!--7051879C1DDD4B3791400C899F5ABEEC-->  <ISDEFAULT><![CDATA[N]]></ISDEFAULT>
<!--7051879C1DDD4B3791400C899F5ABEEC-->  <AD_MODULE_ID><![CDATA[13F494C4C03141258F1193B673570F63]]></AD_MODULE_ID>
<!--7051879C1DDD4B3791400C899F5ABEEC-->  <ISTHREADSAFE><![CDATA[N]]></ISTHREADSAFE>
<!--7051879C1DDD4B3791400C899F5ABEEC-->  <ISADVANCEDFEATURE><![CDATA[N]]></ISADVANCEDFEATURE>
<!--7051879C1DDD4B3791400C899F5ABEEC--></AD_WINDOW>

<!--7C2A70A67C6D44FA9FBB01255B272A1C--><AD_WINDOW>
<!--7C2A70A67C6D44FA9FBB01255B272A1C-->  <AD_WINDOW_ID><![CDATA[7C2A70A67C6D44FA9FBB01255B272A1C]]></AD_WINDOW_ID>
<!--7C2A70A67C6D44FA9FBB01255B272A1C-->  <AD_CLIENT_ID><![CDATA[0]]></AD_CLIENT_ID>
<!--7C2A70A67C6D44FA9FBB01255B272A1C-->  <AD_ORG_ID><![CDATA[0]]></AD_ORG_ID>
<!--7C2A70A67C6D44FA9FBB01255B272A1C-->  <ISACTIVE><![CDATA[Y]]></ISACTIVE>
<!--7C2A70A67C6D44FA9FBB01255B272A1C-->  <NAME><![CDATA[Shift Exchange Request]]></NAME>
<!--7C2A70A67C6D44FA9FBB01255B272A1C-->  <WINDOWTYPE><![CDATA[M]]></WINDOWTYPE>
<!--7C2A70A67C6D44FA9FBB01255B272A1C-->  <ISSOTRX><![CDATA[Y]]></ISSOTRX>
<!--7C2A70A67C6D44FA9FBB01255B272A1C-->  <PROCESSING><![CDATA[N]]></PROCESSING>
<!--7C2A70A67C6D44FA9FBB01255B272A1C-->  <ISDEFAULT><![CDATA[N]]></ISDEFAULT>
<!--7C2A70A67C6D44FA9FBB01255B272A1C-->  <AD_MODULE_ID><![CDATA[13F494C4C03141258F1193B673570F63]]></AD_MODULE_ID>
<!--7C2A70A67C6D44FA9FBB01255B272A1C-->  <ISTHREADSAFE><![CDATA[N]]></ISTHREADSAFE>
<!--7C2A70A67C6D44FA9FBB01255B272A1C-->  <ISADVANCEDFEATURE><![CDATA[N]]></ISADVANCEDFEATURE>
<!--7C2A70A67C6D44FA9FBB01255B272A1C--></AD_WINDOW>

<!--845983DA190A455BA2453C62A7033C4F--><AD_WINDOW>
<!--845983DA190A455BA2453C62A7033C4F-->  <AD_WINDOW_ID><![CDATA[845983DA190A455BA2453C62A7033C4F]]></AD_WINDOW_ID>
<!--845983DA190A455BA2453C62A7033C4F-->  <AD_CLIENT_ID><![CDATA[0]]></AD_CLIENT_ID>
<!--845983DA190A455BA2453C62A7033C4F-->  <AD_ORG_ID><![CDATA[0]]></AD_ORG_ID>
<!--845983DA190A455BA2453C62A7033C4F-->  <ISACTIVE><![CDATA[Y]]></ISACTIVE>
<!--845983DA190A455BA2453C62A7033C4F-->  <NAME><![CDATA[Import Shift Line]]></NAME>
<!--845983DA190A455BA2453C62A7033C4F-->  <WINDOWTYPE><![CDATA[M]]></WINDOWTYPE>
<!--845983DA190A455BA2453C62A7033C4F-->  <ISSOTRX><![CDATA[Y]]></ISSOTRX>
<!--845983DA190A455BA2453C62A7033C4F-->  <PROCESSING><![CDATA[N]]></PROCESSING>
<!--845983DA190A455BA2453C62A7033C4F-->  <ISDEFAULT><![CDATA[N]]></ISDEFAULT>
<!--845983DA190A455BA2453C62A7033C4F-->  <AD_MODULE_ID><![CDATA[13F494C4C03141258F1193B673570F63]]></AD_MODULE_ID>
<!--845983DA190A455BA2453C62A7033C4F-->  <ISTHREADSAFE><![CDATA[N]]></ISTHREADSAFE>
<!--845983DA190A455BA2453C62A7033C4F-->  <ISADVANCEDFEATURE><![CDATA[N]]></ISADVANCEDFEATURE>
<!--845983DA190A455BA2453C62A7033C4F--></AD_WINDOW>

<!--8CDF1B5FFEE842D697C3CFE0DAEE357A--><AD_WINDOW>
<!--8CDF1B5FFEE842D697C3CFE0DAEE357A-->  <AD_WINDOW_ID><![CDATA[8CDF1B5FFEE842D697C3CFE0DAEE357A]]></AD_WINDOW_ID>
<!--8CDF1B5FFEE842D697C3CFE0DAEE357A-->  <AD_CLIENT_ID><![CDATA[0]]></AD_CLIENT_ID>
<!--8CDF1B5FFEE842D697C3CFE0DAEE357A-->  <AD_ORG_ID><![CDATA[0]]></AD_ORG_ID>
<!--8CDF1B5FFEE842D697C3CFE0DAEE357A-->  <ISACTIVE><![CDATA[Y]]></ISACTIVE>
<!--8CDF1B5FFEE842D697C3CFE0DAEE357A-->  <NAME><![CDATA[Attendance Leave Deduction]]></NAME>
<!--8CDF1B5FFEE842D697C3CFE0DAEE357A-->  <WINDOWTYPE><![CDATA[M]]></WINDOWTYPE>
<!--8CDF1B5FFEE842D697C3CFE0DAEE357A-->  <ISSOTRX><![CDATA[Y]]></ISSOTRX>
<!--8CDF1B5FFEE842D697C3CFE0DAEE357A-->  <PROCESSING><![CDATA[N]]></PROCESSING>
<!--8CDF1B5FFEE842D697C3CFE0DAEE357A-->  <ISDEFAULT><![CDATA[N]]></ISDEFAULT>
<!--8CDF1B5FFEE842D697C3CFE0DAEE357A-->  <AD_MODULE_ID><![CDATA[13F494C4C03141258F1193B673570F63]]></AD_MODULE_ID>
<!--8CDF1B5FFEE842D697C3CFE0DAEE357A-->  <ISTHREADSAFE><![CDATA[N]]></ISTHREADSAFE>
<!--8CDF1B5FFEE842D697C3CFE0DAEE357A-->  <ISADVANCEDFEATURE><![CDATA[N]]></ISADVANCEDFEATURE>
<!--8CDF1B5FFEE842D697C3CFE0DAEE357A--></AD_WINDOW>

<!--994EC5B1F0034A7E9D471364F77DE19F--><AD_WINDOW>
<!--994EC5B1F0034A7E9D471364F77DE19F-->  <AD_WINDOW_ID><![CDATA[994EC5B1F0034A7E9D471364F77DE19F]]></AD_WINDOW_ID>
<!--994EC5B1F0034A7E9D471364F77DE19F-->  <AD_CLIENT_ID><![CDATA[0]]></AD_CLIENT_ID>
<!--994EC5B1F0034A7E9D471364F77DE19F-->  <AD_ORG_ID><![CDATA[0]]></AD_ORG_ID>
<!--994EC5B1F0034A7E9D471364F77DE19F-->  <ISACTIVE><![CDATA[Y]]></ISACTIVE>
<!--994EC5B1F0034A7E9D471364F77DE19F-->  <NAME><![CDATA[Import Attendance]]></NAME>
<!--994EC5B1F0034A7E9D471364F77DE19F-->  <WINDOWTYPE><![CDATA[M]]></WINDOWTYPE>
<!--994EC5B1F0034A7E9D471364F77DE19F-->  <ISSOTRX><![CDATA[Y]]></ISSOTRX>
<!--994EC5B1F0034A7E9D471364F77DE19F-->  <PROCESSING><![CDATA[N]]></PROCESSING>
<!--994EC5B1F0034A7E9D471364F77DE19F-->  <ISDEFAULT><![CDATA[N]]></ISDEFAULT>
<!--994EC5B1F0034A7E9D471364F77DE19F-->  <AD_MODULE_ID><![CDATA[13F494C4C03141258F1193B673570F63]]></AD_MODULE_ID>
<!--994EC5B1F0034A7E9D471364F77DE19F-->  <ISTHREADSAFE><![CDATA[N]]></ISTHREADSAFE>
<!--994EC5B1F0034A7E9D471364F77DE19F-->  <ISADVANCEDFEATURE><![CDATA[N]]></ISADVANCEDFEATURE>
<!--994EC5B1F0034A7E9D471364F77DE19F--></AD_WINDOW>

<!--9DE84E2556C446E9A52A1396F02FA6C8--><AD_WINDOW>
<!--9DE84E2556C446E9A52A1396F02FA6C8-->  <AD_WINDOW_ID><![CDATA[9DE84E2556C446E9A52A1396F02FA6C8]]></AD_WINDOW_ID>
<!--9DE84E2556C446E9A52A1396F02FA6C8-->  <AD_CLIENT_ID><![CDATA[0]]></AD_CLIENT_ID>
<!--9DE84E2556C446E9A52A1396F02FA6C8-->  <AD_ORG_ID><![CDATA[0]]></AD_ORG_ID>
<!--9DE84E2556C446E9A52A1396F02FA6C8-->  <ISACTIVE><![CDATA[Y]]></ISACTIVE>
<!--9DE84E2556C446E9A52A1396F02FA6C8-->  <NAME><![CDATA[Import Shift]]></NAME>
<!--9DE84E2556C446E9A52A1396F02FA6C8-->  <WINDOWTYPE><![CDATA[M]]></WINDOWTYPE>
<!--9DE84E2556C446E9A52A1396F02FA6C8-->  <ISSOTRX><![CDATA[Y]]></ISSOTRX>
<!--9DE84E2556C446E9A52A1396F02FA6C8-->  <PROCESSING><![CDATA[N]]></PROCESSING>
<!--9DE84E2556C446E9A52A1396F02FA6C8-->  <ISDEFAULT><![CDATA[N]]></ISDEFAULT>
<!--9DE84E2556C446E9A52A1396F02FA6C8-->  <AD_MODULE_ID><![CDATA[13F494C4C03141258F1193B673570F63]]></AD_MODULE_ID>
<!--9DE84E2556C446E9A52A1396F02FA6C8-->  <ISTHREADSAFE><![CDATA[N]]></ISTHREADSAFE>
<!--9DE84E2556C446E9A52A1396F02FA6C8-->  <ISADVANCEDFEATURE><![CDATA[N]]></ISADVANCEDFEATURE>
<!--9DE84E2556C446E9A52A1396F02FA6C8--></AD_WINDOW>

<!--A30E1B2354D14497AEE0B38BA4F6A03E--><AD_WINDOW>
<!--A30E1B2354D14497AEE0B38BA4F6A03E-->  <AD_WINDOW_ID><![CDATA[A30E1B2354D14497AEE0B38BA4F6A03E]]></AD_WINDOW_ID>
<!--A30E1B2354D14497AEE0B38BA4F6A03E-->  <AD_CLIENT_ID><![CDATA[0]]></AD_CLIENT_ID>
<!--A30E1B2354D14497AEE0B38BA4F6A03E-->  <AD_ORG_ID><![CDATA[0]]></AD_ORG_ID>
<!--A30E1B2354D14497AEE0B38BA4F6A03E-->  <ISACTIVE><![CDATA[Y]]></ISACTIVE>
<!--A30E1B2354D14497AEE0B38BA4F6A03E-->  <NAME><![CDATA[Labour Time Master]]></NAME>
<!--A30E1B2354D14497AEE0B38BA4F6A03E-->  <WINDOWTYPE><![CDATA[M]]></WINDOWTYPE>
<!--A30E1B2354D14497AEE0B38BA4F6A03E-->  <ISSOTRX><![CDATA[Y]]></ISSOTRX>
<!--A30E1B2354D14497AEE0B38BA4F6A03E-->  <PROCESSING><![CDATA[N]]></PROCESSING>
<!--A30E1B2354D14497AEE0B38BA4F6A03E-->  <ISDEFAULT><![CDATA[N]]></ISDEFAULT>
<!--A30E1B2354D14497AEE0B38BA4F6A03E-->  <AD_MODULE_ID><![CDATA[13F494C4C03141258F1193B673570F63]]></AD_MODULE_ID>
<!--A30E1B2354D14497AEE0B38BA4F6A03E-->  <ISTHREADSAFE><![CDATA[N]]></ISTHREADSAFE>
<!--A30E1B2354D14497AEE0B38BA4F6A03E-->  <ISADVANCEDFEATURE><![CDATA[N]]></ISADVANCEDFEATURE>
<!--A30E1B2354D14497AEE0B38BA4F6A03E--></AD_WINDOW>

<!--B56BB00BE71E4303A1924762A61EED9B--><AD_WINDOW>
<!--B56BB00BE71E4303A1924762A61EED9B-->  <AD_WINDOW_ID><![CDATA[B56BB00BE71E4303A1924762A61EED9B]]></AD_WINDOW_ID>
<!--B56BB00BE71E4303A1924762A61EED9B-->  <AD_CLIENT_ID><![CDATA[0]]></AD_CLIENT_ID>
<!--B56BB00BE71E4303A1924762A61EED9B-->  <AD_ORG_ID><![CDATA[0]]></AD_ORG_ID>
<!--B56BB00BE71E4303A1924762A61EED9B-->  <ISACTIVE><![CDATA[Y]]></ISACTIVE>
<!--B56BB00BE71E4303A1924762A61EED9B-->  <NAME><![CDATA[Import Employee Shift]]></NAME>
<!--B56BB00BE71E4303A1924762A61EED9B-->  <WINDOWTYPE><![CDATA[M]]></WINDOWTYPE>
<!--B56BB00BE71E4303A1924762A61EED9B-->  <ISSOTRX><![CDATA[Y]]></ISSOTRX>
<!--B56BB00BE71E4303A1924762A61EED9B-->  <PROCESSING><![CDATA[N]]></PROCESSING>
<!--B56BB00BE71E4303A1924762A61EED9B-->  <ISDEFAULT><![CDATA[N]]></ISDEFAULT>
<!--B56BB00BE71E4303A1924762A61EED9B-->  <AD_MODULE_ID><![CDATA[13F494C4C03141258F1193B673570F63]]></AD_MODULE_ID>
<!--B56BB00BE71E4303A1924762A61EED9B-->  <ISTHREADSAFE><![CDATA[N]]></ISTHREADSAFE>
<!--B56BB00BE71E4303A1924762A61EED9B-->  <ISADVANCEDFEATURE><![CDATA[N]]></ISADVANCEDFEATURE>
<!--B56BB00BE71E4303A1924762A61EED9B--></AD_WINDOW>

<!--F02ECFA96C8C48E1AECD1A6E4264EFF4--><AD_WINDOW>
<!--F02ECFA96C8C48E1AECD1A6E4264EFF4-->  <AD_WINDOW_ID><![CDATA[F02ECFA96C8C48E1AECD1A6E4264EFF4]]></AD_WINDOW_ID>
<!--F02ECFA96C8C48E1AECD1A6E4264EFF4-->  <AD_CLIENT_ID><![CDATA[0]]></AD_CLIENT_ID>
<!--F02ECFA96C8C48E1AECD1A6E4264EFF4-->  <AD_ORG_ID><![CDATA[0]]></AD_ORG_ID>
<!--F02ECFA96C8C48E1AECD1A6E4264EFF4-->  <ISACTIVE><![CDATA[Y]]></ISACTIVE>
<!--F02ECFA96C8C48E1AECD1A6E4264EFF4-->  <NAME><![CDATA[Attendance Entry]]></NAME>
<!--F02ECFA96C8C48E1AECD1A6E4264EFF4-->  <WINDOWTYPE><![CDATA[M]]></WINDOWTYPE>
<!--F02ECFA96C8C48E1AECD1A6E4264EFF4-->  <ISSOTRX><![CDATA[N]]></ISSOTRX>
<!--F02ECFA96C8C48E1AECD1A6E4264EFF4-->  <PROCESSING><![CDATA[N]]></PROCESSING>
<!--F02ECFA96C8C48E1AECD1A6E4264EFF4-->  <ISDEFAULT><![CDATA[N]]></ISDEFAULT>
<!--F02ECFA96C8C48E1AECD1A6E4264EFF4-->  <AD_MODULE_ID><![CDATA[13F494C4C03141258F1193B673570F63]]></AD_MODULE_ID>
<!--F02ECFA96C8C48E1AECD1A6E4264EFF4-->  <ISTHREADSAFE><![CDATA[N]]></ISTHREADSAFE>
<!--F02ECFA96C8C48E1AECD1A6E4264EFF4-->  <ISADVANCEDFEATURE><![CDATA[N]]></ISADVANCEDFEATURE>
<!--F02ECFA96C8C48E1AECD1A6E4264EFF4--></AD_WINDOW>

<!--FFA4E1934BE94BCEA91C460BF7FF4237--><AD_WINDOW>
<!--FFA4E1934BE94BCEA91C460BF7FF4237-->  <AD_WINDOW_ID><![CDATA[FFA4E1934BE94BCEA91C460BF7FF4237]]></AD_WINDOW_ID>
<!--FFA4E1934BE94BCEA91C460BF7FF4237-->  <AD_CLIENT_ID><![CDATA[0]]></AD_CLIENT_ID>
<!--FFA4E1934BE94BCEA91C460BF7FF4237-->  <AD_ORG_ID><![CDATA[0]]></AD_ORG_ID>
<!--FFA4E1934BE94BCEA91C460BF7FF4237-->  <ISACTIVE><![CDATA[Y]]></ISACTIVE>
<!--FFA4E1934BE94BCEA91C460BF7FF4237-->  <NAME><![CDATA[Attendance Earning Deduction]]></NAME>
<!--FFA4E1934BE94BCEA91C460BF7FF4237-->  <WINDOWTYPE><![CDATA[M]]></WINDOWTYPE>
<!--FFA4E1934BE94BCEA91C460BF7FF4237-->  <ISSOTRX><![CDATA[Y]]></ISSOTRX>
<!--FFA4E1934BE94BCEA91C460BF7FF4237-->  <PROCESSING><![CDATA[N]]></PROCESSING>
<!--FFA4E1934BE94BCEA91C460BF7FF4237-->  <ISDEFAULT><![CDATA[N]]></ISDEFAULT>
<!--FFA4E1934BE94BCEA91C460BF7FF4237-->  <AD_MODULE_ID><![CDATA[13F494C4C03141258F1193B673570F63]]></AD_MODULE_ID>
<!--FFA4E1934BE94BCEA91C460BF7FF4237-->  <ISTHREADSAFE><![CDATA[N]]></ISTHREADSAFE>
<!--FFA4E1934BE94BCEA91C460BF7FF4237-->  <ISADVANCEDFEATURE><![CDATA[N]]></ISADVANCEDFEATURE>
<!--FFA4E1934BE94BCEA91C460BF7FF4237--></AD_WINDOW>

</data>
