<?xml version="1.0" encoding="UTF-8"?>
<data>
<!--C1609801A2C5402F8D8307428F13A025--><OBUISEL_SELECTOR>
<!--C1609801A2C5402F8D8307428F13A025-->  <OBUISEL_SELECTOR_ID><![CDATA[C1609801A2C5402F8D8307428F13A025]]></OBUISEL_SELECTOR_ID>
<!--C1609801A2C5402F8D8307428F13A025-->  <AD_CLIENT_ID><![CDATA[0]]></AD_CLIENT_ID>
<!--C1609801A2C5402F8D8307428F13A025-->  <AD_ORG_ID><![CDATA[0]]></AD_ORG_ID>
<!--C1609801A2C5402F8D8307428F13A025-->  <AD_MODULE_ID><![CDATA[13F494C4C03141258F1193B673570F63]]></AD_MODULE_ID>
<!--C1609801A2C5402F8D8307428F13A025-->  <NAME><![CDATA[Attendance Selector]]></NAME>
<!--C1609801A2C5402F8D8307428F13A025-->  <AD_REFERENCE_ID><![CDATA[6325B87D668643C2A82AAF20138D26EE]]></AD_REFERENCE_ID>
<!--C1609801A2C5402F8D8307428F13A025-->  <AD_TABLE_ID><![CDATA[AC8171965664460C9446E6AEB76B9C76]]></AD_TABLE_ID>
<!--C1609801A2C5402F8D8307428F13A025-->  <AD_COLUMN_ID><![CDATA[3012BCD44208411685A17EC6A1B1F464]]></AD_COLUMN_ID>
<!--C1609801A2C5402F8D8307428F13A025-->  <WHERECLAUSE><![CDATA[e.businessPartner.id=@inpcBpartnerId@]]></WHERECLAUSE>
<!--C1609801A2C5402F8D8307428F13A025-->  <OBCLKER_TEMPLATE_ID><![CDATA[9314DE8599AD44E7BFC4CC50699042AB]]></OBCLKER_TEMPLATE_ID>
<!--C1609801A2C5402F8D8307428F13A025-->  <ISACTIVE><![CDATA[Y]]></ISACTIVE>
<!--C1609801A2C5402F8D8307428F13A025-->  <SUGGESTIONTEXTMATCHSTYLE><![CDATA[startsWith]]></SUGGESTIONTEXTMATCHSTYLE>
<!--C1609801A2C5402F8D8307428F13A025-->  <POPUPTEXTMATCHSTYLE><![CDATA[startsWith]]></POPUPTEXTMATCHSTYLE>
<!--C1609801A2C5402F8D8307428F13A025-->  <CUSTOM_QUERY><![CDATA[N]]></CUSTOM_QUERY>
<!--C1609801A2C5402F8D8307428F13A025--></OBUISEL_SELECTOR>

<!--E84C463767514ECF93E10CA94107600E--><OBUISEL_SELECTOR>
<!--E84C463767514ECF93E10CA94107600E-->  <OBUISEL_SELECTOR_ID><![CDATA[E84C463767514ECF93E10CA94107600E]]></OBUISEL_SELECTOR_ID>
<!--E84C463767514ECF93E10CA94107600E-->  <AD_CLIENT_ID><![CDATA[0]]></AD_CLIENT_ID>
<!--E84C463767514ECF93E10CA94107600E-->  <AD_ORG_ID><![CDATA[0]]></AD_ORG_ID>
<!--E84C463767514ECF93E10CA94107600E-->  <AD_MODULE_ID><![CDATA[13F494C4C03141258F1193B673570F63]]></AD_MODULE_ID>
<!--E84C463767514ECF93E10CA94107600E-->  <NAME><![CDATA[Akumulasi Potong Cuti]]></NAME>
<!--E84C463767514ECF93E10CA94107600E-->  <AD_REFERENCE_ID><![CDATA[0A9B37CA4E2D4334B536913154E4F80D]]></AD_REFERENCE_ID>
<!--E84C463767514ECF93E10CA94107600E-->  <AD_TABLE_ID><![CDATA[595380A2D3D84B0EAEFC01540694BEC8]]></AD_TABLE_ID>
<!--E84C463767514ECF93E10CA94107600E-->  <AD_COLUMN_ID><![CDATA[B3B8BD2CF93D4DA4B1DD0D4EAD9815D0]]></AD_COLUMN_ID>
<!--E84C463767514ECF93E10CA94107600E-->  <OBCLKER_TEMPLATE_ID><![CDATA[9314DE8599AD44E7BFC4CC50699042AB]]></OBCLKER_TEMPLATE_ID>
<!--E84C463767514ECF93E10CA94107600E-->  <ISACTIVE><![CDATA[Y]]></ISACTIVE>
<!--E84C463767514ECF93E10CA94107600E-->  <SUGGESTIONTEXTMATCHSTYLE><![CDATA[startsWith]]></SUGGESTIONTEXTMATCHSTYLE>
<!--E84C463767514ECF93E10CA94107600E-->  <POPUPTEXTMATCHSTYLE><![CDATA[startsWith]]></POPUPTEXTMATCHSTYLE>
<!--E84C463767514ECF93E10CA94107600E-->  <CUSTOM_QUERY><![CDATA[N]]></CUSTOM_QUERY>
<!--E84C463767514ECF93E10CA94107600E--></OBUISEL_SELECTOR>

</data>
