<?xml version="1.0" encoding="UTF-8"?>
<data>
<!--40F583B6DF684971A69013AD91E97596--><OBUISEL_SELECTOR_FIELD>
<!--40F583B6DF684971A69013AD91E97596-->  <OBUISEL_SELECTOR_FIELD_ID><![CDATA[40F583B6DF684971A69013AD91E97596]]></OBUISEL_SELECTOR_FIELD_ID>
<!--40F583B6DF684971A69013AD91E97596-->  <OBUISEL_SELECTOR_ID><![CDATA[C1609801A2C5402F8D8307428F13A025]]></OBUISEL_SELECTOR_ID>
<!--40F583B6DF684971A69013AD91E97596-->  <AD_CLIENT_ID><![CDATA[0]]></AD_CLIENT_ID>
<!--40F583B6DF684971A69013AD91E97596-->  <AD_ORG_ID><![CDATA[0]]></AD_ORG_ID>
<!--40F583B6DF684971A69013AD91E97596-->  <AD_MODULE_ID><![CDATA[13F494C4C03141258F1193B673570F63]]></AD_MODULE_ID>
<!--40F583B6DF684971A69013AD91E97596-->  <AD_COLUMN_ID><![CDATA[98ED892810B74803A2BE26601BB0F304]]></AD_COLUMN_ID>
<!--40F583B6DF684971A69013AD91E97596-->  <NAME><![CDATA[Check In]]></NAME>
<!--40F583B6DF684971A69013AD91E97596-->  <PROPERTY><![CDATA[checkin]]></PROPERTY>
<!--40F583B6DF684971A69013AD91E97596-->  <ISCENTRALLYMAINTAINED><![CDATA[Y]]></ISCENTRALLYMAINTAINED>
<!--40F583B6DF684971A69013AD91E97596-->  <SORT><![CDATA[Y]]></SORT>
<!--40F583B6DF684971A69013AD91E97596-->  <FILTER><![CDATA[Y]]></FILTER>
<!--40F583B6DF684971A69013AD91E97596-->  <SEARCHINSUGGESTIONBOX><![CDATA[Y]]></SEARCHINSUGGESTIONBOX>
<!--40F583B6DF684971A69013AD91E97596-->  <SHOWINGRID><![CDATA[Y]]></SHOWINGRID>
<!--40F583B6DF684971A69013AD91E97596-->  <SORTNO><![CDATA[20]]></SORTNO>
<!--40F583B6DF684971A69013AD91E97596-->  <ISACTIVE><![CDATA[Y]]></ISACTIVE>
<!--40F583B6DF684971A69013AD91E97596-->  <ISOUTFIELD><![CDATA[N]]></ISOUTFIELD>
<!--40F583B6DF684971A69013AD91E97596-->  <DEFAULT_EXPRESSION><![CDATA[OB.getFilterExpression('org.wirabumi.hris.timeandattendance.utility.AttendanceFilterExspresion');]]></DEFAULT_EXPRESSION>
<!--40F583B6DF684971A69013AD91E97596-->  <SHOWINPICKLIST><![CDATA[Y]]></SHOWINPICKLIST>
<!--40F583B6DF684971A69013AD91E97596--></OBUISEL_SELECTOR_FIELD>

<!--6A46B93813A64C819DC53ECD43E0BB7F--><OBUISEL_SELECTOR_FIELD>
<!--6A46B93813A64C819DC53ECD43E0BB7F-->  <OBUISEL_SELECTOR_FIELD_ID><![CDATA[6A46B93813A64C819DC53ECD43E0BB7F]]></OBUISEL_SELECTOR_FIELD_ID>
<!--6A46B93813A64C819DC53ECD43E0BB7F-->  <OBUISEL_SELECTOR_ID><![CDATA[E84C463767514ECF93E10CA94107600E]]></OBUISEL_SELECTOR_ID>
<!--6A46B93813A64C819DC53ECD43E0BB7F-->  <AD_CLIENT_ID><![CDATA[0]]></AD_CLIENT_ID>
<!--6A46B93813A64C819DC53ECD43E0BB7F-->  <AD_ORG_ID><![CDATA[0]]></AD_ORG_ID>
<!--6A46B93813A64C819DC53ECD43E0BB7F-->  <AD_MODULE_ID><![CDATA[13F494C4C03141258F1193B673570F63]]></AD_MODULE_ID>
<!--6A46B93813A64C819DC53ECD43E0BB7F-->  <AD_COLUMN_ID><![CDATA[34ED1653CD9240A0B51C63E3329A87E6]]></AD_COLUMN_ID>
<!--6A46B93813A64C819DC53ECD43E0BB7F-->  <NAME><![CDATA[Type]]></NAME>
<!--6A46B93813A64C819DC53ECD43E0BB7F-->  <DESCRIPTION><![CDATA[A distinct item characteristic used for processes and sometimes grouped within a category.]]></DESCRIPTION>
<!--6A46B93813A64C819DC53ECD43E0BB7F-->  <HELP><![CDATA[The Type indicates the type of validation that will occur.  This can be SQL, Java Script or Java Language.]]></HELP>
<!--6A46B93813A64C819DC53ECD43E0BB7F-->  <PROPERTY><![CDATA[type]]></PROPERTY>
<!--6A46B93813A64C819DC53ECD43E0BB7F-->  <ISCENTRALLYMAINTAINED><![CDATA[Y]]></ISCENTRALLYMAINTAINED>
<!--6A46B93813A64C819DC53ECD43E0BB7F-->  <SORT><![CDATA[Y]]></SORT>
<!--6A46B93813A64C819DC53ECD43E0BB7F-->  <FILTER><![CDATA[Y]]></FILTER>
<!--6A46B93813A64C819DC53ECD43E0BB7F-->  <SEARCHINSUGGESTIONBOX><![CDATA[N]]></SEARCHINSUGGESTIONBOX>
<!--6A46B93813A64C819DC53ECD43E0BB7F-->  <SHOWINGRID><![CDATA[Y]]></SHOWINGRID>
<!--6A46B93813A64C819DC53ECD43E0BB7F-->  <SORTNO><![CDATA[0]]></SORTNO>
<!--6A46B93813A64C819DC53ECD43E0BB7F-->  <ISACTIVE><![CDATA[Y]]></ISACTIVE>
<!--6A46B93813A64C819DC53ECD43E0BB7F-->  <ISOUTFIELD><![CDATA[N]]></ISOUTFIELD>
<!--6A46B93813A64C819DC53ECD43E0BB7F-->  <SHOWINPICKLIST><![CDATA[N]]></SHOWINPICKLIST>
<!--6A46B93813A64C819DC53ECD43E0BB7F--></OBUISEL_SELECTOR_FIELD>

<!--8847F9D67CB14DA99BE4644F4DD0BF6A--><OBUISEL_SELECTOR_FIELD>
<!--8847F9D67CB14DA99BE4644F4DD0BF6A-->  <OBUISEL_SELECTOR_FIELD_ID><![CDATA[8847F9D67CB14DA99BE4644F4DD0BF6A]]></OBUISEL_SELECTOR_FIELD_ID>
<!--8847F9D67CB14DA99BE4644F4DD0BF6A-->  <OBUISEL_SELECTOR_ID><![CDATA[E84C463767514ECF93E10CA94107600E]]></OBUISEL_SELECTOR_ID>
<!--8847F9D67CB14DA99BE4644F4DD0BF6A-->  <AD_CLIENT_ID><![CDATA[0]]></AD_CLIENT_ID>
<!--8847F9D67CB14DA99BE4644F4DD0BF6A-->  <AD_ORG_ID><![CDATA[0]]></AD_ORG_ID>
<!--8847F9D67CB14DA99BE4644F4DD0BF6A-->  <AD_MODULE_ID><![CDATA[13F494C4C03141258F1193B673570F63]]></AD_MODULE_ID>
<!--8847F9D67CB14DA99BE4644F4DD0BF6A-->  <AD_COLUMN_ID><![CDATA[BE2ACC9DFFA147519751FB0FCEF7F2F8]]></AD_COLUMN_ID>
<!--8847F9D67CB14DA99BE4644F4DD0BF6A-->  <NAME><![CDATA[Business Partner]]></NAME>
<!--8847F9D67CB14DA99BE4644F4DD0BF6A-->  <DESCRIPTION><![CDATA[Anyone who takes part in daily business operations by acting as a customer, employee, etc.]]></DESCRIPTION>
<!--8847F9D67CB14DA99BE4644F4DD0BF6A-->  <HELP><![CDATA[A Business Partner is anyone with whom you transact.  This can include a customer, vendor, employee or any combination of these.]]></HELP>
<!--8847F9D67CB14DA99BE4644F4DD0BF6A-->  <PROPERTY><![CDATA[businessPartner]]></PROPERTY>
<!--8847F9D67CB14DA99BE4644F4DD0BF6A-->  <ISCENTRALLYMAINTAINED><![CDATA[Y]]></ISCENTRALLYMAINTAINED>
<!--8847F9D67CB14DA99BE4644F4DD0BF6A-->  <SORT><![CDATA[Y]]></SORT>
<!--8847F9D67CB14DA99BE4644F4DD0BF6A-->  <FILTER><![CDATA[Y]]></FILTER>
<!--8847F9D67CB14DA99BE4644F4DD0BF6A-->  <SEARCHINSUGGESTIONBOX><![CDATA[N]]></SEARCHINSUGGESTIONBOX>
<!--8847F9D67CB14DA99BE4644F4DD0BF6A-->  <SHOWINGRID><![CDATA[Y]]></SHOWINGRID>
<!--8847F9D67CB14DA99BE4644F4DD0BF6A-->  <SORTNO><![CDATA[0]]></SORTNO>
<!--8847F9D67CB14DA99BE4644F4DD0BF6A-->  <ISACTIVE><![CDATA[Y]]></ISACTIVE>
<!--8847F9D67CB14DA99BE4644F4DD0BF6A-->  <ISOUTFIELD><![CDATA[N]]></ISOUTFIELD>
<!--8847F9D67CB14DA99BE4644F4DD0BF6A-->  <SHOWINPICKLIST><![CDATA[N]]></SHOWINPICKLIST>
<!--8847F9D67CB14DA99BE4644F4DD0BF6A--></OBUISEL_SELECTOR_FIELD>

<!--930C95D3792F4B10AA341BD11722FCDB--><OBUISEL_SELECTOR_FIELD>
<!--930C95D3792F4B10AA341BD11722FCDB-->  <OBUISEL_SELECTOR_FIELD_ID><![CDATA[930C95D3792F4B10AA341BD11722FCDB]]></OBUISEL_SELECTOR_FIELD_ID>
<!--930C95D3792F4B10AA341BD11722FCDB-->  <OBUISEL_SELECTOR_ID><![CDATA[C1609801A2C5402F8D8307428F13A025]]></OBUISEL_SELECTOR_ID>
<!--930C95D3792F4B10AA341BD11722FCDB-->  <AD_CLIENT_ID><![CDATA[0]]></AD_CLIENT_ID>
<!--930C95D3792F4B10AA341BD11722FCDB-->  <AD_ORG_ID><![CDATA[0]]></AD_ORG_ID>
<!--930C95D3792F4B10AA341BD11722FCDB-->  <AD_MODULE_ID><![CDATA[13F494C4C03141258F1193B673570F63]]></AD_MODULE_ID>
<!--930C95D3792F4B10AA341BD11722FCDB-->  <AD_COLUMN_ID><![CDATA[FE274F785E3045629F355B642AF38468]]></AD_COLUMN_ID>
<!--930C95D3792F4B10AA341BD11722FCDB-->  <NAME><![CDATA[Check Out]]></NAME>
<!--930C95D3792F4B10AA341BD11722FCDB-->  <PROPERTY><![CDATA[checkout]]></PROPERTY>
<!--930C95D3792F4B10AA341BD11722FCDB-->  <ISCENTRALLYMAINTAINED><![CDATA[Y]]></ISCENTRALLYMAINTAINED>
<!--930C95D3792F4B10AA341BD11722FCDB-->  <SORT><![CDATA[Y]]></SORT>
<!--930C95D3792F4B10AA341BD11722FCDB-->  <FILTER><![CDATA[Y]]></FILTER>
<!--930C95D3792F4B10AA341BD11722FCDB-->  <SEARCHINSUGGESTIONBOX><![CDATA[Y]]></SEARCHINSUGGESTIONBOX>
<!--930C95D3792F4B10AA341BD11722FCDB-->  <SHOWINGRID><![CDATA[Y]]></SHOWINGRID>
<!--930C95D3792F4B10AA341BD11722FCDB-->  <SORTNO><![CDATA[30]]></SORTNO>
<!--930C95D3792F4B10AA341BD11722FCDB-->  <ISACTIVE><![CDATA[Y]]></ISACTIVE>
<!--930C95D3792F4B10AA341BD11722FCDB-->  <ISOUTFIELD><![CDATA[N]]></ISOUTFIELD>
<!--930C95D3792F4B10AA341BD11722FCDB-->  <DEFAULT_EXPRESSION><![CDATA[OB.getFilterExpression('org.wirabumi.hris.timeandattendance.utility.AttendanceFilterExspresion');]]></DEFAULT_EXPRESSION>
<!--930C95D3792F4B10AA341BD11722FCDB-->  <SHOWINPICKLIST><![CDATA[Y]]></SHOWINPICKLIST>
<!--930C95D3792F4B10AA341BD11722FCDB--></OBUISEL_SELECTOR_FIELD>

<!--9EB6A0AE68AB476FA000D03040B0294E--><OBUISEL_SELECTOR_FIELD>
<!--9EB6A0AE68AB476FA000D03040B0294E-->  <OBUISEL_SELECTOR_FIELD_ID><![CDATA[9EB6A0AE68AB476FA000D03040B0294E]]></OBUISEL_SELECTOR_FIELD_ID>
<!--9EB6A0AE68AB476FA000D03040B0294E-->  <OBUISEL_SELECTOR_ID><![CDATA[E84C463767514ECF93E10CA94107600E]]></OBUISEL_SELECTOR_ID>
<!--9EB6A0AE68AB476FA000D03040B0294E-->  <AD_CLIENT_ID><![CDATA[0]]></AD_CLIENT_ID>
<!--9EB6A0AE68AB476FA000D03040B0294E-->  <AD_ORG_ID><![CDATA[0]]></AD_ORG_ID>
<!--9EB6A0AE68AB476FA000D03040B0294E-->  <AD_MODULE_ID><![CDATA[13F494C4C03141258F1193B673570F63]]></AD_MODULE_ID>
<!--9EB6A0AE68AB476FA000D03040B0294E-->  <AD_COLUMN_ID><![CDATA[4CBACA8B103149C48E9D4878D8722E7F]]></AD_COLUMN_ID>
<!--9EB6A0AE68AB476FA000D03040B0294E-->  <NAME><![CDATA[Ending Date]]></NAME>
<!--9EB6A0AE68AB476FA000D03040B0294E-->  <DESCRIPTION><![CDATA[A parameter stating when a specified request will end.]]></DESCRIPTION>
<!--9EB6A0AE68AB476FA000D03040B0294E-->  <HELP><![CDATA[The End Date indicates the last date in this range.]]></HELP>
<!--9EB6A0AE68AB476FA000D03040B0294E-->  <PROPERTY><![CDATA[endingDate]]></PROPERTY>
<!--9EB6A0AE68AB476FA000D03040B0294E-->  <ISCENTRALLYMAINTAINED><![CDATA[Y]]></ISCENTRALLYMAINTAINED>
<!--9EB6A0AE68AB476FA000D03040B0294E-->  <SORT><![CDATA[Y]]></SORT>
<!--9EB6A0AE68AB476FA000D03040B0294E-->  <FILTER><![CDATA[Y]]></FILTER>
<!--9EB6A0AE68AB476FA000D03040B0294E-->  <SEARCHINSUGGESTIONBOX><![CDATA[N]]></SEARCHINSUGGESTIONBOX>
<!--9EB6A0AE68AB476FA000D03040B0294E-->  <SHOWINGRID><![CDATA[Y]]></SHOWINGRID>
<!--9EB6A0AE68AB476FA000D03040B0294E-->  <SORTNO><![CDATA[0]]></SORTNO>
<!--9EB6A0AE68AB476FA000D03040B0294E-->  <ISACTIVE><![CDATA[Y]]></ISACTIVE>
<!--9EB6A0AE68AB476FA000D03040B0294E-->  <ISOUTFIELD><![CDATA[N]]></ISOUTFIELD>
<!--9EB6A0AE68AB476FA000D03040B0294E-->  <SHOWINPICKLIST><![CDATA[N]]></SHOWINPICKLIST>
<!--9EB6A0AE68AB476FA000D03040B0294E--></OBUISEL_SELECTOR_FIELD>

<!--C0DC2D5E289D4031A1009F84B8C01D5E--><OBUISEL_SELECTOR_FIELD>
<!--C0DC2D5E289D4031A1009F84B8C01D5E-->  <OBUISEL_SELECTOR_FIELD_ID><![CDATA[C0DC2D5E289D4031A1009F84B8C01D5E]]></OBUISEL_SELECTOR_FIELD_ID>
<!--C0DC2D5E289D4031A1009F84B8C01D5E-->  <OBUISEL_SELECTOR_ID><![CDATA[C1609801A2C5402F8D8307428F13A025]]></OBUISEL_SELECTOR_ID>
<!--C0DC2D5E289D4031A1009F84B8C01D5E-->  <AD_CLIENT_ID><![CDATA[0]]></AD_CLIENT_ID>
<!--C0DC2D5E289D4031A1009F84B8C01D5E-->  <AD_ORG_ID><![CDATA[0]]></AD_ORG_ID>
<!--C0DC2D5E289D4031A1009F84B8C01D5E-->  <AD_MODULE_ID><![CDATA[13F494C4C03141258F1193B673570F63]]></AD_MODULE_ID>
<!--C0DC2D5E289D4031A1009F84B8C01D5E-->  <AD_COLUMN_ID><![CDATA[6A78A112BDC54DCEB397579243D2900A]]></AD_COLUMN_ID>
<!--C0DC2D5E289D4031A1009F84B8C01D5E-->  <NAME><![CDATA[Employee]]></NAME>
<!--C0DC2D5E289D4031A1009F84B8C01D5E-->  <DESCRIPTION><![CDATA[Employee who work for this company]]></DESCRIPTION>
<!--C0DC2D5E289D4031A1009F84B8C01D5E-->  <HELP><![CDATA[Employee who work for this company]]></HELP>
<!--C0DC2D5E289D4031A1009F84B8C01D5E-->  <PROPERTY><![CDATA[businessPartner]]></PROPERTY>
<!--C0DC2D5E289D4031A1009F84B8C01D5E-->  <ISCENTRALLYMAINTAINED><![CDATA[Y]]></ISCENTRALLYMAINTAINED>
<!--C0DC2D5E289D4031A1009F84B8C01D5E-->  <SORT><![CDATA[Y]]></SORT>
<!--C0DC2D5E289D4031A1009F84B8C01D5E-->  <FILTER><![CDATA[Y]]></FILTER>
<!--C0DC2D5E289D4031A1009F84B8C01D5E-->  <SEARCHINSUGGESTIONBOX><![CDATA[Y]]></SEARCHINSUGGESTIONBOX>
<!--C0DC2D5E289D4031A1009F84B8C01D5E-->  <SHOWINGRID><![CDATA[Y]]></SHOWINGRID>
<!--C0DC2D5E289D4031A1009F84B8C01D5E-->  <SORTNO><![CDATA[10]]></SORTNO>
<!--C0DC2D5E289D4031A1009F84B8C01D5E-->  <ISACTIVE><![CDATA[Y]]></ISACTIVE>
<!--C0DC2D5E289D4031A1009F84B8C01D5E-->  <ISOUTFIELD><![CDATA[N]]></ISOUTFIELD>
<!--C0DC2D5E289D4031A1009F84B8C01D5E-->  <SHOWINPICKLIST><![CDATA[Y]]></SHOWINPICKLIST>
<!--C0DC2D5E289D4031A1009F84B8C01D5E--></OBUISEL_SELECTOR_FIELD>

<!--E8D648E09D3E420799A13C38AAAD0041--><OBUISEL_SELECTOR_FIELD>
<!--E8D648E09D3E420799A13C38AAAD0041-->  <OBUISEL_SELECTOR_FIELD_ID><![CDATA[E8D648E09D3E420799A13C38AAAD0041]]></OBUISEL_SELECTOR_FIELD_ID>
<!--E8D648E09D3E420799A13C38AAAD0041-->  <OBUISEL_SELECTOR_ID><![CDATA[E84C463767514ECF93E10CA94107600E]]></OBUISEL_SELECTOR_ID>
<!--E8D648E09D3E420799A13C38AAAD0041-->  <AD_CLIENT_ID><![CDATA[0]]></AD_CLIENT_ID>
<!--E8D648E09D3E420799A13C38AAAD0041-->  <AD_ORG_ID><![CDATA[0]]></AD_ORG_ID>
<!--E8D648E09D3E420799A13C38AAAD0041-->  <AD_MODULE_ID><![CDATA[13F494C4C03141258F1193B673570F63]]></AD_MODULE_ID>
<!--E8D648E09D3E420799A13C38AAAD0041-->  <AD_COLUMN_ID><![CDATA[ED43B745B46244DBA527E3173300761E]]></AD_COLUMN_ID>
<!--E8D648E09D3E420799A13C38AAAD0041-->  <NAME><![CDATA[Starting Date]]></NAME>
<!--E8D648E09D3E420799A13C38AAAD0041-->  <DESCRIPTION><![CDATA[A parameter stating when a specified request will begin.]]></DESCRIPTION>
<!--E8D648E09D3E420799A13C38AAAD0041-->  <HELP><![CDATA[A parameter stating when a specified request will begin.]]></HELP>
<!--E8D648E09D3E420799A13C38AAAD0041-->  <PROPERTY><![CDATA[startingDate]]></PROPERTY>
<!--E8D648E09D3E420799A13C38AAAD0041-->  <ISCENTRALLYMAINTAINED><![CDATA[Y]]></ISCENTRALLYMAINTAINED>
<!--E8D648E09D3E420799A13C38AAAD0041-->  <SORT><![CDATA[Y]]></SORT>
<!--E8D648E09D3E420799A13C38AAAD0041-->  <FILTER><![CDATA[Y]]></FILTER>
<!--E8D648E09D3E420799A13C38AAAD0041-->  <SEARCHINSUGGESTIONBOX><![CDATA[N]]></SEARCHINSUGGESTIONBOX>
<!--E8D648E09D3E420799A13C38AAAD0041-->  <SHOWINGRID><![CDATA[Y]]></SHOWINGRID>
<!--E8D648E09D3E420799A13C38AAAD0041-->  <SORTNO><![CDATA[0]]></SORTNO>
<!--E8D648E09D3E420799A13C38AAAD0041-->  <ISACTIVE><![CDATA[Y]]></ISACTIVE>
<!--E8D648E09D3E420799A13C38AAAD0041-->  <ISOUTFIELD><![CDATA[N]]></ISOUTFIELD>
<!--E8D648E09D3E420799A13C38AAAD0041-->  <SHOWINPICKLIST><![CDATA[N]]></SHOWINPICKLIST>
<!--E8D648E09D3E420799A13C38AAAD0041--></OBUISEL_SELECTOR_FIELD>

</data>
