<?xml version="1.0"?>
  <database name="TABLE HRIS_COMPETENCY_JOBTITLE">
    <table name="HRIS_COMPETENCY_JOBTITLE" primaryKey="HRIS_COMPETENCY_JOBTITLE_KEY">
      <column name="HRIS_COMPETENCY_JOBTITLE_ID" primaryKey="true" required="true" type="VARCHAR" size="32" autoIncrement="false">
        <default/>
        <onCreateDefault/>
      </column>
      <column name="AD_CLIENT_ID" primaryKey="false" required="true" type="VARCHAR" size="32" autoIncrement="false">
        <default/>
        <onCreateDefault/>
      </column>
      <column name="AD_ORG_ID" primaryKey="false" required="true" type="VARCHAR" size="32" autoIncrement="false">
        <default/>
        <onCreateDefault/>
      </column>
      <column name="ISACTIVE" primaryKey="false" required="true" type="CHAR" size="1" autoIncrement="false">
        <default><![CDATA[Y]]></default>
        <onCreateDefault/>
      </column>
      <column name="COMMENT" primaryKey="false" required="false" type="VARCHAR" size="2000" autoIncrement="false">
        <default/>
        <onCreateDefault/>
      </column>
      <column name="CREATED" primaryKey="false" required="true" type="TIMESTAMP" size="7" autoIncrement="false">
        <default><![CDATA[SYSDATE]]></default>
        <onCreateDefault/>
      </column>
      <column name="CREATEDBY" primaryKey="false" required="true" type="VARCHAR" size="32" autoIncrement="false">
        <default/>
        <onCreateDefault/>
      </column>
      <column name="UPDATED" primaryKey="false" required="true" type="TIMESTAMP" size="7" autoIncrement="false">
        <default><![CDATA[SYSDATE]]></default>
        <onCreateDefault/>
      </column>
      <column name="UPDATEDBY" primaryKey="false" required="true" type="VARCHAR" size="32" autoIncrement="false">
        <default/>
        <onCreateDefault/>
      </column>
      <column name="HRIS_COMPETENCY_ID" primaryKey="false" required="true" type="VARCHAR" size="32" autoIncrement="false">
        <default/>
        <onCreateDefault/>
      </column>
      <column name="HRIS_JOBTITLE_ID" primaryKey="false" required="true" type="VARCHAR" size="32" autoIncrement="false">
        <default/>
        <onCreateDefault/>
      </column>
      <column name="GRADE" primaryKey="false" required="false" type="DECIMAL" autoIncrement="false">
        <default/>
        <onCreateDefault/>
      </column>
      <column name="GRADENOTE" primaryKey="false" required="false" type="VARCHAR" size="60" autoIncrement="false">
        <default/>
        <onCreateDefault/>
      </column>
      <foreign-key foreignTable="AD_ORG" name="HRIS_COMP_JT_TITLE_ORG">
        <reference local="AD_ORG_ID" foreign="AD_ORG_ID"/>
      </foreign-key>
      <foreign-key foreignTable="AD_CLIENT" name="HRIS_COMPETENCY_JT_CLIENT">
        <reference local="AD_CLIENT_ID" foreign="AD_CLIENT_ID"/>
      </foreign-key>
      <foreign-key foreignTable="HRIS_COMPETENCY" name="HRIS_COMPETENCY_JT_COMP">
        <reference local="HRIS_COMPETENCY_ID" foreign="HRIS_COMPETENCY_ID"/>
      </foreign-key>
      <foreign-key foreignTable="HRIS_JOBTITLE" name="HRIS_COMPETENCY_JT_JT">
        <reference local="HRIS_JOBTITLE_ID" foreign="HRIS_JOBTITLE_ID"/>
      </foreign-key>
    </table>
  </database>
