<?xml version="1.0"?>
  <database name="TABLE HRIS_ET_LINE">
    <table name="HRIS_ET_LINE" primaryKey="HRIS_ET_LINE_KEY">
      <column name="HRIS_ET_LINE_ID" primaryKey="true" required="true" type="VARCHAR" size="32" autoIncrement="false">
        <default/>
        <onCreateDefault/>
      </column>
      <column name="AD_CLIENT_ID" primaryKey="false" required="true" type="VARCHAR" size="32" autoIncrement="false">
        <default/>
        <onCreateDefault/>
      </column>
      <column name="AD_ORG_ID" primaryKey="false" required="true" type="VARCHAR" size="32" autoIncrement="false">
        <default/>
        <onCreateDefault/>
      </column>
      <column name="ISACTIVE" primaryKey="false" required="true" type="CHAR" size="1" autoIncrement="false">
        <default><![CDATA[Y]]></default>
        <onCreateDefault/>
      </column>
      <column name="CREATED" primaryKey="false" required="true" type="TIMESTAMP" size="7" autoIncrement="false">
        <default><![CDATA[SYSDATE]]></default>
        <onCreateDefault/>
      </column>
      <column name="CREATEDBY" primaryKey="false" required="true" type="VARCHAR" size="32" autoIncrement="false">
        <default/>
        <onCreateDefault/>
      </column>
      <column name="UPDATED" primaryKey="false" required="true" type="TIMESTAMP" size="7" autoIncrement="false">
        <default><![CDATA[SYSDATE]]></default>
        <onCreateDefault/>
      </column>
      <column name="UPDATEDBY" primaryKey="false" required="true" type="VARCHAR" size="32" autoIncrement="false">
        <default/>
        <onCreateDefault/>
      </column>
      <column name="LINE" primaryKey="false" required="false" type="DECIMAL" autoIncrement="false">
        <default/>
        <onCreateDefault/>
      </column>
      <column name="C_BPARTNER_ID" primaryKey="false" required="false" type="VARCHAR" size="32" autoIncrement="false">
        <default/>
        <onCreateDefault/>
      </column>
      <column name="OLD_EMPLOYMENTTYPE" primaryKey="false" required="false" type="VARCHAR" size="60" autoIncrement="false">
        <default/>
        <onCreateDefault/>
      </column>
      <column name="OLD_DEPARTMENT_ID" primaryKey="false" required="false" type="VARCHAR" size="32" autoIncrement="false">
        <default/>
        <onCreateDefault/>
      </column>
      <column name="OLD_ECHELON" primaryKey="false" required="false" type="VARCHAR" size="60" autoIncrement="false">
        <default/>
        <onCreateDefault/>
      </column>
      <column name="OLD_EMPLOYEEGRADE" primaryKey="false" required="false" type="VARCHAR" size="60" autoIncrement="false">
        <default/>
        <onCreateDefault/>
      </column>
      <column name="OLD_JOBTITLE_ID" primaryKey="false" required="false" type="VARCHAR" size="32" autoIncrement="false">
        <default/>
        <onCreateDefault/>
      </column>
      <column name="OLD_PAYROLLMASTER_ID" primaryKey="false" required="false" type="VARCHAR" size="32" autoIncrement="false">
        <default/>
        <onCreateDefault/>
      </column>
      <column name="OLD_HRIS_SITE_ID" primaryKey="false" required="false" type="VARCHAR" size="32" autoIncrement="false">
        <default/>
        <onCreateDefault/>
      </column>
      <column name="OLD_COSTCENTER_ID" primaryKey="false" required="false" type="VARCHAR" size="32" autoIncrement="false">
        <default/>
        <onCreateDefault/>
      </column>
      <column name="NEW_EMPLOYMENTTYPE" primaryKey="false" required="false" type="VARCHAR" size="60" autoIncrement="false">
        <default/>
        <onCreateDefault/>
      </column>
      <column name="NEW_DEPARTMENT_ID" primaryKey="false" required="false" type="VARCHAR" size="32" autoIncrement="false">
        <default/>
        <onCreateDefault/>
      </column>
      <column name="NEW_ECHELON" primaryKey="false" required="false" type="VARCHAR" size="60" autoIncrement="false">
        <default/>
        <onCreateDefault/>
      </column>
      <column name="NEW_EMPLOYEEGRADE" primaryKey="false" required="false" type="VARCHAR" size="60" autoIncrement="false">
        <default/>
        <onCreateDefault/>
      </column>
      <column name="NEW_JOBTITLE_ID" primaryKey="false" required="false" type="VARCHAR" size="32" autoIncrement="false">
        <default/>
        <onCreateDefault/>
      </column>
      <column name="NEW_PAYROLLMASTER_ID" primaryKey="false" required="false" type="VARCHAR" size="32" autoIncrement="false">
        <default/>
        <onCreateDefault/>
      </column>
      <column name="NEW_HRIS_SITE_ID" primaryKey="false" required="false" type="VARCHAR" size="32" autoIncrement="false">
        <default/>
        <onCreateDefault/>
      </column>
      <column name="NEW_COSTCENTER_ID" primaryKey="false" required="false" type="VARCHAR" size="32" autoIncrement="false">
        <default/>
        <onCreateDefault/>
      </column>
      <column name="EMPLOYEETRANSFERTYPE" primaryKey="false" required="false" type="VARCHAR" size="60" autoIncrement="false">
        <default/>
        <onCreateDefault/>
      </column>
      <column name="HRIS_EMPLOYEETRANSFER_ID" primaryKey="false" required="false" type="VARCHAR" size="32" autoIncrement="false">
        <default/>
        <onCreateDefault/>
      </column>
      <column name="DOCUMENTNO" primaryKey="false" required="false" type="VARCHAR" size="60" autoIncrement="false">
        <default/>
        <onCreateDefault/>
      </column>
      <column name="OLDCONTRACT" primaryKey="false" required="false" type="VARCHAR" size="32" autoIncrement="false">
        <default/>
        <onCreateDefault/>
      </column>
      <column name="NEWCONTRACT" primaryKey="false" required="false" type="VARCHAR" size="32" autoIncrement="false">
        <default/>
        <onCreateDefault/>
      </column>
      <column name="OLD_POSITION" primaryKey="false" required="false" type="VARCHAR" size="40" autoIncrement="false">
        <default/>
        <onCreateDefault/>
      </column>
      <column name="NEW_POSITION" primaryKey="false" required="false" type="VARCHAR" size="40" autoIncrement="false">
        <default/>
        <onCreateDefault/>
      </column>
      <foreign-key foreignTable="AD_CLIENT" name="HRIS_ET_LINE_AD_CLIENT">
        <reference local="AD_CLIENT_ID" foreign="AD_CLIENT_ID"/>
      </foreign-key>
      <foreign-key foreignTable="HRIS_EMPLOYEETRANSFER" name="HRIS_ET_LINE_ET3">
        <reference local="HRIS_EMPLOYEETRANSFER_ID" foreign="HRIS_EMPLOYEETRANSFER_ID"/>
      </foreign-key>
      <foreign-key foreignTable="C_COSTCENTER" name="HRIS_ET_LINE_HCD">
        <reference local="OLD_COSTCENTER_ID" foreign="C_COSTCENTER_ID"/>
      </foreign-key>
      <foreign-key foreignTable="C_COSTCENTER" name="HRIS_ET_LINE_HCD2">
        <reference local="NEW_COSTCENTER_ID" foreign="C_COSTCENTER_ID"/>
      </foreign-key>
      <foreign-key foreignTable="HRIS_SITE" name="HRIS_ET_LINE_HS">
        <reference local="OLD_HRIS_SITE_ID" foreign="HRIS_SITE_ID"/>
      </foreign-key>
      <foreign-key foreignTable="HRIS_SITE" name="HRIS_ET_LINE_HS2">
        <reference local="NEW_HRIS_SITE_ID" foreign="HRIS_SITE_ID"/>
      </foreign-key>
      <foreign-key foreignTable="HRIS_JOBTITLE" name="HRIS_ET_LINE_JT">
        <reference local="OLD_JOBTITLE_ID" foreign="HRIS_JOBTITLE_ID"/>
      </foreign-key>
      <foreign-key foreignTable="HRIS_JOBTITLE" name="HRIS_ET_LINE_JT2">
        <reference local="NEW_JOBTITLE_ID" foreign="HRIS_JOBTITLE_ID"/>
      </foreign-key>
      <foreign-key foreignTable="AD_ORG" name="HRIS_ET_LINE_ORG">
        <reference local="AD_ORG_ID" foreign="AD_ORG_ID"/>
      </foreign-key>
      <foreign-key foreignTable="C_BPARTNER" name="HRIS_ET_LINE_PM">
        <reference local="OLD_PAYROLLMASTER_ID" foreign="C_BPARTNER_ID"/>
      </foreign-key>
      <foreign-key foreignTable="C_BPARTNER" name="HRIS_ET_LINE_PM2">
        <reference local="NEW_PAYROLLMASTER_ID" foreign="C_BPARTNER_ID"/>
      </foreign-key>
      <foreign-key foreignTable="HRIS_C_BP_EMPINFO" name="HRIS_ET_LINE_SKBARU">
        <reference local="NEWCONTRACT" foreign="HRIS_C_BP_EMPINFO_ID"/>
      </foreign-key>
      <foreign-key foreignTable="HRIS_C_BP_EMPINFO" name="HRIS_ET_LINE_SKLAMA">
        <reference local="OLDCONTRACT" foreign="HRIS_C_BP_EMPINFO_ID"/>
      </foreign-key>
      <foreign-key foreignTable="C_BPARTNER" name="HRIS_ETLINE_BP">
        <reference local="C_BPARTNER_ID" foreign="C_BPARTNER_ID"/>
      </foreign-key>
      <foreign-key foreignTable="HRIS_C_BP_DEPARTMENT" name="HRIS_ETLINE_NEWDEPARTMENT">
        <reference local="NEW_DEPARTMENT_ID" foreign="HRIS_C_BP_DEPARTMENT_ID"/>
      </foreign-key>
      <foreign-key foreignTable="HRIS_C_BP_DEPARTMENT" name="HRIS_ETLINE_OLDDEPARTMENT">
        <reference local="OLD_DEPARTMENT_ID" foreign="HRIS_C_BP_DEPARTMENT_ID"/>
      </foreign-key>
      <check name="HRIS_ET_LINE_ACTIVECHK"><![CDATA[ISACTIVE IN ('Y', 'N')]]></check>
    </table>
  </database>
