<?xml version="1.0"?>
  <database name="TABLE HRIS_INSURANCE_EMPLOYEE">
    <table name="HRIS_INSURANCE_EMPLOYEE" primaryKey="HRIS_INSURANCEEMPLOYEE_KEY">
      <column name="HRIS_INSURANCE_EMPLOYEE_ID" primaryKey="true" required="true" type="VARCHAR" size="32" autoIncrement="false">
        <default/>
        <onCreateDefault/>
      </column>
      <column name="AD_CLIENT_ID" primaryKey="false" required="true" type="VARCHAR" size="32" autoIncrement="false">
        <default/>
        <onCreateDefault/>
      </column>
      <column name="AD_ORG_ID" primaryKey="false" required="true" type="VARCHAR" size="32" autoIncrement="false">
        <default/>
        <onCreateDefault/>
      </column>
      <column name="ISACTIVE" primaryKey="false" required="true" type="CHAR" size="1" autoIncrement="false">
        <default><![CDATA[Y]]></default>
        <onCreateDefault/>
      </column>
      <column name="CREATED" primaryKey="false" required="true" type="TIMESTAMP" size="7" autoIncrement="false">
        <default><![CDATA[SYSDATE]]></default>
        <onCreateDefault/>
      </column>
      <column name="CREATEDBY" primaryKey="false" required="true" type="VARCHAR" size="32" autoIncrement="false">
        <default/>
        <onCreateDefault/>
      </column>
      <column name="UPDATED" primaryKey="false" required="true" type="TIMESTAMP" size="7" autoIncrement="false">
        <default><![CDATA[SYSDATE]]></default>
        <onCreateDefault/>
      </column>
      <column name="UPDATEDBY" primaryKey="false" required="true" type="VARCHAR" size="32" autoIncrement="false">
        <default/>
        <onCreateDefault/>
      </column>
      <column name="HRIS_INSURANCE_ID" primaryKey="false" required="true" type="VARCHAR" size="32" autoIncrement="false">
        <default/>
        <onCreateDefault/>
      </column>
      <column name="C_BPARTNER" primaryKey="false" required="true" type="VARCHAR" size="32" autoIncrement="false">
        <default/>
        <onCreateDefault/>
      </column>
      <column name="VALIDFROM" primaryKey="false" required="true" type="TIMESTAMP" size="7" autoIncrement="false">
        <default/>
        <onCreateDefault/>
      </column>
      <column name="VALIDTO" primaryKey="false" required="true" type="TIMESTAMP" size="7" autoIncrement="false">
        <default/>
        <onCreateDefault/>
      </column>
      <column name="COMMENTS" primaryKey="false" required="false" type="VARCHAR" size="2000" autoIncrement="false">
        <default/>
        <onCreateDefault/>
      </column>
      <foreign-key foreignTable="HRIS_INSURANCE" name="HRIS_IEMP_INSURANCE">
        <reference local="HRIS_INSURANCE_ID" foreign="HRIS_INSURANCE_ID"/>
      </foreign-key>
      <foreign-key foreignTable="C_BPARTNER" name="HRIS_INSURANCE_EMPLOYEE_FK">
        <reference local="C_BPARTNER" foreign="C_BPARTNER_ID"/>
      </foreign-key>
      <foreign-key foreignTable="AD_CLIENT" name="HRIS_INSURANCEEMPLOYEE_CLIENT">
        <reference local="AD_CLIENT_ID" foreign="AD_CLIENT_ID"/>
      </foreign-key>
      <foreign-key foreignTable="AD_ORG" name="HRIS_INSURANCEEMPLOYEE_ORG">
        <reference local="AD_ORG_ID" foreign="AD_ORG_ID"/>
      </foreign-key>
      <check name="HRIS_INSURANCEEMPLOYEE_ACTIVE"><![CDATA[ISACTIVE IN ('Y', 'N')]]></check>
    </table>
  </database>
