<?xml version="1.0"?>
  <database name="TABLE HRIS_DEDUCTIONTERM_DETAIL">
    <table name="HRIS_DEDUCTIONTERM_DETAIL" primaryKey="HRIS_DEDTERM_DETAIL_FK">
      <column name="HRIS_DEDUCTIONTERM_DETAIL_ID" primaryKey="true" required="true" type="VARCHAR" size="32" autoIncrement="false">
        <default/>
        <onCreateDefault/>
      </column>
      <column name="AD_CLIENT_ID" primaryKey="false" required="false" type="VARCHAR" size="32" autoIncrement="false">
        <default/>
        <onCreateDefault/>
      </column>
      <column name="AD_ORG_ID" primaryKey="false" required="false" type="VARCHAR" size="32" autoIncrement="false">
        <default/>
        <onCreateDefault/>
      </column>
      <column name="ISACTIVE" primaryKey="false" required="true" type="CHAR" size="1" autoIncrement="false">
        <default><![CDATA[Y]]></default>
        <onCreateDefault/>
      </column>
      <column name="CREATED" primaryKey="false" required="true" type="TIMESTAMP" size="7" autoIncrement="false">
        <default><![CDATA[SYSDATE]]></default>
        <onCreateDefault/>
      </column>
      <column name="CREATEDBY" primaryKey="false" required="false" type="VARCHAR" size="32" autoIncrement="false">
        <default/>
        <onCreateDefault/>
      </column>
      <column name="UPDATED" primaryKey="false" required="true" type="TIMESTAMP" size="7" autoIncrement="false">
        <default><![CDATA[SYSDATE]]></default>
        <onCreateDefault/>
      </column>
      <column name="UPDATEDBY" primaryKey="false" required="false" type="VARCHAR" size="32" autoIncrement="false">
        <default/>
        <onCreateDefault/>
      </column>
      <column name="DATE" primaryKey="false" required="true" type="TIMESTAMP" size="7" autoIncrement="false">
        <default><![CDATA[SYSDATE]]></default>
        <onCreateDefault/>
      </column>
      <column name="NAME" primaryKey="false" required="true" type="VARCHAR" size="60" autoIncrement="false">
        <default/>
        <onCreateDefault/>
      </column>
      <column name="PYR_SPE_DEDUCTION_ID" primaryKey="false" required="false" type="VARCHAR" size="32" autoIncrement="false">
        <default/>
        <onCreateDefault/>
      </column>
      <column name="HRIS_DEDUCTIONTERM_ID" primaryKey="false" required="true" type="VARCHAR" size="32" autoIncrement="false">
        <default/>
        <onCreateDefault/>
      </column>
      <column name="AMOUNT" primaryKey="false" required="false" type="DECIMAL" autoIncrement="false">
        <default/>
        <onCreateDefault/>
      </column>
      <foreign-key foreignTable="AD_CLIENT" name="HRIS_DEDTERM_DETAIL_CLIENT">
        <reference local="AD_CLIENT_ID" foreign="AD_CLIENT_ID"/>
      </foreign-key>
      <foreign-key foreignTable="HRIS_DEDUCTIONTERM" name="HRIS_DEDTERM_DETAIL_DEDTERM">
        <reference local="HRIS_DEDUCTIONTERM_ID" foreign="HRIS_DEDUCTIONTERM_ID"/>
      </foreign-key>
      <foreign-key foreignTable="AD_ORG" name="HRIS_DEDTERM_DETAIL_ORG">
        <reference local="AD_ORG_ID" foreign="AD_ORG_ID"/>
      </foreign-key>
      <foreign-key foreignTable="PYR_SPE_DEDUCTION" name="HRIS_DEDTERM_SPE_DEDUCTION">
        <reference local="PYR_SPE_DEDUCTION_ID" foreign="PYR_SPE_DEDUCTION_ID"/>
      </foreign-key>
      <check name="HRIS_DEDUCTIONTERM_ISACTIVE"><![CDATA[ISACTIVE IN ('Y', 'N')]]></check>
    </table>
  </database>
