<?xml version="1.0"?>
  <database name="TABLE HRIS_COMPETENCY_DEPENDENCY">
    <table name="HRIS_COMPETENCY_DEPENDENCY" primaryKey="HRIS_COMP_DEPENDENCY_KEY">
      <column name="HRIS_COMPETENCY_DEPENDENCY_ID" primaryKey="true" required="true" type="VARCHAR" size="32" autoIncrement="false">
        <default/>
        <onCreateDefault/>
      </column>
      <column name="AD_CLIENT_ID" primaryKey="false" required="true" type="VARCHAR" size="32" autoIncrement="false">
        <default/>
        <onCreateDefault/>
      </column>
      <column name="AD_ORG_ID" primaryKey="false" required="true" type="VARCHAR" size="32" autoIncrement="false">
        <default/>
        <onCreateDefault/>
      </column>
      <column name="ISACTIVE" primaryKey="false" required="true" type="CHAR" size="1" autoIncrement="false">
        <default><![CDATA[Y]]></default>
        <onCreateDefault/>
      </column>
      <column name="HRIS_COMPETENCY_ID" primaryKey="false" required="true" type="VARCHAR" size="32" autoIncrement="false">
        <default/>
        <onCreateDefault/>
      </column>
      <column name="HRIS_COMPETENCY_DEPENDANT_ID" primaryKey="false" required="true" type="VARCHAR" size="32" autoIncrement="false">
        <default/>
        <onCreateDefault/>
      </column>
      <column name="DESCRIPTION" primaryKey="false" required="false" type="VARCHAR" size="2000" autoIncrement="false">
        <default/>
        <onCreateDefault/>
      </column>
      <column name="CREATED" primaryKey="false" required="true" type="TIMESTAMP" size="7" autoIncrement="false">
        <default><![CDATA[SYSDATE]]></default>
        <onCreateDefault/>
      </column>
      <column name="CREATEDBY" primaryKey="false" required="true" type="VARCHAR" size="32" autoIncrement="false">
        <default/>
        <onCreateDefault/>
      </column>
      <column name="UPDATED" primaryKey="false" required="true" type="TIMESTAMP" size="7" autoIncrement="false">
        <default><![CDATA[SYSDATE]]></default>
        <onCreateDefault/>
      </column>
      <column name="UPDATEDBY" primaryKey="false" required="true" type="VARCHAR" size="32" autoIncrement="false">
        <default/>
        <onCreateDefault/>
      </column>
      <foreign-key foreignTable="AD_CLIENT" name="HRIS_COMP_DEPENDENCY_CLIENT">
        <reference local="AD_CLIENT_ID" foreign="AD_CLIENT_ID"/>
      </foreign-key>
      <foreign-key foreignTable="AD_ORG" name="HRIS_COMP_DEPENDENCY_ORG">
        <reference local="AD_ORG_ID" foreign="AD_ORG_ID"/>
      </foreign-key>
      <foreign-key foreignTable="HRIS_COMPETENCY" name="HRIS_COMP_FK">
        <reference local="HRIS_COMPETENCY_ID" foreign="HRIS_COMPETENCY_ID"/>
      </foreign-key>
      <foreign-key foreignTable="HRIS_COMPETENCY" name="HRIS_COMP_PARENT_FK">
        <reference local="HRIS_COMPETENCY_DEPENDANT_ID" foreign="HRIS_COMPETENCY_ID"/>
      </foreign-key>
      <check name="HRIS_COMP_PARENT_CHK"><![CDATA[HRIS_COMPETENCY_ID <> HRIS_COMPETENCY_DEPENDANT_ID]]></check>
    </table>
  </database>
