<?xml version="1.0"?>
  <database name="TABLE HRIS_INSURANCE_EARNING">
    <table name="HRIS_INSURANCE_EARNING" primaryKey="HRIS_INSURANCEEARNING_KEY">
      <column name="HRIS_INSURANCE_EARNING_ID" primaryKey="true" required="true" type="VARCHAR" size="32" autoIncrement="false">
        <default/>
        <onCreateDefault/>
      </column>
      <column name="AD_CLIENT_ID" primaryKey="false" required="true" type="VARCHAR" size="32" autoIncrement="false">
        <default/>
        <onCreateDefault/>
      </column>
      <column name="AD_ORG_ID" primaryKey="false" required="true" type="VARCHAR" size="32" autoIncrement="false">
        <default/>
        <onCreateDefault/>
      </column>
      <column name="ISACTIVE" primaryKey="false" required="true" type="CHAR" size="1" autoIncrement="false">
        <default><![CDATA[Y]]></default>
        <onCreateDefault/>
      </column>
      <column name="CREATED" primaryKey="false" required="true" type="TIMESTAMP" size="7" autoIncrement="false">
        <default><![CDATA[SYSDATE]]></default>
        <onCreateDefault/>
      </column>
      <column name="CREATEDBY" primaryKey="false" required="true" type="VARCHAR" size="32" autoIncrement="false">
        <default/>
        <onCreateDefault/>
      </column>
      <column name="UPDATED" primaryKey="false" required="true" type="TIMESTAMP" size="7" autoIncrement="false">
        <default><![CDATA[SYSDATE]]></default>
        <onCreateDefault/>
      </column>
      <column name="UPDATEDBY" primaryKey="false" required="true" type="VARCHAR" size="32" autoIncrement="false">
        <default/>
        <onCreateDefault/>
      </column>
      <column name="HRIS_INSURANCE_ID" primaryKey="false" required="true" type="VARCHAR" size="32" autoIncrement="false">
        <default/>
        <onCreateDefault/>
      </column>
      <column name="PYR_EARNING_ID" primaryKey="false" required="true" type="VARCHAR" size="32" autoIncrement="false">
        <default/>
        <onCreateDefault/>
      </column>
      <column name="COMMENTS" primaryKey="false" required="false" type="VARCHAR" size="2000" autoIncrement="false">
        <default/>
        <onCreateDefault/>
      </column>
      <foreign-key foreignTable="PYR_EARNING" name="HRIS_IE_EARNING">
        <reference local="PYR_EARNING_ID" foreign="PYR_EARNING_ID"/>
      </foreign-key>
      <foreign-key foreignTable="HRIS_INSURANCE" name="HRIS_IE_INSURANCE">
        <reference local="HRIS_INSURANCE_ID" foreign="HRIS_INSURANCE_ID"/>
      </foreign-key>
      <foreign-key foreignTable="AD_CLIENT" name="HRIS_INSURANCEEARNING_CLIENT">
        <reference local="AD_CLIENT_ID" foreign="AD_CLIENT_ID"/>
      </foreign-key>
      <foreign-key foreignTable="AD_ORG" name="HRIS_INSURANCEEARNING_ORG">
        <reference local="AD_ORG_ID" foreign="AD_ORG_ID"/>
      </foreign-key>
      <check name="HRIS_INSURANCEEARNING_ACTIVE"><![CDATA[ISACTIVE IN ('Y', 'N')]]></check>
    </table>
  </database>
