<?xml version="1.0"?>
  <database name="TABLE HRIS_TP_EMPLOYEE">
    <table name="HRIS_TP_EMPLOYEE" primaryKey="HRIS_TP_EMPLOYEE_KEY">
      <column name="HRIS_TP_EMPLOYEE_ID" primaryKey="true" required="true" type="VARCHAR" size="32" autoIncrement="false">
        <default/>
        <onCreateDefault/>
      </column>
      <column name="AD_CLIENT_ID" primaryKey="false" required="true" type="VARCHAR" size="32" autoIncrement="false">
        <default/>
        <onCreateDefault/>
      </column>
      <column name="AD_ORG_ID" primaryKey="false" required="true" type="VARCHAR" size="32" autoIncrement="false">
        <default/>
        <onCreateDefault/>
      </column>
      <column name="ISACTIVE" primaryKey="false" required="true" type="CHAR" size="1" autoIncrement="false">
        <default><![CDATA[Y]]></default>
        <onCreateDefault/>
      </column>
      <column name="CREATED" primaryKey="false" required="true" type="TIMESTAMP" size="7" autoIncrement="false">
        <default><![CDATA[SYSDATE]]></default>
        <onCreateDefault/>
      </column>
      <column name="CREATEDBY" primaryKey="false" required="true" type="VARCHAR" size="32" autoIncrement="false">
        <default/>
        <onCreateDefault/>
      </column>
      <column name="UPDATED" primaryKey="false" required="true" type="TIMESTAMP" size="7" autoIncrement="false">
        <default><![CDATA[SYSDATE]]></default>
        <onCreateDefault/>
      </column>
      <column name="UPDATEDBY" primaryKey="false" required="true" type="VARCHAR" size="32" autoIncrement="false">
        <default/>
        <onCreateDefault/>
      </column>
      <column name="HRIS_TRAINING_ID" primaryKey="false" required="false" type="VARCHAR" size="32" autoIncrement="false">
        <default/>
        <onCreateDefault/>
      </column>
      <column name="C_BPARTNER_ID" primaryKey="false" required="false" type="VARCHAR" size="32" autoIncrement="false">
        <default/>
        <onCreateDefault/>
      </column>
      <column name="HRIS_TRAINING_PLAN_ID" primaryKey="false" required="true" type="VARCHAR" size="32" autoIncrement="false">
        <default/>
        <onCreateDefault/>
      </column>
      <column name="STARTDATE" primaryKey="false" required="false" type="TIMESTAMP" size="7" autoIncrement="false">
        <default/>
        <onCreateDefault/>
      </column>
      <column name="ENDINGDATE" primaryKey="false" required="false" type="TIMESTAMP" size="7" autoIncrement="false">
        <default/>
        <onCreateDefault/>
      </column>
      <column name="HRIS_TRAINING_CALENDAR_ID" primaryKey="false" required="false" type="VARCHAR" size="32" autoIncrement="false">
        <default/>
        <onCreateDefault/>
      </column>
      <column name="HRIS_CERTIFICATE_ID" primaryKey="false" required="false" type="VARCHAR" size="32" autoIncrement="false">
        <default/>
        <onCreateDefault/>
      </column>
      <column name="CERTIFICATENUMBER" primaryKey="false" required="false" type="VARCHAR" size="60" autoIncrement="false">
        <default/>
        <onCreateDefault/>
      </column>
      <column name="DOCSTATUS" primaryKey="false" required="false" type="VARCHAR" size="60" autoIncrement="false">
        <default/>
        <onCreateDefault/>
      </column>
      <column name="DOCUMENTACTION" primaryKey="false" required="false" type="VARCHAR" size="60" autoIncrement="false">
        <default/>
        <onCreateDefault/>
      </column>
      <column name="CREATECOMPETENCY" primaryKey="false" required="false" type="VARCHAR" size="1" autoIncrement="false">
        <default/>
        <onCreateDefault/>
      </column>
      <column name="REMARK" primaryKey="false" required="false" type="VARCHAR" size="60" autoIncrement="false">
        <default/>
        <onCreateDefault/>
      </column>
      <column name="DESCRIPTION" primaryKey="false" required="false" type="VARCHAR" size="2000" autoIncrement="false">
        <default/>
        <onCreateDefault/>
      </column>
      <foreign-key foreignTable="AD_CLIENT" name="HRIS_TP_EMPLOYEE_AD_CLIENT">
        <reference local="AD_CLIENT_ID" foreign="AD_CLIENT_ID"/>
      </foreign-key>
      <foreign-key foreignTable="AD_ORG" name="HRIS_TP_EMPLOYEE_ORG">
        <reference local="AD_ORG_ID" foreign="AD_ORG_ID"/>
      </foreign-key>
      <foreign-key foreignTable="C_BPARTNER" name="HRIS_TRA_C_BP_FK">
        <reference local="C_BPARTNER_ID" foreign="C_BPARTNER_ID"/>
      </foreign-key>
      <foreign-key foreignTable="HRIS_CERTIFICATE" name="HRIS_TRA_CERTIFICATE_ID_FK">
        <reference local="HRIS_CERTIFICATE_ID" foreign="HRIS_CERTIFICATE_ID"/>
      </foreign-key>
      <foreign-key foreignTable="HRIS_TRAINING_CALENDAR" name="HRIS_TRA_TC_ID_FK">
        <reference local="HRIS_TRAINING_CALENDAR_ID" foreign="HRIS_TRAINING_CALENDAR_ID"/>
      </foreign-key>
      <foreign-key foreignTable="HRIS_TRAINING_PLAN" name="HRIS_TRA_TP_ID_FK">
        <reference local="HRIS_TRAINING_PLAN_ID" foreign="HRIS_TRAINING_PLAN_ID"/>
      </foreign-key>
      <foreign-key foreignTable="HRIS_TRAINING" name="HRIS_TRA_TRAINING_FK">
        <reference local="HRIS_TRAINING_ID" foreign="HRIS_TRAINING_ID"/>
      </foreign-key>
      <index name="HRIS_TP_EMPLOYEE_ORG" unique="false">
        <index-column name="AD_ORG_ID"/>
      </index>
    </table>
  </database>
