<?xml version="1.0"?>
  <database name="TABLE HRIS_CASE">
    <table name="HRIS_CASE" primaryKey="HRIS_CASE_KEY">
      <column name="HRIS_CASE_ID" primaryKey="true" required="true" type="VARCHAR" size="32" autoIncrement="false">
        <default/>
        <onCreateDefault/>
      </column>
      <column name="AD_CLIENT_ID" primaryKey="false" required="true" type="VARCHAR" size="32" autoIncrement="false">
        <default/>
        <onCreateDefault/>
      </column>
      <column name="AD_ORG_ID" primaryKey="false" required="true" type="VARCHAR" size="32" autoIncrement="false">
        <default/>
        <onCreateDefault/>
      </column>
      <column name="ISACTIVE" primaryKey="false" required="true" type="CHAR" size="1" autoIncrement="false">
        <default><![CDATA[Y]]></default>
        <onCreateDefault/>
      </column>
      <column name="CREATED" primaryKey="false" required="true" type="TIMESTAMP" size="7" autoIncrement="false">
        <default><![CDATA[SYSDATE]]></default>
        <onCreateDefault/>
      </column>
      <column name="CREATEDBY" primaryKey="false" required="true" type="VARCHAR" size="32" autoIncrement="false">
        <default/>
        <onCreateDefault/>
      </column>
      <column name="UPDATED" primaryKey="false" required="true" type="TIMESTAMP" size="7" autoIncrement="false">
        <default><![CDATA[SYSDATE]]></default>
        <onCreateDefault/>
      </column>
      <column name="UPDATEDBY" primaryKey="false" required="true" type="VARCHAR" size="32" autoIncrement="false">
        <default/>
        <onCreateDefault/>
      </column>
      <column name="VALUE" primaryKey="false" required="false" type="VARCHAR" size="60" autoIncrement="false">
        <default/>
        <onCreateDefault/>
      </column>
      <column name="C_BPARTNER_ID" primaryKey="false" required="true" type="VARCHAR" size="32" autoIncrement="false">
        <default/>
        <onCreateDefault/>
      </column>
      <column name="LEVEL" primaryKey="false" required="false" type="VARCHAR" size="60" autoIncrement="false">
        <default/>
        <onCreateDefault/>
      </column>
      <column name="ECHELON" primaryKey="false" required="false" type="VARCHAR" size="60" autoIncrement="false">
        <default/>
        <onCreateDefault/>
      </column>
      <column name="POSITION" primaryKey="false" required="false" type="VARCHAR" size="60" autoIncrement="false">
        <default/>
        <onCreateDefault/>
      </column>
      <column name="MA_COSTCENTER_ID" primaryKey="false" required="false" type="VARCHAR" size="32" autoIncrement="false">
        <default/>
        <onCreateDefault/>
      </column>
      <column name="HRIS_JOBTITLE_ID" primaryKey="false" required="false" type="VARCHAR" size="32" autoIncrement="false">
        <default/>
        <onCreateDefault/>
      </column>
      <column name="DOCSTATUS" primaryKey="false" required="false" type="VARCHAR" size="60" autoIncrement="false">
        <default/>
        <onCreateDefault/>
      </column>
      <column name="DOCUMENTACTION" primaryKey="false" required="false" type="VARCHAR" size="60" autoIncrement="false">
        <default/>
        <onCreateDefault/>
      </column>
      <column name="CREATEPUNISHMENT" primaryKey="false" required="false" type="VARCHAR" size="1" autoIncrement="false">
        <default/>
        <onCreateDefault/>
      </column>
      <column name="STARTDATE" primaryKey="false" required="false" type="TIMESTAMP" size="7" autoIncrement="false">
        <default/>
        <onCreateDefault/>
      </column>
      <column name="ENDDATE" primaryKey="false" required="false" type="TIMESTAMP" size="7" autoIncrement="false">
        <default/>
        <onCreateDefault/>
      </column>
      <column name="CLOSINGDATE" primaryKey="false" required="false" type="TIMESTAMP" size="7" autoIncrement="false">
        <default/>
        <onCreateDefault/>
      </column>
      <column name="DESCRIPTION" primaryKey="false" required="false" type="VARCHAR" size="200" autoIncrement="false">
        <default/>
        <onCreateDefault/>
      </column>
      <column name="COMMENT" primaryKey="false" required="false" type="VARCHAR" size="2000" autoIncrement="false">
        <default/>
        <onCreateDefault/>
      </column>
      <foreign-key foreignTable="C_BPARTNER" name="HRIS_CASE_BPARTNER_FK">
        <reference local="C_BPARTNER_ID" foreign="C_BPARTNER_ID"/>
      </foreign-key>
      <foreign-key foreignTable="AD_CLIENT" name="HRIS_CASE_CLIENT">
        <reference local="AD_CLIENT_ID" foreign="AD_CLIENT_ID"/>
      </foreign-key>
      <foreign-key foreignTable="MA_COSTCENTER" name="HRIS_CASE_COSTCENTER_FK">
        <reference local="MA_COSTCENTER_ID" foreign="MA_COSTCENTER_ID"/>
      </foreign-key>
      <foreign-key foreignTable="HRIS_JOBTITLE" name="HRIS_CASE_JOBTITE_FK">
        <reference local="HRIS_JOBTITLE_ID" foreign="HRIS_JOBTITLE_ID"/>
      </foreign-key>
      <foreign-key foreignTable="AD_ORG" name="HRIS_CASE_ORG">
        <reference local="AD_ORG_ID" foreign="AD_ORG_ID"/>
      </foreign-key>
    </table>
  </database>
