<?xml version="1.0"?>
  <database name="FUNCTION OT_OVERTIME_POST">
    <function name="OT_OVERTIME_POST" type="NULL">
      <parameter name="p_pinstance_id" type="VARCHAR" mode="in">
        <default/>
      </parameter>
      <parameter name="p_overtime_id" type="VARCHAR" mode="in">
        <default/>
      </parameter>
      <body><![CDATA[/*************************************************************************
* The contents of this file are subject to the Openbravo  Public  License
* Version  1.1  (the  "License"),  being   the  Mozilla   Public  License
* Version 1.1  with a permitted attribution clause; you may not  use this
* file except in compliance with the License. You  may  obtain  a copy of
* the License at http://www.openbravo.com/legal/license.html
* Software distributed under the License  is  distributed  on  an "AS IS"
* basis, WITHOUT WARRANTY OF ANY KIND, either express or implied. See the
* License for the specific  language  governing  rights  and  limitations
* under the License.
* The Original Code is Openbravo ERP.
* The Initial Developer of the Original Code is Openbravo SLU
* All portions are Copyright (C) 2001-2006 Openbravo SLU
* All Rights Reserved.
* Contributor(s):  ______________________________________.
************************************************************************/
  -- Logistice
  v_ResultStr VARCHAR2(2000):='';
  v_Message VARCHAR2(2000):='';
  v_Result NUMBER:=1; -- 0=failure
  v_Record_ID VARCHAR2(32);
  v_User_ID VARCHAR2(32):='0';
  v_DocAction VARCHAR2(60);
  v_DocStatus VARCHAR2(60);

  v_CreatedBy VARCHAR(32);
  v_Aux NUMBER;

  --  Parameter
  TYPE RECORD IS REF CURSOR;
    Cur_Parameter RECORD;
    Cur_RequisitionLine RECORD;
BEGIN
   IF (p_PInstance_ID IS NOT NULL) THEN
    --  Update AD_PInstance
    DBMS_OUTPUT.PUT_LINE('Updating PInstance - Processing ' || p_PInstance_ID) ;
    v_ResultStr:='PInstanceNotFound';
    AD_UPDATE_PINSTANCE(p_PInstance_ID, NULL, 'Y', NULL, NULL) ;
    -- Get Parameters
    v_ResultStr:='ReadingParameters';
    FOR Cur_Parameter IN
      (SELECT i.Record_ID,
        i.AD_User_ID,
        p.ParameterName,
        p.P_String,
        p.P_Number,
        p.P_Date
      FROM AD_PINSTANCE i
      LEFT JOIN AD_PINSTANCE_PARA p
        ON i.AD_PInstance_ID=p.AD_PInstance_ID
      WHERE i.AD_PInstance_ID=p_PInstance_ID
      ORDER BY p.SeqNo
      )
    LOOP
      v_Record_ID:=Cur_Parameter.Record_ID;
      v_User_ID:=Cur_Parameter.AD_User_ID;
    END LOOP; -- Get Parameter
    DBMS_OUTPUT.PUT_LINE('  v_Record_ID=' || v_Record_ID) ;
  ELSE
    DBMS_OUTPUT.PUT_LINE('--<<ot_overtime_post>>') ;
    v_Record_ID:=p_overtime_id;
  END IF;

  BEGIN --BODY
    SELECT DocAction, DocStatus INTO v_DocAction, v_DocStatus
    FROM OT_OVERTIME
    WHERE OT_OVERTIME_ID = v_Record_ID;

    v_ResultStr := 'OT_OVERTIME ' || v_Record_ID || ', DocAction=' || v_DocAction || ', DocStatus=' || v_DocStatus;
   

    /**
    * Order Closed, Voided or Reversed - No action possible
    */
    IF(v_DocStatus IN('CL', 'VO', 'RE')) THEN
      RAISE_APPLICATION_ERROR(-20000, '@AlreadyPosted@') ;
    ELSIF (v_DocStatus = 'DR') THEN
      IF (v_DocAction = 'CO') THEN
        v_ResultStr := 'Complete the Overtime: ' || v_Record_ID;
        UPDATE OT_OVERTIME
        SET DocStatus = 'CO',
            DocAction = 'CL',
            Updated=now(),
            UpdatedBy=v_User_ID
        WHERE OT_OVERTIME_ID = v_Record_ID;
      ELSE
        RAISE_APPLICATION_ERROR(-20000, '@ActionNotAllowedHere@');
      END IF;
    ELSIF (v_DocStatus = 'CO') THEN 
      IF (v_DocAction = 'RE' ) THEN
        v_ResultStr := 'Reactivate the Overtime: ' || v_Record_ID;
        UPDATE OT_OVERTIME
        SET DocStatus = 'DR',
            DocAction = 'CO',
            Updated=now(),
            UpdatedBy=v_User_ID
        WHERE OT_OVERTIME_ID = v_Record_ID;
      ELSIF (v_DocAction = 'CL' ) THEN
        v_ResultStr := 'Close the Overtime: ' || v_Record_ID;
        UPDATE OT_OVERTIME
        SET DocStatus = 'CL',
            DocAction = 'VO',
            Updated=now(),
            UpdatedBy=v_User_ID
        WHERE OT_OVERTIME_ID = v_Record_ID;
      ELSE
        RAISE_APPLICATION_ERROR(-20000, '@ActionNotAllowedHere@');
      END IF;     
    END IF;
  END; --BODY
  
  AD_UPDATE_PINSTANCE(p_PInstance_ID, NULL, 'N', v_Result, v_Message) ;
EXCEPTION
WHEN OTHERS THEN
  DBMS_OUTPUT.PUT_LINE('OT_OVERTIME_Post error: ' || v_ResultStr);
  v_ResultStr:= '@ERROR=' || SQLERRM;
  DBMS_OUTPUT.PUT_LINE(v_ResultStr) ;
  ROLLBACK;
  AD_UPDATE_PINSTANCE(p_PInstance_ID, NULL, 'N', 0, v_ResultStr);
END OT_OVERTIME_POST
]]></body>
    </function>
  </database>
