<?xml version="1.0" encoding="UTF-8"?>
<data>
<!--A559EC02F99D4528A36AEF86703BD523--><AD_MODULE>
<!--A559EC02F99D4528A36AEF86703BD523-->  <AD_MODULE_ID><![CDATA[A559EC02F99D4528A36AEF86703BD523]]></AD_MODULE_ID>
<!--A559EC02F99D4528A36AEF86703BD523-->  <AD_CLIENT_ID><![CDATA[0]]></AD_CLIENT_ID>
<!--A559EC02F99D4528A36AEF86703BD523-->  <AD_ORG_ID><![CDATA[0]]></AD_ORG_ID>
<!--A559EC02F99D4528A36AEF86703BD523-->  <ISACTIVE><![CDATA[Y]]></ISACTIVE>
<!--A559EC02F99D4528A36AEF86703BD523-->  <NAME><![CDATA[Openbravo EZ Package]]></NAME>
<!--A559EC02F99D4528A36AEF86703BD523-->  <VERSION><![CDATA[1.0.28]]></VERSION>
<!--A559EC02F99D4528A36AEF86703BD523-->  <DESCRIPTION><![CDATA[Openbravo EZ Package and Config Script]]></DESCRIPTION>
<!--A559EC02F99D4528A36AEF86703BD523-->  <HELP><![CDATA[Industry template module for Openbravo EZ. See Openbravo EZ description and comment for more information.]]></HELP>
<!--A559EC02F99D4528A36AEF86703BD523-->  <URL><![CDATA[http://wirabumisoftware.id.or.id]]></URL>
<!--A559EC02F99D4528A36AEF86703BD523-->  <TYPE><![CDATA[T]]></TYPE>
<!--A559EC02F99D4528A36AEF86703BD523-->  <LICENSE><![CDATA[This module is distributed under GNU GPL v2]]></LICENSE>
<!--A559EC02F99D4528A36AEF86703BD523-->  <JAVAPACKAGE><![CDATA[org.wirabumi.gen.oez.tmp]]></JAVAPACKAGE>
<!--A559EC02F99D4528A36AEF86703BD523-->  <LICENSETYPE><![CDATA[GPL2.0]]></LICENSETYPE>
<!--A559EC02F99D4528A36AEF86703BD523-->  <AUTHOR><![CDATA[Wirabumi Software]]></AUTHOR>
<!--A559EC02F99D4528A36AEF86703BD523-->  <ISTRANSLATIONREQUIRED><![CDATA[Y]]></ISTRANSLATIONREQUIRED>
<!--A559EC02F99D4528A36AEF86703BD523-->  <AD_LANGUAGE><![CDATA[en_US]]></AD_LANGUAGE>
<!--A559EC02F99D4528A36AEF86703BD523-->  <HASCHARTOFACCOUNTS><![CDATA[N]]></HASCHARTOFACCOUNTS>
<!--A559EC02F99D4528A36AEF86703BD523-->  <ISTRANSLATIONMODULE><![CDATA[N]]></ISTRANSLATIONMODULE>
<!--A559EC02F99D4528A36AEF86703BD523-->  <HASREFERENCEDATA><![CDATA[N]]></HASREFERENCEDATA>
<!--A559EC02F99D4528A36AEF86703BD523-->  <ISCOMMERCIAL><![CDATA[N]]></ISCOMMERCIAL>
<!--A559EC02F99D4528A36AEF86703BD523-->  <ISTRIALALLOWED><![CDATA[N]]></ISTRIALALLOWED>
<!--A559EC02F99D4528A36AEF86703BD523--></AD_MODULE>

</data>
