<?xml version="1.0" encoding="UTF-8"?>
<data>
<!--61569F35D3734288B74173D41252E527--><AD_MODULE_DEPENDENCY>
<!--61569F35D3734288B74173D41252E527-->  <AD_MODULE_DEPENDENCY_ID><![CDATA[61569F35D3734288B74173D41252E527]]></AD_MODULE_DEPENDENCY_ID>
<!--61569F35D3734288B74173D41252E527-->  <AD_CLIENT_ID><![CDATA[0]]></AD_CLIENT_ID>
<!--61569F35D3734288B74173D41252E527-->  <AD_ORG_ID><![CDATA[0]]></AD_ORG_ID>
<!--61569F35D3734288B74173D41252E527-->  <ISACTIVE><![CDATA[Y]]></ISACTIVE>
<!--61569F35D3734288B74173D41252E527-->  <AD_MODULE_ID><![CDATA[A559EC02F99D4528A36AEF86703BD523]]></AD_MODULE_ID>
<!--61569F35D3734288B74173D41252E527-->  <AD_DEPENDENT_MODULE_ID><![CDATA[0138E7A89B5E4DC3932462252801FFBC]]></AD_DEPENDENT_MODULE_ID>
<!--61569F35D3734288B74173D41252E527-->  <STARTVERSION><![CDATA[3.0.31796]]></STARTVERSION>
<!--61569F35D3734288B74173D41252E527-->  <ISINCLUDED><![CDATA[N]]></ISINCLUDED>
<!--61569F35D3734288B74173D41252E527-->  <DEPENDANT_MODULE_NAME><![CDATA[Openbravo 3.0]]></DEPENDANT_MODULE_NAME>
<!--61569F35D3734288B74173D41252E527-->  <DEPENDENCY_ENFORCEMENT><![CDATA[MAJOR]]></DEPENDENCY_ENFORCEMENT>
<!--61569F35D3734288B74173D41252E527-->  <USER_EDITABLE_ENFORCEMENT><![CDATA[N]]></USER_EDITABLE_ENFORCEMENT>
<!--61569F35D3734288B74173D41252E527--></AD_MODULE_DEPENDENCY>

<!--6F8723E4BB894F589338DCFE28F46D03--><AD_MODULE_DEPENDENCY>
<!--6F8723E4BB894F589338DCFE28F46D03-->  <AD_MODULE_DEPENDENCY_ID><![CDATA[6F8723E4BB894F589338DCFE28F46D03]]></AD_MODULE_DEPENDENCY_ID>
<!--6F8723E4BB894F589338DCFE28F46D03-->  <AD_CLIENT_ID><![CDATA[0]]></AD_CLIENT_ID>
<!--6F8723E4BB894F589338DCFE28F46D03-->  <AD_ORG_ID><![CDATA[0]]></AD_ORG_ID>
<!--6F8723E4BB894F589338DCFE28F46D03-->  <ISACTIVE><![CDATA[Y]]></ISACTIVE>
<!--6F8723E4BB894F589338DCFE28F46D03-->  <AD_MODULE_ID><![CDATA[A559EC02F99D4528A36AEF86703BD523]]></AD_MODULE_ID>
<!--6F8723E4BB894F589338DCFE28F46D03-->  <AD_DEPENDENT_MODULE_ID><![CDATA[27445C8270364452BEB29669FBB21CED]]></AD_DEPENDENT_MODULE_ID>
<!--6F8723E4BB894F589338DCFE28F46D03-->  <STARTVERSION><![CDATA[1.0.51]]></STARTVERSION>
<!--6F8723E4BB894F589338DCFE28F46D03-->  <ISINCLUDED><![CDATA[Y]]></ISINCLUDED>
<!--6F8723E4BB894F589338DCFE28F46D03-->  <DEPENDANT_MODULE_NAME><![CDATA[Openbravo EZ]]></DEPENDANT_MODULE_NAME>
<!--6F8723E4BB894F589338DCFE28F46D03-->  <DEPENDENCY_ENFORCEMENT><![CDATA[MAJOR]]></DEPENDENCY_ENFORCEMENT>
<!--6F8723E4BB894F589338DCFE28F46D03-->  <USER_EDITABLE_ENFORCEMENT><![CDATA[N]]></USER_EDITABLE_ENFORCEMENT>
<!--6F8723E4BB894F589338DCFE28F46D03--></AD_MODULE_DEPENDENCY>

</data>
